Orthogroup	Prbi	Prbf
OG0000000	Prbi.g_01432	Prbf.g_01182, Prbf.g_01177
OG0000000	Prbi.g_00681	Prbf.g_01285, Prbf.g_00888, Prbf.g_00089, Prbf.g_00890, Prbf.g_00883, Prbf.g_00260
OG0000002	Prbi.g_01424	Prbf.g_00068
OG0000002	Prbi.g_01270	Prbf.g_00831
OG0000003	Prbi.g_01371	Prbf.g_00880
OG0000004	Prbi.g_00775, Prbi.g_00782	Prbf.g_00052
OG0000006	Prbi.g_00500	Prbf.g_01780
OG0000006	Prbi.g_01787	Prbf.g_00693
OG0000007	Prbi.g_01764	Prbf.g_00793
OG0000007	Prbi.g_01540, Prbi.g_01765, Prbi.g_01539	Prbf.g_00792
OG0000009	Prbi.g_00827	Prbf.g_00894
OG0000009	Prbi.g_00273	Prbf.g_01588
OG0000010	Prbi.g_01156, Prbi.g_01352	Prbf.g_00306
OG0000012	Prbi.g_00600	Prbf.g_01880, Prbf.g_01887
OG0000014	Prbi.g_00472, Prbi.g_01374	Prbf.g_00817, Prbf.g_00774
OG0000015	Prbi.g_00406	Prbf.g_00765, Prbf.g_00732
OG0000016	Prbi.g_01435	Prbf.g_00864, Prbf.g_00254
OG0000018	Prbi.g_00265	Prbf.g_01580
OG0000019	Prbi.g_01742	Prbf.g_01259
OG0000020	Prbi.g_00398	Prbf.g_00039, Prbf.g_01611
OG0000021	Prbi.g_00829	Prbf.g_00711
OG0000023	Prbi.g_01338	Prbf.g_00252
OG0000024	Prbi.g_00330	Prbf.g_01647
OG0000025	Prbi.g_01122	Prbf.g_00845
OG0000028	Prbi.g_01589	Prbf.g_00157
OG0000029	Prbi.g_01702	Prbf.g_01738
OG0000032	Prbi.g_01467	Prbf.g_00116
OG0000033	Prbi.g_00013	Prbf.g_00860
OG0000034	Prbi.g_01478	Prbf.g_00135
OG0000035	Prbi.g_00936	Prbf.g_00299
OG0000036	Prbi.g_00587	Prbf.g_00704, Prbf.g_01867
OG0000037	Prbi.g_00625	Prbf.g_00272, Prbf.g_01905
OG0000038	Prbi.g_00805	Prbf.g_00248
OG0000039	Prbi.g_00190	Prbf.g_01500
OG0000040	Prbi.g_00384	Prbf.g_00287
OG0000042	Prbi.g_00745	Prbf.g_01253
OG0000043	Prbi.g_00832	Prbf.g_01153
OG0000045	Prbi.g_01461	Prbf.g_00117
OG0000046	Prbi.g_01780	Prbf.g_00701, Prbf.g_00822
OG0000047	Prbi.g_01994	Prbf.g_00496
OG0000048	Prbi.g_02001	Prbf.g_00487
OG0000050	Prbi.g_00031	Prbf.g_01354
OG0000051	Prbi.g_00181	Prbf.g_01491
OG0000052	Prbi.g_00394	Prbf.g_00320
OG0000053	Prbi.g_00542	Prbf.g_01820, Prbf.g_00781
OG0000054	Prbi.g_00799	Prbf.g_01922
OG0000055	Prbi.g_00869	Prbf.g_01222
OG0000056	Prbi.g_01163	Prbf.g_00862
OG0000057	Prbi.g_00261, Prbi.g_01748	Prbf.g_01575
OG0000058	Prbi.g_00478	Prbf.g_01758
OG0000059	Prbi.g_00702	Prbf.g_01261
OG0000062	Prbi.g_01174	Prbf.g_00788
OG0000063	Prbi.g_01330	Prbf.g_00945
OG0000065	Prbi.g_01391	Prbf.g_00026
OG0000066	Prbi.g_01460	Prbf.g_00115
OG0000068	Prbi.g_01938	Prbf.g_00558
OG0000069	Prbi.g_01497	Prbf.g_00196
OG0000071	Prbi.g_00011	Prbf.g_00382
OG0000072	Prbi.g_00346	Prbf.g_01661
OG0000073	Prbi.g_00672	Prbf.g_01018
OG0000074	Prbi.g_00694	Prbf.g_01271
OG0000075	Prbi.g_00854	Prbf.g_01238
OG0000076	Prbi.g_01086	Prbf.g_01170
OG0000078	Prbi.g_01462	Prbf.g_00118
OG0000079	Prbi.g_01668	Prbf.g_00242
OG0000080	Prbi.g_01725	Prbf.g_00346
OG0000081	Prbi.g_01968	Prbf.g_00524
OG0000082	Prbi.g_02069	Prbf.g_00351
OG0000083	Prbi.g_00003	Prbf.g_00390
OG0000084	Prbi.g_00006	Prbf.g_00387
OG0000085	Prbi.g_00023	Prbf.g_01345
OG0000087	Prbi.g_00060	Prbf.g_01374
OG0000088	Prbi.g_00120	Prbf.g_01443
OG0000089	Prbi.g_00129	Prbf.g_01452
OG0000090	Prbi.g_00147	Prbf.g_01469
OG0000091	Prbi.g_00193	Prbf.g_01503
OG0000092	Prbi.g_00194	Prbf.g_01504
OG0000093	Prbi.g_00208	Prbf.g_01518
OG0000094	Prbi.g_00226	Prbf.g_01537
OG0000095	Prbi.g_00231	Prbf.g_01542
OG0000096	Prbi.g_00275	Prbf.g_01590
OG0000097	Prbi.g_00298	Prbf.g_01614
OG0000099	Prbi.g_00318	Prbf.g_01635
OG0000100	Prbi.g_00321	Prbf.g_01638
OG0000101	Prbi.g_00381	Prbf.g_01703
OG0000102	Prbi.g_00407	Prbf.g_00044
OG0000103	Prbi.g_00479	Prbf.g_01759
OG0000104	Prbi.g_00483	Prbf.g_01763
OG0000105	Prbi.g_00502	Prbf.g_01783
OG0000106	Prbi.g_00535	Prbf.g_01813
OG0000107	Prbi.g_00536	Prbf.g_01814
OG0000108	Prbi.g_00546	Prbf.g_01824
OG0000109	Prbi.g_00555	Prbf.g_01833
OG0000110	Prbi.g_00571	Prbf.g_01850
OG0000111	Prbi.g_00654	Prbf.g_00999
OG0000112	Prbi.g_00655	Prbf.g_01000
OG0000113	Prbi.g_00767	Prbf.g_01050
OG0000114	Prbi.g_00845	Prbf.g_01247
OG0000115	Prbi.g_01009	Prbf.g_01117
OG0000116	Prbi.g_01013	Prbf.g_01113
OG0000117	Prbi.g_01083	Prbf.g_01167
OG0000118	Prbi.g_01136	Prbf.g_00873
OG0000119	Prbi.g_01177	Prbf.g_00785
OG0000120	Prbi.g_01213	Prbf.g_00924
OG0000121	Prbi.g_01232	Prbf.g_00947
OG0000122	Prbi.g_01251	Prbf.g_00967
OG0000123	Prbi.g_01264	Prbf.g_01915
OG0000124	Prbi.g_01277	Prbf.g_00253
OG0000125	Prbi.g_01403	Prbf.g_00013
OG0000126	Prbi.g_01439	Prbf.g_00095
OG0000127	Prbi.g_01576	Prbf.g_00145
OG0000128	Prbi.g_01592	Prbf.g_00158
OG0000129	Prbi.g_01627	Prbf.g_00194
OG0000130	Prbi.g_01785	Prbf.g_00696
OG0000131	Prbi.g_01823	Prbf.g_00657
OG0000132	Prbi.g_01826	Prbf.g_00654
OG0000133	Prbi.g_01897	Prbf.g_00600
OG0000134	Prbi.g_01933	Prbf.g_00564
OG0000135	Prbi.g_01935	Prbf.g_00562
OG0000136	Prbi.g_01979	Prbf.g_00512
OG0000137	Prbi.g_02011	Prbf.g_00477
OG0000138	Prbi.g_02059	Prbf.g_00443
OG0000139	Prbi.g_02086	Prbf.g_00412
OG0000140	Prbi.g_00001	Prbf.g_00392
OG0000141	Prbi.g_00002	Prbf.g_00391
OG0000142	Prbi.g_00004	Prbf.g_00389
OG0000143	Prbi.g_00005	Prbf.g_00388
OG0000144	Prbi.g_00007	Prbf.g_00386
OG0000145	Prbi.g_00008	Prbf.g_00385
OG0000146	Prbi.g_00009	Prbf.g_00384
OG0000147	Prbi.g_00010	Prbf.g_00383
OG0000148	Prbi.g_00012	Prbf.g_00381
OG0000149	Prbi.g_00014	Prbf.g_01336
OG0000150	Prbi.g_00015	Prbf.g_01337
OG0000151	Prbi.g_00016	Prbf.g_01338
OG0000152	Prbi.g_00017	Prbf.g_01339
OG0000153	Prbi.g_00018	Prbf.g_01340
OG0000154	Prbi.g_00019	Prbf.g_01341
OG0000155	Prbi.g_00020	Prbf.g_01342
OG0000156	Prbi.g_00021	Prbf.g_01343
OG0000157	Prbi.g_00022	Prbf.g_01344
OG0000158	Prbi.g_00024	Prbf.g_01346
OG0000159	Prbi.g_00025	Prbf.g_01347
OG0000160	Prbi.g_00026	Prbf.g_01348
OG0000161	Prbi.g_00027	Prbf.g_01349
OG0000162	Prbi.g_00028	Prbf.g_01350
OG0000163	Prbi.g_00029	Prbf.g_01352
OG0000164	Prbi.g_00032	Prbf.g_01355
OG0000165	Prbi.g_00035	Prbf.g_01358
OG0000166	Prbi.g_00036	Prbf.g_01359
OG0000167	Prbi.g_00037	Prbf.g_01360
OG0000168	Prbi.g_00049	Prbf.g_01362
OG0000169	Prbi.g_00051	Prbf.g_01364
OG0000170	Prbi.g_00052	Prbf.g_01366
OG0000171	Prbi.g_00053	Prbf.g_01367
OG0000172	Prbi.g_00056	Prbf.g_01368
OG0000173	Prbi.g_00057	Prbf.g_01371
OG0000174	Prbi.g_00058	Prbf.g_01372
OG0000175	Prbi.g_00059	Prbf.g_01373
OG0000176	Prbi.g_00061	Prbf.g_01375
OG0000177	Prbi.g_00062	Prbf.g_01376
OG0000178	Prbi.g_00063	Prbf.g_01378
OG0000179	Prbi.g_00071	Prbf.g_01390
OG0000180	Prbi.g_00072	Prbf.g_01391
OG0000181	Prbi.g_00073	Prbf.g_01392
OG0000182	Prbi.g_00076	Prbf.g_01396
OG0000183	Prbi.g_00077	Prbf.g_01397
OG0000184	Prbi.g_00080	Prbf.g_01400
OG0000185	Prbi.g_00084	Prbf.g_01404
OG0000186	Prbi.g_00085	Prbf.g_01405
OG0000187	Prbi.g_00086	Prbf.g_00291
OG0000188	Prbi.g_00087	Prbf.g_01406
OG0000189	Prbi.g_00088	Prbf.g_01407
OG0000190	Prbi.g_00089	Prbf.g_01408
OG0000191	Prbi.g_00090	Prbf.g_01409
OG0000192	Prbi.g_00091	Prbf.g_01410
OG0000193	Prbi.g_00092	Prbf.g_01411
OG0000194	Prbi.g_00093	Prbf.g_01412
OG0000195	Prbi.g_00095	Prbf.g_01414
OG0000196	Prbi.g_00096	Prbf.g_01415
OG0000197	Prbi.g_00097	Prbf.g_01416
OG0000198	Prbi.g_00098	Prbf.g_01417
OG0000199	Prbi.g_00101	Prbf.g_01420
OG0000200	Prbi.g_00102	Prbf.g_01421
OG0000201	Prbi.g_00103	Prbf.g_01422
OG0000202	Prbi.g_00104	Prbf.g_01424
OG0000203	Prbi.g_00105	Prbf.g_01425
OG0000204	Prbi.g_00106	Prbf.g_01426
OG0000205	Prbi.g_00107	Prbf.g_01428
OG0000206	Prbi.g_00108	Prbf.g_01429
OG0000207	Prbi.g_00109	Prbf.g_01430
OG0000208	Prbi.g_00110	Prbf.g_01431
OG0000209	Prbi.g_00111	Prbf.g_01432
OG0000210	Prbi.g_00113	Prbf.g_01433
OG0000211	Prbi.g_00114	Prbf.g_01435
OG0000212	Prbi.g_00115	Prbf.g_01436
OG0000213	Prbi.g_00116	Prbf.g_01437
OG0000214	Prbi.g_00118	Prbf.g_01441
OG0000215	Prbi.g_00119	Prbf.g_01442
OG0000216	Prbi.g_00121	Prbf.g_01444
OG0000217	Prbi.g_00123	Prbf.g_01445
OG0000218	Prbi.g_00124	Prbf.g_01446
OG0000219	Prbi.g_00125	Prbf.g_01447
OG0000220	Prbi.g_00128	Prbf.g_01450
OG0000221	Prbi.g_00130	Prbf.g_01453
OG0000222	Prbi.g_00131	Prbf.g_01454
OG0000223	Prbi.g_00132	Prbf.g_01455
OG0000224	Prbi.g_00135	Prbf.g_01457
OG0000225	Prbi.g_00137	Prbf.g_01459
OG0000226	Prbi.g_00138	Prbf.g_01461
OG0000227	Prbi.g_00139	Prbf.g_01462
OG0000228	Prbi.g_00140	Prbf.g_01463
OG0000229	Prbi.g_00141	Prbf.g_01464
OG0000230	Prbi.g_00142	Prbf.g_01465
OG0000231	Prbi.g_00144	Prbf.g_01055
OG0000232	Prbi.g_00145	Prbf.g_01467
OG0000233	Prbi.g_00148	Prbf.g_01470
OG0000234	Prbi.g_00150	Prbf.g_01472
OG0000235	Prbi.g_00169	Prbf.g_01478
OG0000236	Prbi.g_00170	Prbf.g_01479
OG0000237	Prbi.g_00171	Prbf.g_01480
OG0000238	Prbi.g_00172	Prbf.g_01481
OG0000239	Prbi.g_00173	Prbf.g_01482
OG0000240	Prbi.g_00175	Prbf.g_01484
OG0000241	Prbi.g_00176	Prbf.g_01485
OG0000242	Prbi.g_00177	Prbf.g_01486
OG0000243	Prbi.g_00178	Prbf.g_01487
OG0000244	Prbi.g_00179	Prbf.g_01488
OG0000245	Prbi.g_00180	Prbf.g_01490
OG0000246	Prbi.g_00182	Prbf.g_01492
OG0000247	Prbi.g_00183	Prbf.g_01493
OG0000248	Prbi.g_00184	Prbf.g_01494
OG0000249	Prbi.g_00185	Prbf.g_01495
OG0000250	Prbi.g_00186	Prbf.g_01496
OG0000251	Prbi.g_00187	Prbf.g_01497
OG0000252	Prbi.g_00188	Prbf.g_01498
OG0000253	Prbi.g_00189	Prbf.g_01499
OG0000254	Prbi.g_00191	Prbf.g_01501
OG0000255	Prbi.g_00192	Prbf.g_01502
OG0000256	Prbi.g_00195	Prbf.g_01505
OG0000257	Prbi.g_00197	Prbf.g_01507
OG0000258	Prbi.g_00198	Prbf.g_01508
OG0000259	Prbi.g_00199	Prbf.g_01509
OG0000260	Prbi.g_00200	Prbf.g_01510
OG0000261	Prbi.g_00201	Prbf.g_01511
OG0000262	Prbi.g_00202	Prbf.g_01512
OG0000263	Prbi.g_00203	Prbf.g_01513
OG0000264	Prbi.g_00205	Prbf.g_01515
OG0000265	Prbi.g_00206	Prbf.g_01516
OG0000266	Prbi.g_00207	Prbf.g_01517
OG0000267	Prbi.g_00209	Prbf.g_01519
OG0000268	Prbi.g_00210	Prbf.g_01521
OG0000269	Prbi.g_00211	Prbf.g_01522
OG0000270	Prbi.g_00212	Prbf.g_01523
OG0000271	Prbi.g_00213	Prbf.g_01524
OG0000272	Prbi.g_00214	Prbf.g_01525
OG0000273	Prbi.g_00215	Prbf.g_01526
OG0000274	Prbi.g_00216	Prbf.g_01527
OG0000275	Prbi.g_00217	Prbf.g_01528
OG0000276	Prbi.g_00218	Prbf.g_01529
OG0000277	Prbi.g_00219	Prbf.g_01530
OG0000278	Prbi.g_00220	Prbf.g_01531
OG0000279	Prbi.g_00221	Prbf.g_01532
OG0000280	Prbi.g_00222	Prbf.g_01533
OG0000281	Prbi.g_00224	Prbf.g_01535
OG0000282	Prbi.g_00225	Prbf.g_01536
OG0000283	Prbi.g_00228	Prbf.g_01539
OG0000284	Prbi.g_00229	Prbf.g_01540
OG0000285	Prbi.g_00230	Prbf.g_01541
OG0000286	Prbi.g_00232	Prbf.g_01543
OG0000287	Prbi.g_00233	Prbf.g_01545
OG0000288	Prbi.g_00234	Prbf.g_01546
OG0000289	Prbi.g_00235	Prbf.g_01547
OG0000290	Prbi.g_00236	Prbf.g_01548
OG0000291	Prbi.g_00237	Prbf.g_01549
OG0000292	Prbi.g_00238	Prbf.g_01550
OG0000293	Prbi.g_00239	Prbf.g_01551
OG0000294	Prbi.g_00240	Prbf.g_01552
OG0000295	Prbi.g_00241	Prbf.g_01553
OG0000296	Prbi.g_00242	Prbf.g_01554
OG0000297	Prbi.g_00243	Prbf.g_01555
OG0000298	Prbi.g_00244	Prbf.g_01556
OG0000299	Prbi.g_00245	Prbf.g_01557
OG0000300	Prbi.g_00246	Prbf.g_01558
OG0000301	Prbi.g_00247	Prbf.g_01559
OG0000302	Prbi.g_00248	Prbf.g_01560
OG0000303	Prbi.g_00249	Prbf.g_01561
OG0000304	Prbi.g_00250	Prbf.g_01563
OG0000305	Prbi.g_00251	Prbf.g_01564
OG0000306	Prbi.g_00252	Prbf.g_01565
OG0000307	Prbi.g_00253	Prbf.g_01567
OG0000308	Prbi.g_00254	Prbf.g_01568
OG0000309	Prbi.g_00255	Prbf.g_01569
OG0000310	Prbi.g_00256	Prbf.g_01570
OG0000311	Prbi.g_00257	Prbf.g_01571
OG0000312	Prbi.g_00259	Prbf.g_01573
OG0000313	Prbi.g_00260	Prbf.g_01574
OG0000314	Prbi.g_00263	Prbf.g_01578
OG0000315	Prbi.g_00264	Prbf.g_01579
OG0000316	Prbi.g_00266	Prbf.g_01581
OG0000317	Prbi.g_00268	Prbf.g_01583
OG0000318	Prbi.g_00269	Prbf.g_01584
OG0000319	Prbi.g_00270	Prbf.g_01585
OG0000320	Prbi.g_00271	Prbf.g_01586
OG0000321	Prbi.g_00274	Prbf.g_01589
OG0000322	Prbi.g_00277	Prbf.g_01593
OG0000323	Prbi.g_00278	Prbf.g_01594
OG0000324	Prbi.g_00281	Prbf.g_01597
OG0000325	Prbi.g_00283	Prbf.g_01598
OG0000326	Prbi.g_00284	Prbf.g_01599
OG0000327	Prbi.g_00286	Prbf.g_01601
OG0000328	Prbi.g_00287	Prbf.g_01602
OG0000329	Prbi.g_00288	Prbf.g_01603
OG0000330	Prbi.g_00289	Prbf.g_01604
OG0000331	Prbi.g_00290	Prbf.g_01606
OG0000332	Prbi.g_00291	Prbf.g_01607
OG0000333	Prbi.g_00292	Prbf.g_01608
OG0000334	Prbi.g_00293	Prbf.g_01609
OG0000335	Prbi.g_00294	Prbf.g_01610
OG0000336	Prbi.g_00295	Prbf.g_01612
OG0000337	Prbi.g_00299	Prbf.g_01615
OG0000338	Prbi.g_00300	Prbf.g_01616
OG0000339	Prbi.g_00301	Prbf.g_01617
OG0000340	Prbi.g_00302	Prbf.g_01618
OG0000341	Prbi.g_00306	Prbf.g_01622
OG0000342	Prbi.g_00307	Prbf.g_01623
OG0000343	Prbi.g_00309	Prbf.g_01626
OG0000344	Prbi.g_00310	Prbf.g_01627
OG0000345	Prbi.g_00311	Prbf.g_01628
OG0000346	Prbi.g_00312	Prbf.g_01629
OG0000347	Prbi.g_00313	Prbf.g_01630
OG0000348	Prbi.g_00314	Prbf.g_01632
OG0000349	Prbi.g_00315	Prbf.g_01633
OG0000350	Prbi.g_00316	Prbf.g_01634
OG0000351	Prbi.g_00319	Prbf.g_01636
OG0000352	Prbi.g_00322	Prbf.g_01639
OG0000353	Prbi.g_00323	Prbf.g_01640
OG0000354	Prbi.g_00324	Prbf.g_01641
OG0000355	Prbi.g_00325	Prbf.g_01642
OG0000356	Prbi.g_00326	Prbf.g_01643
OG0000357	Prbi.g_00327	Prbf.g_01644
OG0000358	Prbi.g_00328	Prbf.g_01645
OG0000359	Prbi.g_00329	Prbf.g_01646
OG0000360	Prbi.g_00332	Prbf.g_01648
OG0000361	Prbi.g_00333	Prbf.g_01649
OG0000362	Prbi.g_00334	Prbf.g_01650
OG0000363	Prbi.g_00335	Prbf.g_01651
OG0000364	Prbi.g_00336	Prbf.g_01652
OG0000365	Prbi.g_00337	Prbf.g_01653
OG0000366	Prbi.g_00338	Prbf.g_01654
OG0000367	Prbi.g_00339	Prbf.g_01655
OG0000368	Prbi.g_00340	Prbf.g_01656
OG0000369	Prbi.g_00341	Prbf.g_01657
OG0000370	Prbi.g_00342	Prbf.g_01658
OG0000371	Prbi.g_00343	Prbf.g_01659
OG0000372	Prbi.g_00345	Prbf.g_01660
OG0000373	Prbi.g_00347	Prbf.g_01662
OG0000374	Prbi.g_00348	Prbf.g_01663
OG0000375	Prbi.g_00349	Prbf.g_01664
OG0000376	Prbi.g_00351	Prbf.g_01665
OG0000377	Prbi.g_00352	Prbf.g_01671
OG0000378	Prbi.g_00353	Prbf.g_01672
OG0000379	Prbi.g_00358	Prbf.g_01678
OG0000380	Prbi.g_00359	Prbf.g_01680
OG0000381	Prbi.g_00360	Prbf.g_01681
OG0000382	Prbi.g_00362	Prbf.g_01682
OG0000383	Prbi.g_00365	Prbf.g_01685
OG0000384	Prbi.g_00366	Prbf.g_01686
OG0000385	Prbi.g_00369	Prbf.g_01689
OG0000386	Prbi.g_00370	Prbf.g_01690
OG0000387	Prbi.g_00371	Prbf.g_01691
OG0000388	Prbi.g_00372	Prbf.g_01692
OG0000389	Prbi.g_00373	Prbf.g_01693
OG0000390	Prbi.g_00374	Prbf.g_01694
OG0000391	Prbi.g_00375	Prbf.g_01695
OG0000392	Prbi.g_00376	Prbf.g_01696
OG0000393	Prbi.g_00379	Prbf.g_01700
OG0000394	Prbi.g_00380	Prbf.g_01701
OG0000395	Prbi.g_00382	Prbf.g_01704
OG0000396	Prbi.g_00383	Prbf.g_01190
OG0000397	Prbi.g_00395	Prbf.g_00874
OG0000398	Prbi.g_00403	Prbf.g_00741
OG0000399	Prbi.g_00404	Prbf.g_00879
OG0000400	Prbi.g_00409	Prbf.g_00629
OG0000401	Prbi.g_00432	Prbf.g_01715
OG0000402	Prbi.g_00433	Prbf.g_01716
OG0000403	Prbi.g_00434	Prbf.g_01717
OG0000404	Prbi.g_00436	Prbf.g_01719
OG0000405	Prbi.g_00437	Prbf.g_01720
OG0000406	Prbi.g_00439	Prbf.g_01722
OG0000407	Prbi.g_00440	Prbf.g_01723
OG0000408	Prbi.g_00441	Prbf.g_01724
OG0000409	Prbi.g_00442	Prbf.g_01725
OG0000410	Prbi.g_00443	Prbf.g_01726
OG0000411	Prbi.g_00444	Prbf.g_01727
OG0000412	Prbi.g_00445	Prbf.g_01728
OG0000413	Prbi.g_00446	Prbf.g_01729
OG0000414	Prbi.g_00447	Prbf.g_01730
OG0000415	Prbi.g_00448	Prbf.g_01731
OG0000416	Prbi.g_00449	Prbf.g_01732
OG0000417	Prbi.g_00450	Prbf.g_01733
OG0000418	Prbi.g_00451	Prbf.g_01734
OG0000419	Prbi.g_00452	Prbf.g_01735
OG0000420	Prbi.g_00453	Prbf.g_01736
OG0000421	Prbi.g_00454	Prbf.g_01740
OG0000422	Prbi.g_00456	Prbf.g_01742
OG0000423	Prbi.g_00457	Prbf.g_01743
OG0000424	Prbi.g_00459	Prbf.g_01744
OG0000425	Prbi.g_00463	Prbf.g_01748
OG0000426	Prbi.g_00464	Prbf.g_01749
OG0000427	Prbi.g_00465	Prbf.g_01750
OG0000428	Prbi.g_00466	Prbf.g_01752
OG0000429	Prbi.g_00467	Prbf.g_01753
OG0000430	Prbi.g_00474	Prbf.g_01754
OG0000431	Prbi.g_00476	Prbf.g_01756
OG0000432	Prbi.g_00477	Prbf.g_01757
OG0000433	Prbi.g_00480	Prbf.g_01760
OG0000434	Prbi.g_00481	Prbf.g_01761
OG0000435	Prbi.g_00482	Prbf.g_01762
OG0000436	Prbi.g_00484	Prbf.g_01764
OG0000437	Prbi.g_00486	Prbf.g_01766
OG0000438	Prbi.g_00487	Prbf.g_01767
OG0000439	Prbi.g_00488	Prbf.g_01768
OG0000440	Prbi.g_00490	Prbf.g_01770
OG0000441	Prbi.g_00491	Prbf.g_01771
OG0000442	Prbi.g_00492	Prbf.g_01772
OG0000443	Prbi.g_00493	Prbf.g_01773
OG0000444	Prbi.g_00494	Prbf.g_01774
OG0000445	Prbi.g_00495	Prbf.g_01775
OG0000446	Prbi.g_00496	Prbf.g_01776
OG0000447	Prbi.g_00497	Prbf.g_01777
OG0000448	Prbi.g_00498	Prbf.g_01778
OG0000449	Prbi.g_00503	Prbf.g_01784
OG0000450	Prbi.g_00504	Prbf.g_01785
OG0000451	Prbi.g_00505	Prbf.g_01786
OG0000452	Prbi.g_00506	Prbf.g_01787
OG0000453	Prbi.g_00508	Prbf.g_01788
OG0000454	Prbi.g_00509	Prbf.g_01789
OG0000455	Prbi.g_00510	Prbf.g_01790
OG0000456	Prbi.g_00511	Prbf.g_01791
OG0000457	Prbi.g_00513	Prbf.g_01793
OG0000458	Prbi.g_00515	Prbf.g_01795
OG0000459	Prbi.g_00516	Prbf.g_01796
OG0000460	Prbi.g_00518	Prbf.g_01798
OG0000461	Prbi.g_00519	Prbf.g_01799
OG0000462	Prbi.g_00520	Prbf.g_01800
OG0000463	Prbi.g_00521	Prbf.g_01801
OG0000464	Prbi.g_00526	Prbf.g_01805
OG0000465	Prbi.g_00528	Prbf.g_01806
OG0000466	Prbi.g_00529	Prbf.g_01807
OG0000467	Prbi.g_00530	Prbf.g_01808
OG0000468	Prbi.g_00531	Prbf.g_01809
OG0000469	Prbi.g_00532	Prbf.g_01810
OG0000470	Prbi.g_00533	Prbf.g_01811
OG0000471	Prbi.g_00534	Prbf.g_01812
OG0000472	Prbi.g_00537	Prbf.g_01815
OG0000473	Prbi.g_00538	Prbf.g_01816
OG0000474	Prbi.g_00539	Prbf.g_01817
OG0000475	Prbi.g_00540	Prbf.g_01818
OG0000476	Prbi.g_00541	Prbf.g_01819
OG0000477	Prbi.g_00543	Prbf.g_01821
OG0000478	Prbi.g_00544	Prbf.g_01822
OG0000479	Prbi.g_00545	Prbf.g_01823
OG0000480	Prbi.g_00547	Prbf.g_01825
OG0000481	Prbi.g_00548	Prbf.g_01826
OG0000482	Prbi.g_00549	Prbf.g_01827
OG0000483	Prbi.g_00550	Prbf.g_01828
OG0000484	Prbi.g_00551	Prbf.g_01829
OG0000485	Prbi.g_00552	Prbf.g_01830
OG0000486	Prbi.g_00553	Prbf.g_01831
OG0000487	Prbi.g_00554	Prbf.g_01832
OG0000488	Prbi.g_00556	Prbf.g_01834
OG0000489	Prbi.g_00557	Prbf.g_01835
OG0000490	Prbi.g_00558	Prbf.g_01836
OG0000491	Prbi.g_00559	Prbf.g_01837
OG0000492	Prbi.g_00560	Prbf.g_01838
OG0000493	Prbi.g_00561	Prbf.g_01839
OG0000494	Prbi.g_00563	Prbf.g_01840
OG0000495	Prbi.g_00564	Prbf.g_01841
OG0000496	Prbi.g_00565	Prbf.g_01843
OG0000497	Prbi.g_00566	Prbf.g_01845
OG0000498	Prbi.g_00567	Prbf.g_01846
OG0000499	Prbi.g_00569	Prbf.g_01848
OG0000500	Prbi.g_00570	Prbf.g_01849
OG0000501	Prbi.g_00572	Prbf.g_01851
OG0000502	Prbi.g_00573	Prbf.g_01852
OG0000503	Prbi.g_00574	Prbf.g_01853
OG0000504	Prbi.g_00575	Prbf.g_01854
OG0000505	Prbi.g_00576	Prbf.g_01855
OG0000506	Prbi.g_00577	Prbf.g_01856
OG0000507	Prbi.g_00578	Prbf.g_01857
OG0000508	Prbi.g_00580	Prbf.g_01859
OG0000509	Prbi.g_00581	Prbf.g_01860
OG0000510	Prbi.g_00582	Prbf.g_01861
OG0000511	Prbi.g_00583	Prbf.g_01862
OG0000512	Prbi.g_00584	Prbf.g_01863
OG0000513	Prbi.g_00585	Prbf.g_01864
OG0000514	Prbi.g_00586	Prbf.g_01865
OG0000515	Prbi.g_00588	Prbf.g_01868
OG0000516	Prbi.g_00589	Prbf.g_01869
OG0000517	Prbi.g_00590	Prbf.g_01870
OG0000518	Prbi.g_00593	Prbf.g_01873
OG0000519	Prbi.g_00594	Prbf.g_01874
OG0000520	Prbi.g_00595	Prbf.g_01875
OG0000521	Prbi.g_00596	Prbf.g_01876
OG0000522	Prbi.g_00597	Prbf.g_01877
OG0000523	Prbi.g_00598	Prbf.g_01878
OG0000524	Prbi.g_00599	Prbf.g_01879
OG0000525	Prbi.g_00601	Prbf.g_01881
OG0000526	Prbi.g_00602	Prbf.g_01882
OG0000527	Prbi.g_00603	Prbf.g_01883
OG0000528	Prbi.g_00604	Prbf.g_01884
OG0000529	Prbi.g_00605	Prbf.g_01885
OG0000530	Prbi.g_00606	Prbf.g_01886
OG0000531	Prbi.g_00607	Prbf.g_01888
OG0000532	Prbi.g_00608	Prbf.g_01889
OG0000533	Prbi.g_00609	Prbf.g_01890
OG0000534	Prbi.g_00610	Prbf.g_01891
OG0000535	Prbi.g_00611	Prbf.g_01892
OG0000536	Prbi.g_00612	Prbf.g_01893
OG0000537	Prbi.g_00613	Prbf.g_01894
OG0000538	Prbi.g_00614	Prbf.g_01895
OG0000539	Prbi.g_00615	Prbf.g_01896
OG0000540	Prbi.g_00616	Prbf.g_01897
OG0000541	Prbi.g_00617	Prbf.g_01898
OG0000542	Prbi.g_00618	Prbf.g_01899
OG0000543	Prbi.g_00619	Prbf.g_01900
OG0000544	Prbi.g_00620	Prbf.g_01901
OG0000545	Prbi.g_00623	Prbf.g_01903
OG0000546	Prbi.g_00624	Prbf.g_01904
OG0000547	Prbi.g_00626	Prbf.g_01906
OG0000548	Prbi.g_00627	Prbf.g_01908
OG0000549	Prbi.g_00628	Prbf.g_01909
OG0000550	Prbi.g_00629	Prbf.g_01910
OG0000551	Prbi.g_00630	Prbf.g_01912
OG0000552	Prbi.g_00631	Prbf.g_01913
OG0000553	Prbi.g_00632	Prbf.g_00977
OG0000554	Prbi.g_00634	Prbf.g_00978
OG0000555	Prbi.g_00635	Prbf.g_00979
OG0000556	Prbi.g_00636	Prbf.g_00980
OG0000557	Prbi.g_00637	Prbf.g_00981
OG0000558	Prbi.g_00638	Prbf.g_00982
OG0000559	Prbi.g_00639	Prbf.g_00983
OG0000560	Prbi.g_00641	Prbf.g_00985
OG0000561	Prbi.g_00642	Prbf.g_00986
OG0000562	Prbi.g_00643	Prbf.g_00988
OG0000563	Prbi.g_00644	Prbf.g_00989
OG0000564	Prbi.g_00645	Prbf.g_00990
OG0000565	Prbi.g_00646	Prbf.g_00991
OG0000566	Prbi.g_00647	Prbf.g_00992
OG0000567	Prbi.g_00648	Prbf.g_00993
OG0000568	Prbi.g_00649	Prbf.g_00994
OG0000569	Prbi.g_00650	Prbf.g_00995
OG0000570	Prbi.g_00651	Prbf.g_00996
OG0000571	Prbi.g_00652	Prbf.g_00997
OG0000572	Prbi.g_00653	Prbf.g_00998
OG0000573	Prbi.g_00656	Prbf.g_01001
OG0000574	Prbi.g_00657	Prbf.g_01002
OG0000575	Prbi.g_00658	Prbf.g_01003
OG0000576	Prbi.g_00659	Prbf.g_01004
OG0000577	Prbi.g_00660	Prbf.g_01005
OG0000578	Prbi.g_00661	Prbf.g_01006
OG0000579	Prbi.g_00662	Prbf.g_01007
OG0000580	Prbi.g_00663	Prbf.g_01008
OG0000581	Prbi.g_00664	Prbf.g_01009
OG0000582	Prbi.g_00665	Prbf.g_01010
OG0000583	Prbi.g_00666	Prbf.g_01011
OG0000584	Prbi.g_00667	Prbf.g_01013
OG0000585	Prbi.g_00668	Prbf.g_01014
OG0000586	Prbi.g_00670	Prbf.g_01016
OG0000587	Prbi.g_00671	Prbf.g_01017
OG0000588	Prbi.g_00673	Prbf.g_01293
OG0000589	Prbi.g_00674	Prbf.g_01292
OG0000590	Prbi.g_00676	Prbf.g_01290
OG0000591	Prbi.g_00682	Prbf.g_01284
OG0000592	Prbi.g_00683	Prbf.g_01283
OG0000593	Prbi.g_00684	Prbf.g_01282
OG0000594	Prbi.g_00686	Prbf.g_01279
OG0000595	Prbi.g_00687	Prbf.g_01278
OG0000596	Prbi.g_00688	Prbf.g_01277
OG0000597	Prbi.g_00690	Prbf.g_01275
OG0000598	Prbi.g_00691	Prbf.g_01274
OG0000599	Prbi.g_00692	Prbf.g_01273
OG0000600	Prbi.g_00693	Prbf.g_01272
OG0000601	Prbi.g_00695	Prbf.g_01269
OG0000602	Prbi.g_00696	Prbf.g_01268
OG0000603	Prbi.g_00697	Prbf.g_01267
OG0000604	Prbi.g_00698	Prbf.g_01264
OG0000605	Prbi.g_00699	Prbf.g_01263
OG0000606	Prbi.g_00700	Prbf.g_01262
OG0000607	Prbi.g_00703	Prbf.g_01260
OG0000608	Prbi.g_00704	Prbf.g_01258
OG0000609	Prbi.g_00708	Prbf.g_00404
OG0000610	Prbi.g_00709	Prbf.g_01334
OG0000611	Prbi.g_00746	Prbf.g_01252
OG0000612	Prbi.g_00747	Prbf.g_01251
OG0000613	Prbi.g_00748	Prbf.g_01030
OG0000614	Prbi.g_00749	Prbf.g_01031
OG0000615	Prbi.g_00751	Prbf.g_01033
OG0000616	Prbi.g_00752	Prbf.g_01034
OG0000617	Prbi.g_00753	Prbf.g_01035
OG0000618	Prbi.g_00754	Prbf.g_01036
OG0000619	Prbi.g_00755	Prbf.g_01037
OG0000620	Prbi.g_00756	Prbf.g_01038
OG0000621	Prbi.g_00757	Prbf.g_01039
OG0000622	Prbi.g_00758	Prbf.g_01040
OG0000623	Prbi.g_00759	Prbf.g_01041
OG0000624	Prbi.g_00760	Prbf.g_01043
OG0000625	Prbi.g_00761	Prbf.g_01044
OG0000626	Prbi.g_00762	Prbf.g_01045
OG0000627	Prbi.g_00763	Prbf.g_01046
OG0000628	Prbi.g_00764	Prbf.g_01047
OG0000629	Prbi.g_00765	Prbf.g_01048
OG0000630	Prbi.g_00766	Prbf.g_01049
OG0000631	Prbi.g_00768	Prbf.g_01051
OG0000632	Prbi.g_00788	Prbf.g_01052
OG0000633	Prbi.g_00792	Prbf.g_00280
OG0000634	Prbi.g_00807	Prbf.g_00042
OG0000635	Prbi.g_00811	Prbf.g_01929
OG0000636	Prbi.g_00812	Prbf.g_01928
OG0000637	Prbi.g_00813	Prbf.g_01927
OG0000638	Prbi.g_00825	Prbf.g_01675
OG0000639	Prbi.g_00834	Prbf.g_01150
OG0000640	Prbi.g_00835	Prbf.g_01146
OG0000641	Prbi.g_00838	Prbf.g_01144
OG0000642	Prbi.g_00839	Prbf.g_01143
OG0000643	Prbi.g_00840	Prbf.g_01142
OG0000644	Prbi.g_00841	Prbf.g_01029
OG0000645	Prbi.g_00842	Prbf.g_01250
OG0000646	Prbi.g_00843	Prbf.g_01249
OG0000647	Prbi.g_00844	Prbf.g_01248
OG0000648	Prbi.g_00846	Prbf.g_01246
OG0000649	Prbi.g_00847	Prbf.g_01245
OG0000650	Prbi.g_00848	Prbf.g_01244
OG0000651	Prbi.g_00849	Prbf.g_01243
OG0000652	Prbi.g_00850	Prbf.g_01242
OG0000653	Prbi.g_00851	Prbf.g_01241
OG0000654	Prbi.g_00853	Prbf.g_01239
OG0000655	Prbi.g_00855	Prbf.g_01237
OG0000656	Prbi.g_00856	Prbf.g_01236
OG0000657	Prbi.g_00857	Prbf.g_01235
OG0000658	Prbi.g_00858	Prbf.g_01234
OG0000659	Prbi.g_00859	Prbf.g_01233
OG0000660	Prbi.g_00860	Prbf.g_01232
OG0000661	Prbi.g_00861	Prbf.g_01231
OG0000662	Prbi.g_00862	Prbf.g_01229
OG0000663	Prbi.g_00863	Prbf.g_01228
OG0000664	Prbi.g_00864	Prbf.g_01227
OG0000665	Prbi.g_00865	Prbf.g_01226
OG0000666	Prbi.g_00866	Prbf.g_01225
OG0000667	Prbi.g_00867	Prbf.g_01224
OG0000668	Prbi.g_00868	Prbf.g_01223
OG0000669	Prbi.g_00870	Prbf.g_01221
OG0000670	Prbi.g_00871	Prbf.g_01220
OG0000671	Prbi.g_00872	Prbf.g_01219
OG0000672	Prbi.g_00873	Prbf.g_01218
OG0000673	Prbi.g_00874	Prbf.g_01217
OG0000674	Prbi.g_00875	Prbf.g_01216
OG0000675	Prbi.g_00877	Prbf.g_01214
OG0000676	Prbi.g_00878	Prbf.g_01213
OG0000677	Prbi.g_00881	Prbf.g_01210
OG0000678	Prbi.g_00883	Prbf.g_01208
OG0000679	Prbi.g_00884	Prbf.g_01206
OG0000680	Prbi.g_00885	Prbf.g_01205
OG0000681	Prbi.g_00886	Prbf.g_01204
OG0000682	Prbi.g_00887	Prbf.g_01203
OG0000683	Prbi.g_00889	Prbf.g_01201
OG0000684	Prbi.g_00890	Prbf.g_01200
OG0000685	Prbi.g_00891	Prbf.g_01199
OG0000686	Prbi.g_00892	Prbf.g_01198
OG0000687	Prbi.g_00893	Prbf.g_01197
OG0000688	Prbi.g_00894	Prbf.g_01196
OG0000689	Prbi.g_00895	Prbf.g_01195
OG0000690	Prbi.g_00896	Prbf.g_01194
OG0000691	Prbi.g_00897	Prbf.g_01193
OG0000692	Prbi.g_00899	Prbf.g_01189
OG0000693	Prbi.g_00900	Prbf.g_01188
OG0000694	Prbi.g_00901	Prbf.g_01187
OG0000695	Prbi.g_00902	Prbf.g_01186
OG0000696	Prbi.g_00903	Prbf.g_01185
OG0000697	Prbi.g_00905	Prbf.g_01183
OG0000698	Prbi.g_00907	Prbf.g_01179
OG0000699	Prbi.g_00908	Prbf.g_01178
OG0000700	Prbi.g_00934	Prbf.g_00838
OG0000701	Prbi.g_00939	Prbf.g_00833
OG0000702	Prbi.g_00942	Prbf.g_01331
OG0000703	Prbi.g_00943	Prbf.g_01329
OG0000704	Prbi.g_00944	Prbf.g_01328
OG0000705	Prbi.g_00945	Prbf.g_01326
OG0000706	Prbi.g_00946	Prbf.g_01325
OG0000707	Prbi.g_00948	Prbf.g_01323
OG0000708	Prbi.g_00949	Prbf.g_01322
OG0000709	Prbi.g_00951	Prbf.g_01320
OG0000710	Prbi.g_00952	Prbf.g_01319
OG0000711	Prbi.g_00953	Prbf.g_01318
OG0000712	Prbi.g_00954	Prbf.g_01317
OG0000713	Prbi.g_00955	Prbf.g_01316
OG0000714	Prbi.g_00957	Prbf.g_01314
OG0000715	Prbi.g_00958	Prbf.g_01313
OG0000716	Prbi.g_00960	Prbf.g_01311
OG0000717	Prbi.g_00961	Prbf.g_01310
OG0000718	Prbi.g_00962	Prbf.g_01309
OG0000719	Prbi.g_00964	Prbf.g_01307
OG0000720	Prbi.g_00965	Prbf.g_01306
OG0000721	Prbi.g_00968	Prbf.g_01303
OG0000722	Prbi.g_00969	Prbf.g_01302
OG0000723	Prbi.g_00970	Prbf.g_01301
OG0000724	Prbi.g_00971	Prbf.g_01299
OG0000725	Prbi.g_00972	Prbf.g_01298
OG0000726	Prbi.g_00973	Prbf.g_01297
OG0000727	Prbi.g_00974	Prbf.g_01296
OG0000728	Prbi.g_00975	Prbf.g_01295
OG0000729	Prbi.g_00976	Prbf.g_01294
OG0000730	Prbi.g_00977	Prbf.g_01019
OG0000731	Prbi.g_00978	Prbf.g_01021
OG0000732	Prbi.g_00979	Prbf.g_01022
OG0000733	Prbi.g_00980	Prbf.g_01023
OG0000734	Prbi.g_00981	Prbf.g_01024
OG0000735	Prbi.g_00983	Prbf.g_01026
OG0000736	Prbi.g_00984	Prbf.g_01027
OG0000737	Prbi.g_00985	Prbf.g_01028
OG0000738	Prbi.g_00986	Prbf.g_01141
OG0000739	Prbi.g_00987	Prbf.g_01140
OG0000740	Prbi.g_00988	Prbf.g_01139
OG0000741	Prbi.g_00989	Prbf.g_01138
OG0000742	Prbi.g_00991	Prbf.g_01136
OG0000743	Prbi.g_00992	Prbf.g_01135
OG0000744	Prbi.g_00993	Prbf.g_01134
OG0000745	Prbi.g_00994	Prbf.g_01133
OG0000746	Prbi.g_00995	Prbf.g_01132
OG0000747	Prbi.g_00996	Prbf.g_01131
OG0000748	Prbi.g_00997	Prbf.g_01130
OG0000749	Prbi.g_00998	Prbf.g_01129
OG0000750	Prbi.g_00999	Prbf.g_01127
OG0000751	Prbi.g_01000	Prbf.g_01126
OG0000752	Prbi.g_01001	Prbf.g_01067
OG0000753	Prbi.g_01003	Prbf.g_01124
OG0000754	Prbi.g_01004	Prbf.g_01123
OG0000755	Prbi.g_01005	Prbf.g_01122
OG0000756	Prbi.g_01006	Prbf.g_01120
OG0000757	Prbi.g_01007	Prbf.g_01119
OG0000758	Prbi.g_01008	Prbf.g_01118
OG0000759	Prbi.g_01010	Prbf.g_01116
OG0000760	Prbi.g_01011	Prbf.g_01115
OG0000761	Prbi.g_01012	Prbf.g_01114
OG0000762	Prbi.g_01014	Prbf.g_01112
OG0000763	Prbi.g_01015	Prbf.g_01111
OG0000764	Prbi.g_01016	Prbf.g_01110
OG0000765	Prbi.g_01017	Prbf.g_01109
OG0000766	Prbi.g_01018	Prbf.g_01108
OG0000767	Prbi.g_01020	Prbf.g_01106
OG0000768	Prbi.g_01021	Prbf.g_01105
OG0000769	Prbi.g_01022	Prbf.g_01104
OG0000770	Prbi.g_01023	Prbf.g_01103
OG0000771	Prbi.g_01024	Prbf.g_01102
OG0000772	Prbi.g_01025	Prbf.g_00065
OG0000773	Prbi.g_01026	Prbf.g_01100
OG0000774	Prbi.g_01027	Prbf.g_01099
OG0000775	Prbi.g_01028	Prbf.g_01098
OG0000776	Prbi.g_01030	Prbf.g_01095
OG0000777	Prbi.g_01032	Prbf.g_01094
OG0000778	Prbi.g_01033	Prbf.g_01093
OG0000779	Prbi.g_01034	Prbf.g_01092
OG0000780	Prbi.g_01036	Prbf.g_01090
OG0000781	Prbi.g_01038	Prbf.g_01088
OG0000782	Prbi.g_01039	Prbf.g_01087
OG0000783	Prbi.g_01055	Prbf.g_01083
OG0000784	Prbi.g_01057	Prbf.g_01081
OG0000785	Prbi.g_01058	Prbf.g_01080
OG0000786	Prbi.g_01059	Prbf.g_01079
OG0000787	Prbi.g_01060	Prbf.g_01078
OG0000788	Prbi.g_01064	Prbf.g_01072
OG0000789	Prbi.g_01066	Prbf.g_01069
OG0000790	Prbi.g_01067	Prbf.g_01068
OG0000791	Prbi.g_01068	Prbf.g_01065
OG0000792	Prbi.g_01069	Prbf.g_01064
OG0000793	Prbi.g_01070	Prbf.g_01063
OG0000794	Prbi.g_01072	Prbf.g_01060
OG0000795	Prbi.g_01075	Prbf.g_01159
OG0000796	Prbi.g_01076	Prbf.g_01160
OG0000797	Prbi.g_01078	Prbf.g_01162
OG0000798	Prbi.g_01079	Prbf.g_01163
OG0000799	Prbi.g_01080	Prbf.g_01164
OG0000800	Prbi.g_01081	Prbf.g_01165
OG0000801	Prbi.g_01084	Prbf.g_01168
OG0000802	Prbi.g_01085	Prbf.g_01169
OG0000803	Prbi.g_01087	Prbf.g_01171
OG0000804	Prbi.g_01088	Prbf.g_01172
OG0000805	Prbi.g_01089	Prbf.g_01173
OG0000806	Prbi.g_01091	Prbf.g_01175
OG0000807	Prbi.g_01117	Prbf.g_01705
OG0000808	Prbi.g_01127	Prbf.g_00296
OG0000809	Prbi.g_01130	Prbf.g_00870
OG0000810	Prbi.g_01131	Prbf.g_01924
OG0000811	Prbi.g_01138	Prbf.g_00048
OG0000812	Prbi.g_01142	Prbf.g_00876
OG0000813	Prbi.g_01146	Prbf.g_01684
OG0000814	Prbi.g_01148	Prbf.g_00062
OG0000815	Prbi.g_01161	Prbf.g_00094
OG0000816	Prbi.g_01175	Prbf.g_00787
OG0000817	Prbi.g_01176	Prbf.g_00786
OG0000818	Prbi.g_01181	Prbf.g_00285
OG0000819	Prbi.g_01188	Prbf.g_00896
OG0000820	Prbi.g_01192	Prbf.g_00902
OG0000821	Prbi.g_01194	Prbf.g_00904
OG0000822	Prbi.g_01195	Prbf.g_00905
OG0000823	Prbi.g_01196	Prbf.g_00906
OG0000824	Prbi.g_01197	Prbf.g_00907
OG0000825	Prbi.g_01198	Prbf.g_00908
OG0000826	Prbi.g_01199	Prbf.g_00909
OG0000827	Prbi.g_01200	Prbf.g_00910
OG0000828	Prbi.g_01201	Prbf.g_00911
OG0000829	Prbi.g_01202	Prbf.g_00912
OG0000830	Prbi.g_01203	Prbf.g_00914
OG0000831	Prbi.g_01206	Prbf.g_00917
OG0000832	Prbi.g_01208	Prbf.g_00919
OG0000833	Prbi.g_01209	Prbf.g_00920
OG0000834	Prbi.g_01210	Prbf.g_00921
OG0000835	Prbi.g_01211	Prbf.g_00922
OG0000836	Prbi.g_01212	Prbf.g_00923
OG0000837	Prbi.g_01214	Prbf.g_00926
OG0000838	Prbi.g_01215	Prbf.g_00927
OG0000839	Prbi.g_01216	Prbf.g_00928
OG0000840	Prbi.g_01217	Prbf.g_00929
OG0000841	Prbi.g_01218	Prbf.g_00930
OG0000842	Prbi.g_01219	Prbf.g_00932
OG0000843	Prbi.g_01220	Prbf.g_00933
OG0000844	Prbi.g_01221	Prbf.g_00934
OG0000845	Prbi.g_01222	Prbf.g_00935
OG0000846	Prbi.g_01225	Prbf.g_00937
OG0000847	Prbi.g_01227	Prbf.g_00939
OG0000848	Prbi.g_01228	Prbf.g_00940
OG0000849	Prbi.g_01229	Prbf.g_00943
OG0000850	Prbi.g_01230	Prbf.g_00944
OG0000851	Prbi.g_01231	Prbf.g_00946
OG0000852	Prbi.g_01233	Prbf.g_00948
OG0000853	Prbi.g_01234	Prbf.g_00950
OG0000854	Prbi.g_01236	Prbf.g_00952
OG0000855	Prbi.g_01237	Prbf.g_00953
OG0000856	Prbi.g_01238	Prbf.g_00954
OG0000857	Prbi.g_01239	Prbf.g_00955
OG0000858	Prbi.g_01240	Prbf.g_00956
OG0000859	Prbi.g_01241	Prbf.g_00957
OG0000860	Prbi.g_01242	Prbf.g_00958
OG0000861	Prbi.g_01243	Prbf.g_00959
OG0000862	Prbi.g_01244	Prbf.g_00960
OG0000863	Prbi.g_01245	Prbf.g_00961
OG0000864	Prbi.g_01246	Prbf.g_00962
OG0000865	Prbi.g_01247	Prbf.g_00963
OG0000866	Prbi.g_01248	Prbf.g_00964
OG0000867	Prbi.g_01249	Prbf.g_00965
OG0000868	Prbi.g_01250	Prbf.g_00966
OG0000869	Prbi.g_01252	Prbf.g_00968
OG0000870	Prbi.g_01253	Prbf.g_00969
OG0000871	Prbi.g_01255	Prbf.g_00970
OG0000872	Prbi.g_01256	Prbf.g_00971
OG0000873	Prbi.g_01258	Prbf.g_00973
OG0000874	Prbi.g_01259	Prbf.g_00974
OG0000875	Prbi.g_01260	Prbf.g_00975
OG0000876	Prbi.g_01261	Prbf.g_00976
OG0000877	Prbi.g_01263	Prbf.g_01914
OG0000878	Prbi.g_01363	Prbf.g_00767
OG0000879	Prbi.g_01380	Prbf.g_00037
OG0000880	Prbi.g_01381	Prbf.g_00036
OG0000881	Prbi.g_01382	Prbf.g_00035
OG0000882	Prbi.g_01383	Prbf.g_00034
OG0000883	Prbi.g_01384	Prbf.g_00033
OG0000884	Prbi.g_01386	Prbf.g_00031
OG0000885	Prbi.g_01387	Prbf.g_00030
OG0000886	Prbi.g_01388	Prbf.g_00029
OG0000887	Prbi.g_01389	Prbf.g_00028
OG0000888	Prbi.g_01390	Prbf.g_00027
OG0000889	Prbi.g_01393	Prbf.g_00024
OG0000890	Prbi.g_01394	Prbf.g_00023
OG0000891	Prbi.g_01395	Prbf.g_00022
OG0000892	Prbi.g_01397	Prbf.g_00019
OG0000893	Prbi.g_01398	Prbf.g_00018
OG0000894	Prbi.g_01399	Prbf.g_00017
OG0000895	Prbi.g_01400	Prbf.g_00016
OG0000896	Prbi.g_01401	Prbf.g_00015
OG0000897	Prbi.g_01402	Prbf.g_00014
OG0000898	Prbi.g_01404	Prbf.g_00011
OG0000899	Prbi.g_01405	Prbf.g_00010
OG0000900	Prbi.g_01421	Prbf.g_00071
OG0000901	Prbi.g_01425	Prbf.g_00002
OG0000902	Prbi.g_01426	Prbf.g_01782
OG0000903	Prbi.g_01427	Prbf.g_00853, Prbf.g_00066
OG0000904	Prbi.g_01429	Prbf.g_00256
OG0000905	Prbi.g_01431	Prbf.g_00875
OG0000906	Prbi.g_01433	Prbf.g_00893
OG0000907	Prbi.g_01434	Prbf.g_01181
OG0000908	Prbi.g_01437	Prbf.g_00856
OG0000909	Prbi.g_01441	Prbf.g_00097
OG0000910	Prbi.g_01442	Prbf.g_00098
OG0000911	Prbi.g_01443	Prbf.g_00099
OG0000912	Prbi.g_01444	Prbf.g_00100
OG0000913	Prbi.g_01445	Prbf.g_00101
OG0000914	Prbi.g_01446	Prbf.g_00102
OG0000915	Prbi.g_01447	Prbf.g_00103
OG0000916	Prbi.g_01448	Prbf.g_00104
OG0000917	Prbi.g_01449	Prbf.g_00105
OG0000918	Prbi.g_01450	Prbf.g_00106
OG0000919	Prbi.g_01451	Prbf.g_00107
OG0000920	Prbi.g_01452	Prbf.g_00108
OG0000921	Prbi.g_01453	Prbf.g_00109
OG0000922	Prbi.g_01454	Prbf.g_00110
OG0000923	Prbi.g_01455	Prbf.g_00111
OG0000924	Prbi.g_01456	Prbf.g_00112
OG0000925	Prbi.g_01457	Prbf.g_00113
OG0000926	Prbi.g_01489	Prbf.g_00514
OG0000927	Prbi.g_01571	Prbf.g_00140
OG0000928	Prbi.g_01572	Prbf.g_00141
OG0000929	Prbi.g_01573	Prbf.g_00142
OG0000930	Prbi.g_01574	Prbf.g_00143
OG0000931	Prbi.g_01575	Prbf.g_00144
OG0000932	Prbi.g_01577	Prbf.g_00146
OG0000933	Prbi.g_01578	Prbf.g_00147
OG0000934	Prbi.g_01579	Prbf.g_00148
OG0000935	Prbi.g_01580	Prbf.g_00149
OG0000936	Prbi.g_01581	Prbf.g_00150
OG0000937	Prbi.g_01582	Prbf.g_00151
OG0000938	Prbi.g_01583	Prbf.g_00152
OG0000939	Prbi.g_01584	Prbf.g_00153
OG0000940	Prbi.g_01585	Prbf.g_00154
OG0000941	Prbi.g_01587	Prbf.g_00155
OG0000942	Prbi.g_01588	Prbf.g_00156
OG0000943	Prbi.g_01593	Prbf.g_00159
OG0000944	Prbi.g_01594	Prbf.g_00160
OG0000945	Prbi.g_01595	Prbf.g_00161
OG0000946	Prbi.g_01596	Prbf.g_00162
OG0000947	Prbi.g_01597	Prbf.g_00163
OG0000948	Prbi.g_01598	Prbf.g_00164
OG0000949	Prbi.g_01599	Prbf.g_00165
OG0000950	Prbi.g_01600	Prbf.g_00166
OG0000951	Prbi.g_01601	Prbf.g_00167
OG0000952	Prbi.g_01602	Prbf.g_00168
OG0000953	Prbi.g_01603	Prbf.g_00169
OG0000954	Prbi.g_01604	Prbf.g_00170
OG0000955	Prbi.g_01605	Prbf.g_00171
OG0000956	Prbi.g_01606	Prbf.g_00172
OG0000957	Prbi.g_01607	Prbf.g_00173
OG0000958	Prbi.g_01608	Prbf.g_00174
OG0000959	Prbi.g_01609	Prbf.g_00175
OG0000960	Prbi.g_01610	Prbf.g_00176
OG0000961	Prbi.g_01613	Prbf.g_00180
OG0000962	Prbi.g_01614	Prbf.g_00181
OG0000963	Prbi.g_01615	Prbf.g_00182
OG0000964	Prbi.g_01617	Prbf.g_00184
OG0000965	Prbi.g_01618	Prbf.g_00185
OG0000966	Prbi.g_01619	Prbf.g_00186
OG0000967	Prbi.g_01620	Prbf.g_00187
OG0000968	Prbi.g_01621	Prbf.g_00188
OG0000969	Prbi.g_01622	Prbf.g_00189
OG0000970	Prbi.g_01623	Prbf.g_00190
OG0000971	Prbi.g_01624	Prbf.g_00191
OG0000972	Prbi.g_01625	Prbf.g_00192
OG0000973	Prbi.g_01626	Prbf.g_00193
OG0000974	Prbi.g_01628	Prbf.g_00195
OG0000975	Prbi.g_01631	Prbf.g_00201
OG0000976	Prbi.g_01633	Prbf.g_00203
OG0000977	Prbi.g_01634	Prbf.g_00205
OG0000978	Prbi.g_01635	Prbf.g_00207
OG0000979	Prbi.g_01637	Prbf.g_00209
OG0000980	Prbi.g_01638	Prbf.g_00210
OG0000981	Prbi.g_01639	Prbf.g_00211
OG0000982	Prbi.g_01640	Prbf.g_00212
OG0000983	Prbi.g_01642	Prbf.g_00214
OG0000984	Prbi.g_01643	Prbf.g_00215
OG0000985	Prbi.g_01644	Prbf.g_00216
OG0000986	Prbi.g_01645	Prbf.g_00217
OG0000987	Prbi.g_01646	Prbf.g_00218
OG0000988	Prbi.g_01647	Prbf.g_00219
OG0000989	Prbi.g_01648	Prbf.g_00220
OG0000990	Prbi.g_01649	Prbf.g_00221
OG0000991	Prbi.g_01650	Prbf.g_00222
OG0000992	Prbi.g_01651	Prbf.g_00223
OG0000993	Prbi.g_01652	Prbf.g_00224
OG0000994	Prbi.g_01653	Prbf.g_00225
OG0000995	Prbi.g_01654	Prbf.g_00226
OG0000996	Prbi.g_01655	Prbf.g_00227
OG0000997	Prbi.g_01656	Prbf.g_00228
OG0000998	Prbi.g_01657	Prbf.g_00229
OG0000999	Prbi.g_01658	Prbf.g_00230
OG0001000	Prbi.g_01659	Prbf.g_00231
OG0001001	Prbi.g_01661	Prbf.g_00233
OG0001002	Prbi.g_01662	Prbf.g_00234
OG0001003	Prbi.g_01663	Prbf.g_00235
OG0001004	Prbi.g_01664	Prbf.g_00236
OG0001005	Prbi.g_01665	Prbf.g_00239
OG0001006	Prbi.g_01666	Prbf.g_00240
OG0001007	Prbi.g_01667	Prbf.g_00241
OG0001008	Prbi.g_01669	Prbf.g_00243
OG0001009	Prbi.g_01670	Prbf.g_00244
OG0001010	Prbi.g_01678	Prbf.g_00750
OG0001011	Prbi.g_01685	Prbf.g_01911
OG0001012	Prbi.g_01711	Prbf.g_01230
OG0001013	Prbi.g_01781	Prbf.g_00700
OG0001014	Prbi.g_01782	Prbf.g_00699
OG0001015	Prbi.g_01788	Prbf.g_00692
OG0001016	Prbi.g_01789	Prbf.g_00691
OG0001017	Prbi.g_01790	Prbf.g_00690
OG0001018	Prbi.g_01791	Prbf.g_00689
OG0001019	Prbi.g_01793	Prbf.g_00687
OG0001020	Prbi.g_01794	Prbf.g_00686
OG0001021	Prbi.g_01795	Prbf.g_00685
OG0001022	Prbi.g_01796	Prbf.g_00684
OG0001023	Prbi.g_01797	Prbf.g_00683
OG0001024	Prbi.g_01798	Prbf.g_00681
OG0001025	Prbi.g_01799	Prbf.g_00680
OG0001026	Prbi.g_01801	Prbf.g_00679
OG0001027	Prbi.g_01802	Prbf.g_00678
OG0001028	Prbi.g_01803	Prbf.g_00677
OG0001029	Prbi.g_01804	Prbf.g_00676
OG0001030	Prbi.g_01805	Prbf.g_00675
OG0001031	Prbi.g_01806	Prbf.g_00674
OG0001032	Prbi.g_01807	Prbf.g_00673
OG0001033	Prbi.g_01808	Prbf.g_00672
OG0001034	Prbi.g_01809	Prbf.g_00671
OG0001035	Prbi.g_01811	Prbf.g_00669
OG0001036	Prbi.g_01812	Prbf.g_00668
OG0001037	Prbi.g_01813	Prbf.g_00667
OG0001038	Prbi.g_01814	Prbf.g_00666
OG0001039	Prbi.g_01815	Prbf.g_00665
OG0001040	Prbi.g_01816	Prbf.g_00664
OG0001041	Prbi.g_01817	Prbf.g_00663
OG0001042	Prbi.g_01818	Prbf.g_00662
OG0001043	Prbi.g_01819	Prbf.g_00661
OG0001044	Prbi.g_01820	Prbf.g_00660
OG0001045	Prbi.g_01821	Prbf.g_00659
OG0001046	Prbi.g_01822	Prbf.g_00658
OG0001047	Prbi.g_01825	Prbf.g_00655
OG0001048	Prbi.g_01827	Prbf.g_00653
OG0001049	Prbi.g_01828	Prbf.g_00652
OG0001050	Prbi.g_01829	Prbf.g_00651
OG0001051	Prbi.g_01830	Prbf.g_00650
OG0001052	Prbi.g_01831	Prbf.g_00649
OG0001053	Prbi.g_01832	Prbf.g_00647
OG0001054	Prbi.g_01834	Prbf.g_00645
OG0001055	Prbi.g_01835	Prbf.g_00644
OG0001056	Prbi.g_01836	Prbf.g_00643
OG0001057	Prbi.g_01837	Prbf.g_00642
OG0001058	Prbi.g_01838	Prbf.g_00641
OG0001059	Prbi.g_01839	Prbf.g_00640
OG0001060	Prbi.g_01840	Prbf.g_00639
OG0001061	Prbi.g_01841	Prbf.g_00638
OG0001062	Prbi.g_01842	Prbf.g_00637
OG0001063	Prbi.g_01843	Prbf.g_00636
OG0001064	Prbi.g_01845	Prbf.g_00634
OG0001065	Prbi.g_01848	Prbf.g_00630
OG0001066	Prbi.g_01849	Prbf.g_00628
OG0001067	Prbi.g_01850	Prbf.g_00627
OG0001068	Prbi.g_01852	Prbf.g_00624
OG0001069	Prbi.g_01853	Prbf.g_00623
OG0001070	Prbi.g_01854	Prbf.g_00622
OG0001071	Prbi.g_01855	Prbf.g_00621
OG0001072	Prbi.g_01856	Prbf.g_00620
OG0001073	Prbi.g_01857	Prbf.g_00619
OG0001074	Prbi.g_01858	Prbf.g_00618
OG0001075	Prbi.g_01859	Prbf.g_00617
OG0001076	Prbi.g_01860	Prbf.g_00616
OG0001077	Prbi.g_01861	Prbf.g_00615
OG0001078	Prbi.g_01863	Prbf.g_00614
OG0001079	Prbi.g_01864	Prbf.g_00613
OG0001080	Prbi.g_01865	Prbf.g_00612
OG0001081	Prbi.g_01868	Prbf.g_00608
OG0001082	Prbi.g_01869	Prbf.g_00607
OG0001083	Prbi.g_01870	Prbf.g_00604
OG0001084	Prbi.g_01872	Prbf.g_00605
OG0001085	Prbi.g_01873	Prbf.g_00606
OG0001086	Prbi.g_01874	Prbf.g_00609
OG0001087	Prbi.g_01875	Prbf.g_00610
OG0001088	Prbi.g_01876	Prbf.g_00611
OG0001089	Prbi.g_01896	Prbf.g_00601
OG0001090	Prbi.g_01898	Prbf.g_00599
OG0001091	Prbi.g_01899	Prbf.g_00598
OG0001092	Prbi.g_01900	Prbf.g_00597
OG0001093	Prbi.g_01901	Prbf.g_00596
OG0001094	Prbi.g_01902	Prbf.g_00595
OG0001095	Prbi.g_01903	Prbf.g_00594
OG0001096	Prbi.g_01904	Prbf.g_00593
OG0001097	Prbi.g_01905	Prbf.g_00592
OG0001098	Prbi.g_01906	Prbf.g_00591
OG0001099	Prbi.g_01907	Prbf.g_00590
OG0001100	Prbi.g_01908	Prbf.g_00589
OG0001101	Prbi.g_01909	Prbf.g_00588
OG0001102	Prbi.g_01910	Prbf.g_00587
OG0001103	Prbi.g_01911	Prbf.g_00586
OG0001104	Prbi.g_01912	Prbf.g_00585
OG0001105	Prbi.g_01913	Prbf.g_00584
OG0001106	Prbi.g_01914	Prbf.g_00583
OG0001107	Prbi.g_01915	Prbf.g_00582
OG0001108	Prbi.g_01916	Prbf.g_00581
OG0001109	Prbi.g_01917	Prbf.g_00580
OG0001110	Prbi.g_01918	Prbf.g_00579
OG0001111	Prbi.g_01919	Prbf.g_00578
OG0001112	Prbi.g_01920	Prbf.g_00577
OG0001113	Prbi.g_01921	Prbf.g_00576
OG0001114	Prbi.g_01922	Prbf.g_00575
OG0001115	Prbi.g_01923	Prbf.g_00574
OG0001116	Prbi.g_01924	Prbf.g_00573
OG0001117	Prbi.g_01925	Prbf.g_00572
OG0001118	Prbi.g_01926	Prbf.g_00571
OG0001119	Prbi.g_01927	Prbf.g_00570
OG0001120	Prbi.g_01928	Prbf.g_00569
OG0001121	Prbi.g_01930	Prbf.g_00567
OG0001122	Prbi.g_01931	Prbf.g_00566
OG0001123	Prbi.g_01932	Prbf.g_00565
OG0001124	Prbi.g_01934	Prbf.g_00563
OG0001125	Prbi.g_01936	Prbf.g_00561
OG0001126	Prbi.g_01937	Prbf.g_00560
OG0001127	Prbi.g_01939	Prbf.g_00557
OG0001128	Prbi.g_01940	Prbf.g_00556
OG0001129	Prbi.g_01941	Prbf.g_00555
OG0001130	Prbi.g_01944	Prbf.g_00552
OG0001131	Prbi.g_01945	Prbf.g_00551
OG0001132	Prbi.g_01946	Prbf.g_00550
OG0001133	Prbi.g_01947	Prbf.g_00549
OG0001134	Prbi.g_01948	Prbf.g_00548
OG0001135	Prbi.g_01949	Prbf.g_00547
OG0001136	Prbi.g_01950	Prbf.g_00546
OG0001137	Prbi.g_01951	Prbf.g_00545
OG0001138	Prbi.g_01952	Prbf.g_00544
OG0001139	Prbi.g_01953	Prbf.g_00542
OG0001140	Prbi.g_01954	Prbf.g_00541
OG0001141	Prbi.g_01955	Prbf.g_00540
OG0001142	Prbi.g_01958	Prbf.g_00536
OG0001143	Prbi.g_01959	Prbf.g_00535
OG0001144	Prbi.g_01960	Prbf.g_00534
OG0001145	Prbi.g_01961	Prbf.g_00533
OG0001146	Prbi.g_01962	Prbf.g_00532
OG0001147	Prbi.g_01963	Prbf.g_00531
OG0001148	Prbi.g_01964	Prbf.g_00530
OG0001149	Prbi.g_01966	Prbf.g_00528
OG0001150	Prbi.g_01967	Prbf.g_00527
OG0001151	Prbi.g_01969	Prbf.g_00523
OG0001152	Prbi.g_01970	Prbf.g_00522
OG0001153	Prbi.g_01971	Prbf.g_00521
OG0001154	Prbi.g_01973	Prbf.g_00519
OG0001155	Prbi.g_01975	Prbf.g_00517
OG0001156	Prbi.g_01977	Prbf.g_00515
OG0001157	Prbi.g_01978	Prbf.g_00513
OG0001158	Prbi.g_01980	Prbf.g_00511
OG0001159	Prbi.g_01981	Prbf.g_00510
OG0001160	Prbi.g_01982	Prbf.g_00509
OG0001161	Prbi.g_01983	Prbf.g_00508
OG0001162	Prbi.g_01984	Prbf.g_00507
OG0001163	Prbi.g_01985	Prbf.g_00506
OG0001164	Prbi.g_01986	Prbf.g_00505
OG0001165	Prbi.g_01987	Prbf.g_00504
OG0001166	Prbi.g_01988	Prbf.g_00503
OG0001167	Prbi.g_01989	Prbf.g_00501
OG0001168	Prbi.g_01990	Prbf.g_00500
OG0001169	Prbi.g_01991	Prbf.g_00499
OG0001170	Prbi.g_01992	Prbf.g_00498
OG0001171	Prbi.g_01993	Prbf.g_00497
OG0001172	Prbi.g_01995	Prbf.g_00495
OG0001173	Prbi.g_01997	Prbf.g_00493
OG0001174	Prbi.g_01998	Prbf.g_00492
OG0001175	Prbi.g_01999	Prbf.g_00491
OG0001176	Prbi.g_02000	Prbf.g_00488
OG0001177	Prbi.g_02002	Prbf.g_00486
OG0001178	Prbi.g_02005	Prbf.g_00483
OG0001179	Prbi.g_02006	Prbf.g_00482
OG0001180	Prbi.g_02007	Prbf.g_00481
OG0001181	Prbi.g_02008	Prbf.g_00480
OG0001182	Prbi.g_02009	Prbf.g_00479
OG0001183	Prbi.g_02010	Prbf.g_00478
OG0001184	Prbi.g_02012	Prbf.g_00476
OG0001185	Prbi.g_02027	Prbf.g_00474
OG0001186	Prbi.g_02028	Prbf.g_00473
OG0001187	Prbi.g_02030	Prbf.g_00472
OG0001188	Prbi.g_02031	Prbf.g_00471
OG0001189	Prbi.g_02032	Prbf.g_00470
OG0001190	Prbi.g_02033	Prbf.g_00469
OG0001191	Prbi.g_02034	Prbf.g_00468
OG0001192	Prbi.g_02035	Prbf.g_00467
OG0001193	Prbi.g_02036	Prbf.g_00466
OG0001194	Prbi.g_02037	Prbf.g_00465
OG0001195	Prbi.g_02038	Prbf.g_00464
OG0001196	Prbi.g_02039	Prbf.g_00463
OG0001197	Prbi.g_02040	Prbf.g_00462
OG0001198	Prbi.g_02041	Prbf.g_00461
OG0001199	Prbi.g_02042	Prbf.g_00460
OG0001200	Prbi.g_02043	Prbf.g_00459
OG0001201	Prbi.g_02044	Prbf.g_00458
OG0001202	Prbi.g_02045	Prbf.g_00457
OG0001203	Prbi.g_02047	Prbf.g_00456
OG0001204	Prbi.g_02049	Prbf.g_00454
OG0001205	Prbi.g_02050	Prbf.g_00452
OG0001206	Prbi.g_02051	Prbf.g_00451
OG0001207	Prbi.g_02052	Prbf.g_00450
OG0001208	Prbi.g_02053	Prbf.g_00449
OG0001209	Prbi.g_02054	Prbf.g_00448
OG0001210	Prbi.g_02055	Prbf.g_00447
OG0001211	Prbi.g_02056	Prbf.g_00446
OG0001212	Prbi.g_02057	Prbf.g_00445
OG0001213	Prbi.g_02058	Prbf.g_00444
OG0001214	Prbi.g_02060	Prbf.g_00442
OG0001215	Prbi.g_02061	Prbf.g_00441
OG0001216	Prbi.g_02062	Prbf.g_00440
OG0001217	Prbi.g_02063	Prbf.g_00439
OG0001218	Prbi.g_02064	Prbf.g_00438
OG0001219	Prbi.g_02067	Prbf.g_00435
OG0001220	Prbi.g_02068	Prbf.g_00434
OG0001221	Prbi.g_02071	Prbf.g_00430
OG0001222	Prbi.g_02072	Prbf.g_00429
OG0001223	Prbi.g_02073	Prbf.g_00428
OG0001224	Prbi.g_02074	Prbf.g_00426
OG0001225	Prbi.g_02075	Prbf.g_00425
OG0001226	Prbi.g_02076	Prbf.g_00424
OG0001227	Prbi.g_02077	Prbf.g_00423
OG0001228	Prbi.g_02078	Prbf.g_00422
OG0001229	Prbi.g_02079	Prbf.g_00421
OG0001230	Prbi.g_02080	Prbf.g_00420
OG0001231	Prbi.g_02081	Prbf.g_00419
OG0001232	Prbi.g_02082	Prbf.g_00416
OG0001233	Prbi.g_02083	Prbf.g_00415
OG0001234	Prbi.g_02084	Prbf.g_00414
OG0001235	Prbi.g_02085	Prbf.g_00413
OG0001236	Prbi.g_02087	Prbf.g_00411
OG0001237	Prbi.g_02088	Prbf.g_00410
OG0001238	Prbi.g_02090	Prbf.g_00407
OG0001239	Prbi.g_02091	Prbf.g_00406
OG0001240	Prbi.g_02092	Prbf.g_00405
OG0001241	Prbi.g_02094	Prbf.g_00402
OG0001242	Prbi.g_02095	Prbf.g_00401
OG0001243	Prbi.g_02096	Prbf.g_00400
OG0001244	Prbi.g_02097	Prbf.g_00399
OG0001245	Prbi.g_02098	Prbf.g_00398
OG0001246	Prbi.g_02099	Prbf.g_00397
OG0001247	Prbi.g_02100	Prbf.g_00396
OG0001248	Prbi.g_02101	Prbf.g_00395
OG0001249	Prbi.g_02102	Prbf.g_00394
OG0001250	Prbi.g_02103	Prbf.g_00393
OG0001251	Prbi.g_01522	Prbf.g_01418
OG0001252	Prbi.g_00146	Prbf.g_01468
OG0001253	Prbi.g_00174	Prbf.g_01483
OG0001254	Prbi.g_00305	Prbf.g_01621
OG0001255	Prbi.g_00357	Prbf.g_01677
OG0001257	Prbi.g_00485	Prbf.g_01765
OG0001258	Prbi.g_00501	Prbf.g_01781
OG0001259	Prbi.g_00592	Prbf.g_01872
OG0001260	Prbi.g_00791	Prbf.g_01155
OG0001261	Prbi.g_00882	Prbf.g_01209
OG0001262	Prbi.g_00898	Prbf.g_01192
OG0001263	Prbi.g_00918	Prbf.g_00897
OG0001264	Prbi.g_00950	Prbf.g_01321
OG0001265	Prbi.g_01062	Prbf.g_01074
OG0001266	Prbi.g_01111	Prbf.g_01921
OG0001267	Prbi.g_01191	Prbf.g_00900
OG0001268	Prbi.g_01204	Prbf.g_00915
OG0001269	Prbi.g_01422	Prbf.g_00070
OG0001270	Prbi.g_01630	Prbf.g_00200
OG0001271	Prbi.g_01641	Prbf.g_00213
OG0001272	Prbi.g_01683	Prbf.g_01930
OG0001273	Prbi.g_01684	Prbf.g_00274
OG0001274	Prbi.g_01689	Prbf.g_00812
OG0001275	Prbi.g_01705	Prbf.g_00056
OG0001276	Prbi.g_01724	Prbf.g_01053
OG0001277	Prbi.g_01738	Prbf.g_00734
OG0001278	Prbi.g_01779	Prbf.g_00702
OG0001279	Prbi.g_01783	Prbf.g_00698
OG0001281	Prbi.g_01851	Prbf.g_00625
OG0001282	Prbi.g_01877	Prbf.g_00688
OG0001283	Prbi.g_01976	Prbf.g_00516
OG0001284	Prbi.g_02004	Prbf.g_00484
OG0001285	Prbi.g_02048	Prbf.g_00455
OG0001286	Prbi.g_02093	Prbf.g_00403
OG0001288	Prbi.g_00438	Prbf.g_01721
OG0001290	Prbi.g_00030	Prbf.g_01353
OG0001291	Prbi.g_00078	Prbf.g_01398
OG0001292	Prbi.g_00081	Prbf.g_01401
OG0001293	Prbi.g_00083	Prbf.g_01403
OG0001294	Prbi.g_00100	Prbf.g_01419
OG0001295	Prbi.g_00127	Prbf.g_01449
OG0001296	Prbi.g_00133	Prbf.g_01456
OG0001297	Prbi.g_00223	Prbf.g_01534
OG0001298	Prbi.g_00267	Prbf.g_01582
OG0001299	Prbi.g_00276	Prbf.g_01591
OG0001300	Prbi.g_00397	Prbf.g_00046
OG0001301	Prbi.g_00640	Prbf.g_00984
OG0001302	Prbi.g_00796	Prbf.g_00804, Prbf.g_00762
OG0001303	Prbi.g_00800	Prbf.g_00855
OG0001304	Prbi.g_01077	Prbf.g_01161
OG0001305	Prbi.g_01082	Prbf.g_01166
OG0001306	Prbi.g_01119	Prbf.g_00417
OG0001307	Prbi.g_01129	Prbf.g_00045
OG0001308	Prbi.g_01153	Prbf.g_00264
OG0001309	Prbi.g_01155	Prbf.g_00453
OG0001310	Prbi.g_01166	Prbf.g_00281
OG0001311	Prbi.g_01235	Prbf.g_00951
OG0001312	Prbi.g_01423	Prbf.g_00069
OG0001313	Prbi.g_01687	Prbf.g_01706
OG0001314	Prbi.g_01810	Prbf.g_00670
OG0001315	Prbi.g_01844	Prbf.g_00635
OG0001316	Prbi.g_01972	Prbf.g_00520
OG0001318	Prbi.g_00149	Prbf.g_01471
OG0001319	Prbi.g_00262	Prbf.g_01576
OG0001320	Prbi.g_00469	Prbf.g_00824
OG0001321	Prbi.g_00802	Prbf.g_01920
OG0001322	Prbi.g_00828	Prbf.g_00869
OG0001323	Prbi.g_01102	Prbf.g_01332
OG0001324	Prbi.g_01137	Prbf.g_00375
OG0001325	Prbi.g_01159	Prbf.g_00336
OG0001326	Prbi.g_01360	Prbf.g_00816
OG0001327	Prbi.g_01362	Prbf.g_00263
OG0001328	Prbi.g_01396	Prbf.g_00021
OG0001329	Prbi.g_01459	Prbf.g_00408
OG0001330	Prbi.g_01680	Prbf.g_00246
OG0001331	Prbi.g_01784	Prbf.g_00697
OG0001332	Prbi.g_01833	Prbf.g_00646
OG0001333	Prbi.g_01942	Prbf.g_00554
OG0001334	Prbi.g_01996	Prbf.g_00494
OG0001336	Prbi.g_00136	Prbf.g_01458
OG0001337	Prbi.g_00126	Prbf.g_01448
OG0001338	Prbi.g_00168	Prbf.g_00007
OG0001339	Prbi.g_00227	Prbf.g_01538
OG0001340	Prbi.g_00272	Prbf.g_01587
OG0001341	Prbi.g_00285	Prbf.g_01600
OG0001342	Prbi.g_00304	Prbf.g_01620
OG0001343	Prbi.g_00363	Prbf.g_01683
OG0001345	Prbi.g_00435	Prbf.g_01718
OG0001346	Prbi.g_00475	Prbf.g_01755
OG0001347	Prbi.g_00489	Prbf.g_01769
OG0001349	Prbi.g_00512	Prbf.g_01792
OG0001350	Prbi.g_00517	Prbf.g_01797
OG0001351	Prbi.g_00579	Prbf.g_01858
OG0001352	Prbi.g_00685	Prbf.g_01281
OG0001353	Prbi.g_00707	Prbf.g_01562
OG0001355	Prbi.g_00888	Prbf.g_01202
OG0001356	Prbi.g_00932	Prbf.g_00840
OG0001357	Prbi.g_01037	Prbf.g_01089
OG0001358	Prbi.g_01061	Prbf.g_01075
OG0001359	Prbi.g_01178	Prbf.g_00783
OG0001360	Prbi.g_01179	Prbf.g_00782
OG0001361	Prbi.g_01257	Prbf.g_00972
OG0001362	Prbi.g_01332	Prbf.g_00339
OG0001363	Prbi.g_01490	Prbf.g_01387
OG0001364	Prbi.g_01660	Prbf.g_00232
OG0001365	Prbi.g_01278	Prbf.g_01383
OG0001366	Prbi.g_01824	Prbf.g_00656
OG0001368	Prbi.g_02003	Prbf.g_00485
OG0001369	Prbi.g_01063	Prbf.g_01073
OG0001371	Prbi.g_00074	Prbf.g_01393
OG0001372	Prbi.g_00075	Prbf.g_01395
OG0001373	Prbi.g_00082	Prbf.g_01402
OG0001374	Prbi.g_00094	Prbf.g_01413
OG0001375	Prbi.g_00143	Prbf.g_01466
OG0001376	Prbi.g_00258	Prbf.g_01572
OG0001377	Prbi.g_00280	Prbf.g_01596
OG0001378	Prbi.g_00296	Prbf.g_01613
OG0001379	Prbi.g_00386	Prbf.g_00198
OG0001380	Prbi.g_00427	Prbf.g_01265
OG0001381	Prbi.g_00455	Prbf.g_01741
OG0001382	Prbi.g_00462	Prbf.g_01747
OG0001383	Prbi.g_00514	Prbf.g_01794
OG0001384	Prbi.g_00522	Prbf.g_01802
OG0001385	Prbi.g_00669	Prbf.g_01015
OG0001386	Prbi.g_00677	Prbf.g_01289
OG0001387	Prbi.g_00679	Prbf.g_01287
OG0001388	Prbi.g_00689	Prbf.g_01276
OG0001389	Prbi.g_00750	Prbf.g_01032
OG0001390	Prbi.g_00790	Prbf.g_00863
OG0001391	Prbi.g_00833	Prbf.g_01151
OG0001392	Prbi.g_00931	Prbf.g_00841
OG0001393	Prbi.g_00933	Prbf.g_00839
OG0001394	Prbi.g_00956	Prbf.g_01315
OG0001395	Prbi.g_00959	Prbf.g_01312
OG0001396	Prbi.g_01041	Prbf.g_00731
OG0001397	Prbi.g_01071	Prbf.g_01062
OG0001398	Prbi.g_01090	Prbf.g_01174
OG0001399	Prbi.g_01100	Prbf.g_00849
OG0001400	Prbi.g_01109	Prbf.g_00059
OG0001401	Prbi.g_01116	Prbf.g_00276
OG0001402	Prbi.g_01193	Prbf.g_00903
OG0001403	Prbi.g_01392	Prbf.g_00025
OG0001404	Prbi.g_01430	Prbf.g_01059
OG0001405	Prbi.g_01440	Prbf.g_00096
OG0001406	Prbi.g_01629	Prbf.g_00199
OG0001407	Prbi.g_01632	Prbf.g_00202
OG0001408	Prbi.g_01681	Prbf.g_00247
OG0001409	Prbi.g_01693	Prbf.g_00772
OG0001410	Prbi.g_01707	Prbf.g_00826
OG0001412	Prbi.g_00990	Prbf.g_01137
OG0001414	Prbi.g_00068	Prbf.g_00865
OG0001417	Prbi.g_00678	Prbf.g_01288
OG0001418	Prbi.g_00803	Prbf.g_00327
OG0001419	Prbi.g_00836	Prbf.g_01145
OG0001420	Prbi.g_00935	Prbf.g_00837
OG0001421	Prbi.g_00940	Prbf.g_00832
OG0001422	Prbi.g_01105	Prbf.g_00344
OG0001423	Prbi.g_01180	Prbf.g_00348
OG0001424	Prbi.g_01271	Prbf.g_00250
OG0001425	Prbi.g_01699	Prbf.g_00063
OG0001427	Prbi.g_00396	Prbf.g_00757
OG0001429	Prbi.g_01019	Prbf.g_01107
OG0001430	Prbi.g_01054	Prbf.g_00286
OG0001431	Prbi.g_01107	Prbf.g_00278
OG0001432	Prbi.g_01110	Prbf.g_00060
OG0001434	Prbi.g_01407	Prbf.g_00733, Prbf.g_00819
OG0001435	Prbi.g_01691	Prbf.g_00882
OG0001436	Prbi.g_01301	Prbf.g_00705
OG0001439	Prbi.g_00879	Prbf.g_01212
OG0001440	Prbi.g_01065	Prbf.g_01070
OG0001441	Prbi.g_01147	Prbf.g_00799
OG0001443	Prbi.g_01190	Prbf.g_00899
OG0001444	Prbi.g_01226	Prbf.g_00938
OG0001445	Prbi.g_01317, Prbi.g_01770	Prbf.g_00795
OG0001446	Prbi.g_01319, Prbi.g_01768	Prbf.g_00794
OG0001447	Prbi.g_01320, Prbi.g_01767	Prbf.g_00892
OG0001449	Prbi.g_01590	Prbf.g_00119
OG0001450	Prbi.g_01543, Prbi.g_01762	Prbf.g_00769, Prbf.g_00739
OG0001451	Prbi.g_01567, Prbi.g_02024	Prbf.g_00361
OG0001452	Prbi.g_02066	Prbf.g_00436
OG0001454	Prbi.g_00391	Prbf.g_01739
OG0001456	Prbi.g_00591	Prbf.g_01871
OG0001457	Prbi.g_00706	Prbf.g_01256
OG0001458	Prbi.g_00789	Prbf.g_00353
OG0001459	Prbi.g_00826	Prbf.g_00090
OG0001460	Prbi.g_00910	Prbf.g_01925
OG0001461	Prbi.g_00982	Prbf.g_01025
OG0001462	Prbi.g_01053	Prbf.g_00878
OG0001463	Prbi.g_01099	Prbf.g_01745
OG0001465	Prbi.g_01356	Prbf.g_00854
OG0001466	Prbi.g_01369	Prbf.g_00262
OG0001468	Prbi.g_01965	Prbf.g_00529
OG0001469	Prbi.g_01205	Prbf.g_00916
OG0001483	Prbi.g_01385	Prbf.g_00032
OG0001484	Prbi.g_01491	Prbf.g_01388
OG0001485	Prbi.g_01846	Prbf.g_00633
OG0001487	Prbi.g_00808	Prbf.g_01907
OG0001488	Prbi.g_00196	Prbf.g_01506
OG0001489	Prbi.g_00399	Prbf.g_00603
OG0001490	Prbi.g_00422	Prbf.g_00631
OG0001492	Prbi.g_00880	Prbf.g_01211
OG0001504	Prbi.g_00966	Prbf.g_01305
OG0001505	Prbi.g_01044	Prbf.g_00806
OG0001506	Prbi.g_01124	Prbf.g_00871
OG0001509	Prbi.g_01867	Prbf.g_01938
OG0001519	Prbi.g_00413	Prbf.g_00810
OG0001520	Prbi.g_01302	Prbf.g_00706
OG0001521	Prbi.g_01279	Prbf.g_01384
OG0001522	Prbi.g_01751	Prbf.g_00298, Prbf.g_00773
OG0001526	Prbi.g_00938	Prbf.g_00834
OG0001530	Prbi.g_01303	Prbf.g_00707
OG0001541	Prbi.g_01509	Prbf.g_00313
OG0001545	Prbi.g_00947	Prbf.g_01324
OG0001558	Prbi.g_01328	Prbf.g_00297
OG0001574	Prbi.g_01326	Prbf.g_00338
OG0001579	Prbi.g_01498	Prbf.g_00133
OG0001580	Prbi.g_01469	Prbf.g_00121
OG0001581	Prbi.g_01471	Prbf.g_00124
OG0001587	Prbi.g_01545	Prbf.g_01379
OG0001593	Prbi.g_00461	Prbf.g_01746
OG0001617	Prbi.g_01406	Prbf.g_00139
OG0001627	Prbi.g_01306, Prbi.g_00153, Prbi.g_01409	Prbf.g_00780
OG0001631	Prbi.g_01265	Prbf.g_01916
OG0001637	Prbi.g_00783, Prbi.g_00723	Prbf.g_00372
OG0001736	Prbi.g_00967	Prbf.g_01304
OG0001798	Prbi.g_00160	Prbf.g_00723
OG0001800	Prbi.g_01761	Prbf.g_00761
OG0001828	Prbi.g_01309	Prbf.g_00756
OG0001836	Prbi.g_01766, Prbi.g_01321	Prbf.g_00891
OG0001853	Prbi.g_01756	Prbf.g_00715
OG0001858	Prbi.g_01537	Prbf.g_00778
OG0001888	Prbi.g_01529	Prbf.g_00763
OG0001889	Prbi.g_01757	Prbf.g_00716
OG0001890	Prbi.g_01758	Prbf.g_00717
OG0002067	Prbi.g_00159	Prbf.g_00370
OG0002219	Prbi.g_00721, Prbi.g_01886	Prbf.g_01935
OG0002325	Prbi.g_01273	Prbf.g_01477
