Orthogroup	Prai	Prbn
OG0000000	Prai.g_01612, Prai.g_01592	Prbn.g_01662
OG0000000	Prai.g_01234, Prai.g_01591, Prai.g_01775, Prai.g_00908	Prbn.g_01678, Prbn.g_01152, Prbn.g_01663
OG0000001	Prai.g_01363	Prbn.g_01483, Prbn.g_01478
OG0000001	Prai.g_00707	Prbn.g_01586, Prbn.g_00879, Prbn.g_01159, Prbn.g_01234, Prbn.g_01161, Prbn.g_01154
OG0000002	Prai.g_01236	Prbn.g_01923
OG0000002	Prai.g_01356, Prai.g_01235	Prbn.g_01213
OG0000004	Prai.g_01314, Prai.g_01596, Prai.g_01774, Prai.g_00907	Prbn.g_01151
OG0000005	Prai.g_01313	Prbn.g_01110
OG0000006	Prai.g_01588, Prai.g_00889	Prbn.g_01049
OG0000008	Prai.g_00527	Prbn.g_00617
OG0000008	Prai.g_01638	Prbn.g_01745
OG0000010	Prai.g_00867	Prbn.g_01165
OG0000010	Prai.g_00262	Prbn.g_00015
OG0000011	Prai.g_00890	Prbn.g_01676, Prbn.g_00126
OG0000012	Prai.g_01110	Prbn.g_00038
OG0000013	Prai.g_01578, Prai.g_00105	Prbn.g_00887
OG0000014	Prai.g_00319	Prbn.g_00074
OG0000015	Prai.g_00424	Prbn.g_00690
OG0000016	Prai.g_01243	Prbn.g_01684, Prbn.g_01730
OG0000017	Prai.g_00904	Prbn.g_01664, Prbn.g_00139
OG0000018	Prai.g_00626	Prbn.g_00517, Prbn.g_00510
OG0000019	Prai.g_01259	Prbn.g_01706, Prbn.g_01673
OG0000020	Prai.g_01366	Prbn.g_01135, Prbn.g_00885
OG0000021	Prai.g_01483	Prbn.g_00233, Prbn.g_01690
OG0000022	Prai.g_00254, Prai.g_00252	Prbn.g_00308
OG0000023	Prai.g_00378	Prbn.g_01560
OG0000025	Prai.g_00899	Prbn.g_01353, Prbn.g_01589
OG0000028	Prai.g_01552	Prbn.g_01645
OG0000029	Prai.g_00866	Prbn.g_01140, Prbn.g_01719
OG0000031	Prai.g_01845	Prbn.g_00988
OG0000032	Prai.g_01261	Prbn.g_00130
OG0000034	Prai.g_01463	Prbn.g_00212
OG0000035	Prai.g_01579	Prbn.g_00659
OG0000036	Prai.g_01125	Prbn.g_00875
OG0000037	Prai.g_00434	Prbn.g_00809
OG0000039	Prai.g_01573	Prbn.g_01131
OG0000041	Prai.g_00652	Prbn.g_00492, Prbn.g_00867
OG0000043	Prai.g_01059	Prbn.g_01042
OG0000045	Prai.g_00613	Prbn.g_01734, Prbn.g_00530
OG0000046	Prai.g_00885	Prbn.g_00891
OG0000047	Prai.g_01171	Prbn.g_01189
OG0000048	Prai.g_00154	Prbn.g_00724, Prbn.g_00190
OG0000049	Prai.g_01859	Prbn.g_00172
OG0000050	Prai.g_00177	Prbn.g_01247
OG0000051	Prai.g_00373	Prbn.g_01030
OG0000053	Prai.g_00748	Prbn.g_01554
OG0000054	Prai.g_01631	Prbn.g_00144, Prbn.g_01737
OG0000055	Prai.g_01838	Prbn.g_00996
OG0000056	Prai.g_00031	Prbn.g_00750
OG0000057	Prai.g_00168, Prai.g_01288	Prbn.g_01256
OG0000058	Prai.g_00383	Prbn.g_00829
OG0000059	Prai.g_00567	Prbn.g_00577, Prbn.g_01657
OG0000060	Prai.g_00761	Prbn.g_01949
OG0000061	Prai.g_00909	Prbn.g_00475
OG0000062	Prai.g_00825	Prbn.g_01523
OG0000065	Prai.g_00248	Prbn.g_00313
OG0000066	Prai.g_00505	Prbn.g_00639
OG0000067	Prai.g_00727	Prbn.g_01562
OG0000070	Prai.g_00918	Prbn.g_01471
OG0000071	Prai.g_01273	Prbn.g_00389
OG0000072	Prai.g_01335	Prbn.g_01084
OG0000073	Prai.g_00044	Prbn.g_01705
OG0000073	Prai.g_00746	Prbn.g_00141
OG0000074	Prai.g_01443	Prbn.g_00170
OG0000075	Prai.g_01782	Prbn.g_01881
OG0000077	Prai.g_00011	Prbn.g_00002, Prbn.g_00003
OG0000078	Prai.g_00335	Prbn.g_00088
OG0000079	Prai.g_00393	Prbn.g_01102
OG0000080	Prai.g_00698	Prbn.g_00845
OG0000081	Prai.g_00720	Prbn.g_01572
OG0000082	Prai.g_00841, Prai.g_00840	Prbn.g_01539
OG0000083	Prai.g_01064	Prbn.g_01168
OG0000084	Prai.g_00989	Prbn.g_01418
OG0000085	Prai.g_01107	Prbn.g_01144
OG0000086	Prai.g_01143	Prbn.g_01650
OG0000087	Prai.g_01613	Prbn.g_01661
OG0000090	Prai.g_01393	Prbn.g_00173
OG0000091	Prai.g_01471	Prbn.g_00220
OG0000092	Prai.g_01270	Prbn.g_00803
OG0000093	Prai.g_00743	Prbn.g_01833
OG0000094	Prai.g_01779	Prbn.g_01877
OG0000095	Prai.g_01812	Prbn.g_01915
OG0000096	Prai.g_01884	Prbn.g_00952
OG0000097	Prai.g_01901	Prbn.g_00798
OG0000098	Prai.g_00003	Prbn.g_00011
OG0000099	Prai.g_00023	Prbn.g_00759
OG0000101	Prai.g_00056	Prbn.g_00730
OG0000102	Prai.g_00113	Prbn.g_01304
OG0000103	Prai.g_00121	Prbn.g_01295
OG0000104	Prai.g_00139	Prbn.g_01278
OG0000105	Prai.g_00181	Prbn.g_01243, Prbn.g_00384
OG0000106	Prai.g_00195	Prbn.g_00370
OG0000107	Prai.g_00203	Prbn.g_00361
OG0000108	Prai.g_00213	Prbn.g_00351
OG0000109	Prai.g_00250	Prbn.g_00310
OG0000110	Prai.g_00264	Prbn.g_00017
OG0000111	Prai.g_00287, Prai.g_00286	Prbn.g_00041
OG0000112	Prai.g_00430	Prbn.g_00052
OG0000113	Prai.g_00310	Prbn.g_00065
OG0000114	Prai.g_00338	Prbn.g_00091
OG0000115	Prai.g_00504	Prbn.g_00640
OG0000116	Prai.g_00506	Prbn.g_00638
OG0000117	Prai.g_00510	Prbn.g_00634
OG0000118	Prai.g_00529	Prbn.g_00614
OG0000119	Prai.g_00560	Prbn.g_00584
OG0000120	Prai.g_00561	Prbn.g_00583
OG0000121	Prai.g_00571	Prbn.g_00573
OG0000122	Prai.g_00580	Prbn.g_00564
OG0000123	Prai.g_00612	Prbn.g_00532
OG0000124	Prai.g_00680	Prbn.g_00443
OG0000125	Prai.g_00681	Prbn.g_00444
OG0000126	Prai.g_00682	Prbn.g_00445
OG0000127	Prai.g_00715	Prbn.g_01577
OG0000128	Prai.g_00750	Prbn.g_01552
OG0000129	Prai.g_00770	Prbn.g_01351
OG0000130	Prai.g_00862	Prbn.g_01454
OG0000131	Prai.g_00850	Prbn.g_01548
OG0000132	Prai.g_00813	Prbn.g_01511
OG0000133	Prai.g_01030	Prbn.g_01604
OG0000134	Prai.g_01021	Prbn.g_00846
OG0000135	Prai.g_00985	Prbn.g_01414
OG0000136	Prai.g_00921	Prbn.g_01468
OG0000137	Prai.g_01146	Prbn.g_01653
OG0000138	Prai.g_01167	Prbn.g_01183
OG0000139	Prai.g_01177	Prbn.g_01195
OG0000140	Prai.g_01230	Prbn.g_00482
OG0000141	Prai.g_01238	Prbn.g_00886
OG0000142	Prai.g_01347	Prbn.g_01071
OG0000143	Prai.g_01370	Prbn.g_01240
OG0000144	Prai.g_01450	Prbn.g_00200
OG0000145	Prai.g_01464	Prbn.g_00213
OG0000146	Prai.g_01499	Prbn.g_00249
OG0000147	Prai.g_01539, Prai.g_00415	Prbn.g_00898
OG0000148	Prai.g_01540	Prbn.g_00897
OG0000149	Prai.g_01636	Prbn.g_01742
OG0000150	Prai.g_01674	Prbn.g_01782
OG0000151	Prai.g_01677	Prbn.g_01785
OG0000152	Prai.g_01696	Prbn.g_01805
OG0000153	Prai.g_01735	Prbn.g_01839
OG0000154	Prai.g_01777	Prbn.g_01875
OG0000155	Prai.g_01795	Prbn.g_01894
OG0000156	Prai.g_01823	Prbn.g_01012
OG0000157	Prai.g_01855	Prbn.g_00978
OG0000158	Prai.g_01918	Prbn.g_00913
OG0000160	Prai.g_00001	Prbn.g_00301
OG0000161	Prai.g_00002	Prbn.g_00302
OG0000162	Prai.g_00004	Prbn.g_00010
OG0000163	Prai.g_00005	Prbn.g_00009
OG0000164	Prai.g_00006	Prbn.g_00008
OG0000165	Prai.g_00007	Prbn.g_00007
OG0000166	Prai.g_00008	Prbn.g_00006
OG0000167	Prai.g_00009	Prbn.g_00005
OG0000168	Prai.g_00010	Prbn.g_00004
OG0000169	Prai.g_00012	Prbn.g_00001
OG0000170	Prai.g_00014	Prbn.g_00768
OG0000171	Prai.g_00015	Prbn.g_00767
OG0000172	Prai.g_00016	Prbn.g_00766
OG0000173	Prai.g_00017	Prbn.g_00765
OG0000174	Prai.g_00018	Prbn.g_00764
OG0000175	Prai.g_00019	Prbn.g_00763
OG0000176	Prai.g_00020	Prbn.g_00762
OG0000177	Prai.g_00021	Prbn.g_00761
OG0000178	Prai.g_00022	Prbn.g_00760
OG0000179	Prai.g_00024	Prbn.g_00758
OG0000180	Prai.g_00025	Prbn.g_00757
OG0000181	Prai.g_00026	Prbn.g_00756
OG0000182	Prai.g_00027	Prbn.g_00755
OG0000183	Prai.g_00028	Prbn.g_00754
OG0000184	Prai.g_00029	Prbn.g_00752
OG0000185	Prai.g_00032	Prbn.g_00749
OG0000186	Prai.g_00035	Prbn.g_00746
OG0000187	Prai.g_00036	Prbn.g_00745
OG0000188	Prai.g_00037	Prbn.g_00744
OG0000189	Prai.g_00047	Prbn.g_00742
OG0000190	Prai.g_00049	Prbn.g_00740
OG0000191	Prai.g_00050	Prbn.g_00738
OG0000192	Prai.g_00051	Prbn.g_00737
OG0000193	Prai.g_00052	Prbn.g_00736
OG0000194	Prai.g_00053	Prbn.g_00733
OG0000195	Prai.g_00054	Prbn.g_00732
OG0000196	Prai.g_00055	Prbn.g_00731
OG0000197	Prai.g_00057	Prbn.g_00729
OG0000198	Prai.g_00058	Prbn.g_00728
OG0000199	Prai.g_00059	Prbn.g_00726
OG0000200	Prai.g_00064	Prbn.g_00714
OG0000201	Prai.g_00065	Prbn.g_00713
OG0000202	Prai.g_00066	Prbn.g_00712
OG0000203	Prai.g_00069	Prbn.g_00708
OG0000204	Prai.g_00070	Prbn.g_00707
OG0000205	Prai.g_00073	Prbn.g_00704
OG0000206	Prai.g_00075	Prbn.g_00702
OG0000207	Prai.g_00077	Prbn.g_01343
OG0000208	Prai.g_00078	Prbn.g_01342
OG0000209	Prai.g_00079	Prbn.g_01034
OG0000210	Prai.g_00080	Prbn.g_01341
OG0000211	Prai.g_00081	Prbn.g_01340
OG0000212	Prai.g_00082	Prbn.g_01339
OG0000213	Prai.g_00083	Prbn.g_01338
OG0000214	Prai.g_00084	Prbn.g_01337
OG0000215	Prai.g_00085	Prbn.g_01336
OG0000216	Prai.g_00086	Prbn.g_01335
OG0000217	Prai.g_00088	Prbn.g_01333
OG0000218	Prai.g_00089	Prbn.g_01332
OG0000219	Prai.g_00090	Prbn.g_01331
OG0000220	Prai.g_00091	Prbn.g_01330
OG0000221	Prai.g_00094	Prbn.g_01327
OG0000222	Prai.g_00095	Prbn.g_01326
OG0000223	Prai.g_00096	Prbn.g_01325
OG0000224	Prai.g_00097	Prbn.g_01323
OG0000225	Prai.g_00098	Prbn.g_01322
OG0000226	Prai.g_00099	Prbn.g_01321
OG0000227	Prai.g_00100	Prbn.g_01319
OG0000228	Prai.g_00101	Prbn.g_01318
OG0000229	Prai.g_00102	Prbn.g_01317
OG0000230	Prai.g_00103	Prbn.g_01316
OG0000231	Prai.g_00104	Prbn.g_01315
OG0000232	Prai.g_00106	Prbn.g_01314
OG0000233	Prai.g_00107	Prbn.g_01312
OG0000234	Prai.g_00108	Prbn.g_01311
OG0000235	Prai.g_00109	Prbn.g_01310
OG0000236	Prai.g_00110	Prbn.g_01307
OG0000237	Prai.g_00111	Prbn.g_01306
OG0000238	Prai.g_00112	Prbn.g_01305
OG0000239	Prai.g_00114	Prbn.g_01303
OG0000240	Prai.g_00115	Prbn.g_01302
OG0000241	Prai.g_00116	Prbn.g_01301
OG0000242	Prai.g_00117	Prbn.g_01300
OG0000243	Prai.g_00120	Prbn.g_01297
OG0000244	Prai.g_00122	Prbn.g_01294
OG0000245	Prai.g_00123	Prbn.g_01293
OG0000246	Prai.g_00124	Prbn.g_01292
OG0000247	Prai.g_00127	Prbn.g_01290
OG0000248	Prai.g_00129	Prbn.g_01288
OG0000249	Prai.g_00130	Prbn.g_01286
OG0000250	Prai.g_00131	Prbn.g_01285
OG0000251	Prai.g_00132	Prbn.g_01284
OG0000252	Prai.g_00133	Prbn.g_01283
OG0000253	Prai.g_00134	Prbn.g_01282
OG0000254	Prai.g_00136	Prbn.g_01356
OG0000255	Prai.g_00137	Prbn.g_01280
OG0000256	Prai.g_00140	Prbn.g_01277
OG0000257	Prai.g_00142	Prbn.g_01275
OG0000258	Prai.g_00156	Prbn.g_01269
OG0000259	Prai.g_00157	Prbn.g_01268
OG0000260	Prai.g_00158	Prbn.g_01267
OG0000261	Prai.g_00159	Prbn.g_01266
OG0000262	Prai.g_00160	Prbn.g_01265
OG0000263	Prai.g_00162	Prbn.g_01263
OG0000264	Prai.g_00163	Prbn.g_01262
OG0000265	Prai.g_00164	Prbn.g_01261
OG0000266	Prai.g_00165	Prbn.g_01260
OG0000267	Prai.g_00166	Prbn.g_01259
OG0000268	Prai.g_00167	Prbn.g_01257
OG0000269	Prai.g_00169	Prbn.g_01255
OG0000270	Prai.g_00170	Prbn.g_01254
OG0000271	Prai.g_00171	Prbn.g_01253
OG0000272	Prai.g_00172	Prbn.g_01252
OG0000273	Prai.g_00173	Prbn.g_01251
OG0000274	Prai.g_00174	Prbn.g_01250
OG0000275	Prai.g_00175	Prbn.g_01249
OG0000276	Prai.g_00176	Prbn.g_01248
OG0000277	Prai.g_00178	Prbn.g_01246
OG0000278	Prai.g_00179	Prbn.g_01245
OG0000279	Prai.g_00180	Prbn.g_01244
OG0000280	Prai.g_00182	Prbn.g_00383
OG0000281	Prai.g_00184	Prbn.g_00381
OG0000282	Prai.g_00185	Prbn.g_00380
OG0000283	Prai.g_00186	Prbn.g_00379
OG0000284	Prai.g_00187	Prbn.g_00378
OG0000285	Prai.g_00188	Prbn.g_00377
OG0000286	Prai.g_00189	Prbn.g_00376
OG0000287	Prai.g_00190	Prbn.g_00375
OG0000288	Prai.g_00192	Prbn.g_00373
OG0000289	Prai.g_00193	Prbn.g_00372
OG0000290	Prai.g_00194	Prbn.g_00371
OG0000291	Prai.g_00196	Prbn.g_00369
OG0000292	Prai.g_00197	Prbn.g_00367
OG0000293	Prai.g_00198	Prbn.g_00366
OG0000294	Prai.g_00199	Prbn.g_00365
OG0000295	Prai.g_00200	Prbn.g_00364
OG0000296	Prai.g_00201	Prbn.g_00363
OG0000297	Prai.g_00202	Prbn.g_00362
OG0000298	Prai.g_00204	Prbn.g_00360
OG0000299	Prai.g_00205	Prbn.g_00359
OG0000300	Prai.g_00206	Prbn.g_00358
OG0000301	Prai.g_00207	Prbn.g_00357
OG0000302	Prai.g_00208	Prbn.g_00356
OG0000303	Prai.g_00209	Prbn.g_00355
OG0000304	Prai.g_00211	Prbn.g_00353
OG0000305	Prai.g_00212	Prbn.g_00352
OG0000306	Prai.g_00215	Prbn.g_00349
OG0000307	Prai.g_00216	Prbn.g_00348
OG0000308	Prai.g_00217	Prbn.g_00347
OG0000309	Prai.g_00218	Prbn.g_00346
OG0000310	Prai.g_00219	Prbn.g_00345
OG0000311	Prai.g_00220	Prbn.g_00343
OG0000312	Prai.g_00221	Prbn.g_00342
OG0000313	Prai.g_00222	Prbn.g_00341
OG0000314	Prai.g_00223	Prbn.g_00340
OG0000315	Prai.g_00224	Prbn.g_00339
OG0000316	Prai.g_00225	Prbn.g_00338
OG0000317	Prai.g_00226	Prbn.g_00337
OG0000318	Prai.g_00227	Prbn.g_00336
OG0000319	Prai.g_00228	Prbn.g_00335
OG0000320	Prai.g_00229	Prbn.g_00334
OG0000321	Prai.g_00230	Prbn.g_00333
OG0000322	Prai.g_00231	Prbn.g_00332
OG0000323	Prai.g_00232	Prbn.g_00331
OG0000324	Prai.g_00233	Prbn.g_00330
OG0000325	Prai.g_00234	Prbn.g_00329
OG0000326	Prai.g_00235	Prbn.g_00328
OG0000327	Prai.g_00236	Prbn.g_00327
OG0000328	Prai.g_00237	Prbn.g_00325
OG0000329	Prai.g_00238	Prbn.g_00324
OG0000330	Prai.g_00239	Prbn.g_00323
OG0000331	Prai.g_00240	Prbn.g_00321
OG0000332	Prai.g_00241	Prbn.g_00320
OG0000333	Prai.g_00242	Prbn.g_00319
OG0000334	Prai.g_00243	Prbn.g_00318
OG0000335	Prai.g_00244	Prbn.g_00317
OG0000336	Prai.g_00246	Prbn.g_00315
OG0000337	Prai.g_00247	Prbn.g_00314
OG0000338	Prai.g_00251	Prbn.g_00309
OG0000339	Prai.g_00255	Prbn.g_00307
OG0000340	Prai.g_00257	Prbn.g_00305
OG0000341	Prai.g_00258	Prbn.g_00304
OG0000342	Prai.g_00259	Prbn.g_00012
OG0000343	Prai.g_00260	Prbn.g_00013
OG0000344	Prai.g_00263	Prbn.g_00016
OG0000345	Prai.g_00266	Prbn.g_00020
OG0000346	Prai.g_00267	Prbn.g_00021
OG0000347	Prai.g_00270	Prbn.g_00024
OG0000348	Prai.g_00272	Prbn.g_00025
OG0000349	Prai.g_00273	Prbn.g_00026
OG0000350	Prai.g_00275	Prbn.g_00028
OG0000351	Prai.g_00276	Prbn.g_00029
OG0000352	Prai.g_00277	Prbn.g_00030
OG0000353	Prai.g_00278	Prbn.g_00031
OG0000354	Prai.g_00279	Prbn.g_00033
OG0000355	Prai.g_00280	Prbn.g_00034
OG0000356	Prai.g_00281	Prbn.g_00035
OG0000357	Prai.g_00282	Prbn.g_00036
OG0000358	Prai.g_00283	Prbn.g_00037
OG0000359	Prai.g_00284	Prbn.g_00039
OG0000360	Prai.g_00288	Prbn.g_00042
OG0000361	Prai.g_00289	Prbn.g_00043
OG0000362	Prai.g_00290	Prbn.g_00044
OG0000363	Prai.g_00291	Prbn.g_00045
OG0000364	Prai.g_00295	Prbn.g_00049
OG0000365	Prai.g_00296	Prbn.g_00050
OG0000366	Prai.g_00298	Prbn.g_00053
OG0000367	Prai.g_00299	Prbn.g_00054
OG0000368	Prai.g_00300	Prbn.g_00055
OG0000369	Prai.g_00301	Prbn.g_00056
OG0000370	Prai.g_00302	Prbn.g_00057
OG0000371	Prai.g_00303	Prbn.g_00059
OG0000372	Prai.g_00304	Prbn.g_00060
OG0000373	Prai.g_00305	Prbn.g_00061
OG0000374	Prai.g_00307	Prbn.g_00062
OG0000375	Prai.g_00308	Prbn.g_00063
OG0000376	Prai.g_00311	Prbn.g_00066
OG0000377	Prai.g_00312	Prbn.g_00067
OG0000378	Prai.g_00313	Prbn.g_00068
OG0000379	Prai.g_00314	Prbn.g_00069
OG0000380	Prai.g_00315	Prbn.g_00070
OG0000381	Prai.g_00316	Prbn.g_00071
OG0000382	Prai.g_00317	Prbn.g_00072
OG0000383	Prai.g_00318	Prbn.g_00073
OG0000384	Prai.g_00321	Prbn.g_00075
OG0000385	Prai.g_00322	Prbn.g_00076
OG0000386	Prai.g_00323	Prbn.g_00077
OG0000387	Prai.g_00324	Prbn.g_00078
OG0000388	Prai.g_00325	Prbn.g_00079
OG0000389	Prai.g_00326	Prbn.g_00080
OG0000390	Prai.g_00327	Prbn.g_00081
OG0000391	Prai.g_00328	Prbn.g_00082
OG0000392	Prai.g_00329	Prbn.g_00083
OG0000393	Prai.g_00330	Prbn.g_00084
OG0000394	Prai.g_00331	Prbn.g_00085
OG0000395	Prai.g_00332	Prbn.g_00086
OG0000396	Prai.g_00334	Prbn.g_00087
OG0000397	Prai.g_00336	Prbn.g_00089
OG0000398	Prai.g_00337	Prbn.g_00090
OG0000399	Prai.g_00340	Prbn.g_00092
OG0000400	Prai.g_00341	Prbn.g_00098
OG0000401	Prai.g_00342	Prbn.g_00099
OG0000402	Prai.g_00347	Prbn.g_00105
OG0000403	Prai.g_00348	Prbn.g_00107
OG0000404	Prai.g_00349	Prbn.g_00108
OG0000405	Prai.g_00351	Prbn.g_00109
OG0000406	Prai.g_00354	Prbn.g_00112
OG0000407	Prai.g_00355	Prbn.g_00113
OG0000408	Prai.g_00357	Prbn.g_00116
OG0000409	Prai.g_00358	Prbn.g_00117
OG0000410	Prai.g_00359	Prbn.g_00118
OG0000411	Prai.g_00360	Prbn.g_00119
OG0000412	Prai.g_00361	Prbn.g_00120
OG0000413	Prai.g_00362	Prbn.g_00121
OG0000414	Prai.g_00363	Prbn.g_00122
OG0000415	Prai.g_00364	Prbn.g_00123
OG0000416	Prai.g_00367	Prbn.g_00697
OG0000417	Prai.g_00368	Prbn.g_00696
OG0000418	Prai.g_00369	Prbn.g_00694
OG0000419	Prai.g_00370	Prbn.g_00693
OG0000420	Prai.g_00372	Prbn.g_01491
OG0000421	Prai.g_00384	Prbn.g_01145
OG0000422	Prai.g_00390	Prbn.g_01697
OG0000423	Prai.g_00392	Prbn.g_01150
OG0000424	Prai.g_00397	Prbn.g_01810
OG0000425	Prai.g_00462	Prbn.g_00682
OG0000426	Prai.g_00463	Prbn.g_00681
OG0000427	Prai.g_00464	Prbn.g_00680
OG0000428	Prai.g_00466	Prbn.g_00678
OG0000429	Prai.g_00467	Prbn.g_00677
OG0000430	Prai.g_00469	Prbn.g_00675
OG0000431	Prai.g_00470	Prbn.g_00674
OG0000432	Prai.g_00471	Prbn.g_00673
OG0000433	Prai.g_00472	Prbn.g_00672
OG0000434	Prai.g_00473	Prbn.g_00671
OG0000435	Prai.g_00474	Prbn.g_00670
OG0000436	Prai.g_00475	Prbn.g_00669
OG0000437	Prai.g_00476	Prbn.g_00668
OG0000438	Prai.g_00477	Prbn.g_00667
OG0000439	Prai.g_00478	Prbn.g_00666
OG0000440	Prai.g_00479	Prbn.g_00665
OG0000441	Prai.g_00480	Prbn.g_00664
OG0000442	Prai.g_00481	Prbn.g_00663
OG0000443	Prai.g_00482	Prbn.g_00662
OG0000444	Prai.g_00483	Prbn.g_00661
OG0000445	Prai.g_00484	Prbn.g_00657
OG0000446	Prai.g_00486	Prbn.g_00655
OG0000447	Prai.g_00487	Prbn.g_00654
OG0000448	Prai.g_00489	Prbn.g_00653
OG0000449	Prai.g_00492	Prbn.g_00649
OG0000450	Prai.g_00493	Prbn.g_00648
OG0000451	Prai.g_00494	Prbn.g_00647
OG0000452	Prai.g_00495	Prbn.g_00645
OG0000453	Prai.g_00496	Prbn.g_00644
OG0000454	Prai.g_00501	Prbn.g_00643
OG0000455	Prai.g_00503	Prbn.g_00641
OG0000456	Prai.g_00507	Prbn.g_00637
OG0000457	Prai.g_00508	Prbn.g_00636
OG0000458	Prai.g_00509	Prbn.g_00635
OG0000459	Prai.g_00511	Prbn.g_00633
OG0000460	Prai.g_00513	Prbn.g_00631
OG0000461	Prai.g_00514	Prbn.g_00630
OG0000462	Prai.g_00515	Prbn.g_00629
OG0000463	Prai.g_00517	Prbn.g_00627
OG0000464	Prai.g_00518	Prbn.g_00626
OG0000465	Prai.g_00519	Prbn.g_00625
OG0000466	Prai.g_00520	Prbn.g_00624
OG0000467	Prai.g_00521	Prbn.g_00623
OG0000468	Prai.g_00522	Prbn.g_00622
OG0000469	Prai.g_00523	Prbn.g_00621
OG0000470	Prai.g_00524	Prbn.g_00620
OG0000471	Prai.g_00525	Prbn.g_00619
OG0000472	Prai.g_00530	Prbn.g_00613
OG0000473	Prai.g_00531	Prbn.g_00612
OG0000474	Prai.g_00532	Prbn.g_00611
OG0000475	Prai.g_00533	Prbn.g_00610
OG0000476	Prai.g_00535	Prbn.g_00609
OG0000477	Prai.g_00536	Prbn.g_00608
OG0000478	Prai.g_00537	Prbn.g_00607
OG0000479	Prai.g_00538	Prbn.g_00606
OG0000480	Prai.g_00540	Prbn.g_00604
OG0000481	Prai.g_00542	Prbn.g_00602
OG0000482	Prai.g_00543	Prbn.g_00601
OG0000483	Prai.g_00544	Prbn.g_00599
OG0000484	Prai.g_00545	Prbn.g_00598
OG0000485	Prai.g_00546	Prbn.g_00597
OG0000486	Prai.g_00547	Prbn.g_00596
OG0000487	Prai.g_00552	Prbn.g_00592
OG0000488	Prai.g_00553	Prbn.g_00591
OG0000489	Prai.g_00554	Prbn.g_00590
OG0000490	Prai.g_00555	Prbn.g_00589
OG0000491	Prai.g_00556	Prbn.g_00588
OG0000492	Prai.g_00557	Prbn.g_00587
OG0000493	Prai.g_00558	Prbn.g_00586
OG0000494	Prai.g_00559	Prbn.g_00585
OG0000495	Prai.g_00562	Prbn.g_00582
OG0000496	Prai.g_00563	Prbn.g_00581
OG0000497	Prai.g_00564	Prbn.g_00580
OG0000498	Prai.g_00565	Prbn.g_00579
OG0000499	Prai.g_00566	Prbn.g_00578
OG0000500	Prai.g_00568	Prbn.g_00576
OG0000501	Prai.g_00569	Prbn.g_00575
OG0000502	Prai.g_00570	Prbn.g_00574
OG0000503	Prai.g_00572	Prbn.g_00572
OG0000504	Prai.g_00573	Prbn.g_00571
OG0000505	Prai.g_00574	Prbn.g_00570
OG0000506	Prai.g_00575	Prbn.g_00569
OG0000507	Prai.g_00576	Prbn.g_00568
OG0000508	Prai.g_00577	Prbn.g_00567
OG0000509	Prai.g_00578	Prbn.g_00566
OG0000510	Prai.g_00579	Prbn.g_00565
OG0000511	Prai.g_00581	Prbn.g_00563
OG0000512	Prai.g_00582	Prbn.g_00562
OG0000513	Prai.g_00583	Prbn.g_00561
OG0000514	Prai.g_00584	Prbn.g_00560
OG0000515	Prai.g_00585	Prbn.g_00559
OG0000516	Prai.g_00586	Prbn.g_00558
OG0000517	Prai.g_00588	Prbn.g_00557
OG0000518	Prai.g_00589	Prbn.g_00556
OG0000519	Prai.g_00590	Prbn.g_00554
OG0000520	Prai.g_00592	Prbn.g_00552
OG0000521	Prai.g_00593	Prbn.g_00551
OG0000522	Prai.g_00594	Prbn.g_00550
OG0000523	Prai.g_00595	Prbn.g_00549
OG0000524	Prai.g_00596	Prbn.g_00548
OG0000525	Prai.g_00597	Prbn.g_00547
OG0000526	Prai.g_00598	Prbn.g_00546
OG0000527	Prai.g_00599	Prbn.g_00545
OG0000528	Prai.g_00600	Prbn.g_00544
OG0000529	Prai.g_00601	Prbn.g_00543
OG0000530	Prai.g_00602	Prbn.g_00542
OG0000531	Prai.g_00603	Prbn.g_00541
OG0000532	Prai.g_00604	Prbn.g_00540
OG0000533	Prai.g_00606	Prbn.g_00538
OG0000534	Prai.g_00607	Prbn.g_00537
OG0000535	Prai.g_00608	Prbn.g_00536
OG0000536	Prai.g_00609	Prbn.g_00535
OG0000537	Prai.g_00610	Prbn.g_00534
OG0000538	Prai.g_00611	Prbn.g_00533
OG0000539	Prai.g_00614	Prbn.g_00529
OG0000540	Prai.g_00615	Prbn.g_00528
OG0000541	Prai.g_00616	Prbn.g_00527
OG0000542	Prai.g_00619	Prbn.g_00524
OG0000543	Prai.g_00620	Prbn.g_00523
OG0000544	Prai.g_00621	Prbn.g_00522
OG0000545	Prai.g_00622	Prbn.g_00521
OG0000546	Prai.g_00623	Prbn.g_00520
OG0000547	Prai.g_00624	Prbn.g_00519
OG0000548	Prai.g_00625	Prbn.g_00518
OG0000549	Prai.g_00627	Prbn.g_00516
OG0000550	Prai.g_00628	Prbn.g_00515
OG0000551	Prai.g_00629	Prbn.g_00514
OG0000552	Prai.g_00630	Prbn.g_00513
OG0000553	Prai.g_00631	Prbn.g_00512
OG0000554	Prai.g_00632	Prbn.g_00511
OG0000555	Prai.g_00633	Prbn.g_00509
OG0000556	Prai.g_00634	Prbn.g_00508
OG0000557	Prai.g_00635	Prbn.g_00507
OG0000558	Prai.g_00636	Prbn.g_00506
OG0000559	Prai.g_00637	Prbn.g_00505
OG0000560	Prai.g_00638	Prbn.g_00504
OG0000561	Prai.g_00639	Prbn.g_00503
OG0000562	Prai.g_00640	Prbn.g_00502
OG0000563	Prai.g_00641	Prbn.g_00501
OG0000564	Prai.g_00642	Prbn.g_00500
OG0000565	Prai.g_00643	Prbn.g_00499
OG0000566	Prai.g_00644	Prbn.g_00498
OG0000567	Prai.g_00645	Prbn.g_00497
OG0000568	Prai.g_00646	Prbn.g_00496
OG0000569	Prai.g_00650	Prbn.g_00494
OG0000570	Prai.g_00651	Prbn.g_00493
OG0000571	Prai.g_00653	Prbn.g_00491
OG0000572	Prai.g_00654	Prbn.g_00489
OG0000573	Prai.g_00655	Prbn.g_00488
OG0000574	Prai.g_00656	Prbn.g_00487
OG0000575	Prai.g_00657	Prbn.g_00485
OG0000576	Prai.g_00658	Prbn.g_00484
OG0000577	Prai.g_00659	Prbn.g_00421
OG0000578	Prai.g_00660	Prbn.g_00422
OG0000579	Prai.g_00661	Prbn.g_00423
OG0000580	Prai.g_00662	Prbn.g_00424
OG0000581	Prai.g_00663	Prbn.g_00425
OG0000582	Prai.g_00664	Prbn.g_00426
OG0000583	Prai.g_00665	Prbn.g_00427
OG0000584	Prai.g_00667	Prbn.g_00429
OG0000585	Prai.g_00668	Prbn.g_00430
OG0000586	Prai.g_00669	Prbn.g_00432
OG0000587	Prai.g_00670	Prbn.g_00433
OG0000588	Prai.g_00671	Prbn.g_00434
OG0000589	Prai.g_00672	Prbn.g_00435
OG0000590	Prai.g_00673	Prbn.g_00436
OG0000591	Prai.g_00674	Prbn.g_00437
OG0000592	Prai.g_00675	Prbn.g_00438
OG0000593	Prai.g_00676	Prbn.g_00439
OG0000594	Prai.g_00677	Prbn.g_00440
OG0000595	Prai.g_00678	Prbn.g_00441
OG0000596	Prai.g_00679	Prbn.g_00442
OG0000597	Prai.g_00683	Prbn.g_00446
OG0000598	Prai.g_00684	Prbn.g_00447
OG0000599	Prai.g_00685	Prbn.g_00448
OG0000600	Prai.g_00686	Prbn.g_00449
OG0000601	Prai.g_00687	Prbn.g_00450
OG0000602	Prai.g_00688	Prbn.g_00834
OG0000603	Prai.g_00689	Prbn.g_00835
OG0000604	Prai.g_00690	Prbn.g_00836
OG0000605	Prai.g_00691	Prbn.g_00837
OG0000606	Prai.g_00692	Prbn.g_00838
OG0000607	Prai.g_00693	Prbn.g_00840
OG0000608	Prai.g_00694	Prbn.g_00841
OG0000609	Prai.g_00696	Prbn.g_00843
OG0000610	Prai.g_00697	Prbn.g_00844
OG0000611	Prai.g_00699	Prbn.g_01594
OG0000612	Prai.g_00700	Prbn.g_01593
OG0000613	Prai.g_00702	Prbn.g_01591
OG0000614	Prai.g_00708	Prbn.g_01585
OG0000615	Prai.g_00709	Prbn.g_01584
OG0000616	Prai.g_00710	Prbn.g_01583
OG0000617	Prai.g_00712	Prbn.g_01580
OG0000618	Prai.g_00713	Prbn.g_01579
OG0000619	Prai.g_00714	Prbn.g_01578
OG0000620	Prai.g_00716	Prbn.g_01576
OG0000621	Prai.g_00717	Prbn.g_01575
OG0000622	Prai.g_00718	Prbn.g_01574
OG0000623	Prai.g_00719	Prbn.g_01573
OG0000624	Prai.g_00721	Prbn.g_01570
OG0000625	Prai.g_00722	Prbn.g_01569
OG0000626	Prai.g_00723	Prbn.g_01568
OG0000627	Prai.g_00724	Prbn.g_01565
OG0000628	Prai.g_00725	Prbn.g_01564
OG0000629	Prai.g_00726	Prbn.g_01563
OG0000630	Prai.g_00728	Prbn.g_01561
OG0000631	Prai.g_00729	Prbn.g_01559
OG0000632	Prai.g_00732	Prbn.g_00905
OG0000633	Prai.g_00733	Prbn.g_01635
OG0000634	Prai.g_00749	Prbn.g_01553
OG0000635	Prai.g_00751	Prbn.g_00857
OG0000636	Prai.g_00752	Prbn.g_00858
OG0000637	Prai.g_00754	Prbn.g_00860
OG0000638	Prai.g_00755	Prbn.g_00861
OG0000639	Prai.g_00756	Prbn.g_00862
OG0000640	Prai.g_00757	Prbn.g_00863
OG0000641	Prai.g_00758	Prbn.g_00864
OG0000642	Prai.g_00759	Prbn.g_01947
OG0000643	Prai.g_00760	Prbn.g_01948
OG0000644	Prai.g_00762	Prbn.g_01950
OG0000645	Prai.g_00763	Prbn.g_01952
OG0000646	Prai.g_00764	Prbn.g_01345
OG0000647	Prai.g_00765	Prbn.g_01346
OG0000648	Prai.g_00766	Prbn.g_01347
OG0000649	Prai.g_00767	Prbn.g_01348
OG0000650	Prai.g_00768	Prbn.g_01349
OG0000651	Prai.g_00769	Prbn.g_01350
OG0000652	Prai.g_00771	Prbn.g_01352
OG0000653	Prai.g_00897	Prbn.g_01134
OG0000654	Prai.g_00894	Prbn.g_01023
OG0000655	Prai.g_01293	Prbn.g_00477
OG0000656	Prai.g_00883	Prbn.g_01100
OG0000657	Prai.g_00882	Prbn.g_00468
OG0000658	Prai.g_00881	Prbn.g_00469
OG0000659	Prai.g_00880	Prbn.g_00470
OG0000660	Prai.g_00869	Prbn.g_00102
OG0000661	Prai.g_00860	Prbn.g_01451
OG0000662	Prai.g_00858	Prbn.g_01447
OG0000663	Prai.g_00857	Prbn.g_01445
OG0000664	Prai.g_00856	Prbn.g_01444
OG0000665	Prai.g_00855	Prbn.g_01443
OG0000666	Prai.g_00854	Prbn.g_00856
OG0000667	Prai.g_00853	Prbn.g_01551
OG0000668	Prai.g_00852	Prbn.g_01550
OG0000669	Prai.g_00851	Prbn.g_01549
OG0000670	Prai.g_00849	Prbn.g_01547
OG0000671	Prai.g_00848	Prbn.g_01546
OG0000672	Prai.g_00847	Prbn.g_01545
OG0000673	Prai.g_00846	Prbn.g_01544
OG0000674	Prai.g_00845	Prbn.g_01543
OG0000675	Prai.g_00844	Prbn.g_01542
OG0000676	Prai.g_00842	Prbn.g_01540
OG0000677	Prai.g_00839	Prbn.g_01538
OG0000678	Prai.g_00838	Prbn.g_01537
OG0000679	Prai.g_00837	Prbn.g_01536
OG0000680	Prai.g_00836	Prbn.g_01535
OG0000681	Prai.g_00835	Prbn.g_01534
OG0000682	Prai.g_00834	Prbn.g_01533
OG0000683	Prai.g_00833	Prbn.g_01532
OG0000684	Prai.g_00832	Prbn.g_01530
OG0000685	Prai.g_00831	Prbn.g_01529
OG0000686	Prai.g_00830	Prbn.g_01528
OG0000687	Prai.g_00829	Prbn.g_01527
OG0000688	Prai.g_00828	Prbn.g_01526
OG0000689	Prai.g_00827	Prbn.g_01525
OG0000690	Prai.g_00826	Prbn.g_01524
OG0000691	Prai.g_00824	Prbn.g_01522
OG0000692	Prai.g_00823	Prbn.g_01521
OG0000693	Prai.g_00822	Prbn.g_01520
OG0000694	Prai.g_00821	Prbn.g_01519
OG0000695	Prai.g_00820	Prbn.g_01518
OG0000696	Prai.g_00819	Prbn.g_01517
OG0000697	Prai.g_00817	Prbn.g_01515
OG0000698	Prai.g_00816	Prbn.g_01514
OG0000699	Prai.g_00812	Prbn.g_01510
OG0000700	Prai.g_00811	Prbn.g_01509
OG0000701	Prai.g_00810	Prbn.g_01507
OG0000702	Prai.g_00809	Prbn.g_01506
OG0000703	Prai.g_00808	Prbn.g_01505
OG0000704	Prai.g_00807	Prbn.g_01504
OG0000705	Prai.g_00805	Prbn.g_01502
OG0000706	Prai.g_00804	Prbn.g_01501
OG0000707	Prai.g_00803	Prbn.g_01500
OG0000708	Prai.g_00802	Prbn.g_01499
OG0000709	Prai.g_00801	Prbn.g_01498
OG0000710	Prai.g_00800	Prbn.g_01497
OG0000711	Prai.g_00799	Prbn.g_01496
OG0000712	Prai.g_00798	Prbn.g_01495
OG0000713	Prai.g_00797	Prbn.g_01494
OG0000714	Prai.g_00795	Prbn.g_01490
OG0000715	Prai.g_00794	Prbn.g_01489
OG0000716	Prai.g_00793	Prbn.g_01488
OG0000717	Prai.g_00792	Prbn.g_01487
OG0000718	Prai.g_00791	Prbn.g_01486
OG0000719	Prai.g_00789	Prbn.g_01484
OG0000720	Prai.g_00787	Prbn.g_01480
OG0000721	Prai.g_00786	Prbn.g_01479
OG0000722	Prai.g_01060	Prbn.g_01930
OG0000723	Prai.g_01057	Prbn.g_01925
OG0000724	Prai.g_01054	Prbn.g_01632
OG0000725	Prai.g_01053	Prbn.g_01630
OG0000726	Prai.g_01052	Prbn.g_01629
OG0000727	Prai.g_01051	Prbn.g_01627
OG0000728	Prai.g_01050	Prbn.g_01626
OG0000729	Prai.g_01049	Prbn.g_01624
OG0000730	Prai.g_01048	Prbn.g_01623
OG0000731	Prai.g_01046	Prbn.g_01621
OG0000732	Prai.g_01045	Prbn.g_01620
OG0000733	Prai.g_01044	Prbn.g_01619
OG0000734	Prai.g_01043	Prbn.g_01618
OG0000735	Prai.g_01042	Prbn.g_01617
OG0000736	Prai.g_01040	Prbn.g_01615
OG0000737	Prai.g_01039	Prbn.g_01614
OG0000738	Prai.g_01037	Prbn.g_01612
OG0000739	Prai.g_01036	Prbn.g_01611
OG0000740	Prai.g_01035	Prbn.g_01610
OG0000741	Prai.g_01033	Prbn.g_01608
OG0000742	Prai.g_01032	Prbn.g_01607
OG0000743	Prai.g_01029	Prbn.g_01603
OG0000744	Prai.g_01028	Prbn.g_01602
OG0000745	Prai.g_01027	Prbn.g_01600
OG0000746	Prai.g_01026	Prbn.g_01599
OG0000747	Prai.g_01025	Prbn.g_01598
OG0000748	Prai.g_01024	Prbn.g_01597
OG0000749	Prai.g_01023	Prbn.g_01596
OG0000750	Prai.g_01022	Prbn.g_01595
OG0000751	Prai.g_01020	Prbn.g_00848
OG0000752	Prai.g_01019	Prbn.g_00849
OG0000753	Prai.g_01018	Prbn.g_00850
OG0000754	Prai.g_01017	Prbn.g_00851
OG0000755	Prai.g_01015	Prbn.g_00853
OG0000756	Prai.g_01014	Prbn.g_00854
OG0000757	Prai.g_01013	Prbn.g_00855
OG0000758	Prai.g_01012	Prbn.g_01442
OG0000759	Prai.g_01011	Prbn.g_01441
OG0000760	Prai.g_01010	Prbn.g_01440
OG0000761	Prai.g_01009	Prbn.g_01439
OG0000762	Prai.g_01007	Prbn.g_01437
OG0000763	Prai.g_01006	Prbn.g_01436
OG0000764	Prai.g_01005	Prbn.g_01435
OG0000765	Prai.g_01004	Prbn.g_01434
OG0000766	Prai.g_01003	Prbn.g_01433
OG0000767	Prai.g_01002	Prbn.g_01432
OG0000768	Prai.g_01001	Prbn.g_01431
OG0000769	Prai.g_01000	Prbn.g_01430
OG0000770	Prai.g_00999	Prbn.g_01428
OG0000771	Prai.g_00998	Prbn.g_01427
OG0000772	Prai.g_00997	Prbn.g_01368
OG0000773	Prai.g_00995	Prbn.g_01425
OG0000774	Prai.g_00994	Prbn.g_01424
OG0000775	Prai.g_00993	Prbn.g_01423
OG0000776	Prai.g_00992	Prbn.g_01421
OG0000777	Prai.g_00991	Prbn.g_01420
OG0000778	Prai.g_00990	Prbn.g_01419
OG0000779	Prai.g_00988	Prbn.g_01417
OG0000780	Prai.g_00987	Prbn.g_01416
OG0000781	Prai.g_00986	Prbn.g_01415
OG0000782	Prai.g_00984	Prbn.g_01413
OG0000783	Prai.g_00983	Prbn.g_01412
OG0000784	Prai.g_00982	Prbn.g_01411
OG0000785	Prai.g_00981	Prbn.g_01410
OG0000786	Prai.g_00980	Prbn.g_01409
OG0000787	Prai.g_00978	Prbn.g_01407
OG0000788	Prai.g_00977	Prbn.g_01406
OG0000789	Prai.g_00976	Prbn.g_01405
OG0000790	Prai.g_00975	Prbn.g_01404
OG0000791	Prai.g_00974	Prbn.g_01403
OG0000792	Prai.g_00973	Prbn.g_01123
OG0000793	Prai.g_00972	Prbn.g_01401
OG0000794	Prai.g_00971	Prbn.g_01400
OG0000795	Prai.g_00970	Prbn.g_01399
OG0000796	Prai.g_00968	Prbn.g_01396
OG0000797	Prai.g_00966	Prbn.g_01395
OG0000798	Prai.g_00965	Prbn.g_01394
OG0000799	Prai.g_00964	Prbn.g_01393
OG0000800	Prai.g_00963	Prbn.g_01392
OG0000801	Prai.g_00962	Prbn.g_01391
OG0000802	Prai.g_00960	Prbn.g_01389
OG0000803	Prai.g_00959	Prbn.g_01388
OG0000804	Prai.g_00948	Prbn.g_01384
OG0000805	Prai.g_00946	Prbn.g_01382
OG0000806	Prai.g_00945	Prbn.g_01381
OG0000807	Prai.g_00944	Prbn.g_01380
OG0000808	Prai.g_00943	Prbn.g_01379
OG0000809	Prai.g_00940	Prbn.g_01373
OG0000810	Prai.g_00939	Prbn.g_01371
OG0000811	Prai.g_00938	Prbn.g_01370
OG0000812	Prai.g_00937	Prbn.g_01369
OG0000813	Prai.g_00936	Prbn.g_01366
OG0000814	Prai.g_00935	Prbn.g_01365
OG0000815	Prai.g_00934	Prbn.g_01364
OG0000816	Prai.g_00932	Prbn.g_01361
OG0000817	Prai.g_00929	Prbn.g_01460
OG0000818	Prai.g_00928	Prbn.g_01461
OG0000819	Prai.g_00926	Prbn.g_01463
OG0000820	Prai.g_00925	Prbn.g_01464
OG0000821	Prai.g_00924	Prbn.g_01465
OG0000822	Prai.g_00923	Prbn.g_01466
OG0000823	Prai.g_00920	Prbn.g_01469
OG0000824	Prai.g_00919	Prbn.g_01470
OG0000825	Prai.g_00917	Prbn.g_01472
OG0000826	Prai.g_00916	Prbn.g_01473
OG0000827	Prai.g_00915	Prbn.g_01474
OG0000828	Prai.g_00913	Prbn.g_01476
OG0000829	Prai.g_01088	Prbn.g_00692
OG0000830	Prai.g_01098	Prbn.g_01039
OG0000831	Prai.g_01101	Prbn.g_01141
OG0000832	Prai.g_01102	Prbn.g_00473
OG0000833	Prai.g_01109	Prbn.g_01106
OG0000834	Prai.g_01113	Prbn.g_01147
OG0000835	Prai.g_01117	Prbn.g_00111
OG0000836	Prai.g_01119	Prbn.g_01120
OG0000837	Prai.g_01130	Prbn.g_01239
OG0000838	Prai.g_01144	Prbn.g_01651
OG0000839	Prai.g_01145	Prbn.g_01652
OG0000840	Prai.g_01151	Prbn.g_01028
OG0000841	Prai.g_01153	Prbn.g_01167
OG0000842	Prai.g_01157	Prbn.g_01173
OG0000843	Prai.g_01159	Prbn.g_01175
OG0000844	Prai.g_01160	Prbn.g_01176
OG0000845	Prai.g_01161	Prbn.g_01177
OG0000846	Prai.g_01162	Prbn.g_01178
OG0000847	Prai.g_01163	Prbn.g_01179
OG0000848	Prai.g_01164	Prbn.g_01180
OG0000849	Prai.g_01165	Prbn.g_01181
OG0000850	Prai.g_01166	Prbn.g_01182
OG0000851	Prai.g_01168	Prbn.g_01185
OG0000852	Prai.g_01170	Prbn.g_01188
OG0000853	Prai.g_01172	Prbn.g_01190
OG0000854	Prai.g_01173	Prbn.g_01191
OG0000855	Prai.g_01174	Prbn.g_01192
OG0000856	Prai.g_01175	Prbn.g_01193
OG0000857	Prai.g_01176	Prbn.g_01194
OG0000858	Prai.g_01178	Prbn.g_01197
OG0000859	Prai.g_01179	Prbn.g_01198
OG0000860	Prai.g_01180	Prbn.g_01199
OG0000861	Prai.g_01181	Prbn.g_01200
OG0000862	Prai.g_01182	Prbn.g_01201
OG0000863	Prai.g_01183	Prbn.g_01203
OG0000864	Prai.g_01184	Prbn.g_01204
OG0000865	Prai.g_01185	Prbn.g_01205
OG0000866	Prai.g_01186	Prbn.g_01206
OG0000867	Prai.g_01189	Prbn.g_01208
OG0000868	Prai.g_01191	Prbn.g_01210
OG0000869	Prai.g_01192	Prbn.g_01211
OG0000870	Prai.g_01193	Prbn.g_00387
OG0000871	Prai.g_01194	Prbn.g_00388
OG0000872	Prai.g_01196	Prbn.g_00390
OG0000873	Prai.g_01197	Prbn.g_00391
OG0000874	Prai.g_01198	Prbn.g_00392
OG0000875	Prai.g_01200	Prbn.g_00394
OG0000876	Prai.g_01202	Prbn.g_00396
OG0000877	Prai.g_01203	Prbn.g_00397
OG0000878	Prai.g_01204	Prbn.g_00398
OG0000879	Prai.g_01205	Prbn.g_00399
OG0000880	Prai.g_01206	Prbn.g_00400
OG0000881	Prai.g_01207	Prbn.g_00401
OG0000882	Prai.g_01208	Prbn.g_00402
OG0000883	Prai.g_01209	Prbn.g_00403
OG0000884	Prai.g_01210	Prbn.g_00404
OG0000885	Prai.g_01211	Prbn.g_00405
OG0000886	Prai.g_01212	Prbn.g_00406
OG0000887	Prai.g_01213	Prbn.g_00407
OG0000888	Prai.g_01214	Prbn.g_00408
OG0000889	Prai.g_01215	Prbn.g_00409
OG0000890	Prai.g_01216	Prbn.g_00410
OG0000891	Prai.g_01217	Prbn.g_00411
OG0000892	Prai.g_01218	Prbn.g_00412
OG0000893	Prai.g_01219	Prbn.g_00413
OG0000894	Prai.g_01221	Prbn.g_00414
OG0000895	Prai.g_01222	Prbn.g_00415
OG0000896	Prai.g_01224	Prbn.g_00417
OG0000897	Prai.g_01225	Prbn.g_00418
OG0000898	Prai.g_01226	Prbn.g_00419
OG0000899	Prai.g_01227	Prbn.g_00420
OG0000900	Prai.g_01229	Prbn.g_00483
OG0000901	Prai.g_01310	Prbn.g_01671
OG0000902	Prai.g_01323	Prbn.g_01095
OG0000903	Prai.g_01324	Prbn.g_01094
OG0000904	Prai.g_01325	Prbn.g_01093
OG0000905	Prai.g_01326	Prbn.g_01092
OG0000906	Prai.g_01327	Prbn.g_01091
OG0000907	Prai.g_01330	Prbn.g_01089
OG0000908	Prai.g_01331	Prbn.g_01088
OG0000909	Prai.g_01332	Prbn.g_01087
OG0000910	Prai.g_01333	Prbn.g_01086
OG0000911	Prai.g_01334	Prbn.g_01085
OG0000912	Prai.g_01337	Prbn.g_01082
OG0000913	Prai.g_01338	Prbn.g_01081
OG0000914	Prai.g_01339	Prbn.g_01080
OG0000915	Prai.g_01341	Prbn.g_01077
OG0000916	Prai.g_01342	Prbn.g_01076
OG0000917	Prai.g_01343	Prbn.g_01075
OG0000918	Prai.g_01344	Prbn.g_01074
OG0000919	Prai.g_01345	Prbn.g_01073
OG0000920	Prai.g_01346	Prbn.g_01072
OG0000921	Prai.g_01348	Prbn.g_01069
OG0000922	Prai.g_01349	Prbn.g_01068
OG0000923	Prai.g_01353	Prbn.g_01216
OG0000924	Prai.g_01354	Prbn.g_01215
OG0000925	Prai.g_01357	Prbn.g_01060
OG0000926	Prai.g_01358	Prbn.g_00615
OG0000928	Prai.g_01360	Prbn.g_00883
OG0000929	Prai.g_01362	Prbn.g_01146
OG0000930	Prai.g_01364	Prbn.g_01164
OG0000931	Prai.g_01365	Prbn.g_01482
OG0000932	Prai.g_01368	Prbn.g_01127
OG0000933	Prai.g_01372	Prbn.g_01242
OG0000934	Prai.g_01373	Prbn.g_00153
OG0000935	Prai.g_01374	Prbn.g_00154
OG0000936	Prai.g_01375	Prbn.g_00155
OG0000937	Prai.g_01376	Prbn.g_00156
OG0000938	Prai.g_01377	Prbn.g_00157
OG0000939	Prai.g_01378	Prbn.g_00158
OG0000940	Prai.g_01379	Prbn.g_00159
OG0000941	Prai.g_01380	Prbn.g_00160
OG0000942	Prai.g_01381	Prbn.g_00161
OG0000943	Prai.g_01382	Prbn.g_00162
OG0000944	Prai.g_01383	Prbn.g_00163
OG0000945	Prai.g_01384	Prbn.g_00164
OG0000946	Prai.g_01385	Prbn.g_00165
OG0000947	Prai.g_01386	Prbn.g_00166
OG0000948	Prai.g_01387	Prbn.g_00167
OG0000949	Prai.g_01388	Prbn.g_00168
OG0000950	Prai.g_01392	Prbn.g_01014
OG0000951	Prai.g_01445	Prbn.g_00195
OG0000952	Prai.g_01446	Prbn.g_00196
OG0000953	Prai.g_01447	Prbn.g_00197
OG0000954	Prai.g_01448	Prbn.g_00198
OG0000955	Prai.g_01449	Prbn.g_00199
OG0000956	Prai.g_01451	Prbn.g_00201
OG0000957	Prai.g_01452	Prbn.g_00202
OG0000958	Prai.g_01453	Prbn.g_00203
OG0000959	Prai.g_01454	Prbn.g_00204
OG0000960	Prai.g_01455	Prbn.g_00205
OG0000961	Prai.g_01456	Prbn.g_00206
OG0000962	Prai.g_01457	Prbn.g_00207
OG0000963	Prai.g_01458	Prbn.g_00208
OG0000964	Prai.g_01459	Prbn.g_00209
OG0000965	Prai.g_01461	Prbn.g_00210
OG0000966	Prai.g_01462	Prbn.g_00211
OG0000967	Prai.g_01465	Prbn.g_00214
OG0000968	Prai.g_01466	Prbn.g_00215
OG0000969	Prai.g_01467	Prbn.g_00216
OG0000970	Prai.g_01468	Prbn.g_00217
OG0000971	Prai.g_01469	Prbn.g_00218
OG0000972	Prai.g_01470	Prbn.g_00219
OG0000973	Prai.g_01472	Prbn.g_00221
OG0000974	Prai.g_01473	Prbn.g_00222
OG0000975	Prai.g_01474	Prbn.g_00223
OG0000976	Prai.g_01475	Prbn.g_00224
OG0000977	Prai.g_01476	Prbn.g_00225
OG0000978	Prai.g_01477	Prbn.g_00226
OG0000979	Prai.g_01478	Prbn.g_00227
OG0000980	Prai.g_01479	Prbn.g_00228
OG0000981	Prai.g_01480	Prbn.g_00229
OG0000982	Prai.g_01481	Prbn.g_00230
OG0000983	Prai.g_01482	Prbn.g_00231
OG0000984	Prai.g_01485	Prbn.g_00235
OG0000985	Prai.g_01486	Prbn.g_00236
OG0000986	Prai.g_01487	Prbn.g_00237
OG0000987	Prai.g_01489	Prbn.g_00239
OG0000988	Prai.g_01490	Prbn.g_00240
OG0000989	Prai.g_01491	Prbn.g_00241
OG0000990	Prai.g_01492	Prbn.g_00242
OG0000991	Prai.g_01493	Prbn.g_00243
OG0000992	Prai.g_01494	Prbn.g_00244
OG0000993	Prai.g_01495	Prbn.g_00245
OG0000994	Prai.g_01496	Prbn.g_00246
OG0000995	Prai.g_01497	Prbn.g_00247
OG0000996	Prai.g_01498	Prbn.g_00248
OG0000997	Prai.g_01500	Prbn.g_00250
OG0000998	Prai.g_01502	Prbn.g_00256
OG0000999	Prai.g_01504	Prbn.g_00258
OG0001000	Prai.g_01505	Prbn.g_00260
OG0001001	Prai.g_01507	Prbn.g_00262
OG0001002	Prai.g_01509	Prbn.g_00264
OG0001003	Prai.g_01510	Prbn.g_00265
OG0001004	Prai.g_01511	Prbn.g_00266
OG0001005	Prai.g_01512	Prbn.g_00267
OG0001006	Prai.g_01514	Prbn.g_00269
OG0001007	Prai.g_01515	Prbn.g_00270
OG0001008	Prai.g_01516	Prbn.g_00271
OG0001009	Prai.g_01517	Prbn.g_00272
OG0001010	Prai.g_01518	Prbn.g_00273
OG0001011	Prai.g_01519	Prbn.g_00274
OG0001012	Prai.g_01520	Prbn.g_00275
OG0001013	Prai.g_01521	Prbn.g_00276
OG0001014	Prai.g_01522	Prbn.g_00277
OG0001015	Prai.g_01523	Prbn.g_00278
OG0001016	Prai.g_01524	Prbn.g_00279
OG0001017	Prai.g_01525	Prbn.g_00280
OG0001018	Prai.g_01526	Prbn.g_00281
OG0001019	Prai.g_01527	Prbn.g_00282
OG0001020	Prai.g_01528	Prbn.g_00283
OG0001021	Prai.g_01529	Prbn.g_00284
OG0001022	Prai.g_01530	Prbn.g_00285
OG0001023	Prai.g_01531	Prbn.g_00286
OG0001024	Prai.g_01533	Prbn.g_00288
OG0001025	Prai.g_01534	Prbn.g_00289
OG0001026	Prai.g_01535	Prbn.g_00904
OG0001027	Prai.g_01536	Prbn.g_00903
OG0001028	Prai.g_01537	Prbn.g_00900
OG0001029	Prai.g_01538	Prbn.g_00899
OG0001030	Prai.g_01541	Prbn.g_00896
OG0001031	Prai.g_01542	Prbn.g_00895
OG0001032	Prai.g_01550	Prbn.g_01688
OG0001033	Prai.g_01558	Prbn.g_00486
OG0001034	Prai.g_01597	Prbn.g_01531
OG0001035	Prai.g_01632	Prbn.g_01738
OG0001036	Prai.g_01633	Prbn.g_01739
OG0001037	Prai.g_01639	Prbn.g_01746
OG0001038	Prai.g_01640	Prbn.g_01747
OG0001039	Prai.g_01641	Prbn.g_01748
OG0001040	Prai.g_01642	Prbn.g_01749
OG0001041	Prai.g_01644	Prbn.g_01751
OG0001042	Prai.g_01645	Prbn.g_01752
OG0001043	Prai.g_01646	Prbn.g_01753
OG0001044	Prai.g_01647	Prbn.g_01754
OG0001045	Prai.g_01648	Prbn.g_01755
OG0001046	Prai.g_01649	Prbn.g_01757
OG0001047	Prai.g_01650	Prbn.g_01758
OG0001048	Prai.g_01652	Prbn.g_01759
OG0001049	Prai.g_01653	Prbn.g_01760
OG0001050	Prai.g_01654	Prbn.g_01761
OG0001051	Prai.g_01655	Prbn.g_01762
OG0001052	Prai.g_01656	Prbn.g_01763
OG0001053	Prai.g_01657	Prbn.g_01764
OG0001054	Prai.g_01658	Prbn.g_01765
OG0001055	Prai.g_01659	Prbn.g_01766
OG0001056	Prai.g_01660	Prbn.g_01767
OG0001057	Prai.g_01662	Prbn.g_01770
OG0001058	Prai.g_01663	Prbn.g_01771
OG0001059	Prai.g_01664	Prbn.g_01772
OG0001060	Prai.g_01665	Prbn.g_01773
OG0001061	Prai.g_01666	Prbn.g_01774
OG0001062	Prai.g_01667	Prbn.g_01775
OG0001063	Prai.g_01668	Prbn.g_01776
OG0001064	Prai.g_01669	Prbn.g_01777
OG0001065	Prai.g_01670	Prbn.g_01778
OG0001066	Prai.g_01671	Prbn.g_01779
OG0001067	Prai.g_01672	Prbn.g_01780
OG0001068	Prai.g_01673	Prbn.g_01781
OG0001069	Prai.g_01676	Prbn.g_01784
OG0001070	Prai.g_01678	Prbn.g_01786
OG0001071	Prai.g_01679	Prbn.g_01787
OG0001072	Prai.g_01680	Prbn.g_01788
OG0001073	Prai.g_01681	Prbn.g_01789
OG0001074	Prai.g_01682	Prbn.g_01790
OG0001075	Prai.g_01683	Prbn.g_01792
OG0001076	Prai.g_01685	Prbn.g_01794
OG0001077	Prai.g_01686	Prbn.g_01795
OG0001078	Prai.g_01687	Prbn.g_01796
OG0001079	Prai.g_01688	Prbn.g_01797
OG0001080	Prai.g_01689	Prbn.g_01798
OG0001081	Prai.g_01690	Prbn.g_01799
OG0001082	Prai.g_01691	Prbn.g_01800
OG0001083	Prai.g_01692	Prbn.g_01801
OG0001084	Prai.g_01693	Prbn.g_01802
OG0001085	Prai.g_01694	Prbn.g_01803
OG0001086	Prai.g_01701	Prbn.g_01809
OG0001087	Prai.g_01702	Prbn.g_01811
OG0001088	Prai.g_01703	Prbn.g_01812
OG0001089	Prai.g_01705	Prbn.g_01815
OG0001090	Prai.g_01706	Prbn.g_01816
OG0001091	Prai.g_01707	Prbn.g_01817
OG0001092	Prai.g_01708	Prbn.g_01818
OG0001093	Prai.g_01709	Prbn.g_01819
OG0001094	Prai.g_01710	Prbn.g_01820
OG0001095	Prai.g_01711	Prbn.g_01821
OG0001096	Prai.g_01712	Prbn.g_01822
OG0001097	Prai.g_01713	Prbn.g_01823
OG0001098	Prai.g_01714	Prbn.g_01824
OG0001099	Prai.g_01715	Prbn.g_01825
OG0001100	Prai.g_01716	Prbn.g_01826
OG0001101	Prai.g_01717	Prbn.g_01827
OG0001102	Prai.g_01720	Prbn.g_01831
OG0001103	Prai.g_01721	Prbn.g_01832
OG0001104	Prai.g_01722	Prbn.g_01835
OG0001105	Prai.g_01724	Prbn.g_01834
OG0001106	Prai.g_01726	Prbn.g_01830
OG0001107	Prai.g_01727	Prbn.g_01829
OG0001108	Prai.g_01728	Prbn.g_01828
OG0001109	Prai.g_01734	Prbn.g_01838
OG0001110	Prai.g_01736	Prbn.g_01840
OG0001111	Prai.g_01737	Prbn.g_01841
OG0001112	Prai.g_01738	Prbn.g_01842
OG0001113	Prai.g_01739	Prbn.g_01843
OG0001114	Prai.g_01740	Prbn.g_01844
OG0001115	Prai.g_01741	Prbn.g_01845
OG0001116	Prai.g_01742	Prbn.g_01846
OG0001117	Prai.g_01743	Prbn.g_01847
OG0001118	Prai.g_01744	Prbn.g_01848
OG0001119	Prai.g_01746	Prbn.g_01849
OG0001120	Prai.g_01747	Prbn.g_01850
OG0001121	Prai.g_01748	Prbn.g_01851
OG0001122	Prai.g_01749	Prbn.g_01852
OG0001123	Prai.g_01750	Prbn.g_01853
OG0001124	Prai.g_01751	Prbn.g_01854
OG0001125	Prai.g_01752	Prbn.g_01855
OG0001126	Prai.g_01753	Prbn.g_01856
OG0001127	Prai.g_01754	Prbn.g_01857
OG0001128	Prai.g_01755	Prbn.g_01858
OG0001129	Prai.g_01756	Prbn.g_01859
OG0001130	Prai.g_01757	Prbn.g_01860
OG0001131	Prai.g_01758	Prbn.g_01861
OG0001132	Prai.g_01759	Prbn.g_01862
OG0001133	Prai.g_01760	Prbn.g_01863
OG0001134	Prai.g_01761	Prbn.g_01864
OG0001135	Prai.g_01762	Prbn.g_01865
OG0001136	Prai.g_01763	Prbn.g_01866
OG0001137	Prai.g_01764	Prbn.g_01867
OG0001138	Prai.g_01765	Prbn.g_01868
OG0001139	Prai.g_01766	Prbn.g_01869
OG0001140	Prai.g_01767	Prbn.g_01870
OG0001141	Prai.g_01769	Prbn.g_01872
OG0001142	Prai.g_01770	Prbn.g_01873
OG0001143	Prai.g_01776	Prbn.g_01874
OG0001144	Prai.g_01778	Prbn.g_01876
OG0001145	Prai.g_01780	Prbn.g_01878
OG0001146	Prai.g_01781	Prbn.g_01879
OG0001147	Prai.g_01783	Prbn.g_01882
OG0001148	Prai.g_01784	Prbn.g_01883
OG0001149	Prai.g_01785	Prbn.g_01884
OG0001150	Prai.g_01788	Prbn.g_01887
OG0001151	Prai.g_01789	Prbn.g_01888
OG0001152	Prai.g_01790	Prbn.g_01889
OG0001153	Prai.g_01791	Prbn.g_01890
OG0001154	Prai.g_01792	Prbn.g_01891
OG0001155	Prai.g_01793	Prbn.g_01892
OG0001156	Prai.g_01794	Prbn.g_01893
OG0001157	Prai.g_01796	Prbn.g_01895
OG0001158	Prai.g_01797	Prbn.g_01897
OG0001159	Prai.g_01798	Prbn.g_01898
OG0001160	Prai.g_01799	Prbn.g_01899
OG0001161	Prai.g_01802	Prbn.g_01903
OG0001162	Prai.g_01803	Prbn.g_01904
OG0001163	Prai.g_01804	Prbn.g_01905
OG0001164	Prai.g_01805	Prbn.g_01906
OG0001165	Prai.g_01806	Prbn.g_01907
OG0001166	Prai.g_01807	Prbn.g_01908
OG0001167	Prai.g_01808	Prbn.g_01909
OG0001168	Prai.g_01810	Prbn.g_01911
OG0001169	Prai.g_01811	Prbn.g_01912
OG0001170	Prai.g_01813	Prbn.g_01916
OG0001171	Prai.g_01814	Prbn.g_01917
OG0001172	Prai.g_01815	Prbn.g_01918
OG0001173	Prai.g_01817	Prbn.g_01920
OG0001174	Prai.g_01819	Prbn.g_01017
OG0001175	Prai.g_01821	Prbn.g_01015
OG0001176	Prai.g_01822	Prbn.g_01013
OG0001177	Prai.g_01824	Prbn.g_01011
OG0001178	Prai.g_01825	Prbn.g_01010
OG0001179	Prai.g_01826	Prbn.g_01009
OG0001180	Prai.g_01827	Prbn.g_01008
OG0001181	Prai.g_01828	Prbn.g_01007
OG0001182	Prai.g_01829	Prbn.g_01006
OG0001183	Prai.g_01830	Prbn.g_01005
OG0001184	Prai.g_01831	Prbn.g_01004
OG0001185	Prai.g_01832	Prbn.g_01003
OG0001186	Prai.g_01833	Prbn.g_01001
OG0001187	Prai.g_01834	Prbn.g_01000
OG0001188	Prai.g_01835	Prbn.g_00999
OG0001189	Prai.g_01836	Prbn.g_00998
OG0001190	Prai.g_01837	Prbn.g_00997
OG0001191	Prai.g_01839	Prbn.g_00995
OG0001192	Prai.g_01841	Prbn.g_00993
OG0001193	Prai.g_01842	Prbn.g_00992
OG0001194	Prai.g_01843	Prbn.g_00991
OG0001195	Prai.g_01844	Prbn.g_00989
OG0001196	Prai.g_01846	Prbn.g_00987
OG0001197	Prai.g_01849	Prbn.g_00984
OG0001198	Prai.g_01850	Prbn.g_00983
OG0001199	Prai.g_01851	Prbn.g_00982
OG0001200	Prai.g_01852	Prbn.g_00981
OG0001201	Prai.g_01853	Prbn.g_00980
OG0001202	Prai.g_01854	Prbn.g_00979
OG0001203	Prai.g_01856	Prbn.g_00977
OG0001204	Prai.g_01861	Prbn.g_00975
OG0001205	Prai.g_01862	Prbn.g_00974
OG0001206	Prai.g_01863	Prbn.g_00973
OG0001207	Prai.g_01864	Prbn.g_00972
OG0001208	Prai.g_01865	Prbn.g_00971
OG0001209	Prai.g_01866	Prbn.g_00970
OG0001210	Prai.g_01867	Prbn.g_00969
OG0001211	Prai.g_01868	Prbn.g_00968
OG0001212	Prai.g_01869	Prbn.g_00967
OG0001213	Prai.g_01870	Prbn.g_00966
OG0001214	Prai.g_01871	Prbn.g_00965
OG0001215	Prai.g_01872	Prbn.g_00964
OG0001216	Prai.g_01873	Prbn.g_00963
OG0001217	Prai.g_01874	Prbn.g_00962
OG0001218	Prai.g_01875	Prbn.g_00961
OG0001219	Prai.g_01876	Prbn.g_00960
OG0001220	Prai.g_01877	Prbn.g_00959
OG0001221	Prai.g_01878	Prbn.g_00958
OG0001222	Prai.g_01880	Prbn.g_00957
OG0001223	Prai.g_01882	Prbn.g_00955
OG0001224	Prai.g_01883	Prbn.g_00953
OG0001225	Prai.g_01885	Prbn.g_00951
OG0001226	Prai.g_01886	Prbn.g_00950
OG0001227	Prai.g_01887	Prbn.g_00949
OG0001228	Prai.g_01888	Prbn.g_00948
OG0001229	Prai.g_01889	Prbn.g_00947
OG0001230	Prai.g_01890	Prbn.g_00946
OG0001231	Prai.g_01891	Prbn.g_00945
OG0001232	Prai.g_01893	Prbn.g_00943
OG0001233	Prai.g_01894	Prbn.g_00942
OG0001234	Prai.g_01895	Prbn.g_00941
OG0001235	Prai.g_01896	Prbn.g_00940
OG0001236	Prai.g_01897	Prbn.g_00939
OG0001237	Prai.g_01899	Prbn.g_00936
OG0001238	Prai.g_01900	Prbn.g_00935
OG0001239	Prai.g_01903	Prbn.g_00931
OG0001240	Prai.g_01904	Prbn.g_00930
OG0001241	Prai.g_01905	Prbn.g_00929
OG0001242	Prai.g_01906	Prbn.g_00927
OG0001243	Prai.g_01907	Prbn.g_00926
OG0001244	Prai.g_01908	Prbn.g_00925
OG0001245	Prai.g_01909	Prbn.g_00924
OG0001246	Prai.g_01910	Prbn.g_00923
OG0001247	Prai.g_01911	Prbn.g_00922
OG0001248	Prai.g_01912	Prbn.g_00921
OG0001249	Prai.g_01913	Prbn.g_00920
OG0001250	Prai.g_01914	Prbn.g_00917
OG0001251	Prai.g_01915	Prbn.g_00916
OG0001252	Prai.g_01916	Prbn.g_00915
OG0001253	Prai.g_01917	Prbn.g_00914
OG0001254	Prai.g_01919	Prbn.g_00912
OG0001255	Prai.g_01920	Prbn.g_00911
OG0001256	Prai.g_01922	Prbn.g_00908
OG0001257	Prai.g_01923	Prbn.g_00907
OG0001258	Prai.g_01924	Prbn.g_00906
OG0001259	Prai.g_01926	Prbn.g_00291
OG0001260	Prai.g_01928	Prbn.g_00292
OG0001261	Prai.g_01929	Prbn.g_00293
OG0001262	Prai.g_01930	Prbn.g_00294
OG0001263	Prai.g_01931	Prbn.g_00295
OG0001264	Prai.g_01932	Prbn.g_00296
OG0001265	Prai.g_01933	Prbn.g_00297
OG0001266	Prai.g_01934	Prbn.g_00298
OG0001267	Prai.g_01935	Prbn.g_00299
OG0001268	Prai.g_01936	Prbn.g_00300
OG0001269	Prai.g_00092	Prbn.g_01329
OG0001270	Prai.g_00138	Prbn.g_01279
OG0001271	Prai.g_00161	Prbn.g_01264
OG0001272	Prai.g_00294	Prbn.g_00048
OG0001274	Prai.g_00512	Prbn.g_00632
OG0001275	Prai.g_00528	Prbn.g_00616
OG0001276	Prai.g_00618	Prbn.g_00525
OG0001277	Prai.g_00896	Prbn.g_01456
OG0001278	Prai.g_00796	Prbn.g_01493
OG0001279	Prai.g_01047	Prbn.g_01622
OG0001281	Prai.g_01083	Prbn.g_00476
OG0001282	Prai.g_01100	Prbn.g_01103
OG0001283	Prai.g_01105	Prbn.g_01139
OG0001284	Prai.g_01115	Prbn.g_00823
OG0001285	Prai.g_01156	Prbn.g_01171
OG0001289	Prai.g_01513	Prbn.g_00268
OG0001290	Prai.g_01556	Prbn.g_00467
OG0001291	Prai.g_01557	Prbn.g_00865
OG0001292	Prai.g_01563	Prbn.g_00134
OG0001293	Prai.g_01585	Prbn.g_01114
OG0001294	Prai.g_01272	Prbn.g_01354
OG0001296	Prai.g_01630	Prbn.g_01736
OG0001297	Prai.g_01634	Prbn.g_01740
OG0001298	Prai.g_01637	Prbn.g_01743
OG0001299	Prai.g_01704	Prbn.g_01814
OG0001300	Prai.g_01729	Prbn.g_01750
OG0001301	Prai.g_01820	Prbn.g_01016
OG0001302	Prai.g_01848	Prbn.g_00985
OG0001303	Prai.g_01881	Prbn.g_00956
OG0001305	Prai.g_00400	Prbn.g_00133
OG0001306	Prai.g_00468	Prbn.g_00676
OG0001307	Prai.g_00030	Prbn.g_00751
OG0001308	Prai.g_00071	Prbn.g_00706
OG0001309	Prai.g_00074	Prbn.g_00703
OG0001311	Prai.g_00093	Prbn.g_01328
OG0001312	Prai.g_00119	Prbn.g_01298
OG0001313	Prai.g_00125	Prbn.g_01291
OG0001314	Prai.g_00210	Prbn.g_00354
OG0001315	Prai.g_00256	Prbn.g_00306
OG0001316	Prai.g_00265	Prbn.g_00018
OG0001317	Prai.g_00386	Prbn.g_01104
OG0001318	Prai.g_00666	Prbn.g_00428
OG0001319	Prai.g_00887	Prbn.g_01126
OG0001320	Prai.g_00927	Prbn.g_01462
OG0001321	Prai.g_00922	Prbn.g_01467
OG0001322	Prai.g_01090	Prbn.g_00918
OG0001323	Prai.g_01126	Prbn.g_00954
OG0001324	Prai.g_01128	Prbn.g_00813
OG0001325	Prai.g_01134	Prbn.g_01024
OG0001326	Prai.g_01201	Prbn.g_00395
OG0001327	Prai.g_01355	Prbn.g_01214
OG0001328	Prai.g_01560	Prbn.g_00691
OG0001330	Prai.g_01695	Prbn.g_01804
OG0001331	Prai.g_01816	Prbn.g_01919
OG0001332	Prai.g_00141	Prbn.g_01276
OG0001333	Prai.g_00249	Prbn.g_00312
OG0001334	Prai.g_00498	Prbn.g_00146
OG0001335	Prai.g_01075	Prbn.g_01633
OG0001336	Prai.g_01093	Prbn.g_01937
OG0001337	Prai.g_01108	Prbn.g_00774
OG0001338	Prai.g_01309	Prbn.g_00876
OG0001339	Prai.g_01340	Prbn.g_01079
OG0001341	Prai.g_01553	Prbn.g_00893
OG0001342	Prai.g_01564	Prbn.g_01686, Prbn.g_01718
OG0001343	Prai.g_01635	Prbn.g_01741
OG0001344	Prai.g_01684	Prbn.g_01793
OG0001345	Prai.g_01786	Prbn.g_01885
OG0001346	Prai.g_01840	Prbn.g_00994
OG0001348	Prai.g_00128	Prbn.g_01289
OG0001349	Prai.g_00118	Prbn.g_01299
OG0001350	Prai.g_00155	Prbn.g_01065
OG0001351	Prai.g_00214	Prbn.g_00350
OG0001352	Prai.g_00261	Prbn.g_00014
OG0001353	Prai.g_00274	Prbn.g_00027
OG0001354	Prai.g_00293	Prbn.g_00047
OG0001355	Prai.g_00352	Prbn.g_00110
OG0001357	Prai.g_00465	Prbn.g_00679
OG0001358	Prai.g_00502	Prbn.g_00642
OG0001359	Prai.g_00516	Prbn.g_00628
OG0001360	Prai.g_00539	Prbn.g_00605
OG0001362	Prai.g_00605	Prbn.g_00539
OG0001364	Prai.g_00863	Prbn.g_01455
OG0001365	Prai.g_00806	Prbn.g_01503
OG0001366	Prai.g_01062	Prbn.g_01932
OG0001367	Prai.g_00961	Prbn.g_01390
OG0001368	Prai.g_00942	Prbn.g_01376
OG0001369	Prai.g_01147	Prbn.g_01655
OG0001370	Prai.g_01148	Prbn.g_01656
OG0001371	Prai.g_01223	Prbn.g_00416
OG0001372	Prai.g_01583	Prbn.g_00810
OG0001373	Prai.g_01532	Prbn.g_00287
OG0001374	Prai.g_01699	Prbn.g_00721
OG0001375	Prai.g_01675	Prbn.g_01783
OG0001377	Prai.g_01847	Prbn.g_00986
OG0001379	Prai.g_00067	Prbn.g_00711
OG0001380	Prai.g_00068	Prbn.g_00709
OG0001381	Prai.g_00087	Prbn.g_01334
OG0001382	Prai.g_00135	Prbn.g_01281
OG0001383	Prai.g_00245	Prbn.g_00316
OG0001384	Prai.g_00269	Prbn.g_00023
OG0001386	Prai.g_00376	Prbn.g_00253
OG0001388	Prai.g_01267	Prbn.g_01566
OG0001389	Prai.g_00485	Prbn.g_00656
OG0001390	Prai.g_00491	Prbn.g_00650
OG0001392	Prai.g_00541	Prbn.g_00603
OG0001393	Prai.g_00548	Prbn.g_00595
OG0001394	Prai.g_00695	Prbn.g_00842
OG0001395	Prai.g_00703	Prbn.g_01590
OG0001396	Prai.g_00705	Prbn.g_01588
OG0001397	Prai.g_00711	Prbn.g_01582
OG0001398	Prai.g_00753	Prbn.g_00859
OG0001399	Prai.g_00861	Prbn.g_01452
OG0001400	Prai.g_01063	Prbn.g_01933
OG0001401	Prai.g_01061	Prbn.g_01931
OG0001402	Prai.g_01041	Prbn.g_01616
OG0001403	Prai.g_01038	Prbn.g_01613
OG0001405	Prai.g_00933	Prbn.g_01363
OG0001406	Prai.g_00914	Prbn.g_01475
OG0001407	Prai.g_01073	Prbn.g_01941
OG0001408	Prai.g_01081	Prbn.g_01117
OG0001409	Prai.g_00738	Prbn.g_01019
OG0001410	Prai.g_01158	Prbn.g_01174
OG0001411	Prai.g_01311	Prbn.g_00821
OG0001412	Prai.g_01336	Prbn.g_01083
OG0001413	Prai.g_01361	Prbn.g_01360
OG0001414	Prai.g_01371	Prbn.g_01241
OG0001415	Prai.g_01501	Prbn.g_00254
OG0001416	Prai.g_01503	Prbn.g_00257
OG0001417	Prai.g_01554	Prbn.g_00892
OG0001418	Prai.g_01566	Prbn.g_01666
OG0001421	Prai.g_01008	Prbn.g_01438
OG0001424	Prai.g_00061	Prbn.g_01136
OG0001426	Prai.g_00377	Prbn.g_01359
OG0001428	Prai.g_01577, Prai.g_00898	Prbn.g_00796
OG0001429	Prai.g_00886	Prbn.g_00822
OG0001432	Prai.g_01056	Prbn.g_01924
OG0001433	Prai.g_01078	Prbn.g_00805
OG0001434	Prai.g_01149	Prbn.g_00801
OG0001435	Prai.g_01237	Prbn.g_00889
OG0001436	Prai.g_01575	Prbn.g_01121
OG0001437	Prai.g_01587	Prbn.g_00148
OG0001440	Prai.g_00385	Prbn.g_01681
OG0001442	Prai.g_00950	Prbn.g_01029
OG0001443	Prai.g_01079	Prbn.g_01021
OG0001444	Prai.g_01082	Prbn.g_01118
OG0001445	Prai.g_01565	Prbn.g_01153
OG0001449	Prai.g_01118	Prbn.g_01639
OG0001451	Prai.g_01155	Prbn.g_01170
OG0001452	Prai.g_01190	Prbn.g_01209
OG0001453	Prai.g_01295	Prbn.g_01643
OG0001454	Prai.g_01297	Prbn.g_01644
OG0001455	Prai.g_01298	Prbn.g_01163
OG0001456	Prai.g_01601	Prbn.g_01637
OG0001459	Prai.g_00438	Prbn.g_00790
OG0001460	Prai.g_00380	Prbn.g_00658
OG0001462	Prai.g_00404	Prbn.g_01138
OG0001463	Prai.g_01621	Prbn.g_00792
OG0001465	Prai.g_00617, Prai.g_01275	Prbn.g_00526
OG0001466	Prai.g_00731	Prbn.g_01557
OG0001467	Prai.g_00868	Prbn.g_01235
OG0001468	Prai.g_00815	Prbn.g_01513
OG0001469	Prai.g_00785	Prbn.g_00472
OG0001470	Prai.g_00951	Prbn.g_01149
OG0001471	Prai.g_01072	Prbn.g_00652
OG0001474	Prai.g_01271	Prbn.g_01125
OG0001475	Prai.g_00893	Prbn.g_00877
OG0001478	Prai.g_01809	Prbn.g_01910
OG0001479	Prai.g_01169	Prbn.g_01187
OG0001484	Prai.g_00447	Prbn.g_00784
OG0001487	Prai.g_01016	Prbn.g_00852
OG0001495	Prai.g_01618	Prbn.g_01649
OG0001497	Prai.g_01422, Prai.g_01391	Prbn.g_00716
OG0001498	Prai.g_01697	Prbn.g_01806
OG0001499	Prai.g_01719	Prbn.g_00459
OG0001503	Prai.g_00183	Prbn.g_00382
OG0001504	Prai.g_00414	Prbn.g_01808
OG0001506	Prai.g_01307	Prbn.g_00136
OG0001508	Prai.g_00818	Prbn.g_01516
OG0001509	Prai.g_00814	Prbn.g_01512
OG0001523	Prai.g_01031	Prbn.g_01606
OG0001525	Prai.g_01095	Prbn.g_01142
OG0001528	Prai.g_01576	Prbn.g_00150
OG0001535	Prai.g_00401	Prbn.g_00132
OG0001537	Prai.g_01700	Prbn.g_00720
OG0001550	Prai.g_00788	Prbn.g_01481
OG0001555	Prai.g_01394	Prbn.g_01056
OG0001559	Prai.g_01260	Prbn.g_00129
OG0001573	Prai.g_01306	Prbn.g_01040
OG0001600	Prai.g_01602	Prbn.g_01128
OG0001626	Prai.g_01350	Prbn.g_00194
OG0001627	Prai.g_00371	Prbn.g_01108
OG0001634	Prai.g_01251	Prbn.g_00830
OG0001643	Prai.g_01399, Prai.g_01441, Prai.g_01404, Prai.g_01402, Prai.g_01403	Prbn.g_01053
OG0001644	Prai.g_01231	Prbn.g_00481
OG0001647	Prai.g_01252	Prbn.g_00831
OG0001648	Prai.g_01253	Prbn.g_00832
OG0001649	Prai.g_01254	Prbn.g_00833
OG0001650	Prai.g_00439	Prbn.g_00777
OG0001702	Prai.g_00778	Prbn.g_00688
OG0001718	Prai.g_00043	Prbn.g_01687, Prbn.g_01066
OG0001734	Prai.g_01430	Prbn.g_01223
OG0001798	Prai.g_00591	Prbn.g_00553
OG0001804	Prai.g_00949	Prbn.g_01385
OG0001827	Prai.g_01150	Prbn.g_01682
OG0001844	Prai.g_01395	Prbn.g_01055
OG0002002	Prai.g_01322	Prbn.g_00871
OG0002081	Prai.g_01304	Prbn.g_00140
OG0002117	Prai.g_00396	Prbn.g_01112
OG0002297	Prai.g_00042	Prbn.g_01221
