Orthogroup	Prbm	Prat
OG0000000	Prbm.g_01117, Prbm.g_01382, Prbm.g_01229, Prbm.g_00436, Prbm.g_01407	Prat.g_01549
OG0000000	Prbm.g_01141	Prat.g_01189
OG0000001	Prbm.g_00874	Prat.g_00977
OG0000001	Prbm.g_00712	Prat.g_00751
OG0000001	Prbm.g_01581	Prat.g_01462
OG0000001	Prbm.g_01578	Prat.g_01184
OG0000001	Prbm.g_01577	Prat.g_01487, Prat.g_01182
OG0000001	Prbm.g_01582, Prbm.g_01576	Prat.g_01187
OG0000002	Prbm.g_01940, Prbm.g_00496, Prbm.g_01426	Prat.g_00851
OG0000002	Prbm.g_01633	Prat.g_01286, Prat.g_01285
OG0000003	Prbm.g_00528	Prat.g_01473
OG0000004	Prbm.g_01140, Prbm.g_00433, Prbm.g_01231, Prbm.g_01313, Prbm.g_01384, Prbm.g_01814	Prat.g_01190
OG0000005	Prbm.g_01988, Prbm.g_00081, Prbm.g_01436, Prbm.g_00779	Prat.g_00824
OG0000006	Prbm.g_01359	Prat.g_00634
OG0000008	Prbm.g_00522	Prat.g_00458
OG0000008	Prbm.g_01841	Prat.g_01592
OG0000010	Prbm.g_00788, Prbm.g_00792	Prat.g_01180
OG0000013	Prbm.g_01400, Prbm.g_01235	Prat.g_01451
OG0000014	Prbm.g_00362	Prat.g_00314
OG0000014	Prbm.g_02126	Prat.g_01267
OG0000015	Prbm.g_00428	Prat.g_00374
OG0000016	Prbm.g_01149, Prbm.g_01427	Prat.g_00701
OG0000018	Prbm.g_00628	Prat.g_00560
OG0000019	Prbm.g_01415	Prat.g_01580, Prat.g_00639
OG0000019	Prbm.g_01164	Prat.g_00615
OG0000020	Prbm.g_01653	Prat.g_00647, Prat.g_01452
OG0000021	Prbm.g_01729	Prat.g_01375
OG0000022	Prbm.g_01588, Prbm.g_01236, Prbm.g_00302	Prat.g_00248
OG0000024	Prbm.g_01181	Prat.g_01489
OG0000025	Prbm.g_01151, Prbm.g_00709	Prat.g_00622
OG0000026	Prbm.g_01115, Prbm.g_01408, Prbm.g_01312, Prbm.g_00437, Prbm.g_01381, Prbm.g_01228	Prat.g_01191
OG0000027	Prbm.g_01908	Prat.g_00377
OG0000028	Prbm.g_01907	Prat.g_00376
OG0000029	Prbm.g_00778, Prbm.g_01921	Prat.g_00852
OG0000031	Prbm.g_02102	Prat.g_01796
OG0000032	Prbm.g_01947	Prat.g_01516
OG0000034	Prbm.g_01710	Prat.g_01352, Prat.g_01353
OG0000035	Prbm.g_01753	Prat.g_01400
OG0000036	Prbm.g_01065	Prat.g_01470
OG0000038	Prbm.g_00392, Prbm.g_01627	Prat.g_01266
OG0000039	Prbm.g_01944	Prat.g_01219
OG0000042	Prbm.g_02176	Prat.g_01841
OG0000043	Prbm.g_01482	Prat.g_00657
OG0000045	Prbm.g_01900	Prat.g_01507
OG0000046	Prbm.g_01204	Prat.g_01448, Prat.g_01192
OG0000047	Prbm.g_01549	Prat.g_01156
OG0000048	Prbm.g_00114	Prat.g_00058
OG0000049	Prbm.g_00881	Prat.g_01311
OG0000050	Prbm.g_00225	Prat.g_00166
OG0000051	Prbm.g_01284, Prbm.g_01297, Prbm.g_01444	Prat.g_00834
OG0000052	Prbm.g_01351	Prat.g_01552, Prat.g_00613
OG0000053	Prbm.g_00742	Prat.g_00788
OG0000054	Prbm.g_01834	Prat.g_01584
OG0000055	Prbm.g_02094	Prat.g_01788
OG0000056	Prbm.g_00031	Prat.g_00033
OG0000057	Prbm.g_00216	Prat.g_00157
OG0000058	Prbm.g_01237	Prat.g_00637
OG0000059	Prbm.g_00572	Prat.g_01499
OG0000060	Prbm.g_00755	Prat.g_00804
OG0000061	Prbm.g_00047	Prat.g_01503
OG0000062	Prbm.g_00838, Prbm.g_01191	Prat.g_01014
OG0000063	Prbm.g_00048	Prat.g_01463, Prat.g_00666
OG0000065	Prbm.g_00297	Prat.g_00242
OG0000066	Prbm.g_00500	Prat.g_00434
OG0000067	Prbm.g_00735	Prat.g_00775
OG0000070	Prbm.g_01064	Prat.g_00965
OG0000071	Prbm.g_01522	Prat.g_01129
OG0000072	Prbm.g_00468, Prbm.g_01611	Prat.g_01249
OG0000073	Prbm.g_01162	Prat.g_01579
OG0000074	Prbm.g_00707	Prat.g_00344
OG0000075	Prbm.g_02033	Prat.g_01726
OG0000076	Prbm.g_01747	Prat.g_01394
OG0000077	Prbm.g_00011	Prat.g_00012, Prat.g_00011
OG0000078	Prbm.g_00377	Prat.g_00329
OG0000079	Prbm.g_01389	Prat.g_01477
OG0000080	Prbm.g_00702	Prat.g_01054
OG0000081	Prbm.g_00728	Prat.g_00765
OG0000082	Prbm.g_00821	Prat.g_01030
OG0000083	Prbm.g_00906, Prbm.g_01173	Prat.g_01176
OG0000084	Prbm.g_00988	Prat.g_00896
OG0000085	Prbm.g_01210	Prat.g_01208
OG0000086	Prbm.g_01910	Prat.g_01561, Prat.g_01495
OG0000090	Prbm.g_00394	Prat.g_01312
OG0000091	Prbm.g_01718	Prat.g_01361
OG0000092	Prbm.g_01182	Prat.g_01539
OG0000093	Prbm.g_01973	Prat.g_01679
OG0000094	Prbm.g_02029	Prat.g_01722
OG0000095	Prbm.g_02067	Prat.g_01759
OG0000096	Prbm.g_02168	Prat.g_01833
OG0000097	Prbm.g_02188	Prat.g_01853
OG0000098	Prbm.g_00003	Prat.g_00003
OG0000099	Prbm.g_00023	Prat.g_01314, Prat.g_00024
OG0000100	Prbm.g_00063, Prbm.g_01170	Prat.g_00614
OG0000101	Prbm.g_00058	Prat.g_00054
OG0000102	Prbm.g_00172	Prat.g_00112
OG0000103	Prbm.g_00181	Prat.g_00121
OG0000104	Prbm.g_00198	Prat.g_00138
OG0000105	Prbm.g_00229	Prat.g_00171
OG0000106	Prbm.g_00243	Prat.g_00185
OG0000107	Prbm.g_00252	Prat.g_00194
OG0000108	Prbm.g_00262	Prat.g_00204
OG0000109	Prbm.g_00300	Prat.g_00245
OG0000110	Prbm.g_00310	Prat.g_00257
OG0000111	Prbm.g_00331	Prat.g_00281
OG0000112	Prbm.g_00341	Prat.g_00292
OG0000113	Prbm.g_00353	Prat.g_00305
OG0000114	Prbm.g_00380	Prat.g_00332
OG0000115	Prbm.g_00499	Prat.g_00433
OG0000116	Prbm.g_00501	Prat.g_00435
OG0000117	Prbm.g_00506	Prat.g_00440
OG0000118	Prbm.g_00533	Prat.g_00462
OG0000119	Prbm.g_00565	Prat.g_00494
OG0000120	Prbm.g_00566	Prat.g_00495
OG0000121	Prbm.g_00576	Prat.g_00504
OG0000122	Prbm.g_00585	Prat.g_00514, Prat.g_00513
OG0000123	Prbm.g_00615	Prat.g_00548
OG0000124	Prbm.g_00682	Prat.g_01073
OG0000125	Prbm.g_00683	Prat.g_01072
OG0000126	Prbm.g_00684	Prat.g_01071
OG0000127	Prbm.g_00723	Prat.g_00760
OG0000128	Prbm.g_00744	Prat.g_00790
OG0000129	Prbm.g_00766	Prat.g_00815
OG0000130	Prbm.g_00950	Prat.g_00856
OG0000131	Prbm.g_00812	Prat.g_01039
OG0000132	Prbm.g_00848	Prat.g_01004
OG0000133	Prbm.g_00946	Prat.g_00734
OG0000134	Prbm.g_00799	Prat.g_01053
OG0000135	Prbm.g_00992	Prat.g_00900
OG0000136	Prbm.g_01061	Prat.g_00962
OG0000137	Prbm.g_01913	Prat.g_01557
OG0000138	Prbm.g_01555	Prat.g_01161
OG0000139	Prbm.g_01542	Prat.g_01150
OG0000140	Prbm.g_01489	Prat.g_00595
OG0000141	Prbm.g_01054	Prat.g_01509
OG0000142	Prbm.g_01622	Prat.g_01261
OG0000143	Prbm.g_01660	Prat.g_01291
OG0000144	Prbm.g_01696	Prat.g_01338
OG0000145	Prbm.g_01711	Prat.g_01354
OG0000146	Prbm.g_01745	Prat.g_01392
OG0000147	Prbm.g_01791	Prat.g_01441
OG0000148	Prbm.g_01792	Prat.g_01442
OG0000149	Prbm.g_01839	Prat.g_01589
OG0000150	Prbm.g_01876	Prat.g_01377, Prat.g_01628
OG0000151	Prbm.g_01878	Prat.g_01631
OG0000152	Prbm.g_01898	Prat.g_01652
OG0000153	Prbm.g_01991	Prat.g_01685
OG0000154	Prbm.g_02027	Prat.g_01720
OG0000155	Prbm.g_01454, Prbm.g_02046	Prat.g_01739
OG0000156	Prbm.g_02079	Prat.g_01771
OG0000157	Prbm.g_02114	Prat.g_01806
OG0000158	Prbm.g_02212	Prat.g_01873
OG0000160	Prbm.g_00001	Prat.g_00001
OG0000161	Prbm.g_00002	Prat.g_00002
OG0000162	Prbm.g_00004	Prat.g_00004
OG0000163	Prbm.g_00005	Prat.g_00005
OG0000164	Prbm.g_00006	Prat.g_00006
OG0000165	Prbm.g_00007	Prat.g_00007
OG0000166	Prbm.g_00008	Prat.g_00008
OG0000167	Prbm.g_00009	Prat.g_00009
OG0000168	Prbm.g_00010	Prat.g_00010
OG0000169	Prbm.g_00012	Prat.g_00013
OG0000170	Prbm.g_00014	Prat.g_00015
OG0000171	Prbm.g_00015	Prat.g_00016
OG0000172	Prbm.g_00016	Prat.g_00017
OG0000173	Prbm.g_00017	Prat.g_00018
OG0000174	Prbm.g_00018	Prat.g_00019
OG0000175	Prbm.g_00019	Prat.g_00020
OG0000176	Prbm.g_00020	Prat.g_00021
OG0000177	Prbm.g_00021	Prat.g_00022
OG0000178	Prbm.g_00022	Prat.g_00023
OG0000179	Prbm.g_00024	Prat.g_00025
OG0000180	Prbm.g_00025	Prat.g_00026
OG0000181	Prbm.g_00026	Prat.g_00027
OG0000182	Prbm.g_00027	Prat.g_00028
OG0000183	Prbm.g_00028	Prat.g_00029
OG0000184	Prbm.g_00029	Prat.g_00031
OG0000185	Prbm.g_00032	Prat.g_00034
OG0000186	Prbm.g_00033	Prat.g_00036
OG0000187	Prbm.g_00034	Prat.g_00037
OG0000188	Prbm.g_00035	Prat.g_00038
OG0000189	Prbm.g_00049	Prat.g_00042
OG0000190	Prbm.g_00051	Prat.g_00044
OG0000191	Prbm.g_00052	Prat.g_00046
OG0000192	Prbm.g_00053	Prat.g_00047
OG0000193	Prbm.g_00054	Prat.g_00048
OG0000194	Prbm.g_00055	Prat.g_00051
OG0000195	Prbm.g_00056	Prat.g_00052
OG0000196	Prbm.g_00057	Prat.g_00053
OG0000197	Prbm.g_00059	Prat.g_00055
OG0000198	Prbm.g_00060	Prat.g_00056
OG0000199	Prbm.g_00061	Prat.g_00057
OG0000200	Prbm.g_00121	Prat.g_00060
OG0000201	Prbm.g_00122	Prat.g_00061
OG0000202	Prbm.g_00123	Prat.g_00062
OG0000203	Prbm.g_00126	Prat.g_00066
OG0000204	Prbm.g_00127	Prat.g_00067
OG0000205	Prbm.g_00130	Prat.g_00070
OG0000206	Prbm.g_00132	Prat.g_00072
OG0000207	Prbm.g_00134	Prat.g_00074
OG0000208	Prbm.g_00135	Prat.g_00075
OG0000209	Prbm.g_00136	Prat.g_01504
OG0000210	Prbm.g_00137	Prat.g_00076
OG0000211	Prbm.g_00138	Prat.g_00079
OG0000212	Prbm.g_00139	Prat.g_00080
OG0000213	Prbm.g_00140	Prat.g_00081
OG0000214	Prbm.g_00141	Prat.g_00082
OG0000215	Prbm.g_00142	Prat.g_00083
OG0000216	Prbm.g_00143	Prat.g_00084
OG0000217	Prbm.g_00145	Prat.g_00086
OG0000218	Prbm.g_00146	Prat.g_00087
OG0000219	Prbm.g_00147	Prat.g_00088
OG0000220	Prbm.g_00148	Prat.g_00089
OG0000221	Prbm.g_00151	Prat.g_00091
OG0000222	Prbm.g_00152	Prat.g_00092
OG0000223	Prbm.g_00153	Prat.g_00093
OG0000224	Prbm.g_00154	Prat.g_00094
OG0000225	Prbm.g_00155	Prat.g_00095
OG0000226	Prbm.g_00156	Prat.g_00096
OG0000227	Prbm.g_00158	Prat.g_00098
OG0000228	Prbm.g_00159	Prat.g_00099
OG0000229	Prbm.g_00160	Prat.g_00100
OG0000230	Prbm.g_00161	Prat.g_00101
OG0000231	Prbm.g_00162	Prat.g_00102
OG0000232	Prbm.g_00163	Prat.g_00103
OG0000233	Prbm.g_00164	Prat.g_00104
OG0000234	Prbm.g_00165	Prat.g_00105
OG0000235	Prbm.g_00166	Prat.g_00106
OG0000236	Prbm.g_00169	Prat.g_00109
OG0000237	Prbm.g_00170	Prat.g_00110
OG0000238	Prbm.g_00171	Prat.g_00111
OG0000239	Prbm.g_00173	Prat.g_00113
OG0000240	Prbm.g_00175	Prat.g_00114
OG0000241	Prbm.g_00176	Prat.g_00115
OG0000242	Prbm.g_00177	Prat.g_00116
OG0000243	Prbm.g_00179	Prat.g_00118
OG0000244	Prbm.g_00182	Prat.g_00122
OG0000245	Prbm.g_00183	Prat.g_00123
OG0000246	Prbm.g_00184	Prat.g_00124
OG0000247	Prbm.g_00187	Prat.g_00126
OG0000248	Prbm.g_00189	Prat.g_00128
OG0000249	Prbm.g_00191	Prat.g_00130
OG0000250	Prbm.g_00192	Prat.g_00131
OG0000251	Prbm.g_00193	Prat.g_00132
OG0000252	Prbm.g_00194	Prat.g_00133
OG0000253	Prbm.g_00195	Prat.g_00134
OG0000254	Prbm.g_01096	Prat.g_00601
OG0000255	Prbm.g_00196	Prat.g_00136
OG0000256	Prbm.g_00199	Prat.g_00139
OG0000257	Prbm.g_00202	Prat.g_00141
OG0000258	Prbm.g_00204	Prat.g_00144
OG0000259	Prbm.g_00205	Prat.g_00145
OG0000260	Prbm.g_00206	Prat.g_00146
OG0000261	Prbm.g_00207	Prat.g_00147
OG0000262	Prbm.g_00208	Prat.g_00148
OG0000263	Prbm.g_00210	Prat.g_00150
OG0000264	Prbm.g_00211	Prat.g_00151
OG0000265	Prbm.g_00212	Prat.g_00152
OG0000266	Prbm.g_00213	Prat.g_00153
OG0000267	Prbm.g_00214	Prat.g_00154
OG0000268	Prbm.g_00215	Prat.g_00156
OG0000269	Prbm.g_00217	Prat.g_00158
OG0000270	Prbm.g_00218	Prat.g_00159
OG0000271	Prbm.g_00219	Prat.g_00160
OG0000272	Prbm.g_00220	Prat.g_00161
OG0000273	Prbm.g_00221	Prat.g_00162
OG0000274	Prbm.g_00222	Prat.g_00163
OG0000275	Prbm.g_00223	Prat.g_00164
OG0000276	Prbm.g_00224	Prat.g_00165
OG0000277	Prbm.g_00226	Prat.g_00167
OG0000278	Prbm.g_00227	Prat.g_00169
OG0000279	Prbm.g_00228	Prat.g_00170
OG0000280	Prbm.g_00230	Prat.g_00172
OG0000281	Prbm.g_00232	Prat.g_00174
OG0000282	Prbm.g_00233	Prat.g_00175
OG0000283	Prbm.g_00234	Prat.g_00176
OG0000284	Prbm.g_00235	Prat.g_00177
OG0000285	Prbm.g_00236	Prat.g_00178
OG0000286	Prbm.g_00237	Prat.g_00179
OG0000287	Prbm.g_00238	Prat.g_00180
OG0000288	Prbm.g_00240	Prat.g_00182
OG0000289	Prbm.g_00241	Prat.g_00183
OG0000290	Prbm.g_00242	Prat.g_00184
OG0000291	Prbm.g_00244	Prat.g_00186
OG0000292	Prbm.g_00246	Prat.g_00188
OG0000293	Prbm.g_00247	Prat.g_00189
OG0000294	Prbm.g_00248	Prat.g_00190
OG0000295	Prbm.g_00249	Prat.g_00191
OG0000296	Prbm.g_00250	Prat.g_00192
OG0000297	Prbm.g_00251	Prat.g_00193
OG0000298	Prbm.g_00253	Prat.g_00195
OG0000299	Prbm.g_00254	Prat.g_00196
OG0000300	Prbm.g_00255	Prat.g_00197
OG0000301	Prbm.g_00256	Prat.g_00198
OG0000302	Prbm.g_00257	Prat.g_00199
OG0000303	Prbm.g_00258	Prat.g_00200
OG0000304	Prbm.g_00260	Prat.g_00202
OG0000305	Prbm.g_00261	Prat.g_00203
OG0000306	Prbm.g_00263	Prat.g_00206
OG0000307	Prbm.g_00264	Prat.g_00207
OG0000308	Prbm.g_00265	Prat.g_00208
OG0000309	Prbm.g_00266	Prat.g_00209
OG0000310	Prbm.g_00267	Prat.g_00210
OG0000311	Prbm.g_00268	Prat.g_00211
OG0000312	Prbm.g_00269	Prat.g_00212
OG0000313	Prbm.g_00270	Prat.g_00213
OG0000314	Prbm.g_00271	Prat.g_00214
OG0000315	Prbm.g_00272	Prat.g_00215
OG0000316	Prbm.g_00273	Prat.g_00216
OG0000317	Prbm.g_00274	Prat.g_00217
OG0000318	Prbm.g_00275	Prat.g_00218
OG0000319	Prbm.g_00276	Prat.g_00219
OG0000320	Prbm.g_00277	Prat.g_00220
OG0000321	Prbm.g_00278	Prat.g_00221
OG0000322	Prbm.g_00279	Prat.g_00222
OG0000323	Prbm.g_00280	Prat.g_00223
OG0000324	Prbm.g_00281	Prat.g_00224
OG0000325	Prbm.g_00282	Prat.g_00225
OG0000326	Prbm.g_00283	Prat.g_00226
OG0000327	Prbm.g_00284	Prat.g_00227
OG0000328	Prbm.g_00285	Prat.g_00229
OG0000329	Prbm.g_00286	Prat.g_00230
OG0000330	Prbm.g_00287	Prat.g_00231
OG0000331	Prbm.g_00288	Prat.g_00233
OG0000332	Prbm.g_00289	Prat.g_00234
OG0000333	Prbm.g_00290	Prat.g_00235
OG0000334	Prbm.g_00291	Prat.g_00236
OG0000335	Prbm.g_00293	Prat.g_00238
OG0000336	Prbm.g_00295	Prat.g_00240
OG0000337	Prbm.g_00296	Prat.g_00241
OG0000338	Prbm.g_00301	Prat.g_00246
OG0000339	Prbm.g_00303	Prat.g_00249
OG0000340	Prbm.g_00305	Prat.g_00250
OG0000341	Prbm.g_00306	Prat.g_00251
OG0000342	Prbm.g_00307	Prat.g_00252
OG0000343	Prbm.g_00308	Prat.g_00253
OG0000344	Prbm.g_00309	Prat.g_00256
OG0000345	Prbm.g_00312	Prat.g_00260
OG0000346	Prbm.g_00313	Prat.g_00261
OG0000347	Prbm.g_00317	Prat.g_00264
OG0000348	Prbm.g_00318	Prat.g_00266
OG0000349	Prbm.g_00319	Prat.g_00267
OG0000350	Prbm.g_00320	Prat.g_00269
OG0000351	Prbm.g_00321	Prat.g_00270
OG0000352	Prbm.g_00322	Prat.g_00271
OG0000353	Prbm.g_00323	Prat.g_00272
OG0000354	Prbm.g_00324	Prat.g_00273
OG0000355	Prbm.g_00325	Prat.g_00274
OG0000356	Prbm.g_00326	Prat.g_00275
OG0000357	Prbm.g_00327	Prat.g_00276
OG0000358	Prbm.g_00328	Prat.g_00277
OG0000359	Prbm.g_00330	Prat.g_00279
OG0000360	Prbm.g_00332	Prat.g_00282
OG0000361	Prbm.g_00333	Prat.g_00283
OG0000362	Prbm.g_00334	Prat.g_00284
OG0000363	Prbm.g_00335	Prat.g_00285
OG0000364	Prbm.g_00339	Prat.g_00290
OG0000365	Prbm.g_00340	Prat.g_00291
OG0000366	Prbm.g_00342	Prat.g_00293
OG0000367	Prbm.g_00343	Prat.g_00294
OG0000368	Prbm.g_00344	Prat.g_00295
OG0000369	Prbm.g_00345	Prat.g_00296
OG0000370	Prbm.g_00346	Prat.g_00297
OG0000371	Prbm.g_00347	Prat.g_00298
OG0000372	Prbm.g_00348	Prat.g_00299
OG0000373	Prbm.g_00349	Prat.g_00300
OG0000374	Prbm.g_00350	Prat.g_00302
OG0000375	Prbm.g_00351	Prat.g_00303
OG0000376	Prbm.g_00354	Prat.g_00306
OG0000377	Prbm.g_00355	Prat.g_00307
OG0000378	Prbm.g_00356	Prat.g_00308
OG0000379	Prbm.g_00357	Prat.g_00309
OG0000380	Prbm.g_00358	Prat.g_00310
OG0000381	Prbm.g_00359	Prat.g_00311
OG0000382	Prbm.g_00360	Prat.g_00312
OG0000383	Prbm.g_00361	Prat.g_00313
OG0000384	Prbm.g_00364	Prat.g_00315
OG0000385	Prbm.g_00365	Prat.g_00316
OG0000386	Prbm.g_00366	Prat.g_00317
OG0000387	Prbm.g_00367	Prat.g_00318
OG0000388	Prbm.g_00368	Prat.g_00319
OG0000389	Prbm.g_00369	Prat.g_00320
OG0000390	Prbm.g_00370	Prat.g_00321
OG0000391	Prbm.g_00371	Prat.g_00322
OG0000392	Prbm.g_00372	Prat.g_00323
OG0000393	Prbm.g_00373	Prat.g_00324
OG0000394	Prbm.g_00374	Prat.g_00325
OG0000395	Prbm.g_00375	Prat.g_00326
OG0000396	Prbm.g_00376	Prat.g_00328
OG0000397	Prbm.g_00378	Prat.g_00330
OG0000398	Prbm.g_00379	Prat.g_00331
OG0000399	Prbm.g_00382	Prat.g_00334
OG0000400	Prbm.g_00388	Prat.g_00340
OG0000401	Prbm.g_00768	Prat.g_00341
OG0000402	Prbm.g_00400	Prat.g_00348
OG0000403	Prbm.g_00402	Prat.g_00350
OG0000404	Prbm.g_00403	Prat.g_00351
OG0000405	Prbm.g_00404	Prat.g_00352
OG0000406	Prbm.g_00407	Prat.g_00355
OG0000407	Prbm.g_00408	Prat.g_00356
OG0000408	Prbm.g_00410	Prat.g_00359
OG0000409	Prbm.g_00411	Prat.g_00360
OG0000410	Prbm.g_00412	Prat.g_00361
OG0000411	Prbm.g_00413	Prat.g_00362
OG0000412	Prbm.g_00414	Prat.g_00363
OG0000413	Prbm.g_00415	Prat.g_00364
OG0000414	Prbm.g_00416	Prat.g_00365
OG0000415	Prbm.g_00417	Prat.g_00366
OG0000416	Prbm.g_00422	Prat.g_00369
OG0000417	Prbm.g_00423	Prat.g_00370
OG0000418	Prbm.g_00425	Prat.g_00372
OG0000419	Prbm.g_00426	Prat.g_00373
OG0000420	Prbm.g_00866	Prat.g_00985
OG0000421	Prbm.g_01088	Prat.g_01203
OG0000422	Prbm.g_01121	Prat.g_01469
OG0000423	Prbm.g_01353	Prat.g_00671
OG0000424	Prbm.g_01949	Prat.g_01656
OG0000425	Prbm.g_00440	Prat.g_00390
OG0000426	Prbm.g_00441	Prat.g_00391
OG0000427	Prbm.g_00442	Prat.g_00392
OG0000428	Prbm.g_00445	Prat.g_00395
OG0000429	Prbm.g_00446	Prat.g_00396
OG0000430	Prbm.g_00448	Prat.g_00398
OG0000431	Prbm.g_00449	Prat.g_00399
OG0000432	Prbm.g_00450	Prat.g_00400
OG0000433	Prbm.g_00451	Prat.g_00401
OG0000434	Prbm.g_00452	Prat.g_00403
OG0000435	Prbm.g_00453	Prat.g_00404
OG0000436	Prbm.g_00454	Prat.g_00405
OG0000437	Prbm.g_00455	Prat.g_00406
OG0000438	Prbm.g_00456	Prat.g_00407
OG0000439	Prbm.g_00457	Prat.g_00408
OG0000440	Prbm.g_00458	Prat.g_00410
OG0000441	Prbm.g_00459	Prat.g_00411
OG0000442	Prbm.g_00460	Prat.g_00412
OG0000443	Prbm.g_00461	Prat.g_00413
OG0000444	Prbm.g_00462	Prat.g_00414
OG0000445	Prbm.g_00480	Prat.g_00415
OG0000446	Prbm.g_00482	Prat.g_00417
OG0000447	Prbm.g_00483	Prat.g_00418
OG0000448	Prbm.g_00484	Prat.g_00419
OG0000449	Prbm.g_00490	Prat.g_00424
OG0000450	Prbm.g_00491	Prat.g_00425
OG0000451	Prbm.g_00492	Prat.g_00426
OG0000452	Prbm.g_00494	Prat.g_00428
OG0000453	Prbm.g_00495	Prat.g_00429
OG0000454	Prbm.g_00497	Prat.g_00430
OG0000455	Prbm.g_00498	Prat.g_00432
OG0000456	Prbm.g_00502	Prat.g_00436
OG0000457	Prbm.g_00504	Prat.g_00438
OG0000458	Prbm.g_00505	Prat.g_00439
OG0000459	Prbm.g_00507	Prat.g_00441
OG0000460	Prbm.g_00509	Prat.g_00443
OG0000461	Prbm.g_00510	Prat.g_00444
OG0000462	Prbm.g_00511	Prat.g_00445
OG0000463	Prbm.g_00512	Prat.g_00447
OG0000464	Prbm.g_00513	Prat.g_00448
OG0000465	Prbm.g_00514	Prat.g_00449
OG0000466	Prbm.g_00515	Prat.g_00450
OG0000467	Prbm.g_00516	Prat.g_00451
OG0000468	Prbm.g_00517	Prat.g_00453
OG0000469	Prbm.g_00518	Prat.g_00454
OG0000470	Prbm.g_00519	Prat.g_00455
OG0000471	Prbm.g_00520	Prat.g_00456
OG0000472	Prbm.g_00534	Prat.g_00463
OG0000473	Prbm.g_00535	Prat.g_00464
OG0000474	Prbm.g_00536	Prat.g_00465
OG0000475	Prbm.g_00537	Prat.g_00466
OG0000476	Prbm.g_00539	Prat.g_00468
OG0000477	Prbm.g_00540	Prat.g_00469
OG0000478	Prbm.g_00541	Prat.g_00470
OG0000479	Prbm.g_00542	Prat.g_00471
OG0000480	Prbm.g_00544	Prat.g_00473
OG0000481	Prbm.g_00546	Prat.g_00475
OG0000482	Prbm.g_00547	Prat.g_00476
OG0000483	Prbm.g_00549	Prat.g_00478
OG0000484	Prbm.g_00550	Prat.g_00479
OG0000485	Prbm.g_00551	Prat.g_00480
OG0000486	Prbm.g_00553	Prat.g_00482
OG0000487	Prbm.g_00557	Prat.g_00486
OG0000488	Prbm.g_00558	Prat.g_00487
OG0000489	Prbm.g_00559	Prat.g_00488
OG0000490	Prbm.g_00560	Prat.g_00489
OG0000491	Prbm.g_00561	Prat.g_00490
OG0000492	Prbm.g_00562	Prat.g_00491
OG0000493	Prbm.g_00563	Prat.g_00492
OG0000494	Prbm.g_00564	Prat.g_00493
OG0000495	Prbm.g_00567	Prat.g_00496
OG0000496	Prbm.g_00568	Prat.g_00497
OG0000497	Prbm.g_00569	Prat.g_00498
OG0000498	Prbm.g_00570	Prat.g_00499
OG0000499	Prbm.g_00571	Prat.g_00500
OG0000500	Prbm.g_00573	Prat.g_00501
OG0000501	Prbm.g_00574	Prat.g_00502
OG0000502	Prbm.g_00575	Prat.g_00503
OG0000503	Prbm.g_00577	Prat.g_00505
OG0000504	Prbm.g_00578	Prat.g_00506
OG0000505	Prbm.g_00579	Prat.g_00507
OG0000506	Prbm.g_00580	Prat.g_00508
OG0000507	Prbm.g_00581	Prat.g_00509
OG0000508	Prbm.g_00582	Prat.g_00510
OG0000509	Prbm.g_00583	Prat.g_00511
OG0000510	Prbm.g_00584	Prat.g_00512
OG0000511	Prbm.g_00586	Prat.g_00515
OG0000512	Prbm.g_00587	Prat.g_00516
OG0000513	Prbm.g_00588	Prat.g_00517
OG0000514	Prbm.g_00589	Prat.g_00518
OG0000515	Prbm.g_00590	Prat.g_00519
OG0000516	Prbm.g_00591	Prat.g_00520
OG0000517	Prbm.g_00593	Prat.g_00522
OG0000518	Prbm.g_00594	Prat.g_00523
OG0000519	Prbm.g_00595	Prat.g_00525
OG0000520	Prbm.g_00596	Prat.g_00527
OG0000521	Prbm.g_00597	Prat.g_00528
OG0000522	Prbm.g_00598	Prat.g_00529
OG0000523	Prbm.g_00599	Prat.g_00530
OG0000524	Prbm.g_00600	Prat.g_00531
OG0000525	Prbm.g_00601	Prat.g_00532
OG0000526	Prbm.g_00602	Prat.g_00533
OG0000527	Prbm.g_00603	Prat.g_00534
OG0000528	Prbm.g_00604	Prat.g_00536
OG0000529	Prbm.g_00605	Prat.g_00537
OG0000530	Prbm.g_00606	Prat.g_00538
OG0000531	Prbm.g_00607	Prat.g_00539
OG0000532	Prbm.g_00608	Prat.g_00540
OG0000533	Prbm.g_00609	Prat.g_00542
OG0000534	Prbm.g_00610	Prat.g_00543
OG0000535	Prbm.g_00611	Prat.g_00544
OG0000536	Prbm.g_00612	Prat.g_00545
OG0000537	Prbm.g_00613	Prat.g_00546
OG0000538	Prbm.g_00614	Prat.g_00547
OG0000539	Prbm.g_00616	Prat.g_00549
OG0000540	Prbm.g_00617	Prat.g_00550
OG0000541	Prbm.g_00618	Prat.g_00551
OG0000542	Prbm.g_00620	Prat.g_00553
OG0000543	Prbm.g_00621	Prat.g_00554
OG0000544	Prbm.g_00624	Prat.g_00555
OG0000545	Prbm.g_00623	Prat.g_00556
OG0000546	Prbm.g_00625	Prat.g_00557
OG0000547	Prbm.g_00626	Prat.g_00558
OG0000548	Prbm.g_00627	Prat.g_00559
OG0000549	Prbm.g_00629	Prat.g_00561
OG0000550	Prbm.g_00630	Prat.g_00562
OG0000551	Prbm.g_00631	Prat.g_00563
OG0000552	Prbm.g_00632	Prat.g_00564
OG0000553	Prbm.g_00633	Prat.g_00565
OG0000554	Prbm.g_00634	Prat.g_00566
OG0000555	Prbm.g_00636	Prat.g_00568
OG0000556	Prbm.g_00637	Prat.g_00569
OG0000557	Prbm.g_00638	Prat.g_00570
OG0000558	Prbm.g_00639	Prat.g_00571
OG0000559	Prbm.g_00640	Prat.g_00572
OG0000560	Prbm.g_00641	Prat.g_00573
OG0000561	Prbm.g_00642	Prat.g_00574
OG0000562	Prbm.g_00643	Prat.g_00575
OG0000563	Prbm.g_00644	Prat.g_00576
OG0000564	Prbm.g_00645	Prat.g_00577
OG0000565	Prbm.g_00646	Prat.g_00579
OG0000566	Prbm.g_00647	Prat.g_00580
OG0000567	Prbm.g_00648	Prat.g_00581
OG0000568	Prbm.g_00649	Prat.g_00582
OG0000569	Prbm.g_00652	Prat.g_00584
OG0000570	Prbm.g_00653	Prat.g_00585
OG0000571	Prbm.g_00654	Prat.g_00587
OG0000572	Prbm.g_00656	Prat.g_00589
OG0000573	Prbm.g_00657	Prat.g_00590
OG0000574	Prbm.g_00658	Prat.g_00591
OG0000575	Prbm.g_00659	Prat.g_00592
OG0000576	Prbm.g_00660	Prat.g_00593
OG0000577	Prbm.g_00661	Prat.g_01097
OG0000578	Prbm.g_00662	Prat.g_01095
OG0000579	Prbm.g_00663	Prat.g_01094
OG0000580	Prbm.g_00664	Prat.g_01093
OG0000581	Prbm.g_00665	Prat.g_01091
OG0000582	Prbm.g_00666	Prat.g_01090
OG0000583	Prbm.g_00667	Prat.g_01089
OG0000584	Prbm.g_00669	Prat.g_01087
OG0000585	Prbm.g_00670	Prat.g_01086
OG0000586	Prbm.g_00671	Prat.g_01084
OG0000587	Prbm.g_00672	Prat.g_01083
OG0000588	Prbm.g_00673	Prat.g_01082
OG0000589	Prbm.g_00674	Prat.g_01081
OG0000590	Prbm.g_00675	Prat.g_01080
OG0000591	Prbm.g_00676	Prat.g_01079
OG0000592	Prbm.g_00677	Prat.g_01078
OG0000593	Prbm.g_00678	Prat.g_01077
OG0000594	Prbm.g_00679	Prat.g_01076
OG0000595	Prbm.g_00680	Prat.g_01075
OG0000596	Prbm.g_00681	Prat.g_01074
OG0000597	Prbm.g_00685	Prat.g_01070
OG0000598	Prbm.g_00686	Prat.g_01069
OG0000599	Prbm.g_00687	Prat.g_01068
OG0000600	Prbm.g_00688	Prat.g_01067
OG0000601	Prbm.g_00689	Prat.g_01066
OG0000602	Prbm.g_00690	Prat.g_01065
OG0000603	Prbm.g_00691	Prat.g_01064
OG0000604	Prbm.g_00692	Prat.g_01063
OG0000605	Prbm.g_00693	Prat.g_01062
OG0000606	Prbm.g_00694	Prat.g_01061
OG0000607	Prbm.g_00696	Prat.g_01059
OG0000608	Prbm.g_00697	Prat.g_01058
OG0000609	Prbm.g_00699	Prat.g_01056
OG0000610	Prbm.g_00700	Prat.g_01055
OG0000611	Prbm.g_00703	Prat.g_00744
OG0000612	Prbm.g_00704	Prat.g_00745
OG0000613	Prbm.g_00706	Prat.g_00747
OG0000614	Prbm.g_00713	Prat.g_00752
OG0000615	Prbm.g_00714	Prat.g_00753
OG0000616	Prbm.g_00716	Prat.g_00754
OG0000617	Prbm.g_00719	Prat.g_00757
OG0000618	Prbm.g_00720	Prat.g_00758
OG0000619	Prbm.g_00722	Prat.g_00759
OG0000620	Prbm.g_00724	Prat.g_00761
OG0000621	Prbm.g_00725	Prat.g_00762
OG0000622	Prbm.g_00726	Prat.g_00763
OG0000623	Prbm.g_00727	Prat.g_00764
OG0000624	Prbm.g_00730	Prat.g_00767
OG0000625	Prbm.g_00731	Prat.g_00768
OG0000626	Prbm.g_00732	Prat.g_00769
OG0000627	Prbm.g_01483	Prat.g_00772
OG0000628	Prbm.g_00733	Prat.g_00773
OG0000629	Prbm.g_00734	Prat.g_00774
OG0000630	Prbm.g_00736	Prat.g_00776
OG0000631	Prbm.g_00737	Prat.g_00777
OG0000632	Prbm.g_02220	Prat.g_01882
OG0000633	Prbm.g_01326	Prat.g_00826
OG0000634	Prbm.g_00743	Prat.g_00789
OG0000635	Prbm.g_00745	Prat.g_00791
OG0000636	Prbm.g_00746	Prat.g_00792
OG0000637	Prbm.g_00748	Prat.g_00797
OG0000638	Prbm.g_00749	Prat.g_00798
OG0000639	Prbm.g_00750	Prat.g_00799
OG0000640	Prbm.g_00751	Prat.g_00800
OG0000641	Prbm.g_00752	Prat.g_00801
OG0000642	Prbm.g_00753	Prat.g_00802
OG0000643	Prbm.g_00754	Prat.g_00803
OG0000644	Prbm.g_00756	Prat.g_00805
OG0000645	Prbm.g_00758	Prat.g_00807
OG0000646	Prbm.g_00759	Prat.g_00808
OG0000647	Prbm.g_00760	Prat.g_00809
OG0000648	Prbm.g_00762	Prat.g_00811
OG0000649	Prbm.g_00763	Prat.g_00812
OG0000650	Prbm.g_00764	Prat.g_00813
OG0000651	Prbm.g_00765	Prat.g_00814
OG0000652	Prbm.g_00767	Prat.g_00816
OG0000653	Prbm.g_00091	Prat.g_01225
OG0000654	Prbm.g_00111	Prat.g_01486
OG0000655	Prbm.g_01485	Prat.g_00600
OG0000656	Prbm.g_01094	Prat.g_01472
OG0000657	Prbm.g_00980	Prat.g_00888
OG0000658	Prbm.g_00979	Prat.g_00887
OG0000659	Prbm.g_00978	Prat.g_00886
OG0000660	Prbm.g_00395	Prat.g_00345
OG0000661	Prbm.g_00955	Prat.g_00859
OG0000662	Prbm.g_00957	Prat.g_00863
OG0000663	Prbm.g_00959	Prat.g_00865
OG0000664	Prbm.g_00960	Prat.g_00866
OG0000665	Prbm.g_00961	Prat.g_00867
OG0000666	Prbm.g_00808	Prat.g_01043
OG0000667	Prbm.g_00809	Prat.g_01042
OG0000668	Prbm.g_00810	Prat.g_01041
OG0000669	Prbm.g_00811	Prat.g_01040
OG0000670	Prbm.g_00813	Prat.g_01038
OG0000671	Prbm.g_00814	Prat.g_01037
OG0000672	Prbm.g_00815	Prat.g_01036
OG0000673	Prbm.g_00816	Prat.g_01035
OG0000674	Prbm.g_00817	Prat.g_01034
OG0000675	Prbm.g_00818	Prat.g_01033
OG0000676	Prbm.g_00820	Prat.g_01031
OG0000677	Prbm.g_00822	Prat.g_01029
OG0000678	Prbm.g_00823	Prat.g_01028
OG0000679	Prbm.g_00824	Prat.g_01027
OG0000680	Prbm.g_00825	Prat.g_01026
OG0000681	Prbm.g_00826	Prat.g_01025
OG0000682	Prbm.g_00827	Prat.g_01024
OG0000683	Prbm.g_00829	Prat.g_01023
OG0000684	Prbm.g_00831	Prat.g_01021
OG0000685	Prbm.g_00832	Prat.g_01020
OG0000686	Prbm.g_00833	Prat.g_01019
OG0000687	Prbm.g_00834	Prat.g_01018
OG0000688	Prbm.g_00835	Prat.g_01017
OG0000689	Prbm.g_00836	Prat.g_01016
OG0000690	Prbm.g_00837	Prat.g_01015
OG0000691	Prbm.g_00839	Prat.g_01013
OG0000692	Prbm.g_00840	Prat.g_01012
OG0000693	Prbm.g_00841	Prat.g_01011
OG0000694	Prbm.g_00842	Prat.g_01010
OG0000695	Prbm.g_00843	Prat.g_01009
OG0000696	Prbm.g_00844	Prat.g_01008
OG0000697	Prbm.g_00845	Prat.g_01007
OG0000698	Prbm.g_00846	Prat.g_01006
OG0000699	Prbm.g_00849	Prat.g_01003
OG0000700	Prbm.g_00850	Prat.g_01002
OG0000701	Prbm.g_00852	Prat.g_01001
OG0000702	Prbm.g_00853	Prat.g_01000
OG0000703	Prbm.g_00854	Prat.g_00999
OG0000704	Prbm.g_00855	Prat.g_00998
OG0000705	Prbm.g_00857	Prat.g_00996
OG0000706	Prbm.g_00858	Prat.g_00995
OG0000707	Prbm.g_00859	Prat.g_00994
OG0000708	Prbm.g_00860	Prat.g_00993
OG0000709	Prbm.g_00861	Prat.g_00992
OG0000710	Prbm.g_00862	Prat.g_00991
OG0000711	Prbm.g_00863	Prat.g_00990
OG0000712	Prbm.g_00864	Prat.g_00989
OG0000713	Prbm.g_00865	Prat.g_00988
OG0000714	Prbm.g_00867	Prat.g_00984
OG0000715	Prbm.g_00868	Prat.g_00983
OG0000716	Prbm.g_00869	Prat.g_00982
OG0000717	Prbm.g_00870	Prat.g_00981
OG0000718	Prbm.g_00871	Prat.g_00980
OG0000719	Prbm.g_00873	Prat.g_00978
OG0000720	Prbm.g_00877	Prat.g_00974
OG0000721	Prbm.g_00878	Prat.g_00973
OG0000722	Prbm.g_00911	Prat.g_00694
OG0000723	Prbm.g_00914	Prat.g_00699
OG0000724	Prbm.g_00919	Prat.g_00705
OG0000725	Prbm.g_00921	Prat.g_00707
OG0000726	Prbm.g_00922	Prat.g_00708
OG0000727	Prbm.g_00923	Prat.g_00709
OG0000728	Prbm.g_00924	Prat.g_00710
OG0000729	Prbm.g_00926	Prat.g_00712
OG0000730	Prbm.g_00927	Prat.g_00713
OG0000731	Prbm.g_00929	Prat.g_00716
OG0000732	Prbm.g_00930	Prat.g_00717
OG0000733	Prbm.g_00931	Prat.g_00718
OG0000734	Prbm.g_00932	Prat.g_00719
OG0000735	Prbm.g_00933	Prat.g_00720
OG0000736	Prbm.g_00935	Prat.g_00722
OG0000737	Prbm.g_00936	Prat.g_00723
OG0000738	Prbm.g_00939	Prat.g_00725
OG0000739	Prbm.g_00940	Prat.g_00726
OG0000740	Prbm.g_00941	Prat.g_00728
OG0000741	Prbm.g_00943	Prat.g_00730
OG0000742	Prbm.g_00944	Prat.g_00731
OG0000743	Prbm.g_00947	Prat.g_00735
OG0000744	Prbm.g_00948	Prat.g_00736
OG0000745	Prbm.g_00793	Prat.g_00738
OG0000746	Prbm.g_00794	Prat.g_00739
OG0000747	Prbm.g_00795	Prat.g_00740
OG0000748	Prbm.g_00796	Prat.g_00741
OG0000749	Prbm.g_00797	Prat.g_00742
OG0000750	Prbm.g_00798	Prat.g_00743
OG0000751	Prbm.g_00800	Prat.g_01051
OG0000752	Prbm.g_00801	Prat.g_01050
OG0000753	Prbm.g_00802	Prat.g_01049
OG0000754	Prbm.g_00803	Prat.g_01048
OG0000755	Prbm.g_00805	Prat.g_01046
OG0000756	Prbm.g_00806	Prat.g_01045
OG0000757	Prbm.g_00807	Prat.g_01044
OG0000758	Prbm.g_00962	Prat.g_00868
OG0000759	Prbm.g_00963	Prat.g_00869
OG0000760	Prbm.g_00964	Prat.g_00870
OG0000761	Prbm.g_00965	Prat.g_00871
OG0000762	Prbm.g_00967	Prat.g_00873
OG0000763	Prbm.g_00968	Prat.g_00874
OG0000764	Prbm.g_00969	Prat.g_00876
OG0000765	Prbm.g_00970	Prat.g_00877
OG0000766	Prbm.g_00971	Prat.g_00878
OG0000767	Prbm.g_00972	Prat.g_00879
OG0000768	Prbm.g_00973	Prat.g_00880
OG0000769	Prbm.g_00974	Prat.g_00881
OG0000770	Prbm.g_00975	Prat.g_00883
OG0000771	Prbm.g_00976	Prat.g_00884
OG0000772	Prbm.g_00889	Prat.g_00944
OG0000773	Prbm.g_00981	Prat.g_00889
OG0000774	Prbm.g_00982	Prat.g_00890
OG0000775	Prbm.g_00983	Prat.g_00891
OG0000776	Prbm.g_00985	Prat.g_00893
OG0000777	Prbm.g_00986	Prat.g_00894
OG0000778	Prbm.g_00987	Prat.g_00895
OG0000779	Prbm.g_00989	Prat.g_00897
OG0000780	Prbm.g_00990	Prat.g_00898
OG0000781	Prbm.g_00991	Prat.g_00899
OG0000782	Prbm.g_00993	Prat.g_00901
OG0000783	Prbm.g_00994	Prat.g_00902
OG0000784	Prbm.g_00995	Prat.g_00903
OG0000785	Prbm.g_00996	Prat.g_00904
OG0000786	Prbm.g_00997	Prat.g_00905
OG0000787	Prbm.g_00999	Prat.g_00907
OG0000788	Prbm.g_01000	Prat.g_00908
OG0000789	Prbm.g_01001	Prat.g_00909
OG0000790	Prbm.g_01002	Prat.g_00910
OG0000791	Prbm.g_01003	Prat.g_00911
OG0000792	Prbm.g_00102	Prat.g_00912
OG0000793	Prbm.g_01004	Prat.g_00913
OG0000794	Prbm.g_01005	Prat.g_00914
OG0000795	Prbm.g_01006	Prat.g_00915
OG0000796	Prbm.g_01007	Prat.g_00916
OG0000797	Prbm.g_01009	Prat.g_00917
OG0000798	Prbm.g_01010	Prat.g_00918
OG0000799	Prbm.g_01011	Prat.g_00919
OG0000800	Prbm.g_01012	Prat.g_00920
OG0000801	Prbm.g_01013	Prat.g_00921
OG0000802	Prbm.g_01014	Prat.g_00923
OG0000803	Prbm.g_01015	Prat.g_00924
OG0000804	Prbm.g_01031	Prat.g_00929
OG0000805	Prbm.g_01032	Prat.g_00931
OG0000806	Prbm.g_01033	Prat.g_00932
OG0000807	Prbm.g_01034	Prat.g_00933
OG0000808	Prbm.g_01035	Prat.g_00934
OG0000809	Prbm.g_01039	Prat.g_00939
OG0000810	Prbm.g_01041	Prat.g_00941
OG0000811	Prbm.g_01042	Prat.g_00942
OG0000812	Prbm.g_00888	Prat.g_00943
OG0000813	Prbm.g_01043	Prat.g_00946
OG0000814	Prbm.g_01044	Prat.g_00947
OG0000815	Prbm.g_01045	Prat.g_00948
OG0000816	Prbm.g_01048	Prat.g_00951
OG0000817	Prbm.g_01052	Prat.g_00955
OG0000818	Prbm.g_01053	Prat.g_00956
OG0000819	Prbm.g_01056	Prat.g_00957
OG0000820	Prbm.g_01057	Prat.g_00958
OG0000821	Prbm.g_01058	Prat.g_00959
OG0000822	Prbm.g_01059	Prat.g_00960
OG0000823	Prbm.g_01062	Prat.g_00963
OG0000824	Prbm.g_01063	Prat.g_00964
OG0000825	Prbm.g_00887	Prat.g_00966
OG0000826	Prbm.g_00886	Prat.g_00967
OG0000827	Prbm.g_00885	Prat.g_00968
OG0000828	Prbm.g_00883	Prat.g_00970
OG0000829	Prbm.g_00894	Prat.g_01204
OG0000830	Prbm.g_01103	Prat.g_01479
OG0000831	Prbm.g_01085	Prat.g_01197
OG0000832	Prbm.g_01806	Prat.g_01480
OG0000833	Prbm.g_02104	Prat.g_01214
OG0000834	Prbm.g_00398	Prat.g_01199
OG0000835	Prbm.g_00406	Prat.g_00354
OG0000836	Prbm.g_01803	Prat.g_01373
OG0000837	Prbm.g_01079	Prat.g_01211
OG0000838	Prbm.g_01911	Prat.g_01560
OG0000839	Prbm.g_01912	Prat.g_01559
OG0000840	Prbm.g_01123	Prat.g_01175
OG0000841	Prbm.g_01571	Prat.g_01177
OG0000842	Prbm.g_01565	Prat.g_01171
OG0000843	Prbm.g_01563	Prat.g_01169
OG0000844	Prbm.g_01562	Prat.g_01168
OG0000845	Prbm.g_01561	Prat.g_01167
OG0000846	Prbm.g_01560	Prat.g_01166
OG0000847	Prbm.g_01559	Prat.g_01165
OG0000848	Prbm.g_01558	Prat.g_01164
OG0000849	Prbm.g_01557	Prat.g_01163
OG0000850	Prbm.g_01556	Prat.g_01162
OG0000851	Prbm.g_01553	Prat.g_01159
OG0000852	Prbm.g_01550	Prat.g_01157
OG0000853	Prbm.g_01548	Prat.g_01155
OG0000854	Prbm.g_01547	Prat.g_01154
OG0000855	Prbm.g_01545	Prat.g_01153
OG0000856	Prbm.g_01544	Prat.g_01152
OG0000857	Prbm.g_01543	Prat.g_01151
OG0000858	Prbm.g_01540	Prat.g_01148
OG0000859	Prbm.g_01539	Prat.g_01147
OG0000860	Prbm.g_01538	Prat.g_01146
OG0000861	Prbm.g_01537	Prat.g_01145
OG0000862	Prbm.g_01536	Prat.g_01144
OG0000863	Prbm.g_01534	Prat.g_01142
OG0000864	Prbm.g_01533	Prat.g_01141
OG0000865	Prbm.g_01532	Prat.g_01140
OG0000866	Prbm.g_01531	Prat.g_01139
OG0000867	Prbm.g_01529	Prat.g_01136
OG0000868	Prbm.g_01527	Prat.g_01135
OG0000869	Prbm.g_01525	Prat.g_01134
OG0000870	Prbm.g_01524	Prat.g_01131
OG0000871	Prbm.g_01523	Prat.g_01130
OG0000872	Prbm.g_01520	Prat.g_01128
OG0000873	Prbm.g_01519	Prat.g_01127
OG0000874	Prbm.g_01518	Prat.g_01126
OG0000875	Prbm.g_01516	Prat.g_01124
OG0000876	Prbm.g_01514	Prat.g_01123
OG0000877	Prbm.g_01513	Prat.g_01122
OG0000878	Prbm.g_01512	Prat.g_01121
OG0000879	Prbm.g_01511	Prat.g_01120
OG0000880	Prbm.g_01510	Prat.g_01119
OG0000881	Prbm.g_01509	Prat.g_01118
OG0000882	Prbm.g_01508	Prat.g_01117
OG0000883	Prbm.g_01507	Prat.g_01116
OG0000884	Prbm.g_01506	Prat.g_01115
OG0000885	Prbm.g_01505	Prat.g_01114
OG0000886	Prbm.g_01504	Prat.g_01113
OG0000887	Prbm.g_01503	Prat.g_01112
OG0000888	Prbm.g_01502	Prat.g_01111
OG0000889	Prbm.g_01501	Prat.g_01110
OG0000890	Prbm.g_01500	Prat.g_01108
OG0000891	Prbm.g_01499	Prat.g_01107
OG0000892	Prbm.g_01498	Prat.g_01106
OG0000893	Prbm.g_01497	Prat.g_01105
OG0000894	Prbm.g_01496	Prat.g_01104
OG0000895	Prbm.g_01495	Prat.g_01103
OG0000896	Prbm.g_01494	Prat.g_01101
OG0000897	Prbm.g_01493	Prat.g_01100
OG0000898	Prbm.g_01492	Prat.g_01099
OG0000899	Prbm.g_01491	Prat.g_01098
OG0000900	Prbm.g_01490	Prat.g_00594
OG0000901	Prbm.g_01356	Prat.g_00626
OG0000902	Prbm.g_01600	Prat.g_01238
OG0000903	Prbm.g_01601	Prat.g_01239
OG0000904	Prbm.g_01602	Prat.g_01240
OG0000905	Prbm.g_01603	Prat.g_01241
OG0000906	Prbm.g_01605	Prat.g_01242
OG0000907	Prbm.g_01606	Prat.g_01244
OG0000908	Prbm.g_01607	Prat.g_01245
OG0000909	Prbm.g_01608	Prat.g_01246
OG0000910	Prbm.g_01609	Prat.g_01247
OG0000911	Prbm.g_01610	Prat.g_01248
OG0000912	Prbm.g_01613	Prat.g_01251
OG0000913	Prbm.g_01614	Prat.g_01252
OG0000914	Prbm.g_01615	Prat.g_01253
OG0000915	Prbm.g_01616	Prat.g_01255
OG0000916	Prbm.g_01617	Prat.g_01256
OG0000917	Prbm.g_01618	Prat.g_01257
OG0000918	Prbm.g_01619	Prat.g_01258
OG0000919	Prbm.g_01620	Prat.g_01259
OG0000920	Prbm.g_01621	Prat.g_01260
OG0000921	Prbm.g_01624	Prat.g_01263
OG0000922	Prbm.g_01625	Prat.g_01264
OG0000923	Prbm.g_01630	Prat.g_01282
OG0000924	Prbm.g_01594, Prbm.g_01631	Prat.g_01283
OG0000925	Prbm.g_01634	Prat.g_01287
OG0000926	Prbm.g_00777	Prat.g_01471
OG0000927	Prbm.g_01573	Prat.g_01178
OG0000928	Prbm.g_01051	Prat.g_01455
OG0000929	Prbm.g_01812	Prat.g_01200
OG0000930	Prbm.g_01658	Prat.g_01181
OG0000931	Prbm.g_00875	Prat.g_00976
OG0000932	Prbm.g_01176	Prat.g_01228
OG0000933	Prbm.g_01662	Prat.g_01293
OG0000934	Prbm.g_01663	Prat.g_01294
OG0000935	Prbm.g_01664	Prat.g_01295
OG0000936	Prbm.g_01665	Prat.g_01296
OG0000937	Prbm.g_01666	Prat.g_01297
OG0000938	Prbm.g_01667	Prat.g_01298
OG0000939	Prbm.g_01668	Prat.g_01299
OG0000940	Prbm.g_01669	Prat.g_01300
OG0000941	Prbm.g_01670	Prat.g_01301
OG0000942	Prbm.g_01671	Prat.g_01302
OG0000943	Prbm.g_01672	Prat.g_01303
OG0000944	Prbm.g_01673	Prat.g_01304
OG0000945	Prbm.g_01674	Prat.g_01305
OG0000946	Prbm.g_01675	Prat.g_01306
OG0000947	Prbm.g_01676	Prat.g_01307
OG0000948	Prbm.g_01677	Prat.g_01308
OG0000949	Prbm.g_01678	Prat.g_01309
OG0000950	Prbm.g_02077	Prat.g_01769
OG0000951	Prbm.g_01691	Prat.g_01333
OG0000952	Prbm.g_01692	Prat.g_01334
OG0000953	Prbm.g_01693	Prat.g_01335
OG0000954	Prbm.g_01694	Prat.g_01336
OG0000955	Prbm.g_01695	Prat.g_01337
OG0000956	Prbm.g_01697	Prat.g_01339
OG0000957	Prbm.g_01698	Prat.g_01340
OG0000958	Prbm.g_01699	Prat.g_01341
OG0000959	Prbm.g_01700	Prat.g_01342
OG0000960	Prbm.g_01701	Prat.g_01343
OG0000961	Prbm.g_01702	Prat.g_01344
OG0000962	Prbm.g_01703	Prat.g_01345
OG0000963	Prbm.g_01704	Prat.g_01346
OG0000964	Prbm.g_01706	Prat.g_01348
OG0000965	Prbm.g_01708	Prat.g_01350
OG0000966	Prbm.g_01709	Prat.g_01351
OG0000967	Prbm.g_01712	Prat.g_01355
OG0000968	Prbm.g_01713	Prat.g_01356
OG0000969	Prbm.g_01714	Prat.g_01357
OG0000970	Prbm.g_01715	Prat.g_01358
OG0000971	Prbm.g_01716	Prat.g_01359
OG0000972	Prbm.g_01717	Prat.g_01360
OG0000973	Prbm.g_01719	Prat.g_01362
OG0000974	Prbm.g_01720	Prat.g_01363
OG0000975	Prbm.g_01721	Prat.g_01364
OG0000976	Prbm.g_01722	Prat.g_01365
OG0000977	Prbm.g_01723	Prat.g_01366
OG0000978	Prbm.g_01724	Prat.g_01367
OG0000979	Prbm.g_01725	Prat.g_01368
OG0000980	Prbm.g_00487	Prat.g_01369
OG0000981	Prbm.g_01726	Prat.g_01370
OG0000982	Prbm.g_01727	Prat.g_01371
OG0000983	Prbm.g_01728	Prat.g_01372
OG0000984	Prbm.g_01731	Prat.g_01378
OG0000985	Prbm.g_01732	Prat.g_01379
OG0000986	Prbm.g_01733	Prat.g_01380
OG0000987	Prbm.g_01735	Prat.g_01382
OG0000988	Prbm.g_01736	Prat.g_01383
OG0000989	Prbm.g_01737	Prat.g_01384
OG0000990	Prbm.g_01738	Prat.g_01385
OG0000991	Prbm.g_01739	Prat.g_01386
OG0000992	Prbm.g_01740	Prat.g_01387
OG0000993	Prbm.g_01741	Prat.g_01388
OG0000994	Prbm.g_01742	Prat.g_01389
OG0000995	Prbm.g_01743	Prat.g_01390
OG0000996	Prbm.g_01744	Prat.g_01391
OG0000997	Prbm.g_01746	Prat.g_01393
OG0000998	Prbm.g_01752	Prat.g_01399
OG0000999	Prbm.g_01755	Prat.g_01403
OG0001000	Prbm.g_01756	Prat.g_01405
OG0001001	Prbm.g_01757	Prat.g_01407
OG0001002	Prbm.g_01759	Prat.g_01409
OG0001003	Prbm.g_01760	Prat.g_01410
OG0001004	Prbm.g_01761	Prat.g_01411
OG0001005	Prbm.g_01762	Prat.g_01412
OG0001006	Prbm.g_01764	Prat.g_01414
OG0001007	Prbm.g_01765	Prat.g_01415
OG0001008	Prbm.g_01766	Prat.g_01416
OG0001009	Prbm.g_01768	Prat.g_01417
OG0001010	Prbm.g_01769	Prat.g_01418
OG0001011	Prbm.g_01770	Prat.g_01420
OG0001012	Prbm.g_01771	Prat.g_01421
OG0001013	Prbm.g_01772	Prat.g_01422
OG0001014	Prbm.g_01773	Prat.g_01423
OG0001015	Prbm.g_01774	Prat.g_01424
OG0001016	Prbm.g_01775	Prat.g_01425
OG0001017	Prbm.g_01776	Prat.g_01426
OG0001018	Prbm.g_01777	Prat.g_01427
OG0001019	Prbm.g_01778	Prat.g_01428
OG0001020	Prbm.g_01779	Prat.g_01429
OG0001021	Prbm.g_01780	Prat.g_01430
OG0001022	Prbm.g_01781	Prat.g_01431
OG0001023	Prbm.g_01782	Prat.g_01432
OG0001024	Prbm.g_01784	Prat.g_01434
OG0001025	Prbm.g_01785	Prat.g_01435
OG0001026	Prbm.g_01786	Prat.g_01436
OG0001027	Prbm.g_01787	Prat.g_01437
OG0001028	Prbm.g_01789	Prat.g_01439
OG0001029	Prbm.g_01790	Prat.g_01440
OG0001030	Prbm.g_01793	Prat.g_01443
OG0001031	Prbm.g_01794	Prat.g_01444
OG0001032	Prbm.g_01586	Prat.g_01502
OG0001033	Prbm.g_01685	Prat.g_01457
OG0001034	Prbm.g_00830	Prat.g_01022
OG0001035	Prbm.g_01835	Prat.g_01585
OG0001036	Prbm.g_01836	Prat.g_01586
OG0001037	Prbm.g_01842	Prat.g_01593
OG0001038	Prbm.g_01843	Prat.g_01594
OG0001039	Prbm.g_01844	Prat.g_01595
OG0001040	Prbm.g_01845	Prat.g_01596
OG0001041	Prbm.g_01846	Prat.g_01598
OG0001042	Prbm.g_01847	Prat.g_01599
OG0001043	Prbm.g_01848	Prat.g_01600
OG0001044	Prbm.g_01849	Prat.g_01601
OG0001045	Prbm.g_01850	Prat.g_01602
OG0001046	Prbm.g_01851	Prat.g_01603
OG0001047	Prbm.g_01852	Prat.g_01604
OG0001048	Prbm.g_01853	Prat.g_01605
OG0001049	Prbm.g_01854	Prat.g_01606
OG0001050	Prbm.g_01855	Prat.g_01607
OG0001051	Prbm.g_01856	Prat.g_01608
OG0001052	Prbm.g_01857	Prat.g_01609
OG0001053	Prbm.g_01858	Prat.g_01610
OG0001054	Prbm.g_01859	Prat.g_01611
OG0001055	Prbm.g_01860	Prat.g_01612
OG0001056	Prbm.g_01861	Prat.g_01613
OG0001057	Prbm.g_01863	Prat.g_01615
OG0001058	Prbm.g_01864	Prat.g_01616
OG0001059	Prbm.g_01865	Prat.g_01617
OG0001060	Prbm.g_01866	Prat.g_01618
OG0001061	Prbm.g_01867	Prat.g_01619
OG0001062	Prbm.g_01869	Prat.g_01621
OG0001063	Prbm.g_01870	Prat.g_01622
OG0001064	Prbm.g_01871	Prat.g_01623
OG0001065	Prbm.g_01872	Prat.g_01624
OG0001066	Prbm.g_01873	Prat.g_01625
OG0001067	Prbm.g_01874	Prat.g_01626
OG0001068	Prbm.g_01875	Prat.g_01627
OG0001069	Prbm.g_01877	Prat.g_01630
OG0001070	Prbm.g_01879	Prat.g_01632
OG0001071	Prbm.g_01880	Prat.g_01633
OG0001072	Prbm.g_01881	Prat.g_01634
OG0001073	Prbm.g_01882	Prat.g_01635
OG0001074	Prbm.g_01883	Prat.g_01636
OG0001075	Prbm.g_01885	Prat.g_01639
OG0001076	Prbm.g_01887	Prat.g_01641
OG0001077	Prbm.g_01888	Prat.g_01642
OG0001078	Prbm.g_01889	Prat.g_01643
OG0001079	Prbm.g_01890	Prat.g_01644
OG0001080	Prbm.g_01891	Prat.g_01645
OG0001081	Prbm.g_01892	Prat.g_01646
OG0001082	Prbm.g_01893	Prat.g_01647
OG0001083	Prbm.g_01894	Prat.g_01648
OG0001084	Prbm.g_01895	Prat.g_01649
OG0001085	Prbm.g_01896	Prat.g_01650
OG0001086	Prbm.g_01948	Prat.g_01655
OG0001087	Prbm.g_01950	Prat.g_01657
OG0001088	Prbm.g_01951	Prat.g_01658
OG0001089	Prbm.g_01953	Prat.g_01661
OG0001090	Prbm.g_01954	Prat.g_01662
OG0001091	Prbm.g_01955	Prat.g_01663
OG0001092	Prbm.g_01956	Prat.g_01664
OG0001093	Prbm.g_01957	Prat.g_01665
OG0001094	Prbm.g_01958	Prat.g_01666
OG0001095	Prbm.g_01959	Prat.g_01667
OG0001096	Prbm.g_01960	Prat.g_01668
OG0001097	Prbm.g_01961	Prat.g_01669
OG0001098	Prbm.g_01962	Prat.g_01670
OG0001099	Prbm.g_01963	Prat.g_01671
OG0001100	Prbm.g_01964	Prat.g_01672
OG0001101	Prbm.g_01965	Prat.g_01673
OG0001102	Prbm.g_01975	Prat.g_01677
OG0001103	Prbm.g_01974	Prat.g_01678
OG0001104	Prbm.g_01970	Prat.g_01682
OG0001105	Prbm.g_01972	Prat.g_01680
OG0001106	Prbm.g_01968	Prat.g_01676
OG0001107	Prbm.g_01967	Prat.g_01675
OG0001108	Prbm.g_01966	Prat.g_01674
OG0001109	Prbm.g_01990	Prat.g_01684
OG0001110	Prbm.g_01992	Prat.g_01686
OG0001111	Prbm.g_01993	Prat.g_01687
OG0001112	Prbm.g_01994	Prat.g_01688
OG0001113	Prbm.g_01995	Prat.g_01689
OG0001114	Prbm.g_01996	Prat.g_01690
OG0001115	Prbm.g_01997	Prat.g_01691
OG0001116	Prbm.g_01998	Prat.g_01692
OG0001117	Prbm.g_01999	Prat.g_01693
OG0001118	Prbm.g_02000	Prat.g_01694
OG0001119	Prbm.g_02001	Prat.g_01695
OG0001120	Prbm.g_02002	Prat.g_01696
OG0001121	Prbm.g_02003	Prat.g_01697
OG0001122	Prbm.g_02004	Prat.g_01698
OG0001123	Prbm.g_02005	Prat.g_01699
OG0001124	Prbm.g_02006	Prat.g_01700
OG0001125	Prbm.g_02007	Prat.g_01701
OG0001126	Prbm.g_02008	Prat.g_01702
OG0001127	Prbm.g_02009	Prat.g_01703
OG0001128	Prbm.g_02010	Prat.g_01704
OG0001129	Prbm.g_02011	Prat.g_01705
OG0001130	Prbm.g_02012	Prat.g_01706
OG0001131	Prbm.g_02013	Prat.g_01707
OG0001132	Prbm.g_02014	Prat.g_01708
OG0001133	Prbm.g_02015	Prat.g_01709
OG0001134	Prbm.g_02016	Prat.g_01710
OG0001135	Prbm.g_02017	Prat.g_01711
OG0001136	Prbm.g_02018	Prat.g_01712
OG0001137	Prbm.g_02019	Prat.g_01713
OG0001138	Prbm.g_02020	Prat.g_01714
OG0001139	Prbm.g_02021	Prat.g_01715
OG0001140	Prbm.g_02022	Prat.g_01327
OG0001141	Prbm.g_02024	Prat.g_01717
OG0001142	Prbm.g_02025	Prat.g_01718
OG0001143	Prbm.g_02026	Prat.g_01719
OG0001144	Prbm.g_02028	Prat.g_01721
OG0001145	Prbm.g_02030	Prat.g_01723
OG0001146	Prbm.g_02031	Prat.g_01724
OG0001147	Prbm.g_02034	Prat.g_01727
OG0001148	Prbm.g_02035	Prat.g_01728
OG0001149	Prbm.g_02036	Prat.g_01729
OG0001150	Prbm.g_02039	Prat.g_01732
OG0001151	Prbm.g_02040	Prat.g_01733
OG0001152	Prbm.g_02041	Prat.g_01734
OG0001153	Prbm.g_02042	Prat.g_01735
OG0001154	Prbm.g_02043	Prat.g_01736
OG0001155	Prbm.g_02044	Prat.g_01737
OG0001156	Prbm.g_02045	Prat.g_01738
OG0001157	Prbm.g_02048	Prat.g_01740
OG0001158	Prbm.g_02050	Prat.g_01742
OG0001159	Prbm.g_02051	Prat.g_01744
OG0001160	Prbm.g_02052	Prat.g_01745
OG0001161	Prbm.g_02057	Prat.g_01748
OG0001162	Prbm.g_02058	Prat.g_01749
OG0001163	Prbm.g_02059	Prat.g_01750
OG0001164	Prbm.g_02060	Prat.g_01751
OG0001165	Prbm.g_02061	Prat.g_01752
OG0001166	Prbm.g_02062	Prat.g_01753
OG0001167	Prbm.g_02063	Prat.g_01754
OG0001168	Prbm.g_02064	Prat.g_01756
OG0001169	Prbm.g_02065	Prat.g_01757
OG0001170	Prbm.g_02068	Prat.g_01760
OG0001171	Prbm.g_02069	Prat.g_01761
OG0001172	Prbm.g_02070	Prat.g_01762
OG0001173	Prbm.g_02072	Prat.g_01764
OG0001174	Prbm.g_02074	Prat.g_01766
OG0001175	Prbm.g_02076	Prat.g_01768
OG0001176	Prbm.g_02078	Prat.g_01770
OG0001177	Prbm.g_02080	Prat.g_01772
OG0001178	Prbm.g_02081	Prat.g_01773
OG0001179	Prbm.g_02082	Prat.g_01775
OG0001180	Prbm.g_02083	Prat.g_01776
OG0001181	Prbm.g_02084	Prat.g_01777
OG0001182	Prbm.g_02085	Prat.g_01778
OG0001183	Prbm.g_02086	Prat.g_01779
OG0001184	Prbm.g_02087	Prat.g_01780
OG0001185	Prbm.g_02088	Prat.g_01781
OG0001186	Prbm.g_02089	Prat.g_01783
OG0001187	Prbm.g_02090	Prat.g_01784
OG0001188	Prbm.g_02091	Prat.g_01785
OG0001189	Prbm.g_02092	Prat.g_01786
OG0001190	Prbm.g_02093	Prat.g_01787
OG0001191	Prbm.g_02095	Prat.g_01789
OG0001192	Prbm.g_02097	Prat.g_01791
OG0001193	Prbm.g_02098	Prat.g_01792
OG0001194	Prbm.g_02099	Prat.g_01793
OG0001195	Prbm.g_02101	Prat.g_01795
OG0001196	Prbm.g_02103	Prat.g_01797
OG0001197	Prbm.g_02106	Prat.g_01800
OG0001198	Prbm.g_02107	Prat.g_01801
OG0001199	Prbm.g_02108	Prat.g_01802
OG0001200	Prbm.g_02109	Prat.g_01803
OG0001201	Prbm.g_02110	Prat.g_01804
OG0001202	Prbm.g_02111	Prat.g_01805
OG0001203	Prbm.g_02140	Prat.g_01807
OG0001204	Prbm.g_02144	Prat.g_01809
OG0001205	Prbm.g_02145	Prat.g_01810
OG0001206	Prbm.g_02146	Prat.g_01811
OG0001207	Prbm.g_02147	Prat.g_01812
OG0001208	Prbm.g_02148	Prat.g_01813
OG0001209	Prbm.g_02149	Prat.g_01814
OG0001210	Prbm.g_02150	Prat.g_01815
OG0001211	Prbm.g_02151	Prat.g_01816
OG0001212	Prbm.g_02152	Prat.g_01817
OG0001213	Prbm.g_02153	Prat.g_01818
OG0001214	Prbm.g_02154	Prat.g_01819
OG0001215	Prbm.g_02155	Prat.g_01820
OG0001216	Prbm.g_02156	Prat.g_01821
OG0001217	Prbm.g_02157	Prat.g_01822
OG0001218	Prbm.g_02158	Prat.g_01823
OG0001219	Prbm.g_02159	Prat.g_01824
OG0001220	Prbm.g_02160	Prat.g_01825
OG0001221	Prbm.g_02161	Prat.g_01826
OG0001222	Prbm.g_02163	Prat.g_01828
OG0001223	Prbm.g_02165	Prat.g_01830
OG0001224	Prbm.g_02167	Prat.g_01832
OG0001225	Prbm.g_02169	Prat.g_01834
OG0001226	Prbm.g_02170	Prat.g_01835
OG0001227	Prbm.g_02171	Prat.g_01836
OG0001228	Prbm.g_02172	Prat.g_01837
OG0001229	Prbm.g_02173	Prat.g_01838
OG0001230	Prbm.g_02174	Prat.g_01839
OG0001231	Prbm.g_02175	Prat.g_01840
OG0001232	Prbm.g_02177	Prat.g_01842
OG0001233	Prbm.g_02178	Prat.g_01843
OG0001234	Prbm.g_02179	Prat.g_01844
OG0001235	Prbm.g_02180	Prat.g_01845
OG0001236	Prbm.g_02181	Prat.g_01846
OG0001237	Prbm.g_02184	Prat.g_01849
OG0001238	Prbm.g_02185	Prat.g_01850
OG0001239	Prbm.g_02190	Prat.g_01856
OG0001240	Prbm.g_02191	Prat.g_01857
OG0001241	Prbm.g_02192	Prat.g_01858
OG0001242	Prbm.g_02194	Prat.g_01860
OG0001243	Prbm.g_02195	Prat.g_01861
OG0001244	Prbm.g_02196	Prat.g_01862
OG0001245	Prbm.g_02197	Prat.g_01863
OG0001246	Prbm.g_02198	Prat.g_01864
OG0001247	Prbm.g_02199	Prat.g_01865
OG0001248	Prbm.g_02200	Prat.g_01866
OG0001249	Prbm.g_02201	Prat.g_01867
OG0001250	Prbm.g_02208	Prat.g_01869
OG0001251	Prbm.g_02209	Prat.g_01870
OG0001252	Prbm.g_02210	Prat.g_01871
OG0001253	Prbm.g_02211	Prat.g_01872
OG0001254	Prbm.g_02213	Prat.g_01874
OG0001255	Prbm.g_02214	Prat.g_01875
OG0001256	Prbm.g_02217	Prat.g_01879
OG0001257	Prbm.g_02218	Prat.g_01880
OG0001258	Prbm.g_02219	Prat.g_01881
OG0001259	Prbm.g_02222	Prat.g_01884
OG0001260	Prbm.g_02225	Prat.g_01885
OG0001261	Prbm.g_02226	Prat.g_01886
OG0001262	Prbm.g_02227	Prat.g_01887
OG0001263	Prbm.g_02228	Prat.g_01888
OG0001264	Prbm.g_02229	Prat.g_01889
OG0001265	Prbm.g_02230	Prat.g_01890
OG0001266	Prbm.g_02231	Prat.g_01891
OG0001267	Prbm.g_02232	Prat.g_01892
OG0001268	Prbm.g_02233	Prat.g_01893
OG0001269	Prbm.g_00149	Prat.g_01269
OG0001270	Prbm.g_00197	Prat.g_00137
OG0001271	Prbm.g_00209	Prat.g_00149
OG0001272	Prbm.g_00337	Prat.g_00288
OG0001273	Prbm.g_00399	Prat.g_00347
OG0001274	Prbm.g_00508	Prat.g_00442
OG0001275	Prbm.g_00523	Prat.g_00459
OG0001276	Prbm.g_00619	Prat.g_00552
OG0001277	Prbm.g_01023, Prbm.g_01479	Prat.g_00831
OG0001279	Prbm.g_00928	Prat.g_00715
OG0001280	Prbm.g_01037	Prat.g_00937
OG0001281	Prbm.g_01945	Prat.g_00078
OG0001283	Prbm.g_01269	Prat.g_01207
OG0001284	Prbm.g_01139	Prat.g_00642
OG0001285	Prbm.g_01566	Prat.g_01172
OG0001286	Prbm.g_01552	Prat.g_01158
OG0001288	Prbm.g_01751	Prat.g_01398
OG0001289	Prbm.g_01763	Prat.g_01413
OG0001291	Prbm.g_00552	Prat.g_00481
OG0001292	Prbm.g_01801	Prat.g_01500
OG0001293	Prbm.g_01080	Prat.g_00659, Prat.g_00660
OG0001295	Prbm.g_01409, Prbm.g_01813, Prbm.g_01923	Prat.g_01542, Prat.g_01578
OG0001296	Prbm.g_01833	Prat.g_01583
OG0001297	Prbm.g_01837	Prat.g_01587
OG0001298	Prbm.g_01840	Prat.g_01590
OG0001299	Prbm.g_01952	Prat.g_01660
OG0001300	Prbm.g_01345	Prat.g_01597
OG0001301	Prbm.g_02075	Prat.g_01767
OG0001302	Prbm.g_02105	Prat.g_01799
OG0001303	Prbm.g_02164	Prat.g_01829
OG0001304	Prbm.g_02221	Prat.g_01883
OG0001305	Prbm.g_01156	Prat.g_00648
OG0001306	Prbm.g_00447	Prat.g_00397
OG0001307	Prbm.g_00030	Prat.g_00032
OG0001308	Prbm.g_00128	Prat.g_00068
OG0001310	Prbm.g_00133	Prat.g_00073
OG0001311	Prbm.g_00150	Prat.g_00090
OG0001313	Prbm.g_00185	Prat.g_00125
OG0001314	Prbm.g_00259	Prat.g_00201
OG0001316	Prbm.g_00311	Prat.g_00258
OG0001317	Prbm.g_01071	Prat.g_00375
OG0001318	Prbm.g_00668	Prat.g_01088
OG0001319	Prbm.g_00785	Prat.g_01217
OG0001321	Prbm.g_01060	Prat.g_00961
OG0001322	Prbm.g_02207	Prat.g_00817
OG0001323	Prbm.g_02166	Prat.g_01831
OG0001324	Prbm.g_01398, Prbm.g_01388	Prat.g_01234, Prat.g_01492
OG0001327	Prbm.g_01632	Prat.g_01284
OG0001329	Prbm.g_01862	Prat.g_01614
OG0001330	Prbm.g_01897	Prat.g_01651
OG0001331	Prbm.g_02071	Prat.g_01763
OG0001332	Prbm.g_00201	Prat.g_00140
OG0001333	Prbm.g_00298	Prat.g_00243
OG0001334	Prbm.g_01574	Prat.g_01215
OG0001335	Prbm.g_00918	Prat.g_00704
OG0001336	Prbm.g_00118	Prat.g_00685
OG0001338	Prbm.g_01604	Prat.g_01468
OG0001340	Prbm.g_02215	Prat.g_01877
OG0001341	Prbm.g_01797	Prat.g_01446
OG0001343	Prbm.g_01838	Prat.g_01588
OG0001344	Prbm.g_01886	Prat.g_01640
OG0001345	Prbm.g_02037	Prat.g_01730
OG0001346	Prbm.g_02096	Prat.g_01790
OG0001347	Prbm.g_02162	Prat.g_01827
OG0001348	Prbm.g_00188	Prat.g_00127
OG0001350	Prbm.g_01098	Prat.g_00385, Prat.g_00379
OG0001356	Prbm.g_01584, Prbm.g_01649	Prat.g_01546
OG0001360	Prbm.g_00543	Prat.g_00472
OG0001361	Prbm.g_00548	Prat.g_00477
OG0001366	Prbm.g_00909	Prat.g_00692
OG0001369	Prbm.g_01915	Prat.g_01555
OG0001370	Prbm.g_01916	Prat.g_01554
OG0001372	Prbm.g_01171	Prat.g_00828
OG0001373	Prbm.g_01783	Prat.g_01433
OG0001374	Prbm.g_00952	Prat.g_01460
OG0001378	Prbm.g_01038	Prat.g_00938
OG0001379	Prbm.g_00124	Prat.g_00063
OG0001380	Prbm.g_00125	Prat.g_00065
OG0001381	Prbm.g_00144	Prat.g_00085
OG0001383	Prbm.g_00294	Prat.g_00239
OG0001384	Prbm.g_00316	Prat.g_00263
OG0001386	Prbm.g_01749	Prat.g_01396
OG0001388	Prbm.g_01067	Prat.g_00771
OG0001389	Prbm.g_00481	Prat.g_00416
OG0001390	Prbm.g_00489	Prat.g_00423
OG0001391	Prbm.g_00538	Prat.g_01485, Prat.g_00467
OG0001392	Prbm.g_00545	Prat.g_00474
OG0001394	Prbm.g_00698	Prat.g_01057
OG0001395	Prbm.g_00708	Prat.g_00748
OG0001396	Prbm.g_00710	Prat.g_00750
OG0001397	Prbm.g_00717	Prat.g_00755
OG0001398	Prbm.g_00747	Prat.g_00793
OG0001399	Prbm.g_00954	Prat.g_00858
OG0001400	Prbm.g_00908	Prat.g_00691
OG0001401	Prbm.g_00910	Prat.g_00693
OG0001402	Prbm.g_00934	Prat.g_00721
OG0001403	Prbm.g_00938	Prat.g_00724
OG0001404	Prbm.g_01273	Prat.g_01550
OG0001405	Prbm.g_01046	Prat.g_00949
OG0001406	Prbm.g_00884	Prat.g_00969
OG0001407	Prbm.g_00907	Prat.g_00679
OG0001408	Prbm.g_00900	Prat.g_01521
OG0001409	Prbm.g_01135	Prat.g_00655
OG0001410	Prbm.g_01564	Prat.g_01170
OG0001411	Prbm.g_01180	Prat.g_01224
OG0001412	Prbm.g_01612	Prat.g_01250
OG0001413	Prbm.g_01112	Prat.g_00825
OG0001414	Prbm.g_01661	Prat.g_01292
OG0001415	Prbm.g_01750	Prat.g_01397
OG0001416	Prbm.g_01754	Prat.g_01402
OG0001417	Prbm.g_01798	Prat.g_01447
OG0001418	Prbm.g_01137	Prat.g_00646
OG0001419	Prbm.g_00431, Prbm.g_01435	Prat.g_01533
OG0001421	Prbm.g_00966	Prat.g_00872
OG0001422	Prbm.g_00478	Prat.g_00619
OG0001423	Prbm.g_01168, Prbm.g_01187	Prat.g_00632, Prat.g_00818
OG0001425	Prbm.g_00381	Prat.g_00333
OG0001427	Prbm.g_00555	Prat.g_00484
OG0001429	Prbm.g_01155	Prat.g_01524
OG0001430	Prbm.g_00958	Prat.g_00864
OG0001431	Prbm.g_01937	Prat.g_00695
OG0001432	Prbm.g_00915	Prat.g_00700
OG0001433	Prbm.g_00770	Prat.g_01226
OG0001434	Prbm.g_01196	Prat.g_00624
OG0001435	Prbm.g_01918	Prat.g_01449
OG0001437	Prbm.g_01122	Prat.g_00827
OG0001438	Prbm.g_02216	Prat.g_01878
OG0001441	Prbm.g_00998	Prat.g_00906
OG0001444	Prbm.g_00781	Prat.g_01522
OG0001445	Prbm.g_01109	Prat.g_00649
OG0001447	Prbm.g_01223	Prat.g_00849
OG0001449	Prbm.g_01286	Prat.g_01523
OG0001451	Prbm.g_01567	Prat.g_01173
OG0001453	Prbm.g_01655	Prat.g_00381
OG0001454	Prbm.g_01656	Prat.g_00380
OG0001455	Prbm.g_01657	Prat.g_01195
OG0001456	Prbm.g_00761	Prat.g_00810
OG0001458	Prbm.g_02183	Prat.g_01848
OG0001461	Prbm.g_01825	Prat.g_00620
OG0001463	Prbm.g_01108	Prat.g_01505
OG0001464	Prbm.g_00592	Prat.g_00521
OG0001467	Prbm.g_00117	Prat.g_01290
OG0001472	Prbm.g_01481, Prbm.g_01018	Prat.g_00654
OG0001473	Prbm.g_01130, Prbm.g_01086	Prat.g_00661
OG0001474	Prbm.g_00898	Prat.g_01216
OG0001475	Prbm.g_01315	Prat.g_00635
OG0001476	Prbm.g_01707	Prat.g_01349
OG0001485	Prbm.g_00879	Prat.g_00972
OG0001486	Prbm.g_00953	Prat.g_00857
OG0001495	Prbm.g_00486	Prat.g_01237
OG0001500	Prbm.g_00949	Prat.g_00737
OG0001501	Prbm.g_00655	Prat.g_00588
OG0001503	Prbm.g_00231	Prat.g_00173
OG0001507	Prbm.g_01100	Prat.g_00643
OG0001523	Prbm.g_00945	Prat.g_00732
OG0001524	Prbm.g_01347	Prat.g_00460
OG0001526	Prbm.g_01568	Prat.g_01174
OG0001528	Prbm.g_01917	Prat.g_00077
OG0001529	Prbm.g_02055	Prat.g_01747
OG0001538	Prbm.g_01250	Prat.g_00656
OG0001539	Prbm.g_00113	Prat.g_00667
OG0001541	Prbm.g_00913	Prat.g_00698
OG0001546	Prbm.g_01152	Prat.g_00630
OG0001550	Prbm.g_00876	Prat.g_00975
OG0001551	Prbm.g_01092	Prat.g_00631
OG0001559	Prbm.g_01184	Prat.g_01517
OG0001560	Prbm.g_00925	Prat.g_00711
OG0001561	Prbm.g_01225, Prbm.g_00851	Prat.g_00850
OG0001570	Prbm.g_01208	Prat.g_00422
OG0001599	Prbm.g_00071	Prat.g_00378
OG0001600	Prbm.g_01919	Prat.g_01227
OG0001619	Prbm.g_01971	Prat.g_01681
OG0001621	Prbm.g_01976	Prat.g_01466
OG0001633	Prbm.g_01748	Prat.g_01395
OG0001634	Prbm.g_01832	Prat.g_01511
OG0001642	Prbm.g_00531, Prbm.g_01288	Prat.g_01498
OG0001645	Prbm.g_01320	Prat.g_01467
OG0001646	Prbm.g_01939	Prat.g_00854
OG0001647	Prbm.g_01831	Prat.g_01512
OG0001648	Prbm.g_01830	Prat.g_01513
OG0001649	Prbm.g_01829	Prat.g_01514
OG0001721	Prbm.g_02100	Prat.g_01794
OG0001722	Prbm.g_01078	Prat.g_00687
OG0001723	Prbm.g_00115	Prat.g_01581, Prat.g_00677
OG0001724	Prbm.g_00084, Prbm.g_00085	Prat.g_00040
OG0001725	Prbm.g_00401	Prat.g_01328, Prat.g_00349
OG0001726	Prbm.g_01177	Prat.g_00651
OG0001741	Prbm.g_00050	Prat.g_00043
OG0001743	Prbm.g_00168	Prat.g_00108
OG0001744	Prbm.g_00167	Prat.g_00107
OG0001745	Prbm.g_00157	Prat.g_00097
OG0001747	Prbm.g_01824	Prat.g_01231
OG0001748	Prbm.g_00299	Prat.g_00244
OG0001749	Prbm.g_01884	Prat.g_01638
OG0001750	Prbm.g_01623	Prat.g_01262
OG0001751	Prbm.g_01535	Prat.g_01143
OG0001752	Prbm.g_01517	Prat.g_01125
OG0001753	Prbm.g_00729	Prat.g_00766
OG0001754	Prbm.g_00718	Prat.g_00756
OG0001755	Prbm.g_01047	Prat.g_00950
OG0001756	Prbm.g_01040	Prat.g_00940
OG0001757	Prbm.g_01036	Prat.g_00935
OG0001758	Prbm.g_00984	Prat.g_00892
OG0001759	Prbm.g_01050	Prat.g_00952
OG0001760	Prbm.g_00942	Prat.g_00729
OG0001761	Prbm.g_00819	Prat.g_01032
OG0001762	Prbm.g_00098	Prat.g_01218
OG0001763	Prbm.g_01643	Prat.g_00986
OG0001764	Prbm.g_00872	Prat.g_00979
OG0001765	Prbm.g_00920	Prat.g_00706
OG0001766	Prbm.g_00705	Prat.g_00746
OG0001767	Prbm.g_00695	Prat.g_01060
OG0001768	Prbm.g_00180	Prat.g_00120
OG0001769	Prbm.g_00424	Prat.g_00371
OG0001770	Prbm.g_00387	Prat.g_00339
OG0001771	Prbm.g_00386	Prat.g_00338
OG0001772	Prbm.g_00385	Prat.g_00337
OG0001773	Prbm.g_00384	Prat.g_00336
OG0001774	Prbm.g_00383	Prat.g_00335
OG0001775	Prbm.g_02049	Prat.g_01741
OG0001776	Prbm.g_02032	Prat.g_01725
OG0001777	Prbm.g_00190	Prat.g_00129
OG0001778	Prbm.g_00239	Prat.g_00181
OG0001779	Prbm.g_00245	Prat.g_00187
OG0001780	Prbm.g_00892	Prat.g_01221
OG0001781	Prbm.g_02182	Prat.g_01847
OG0001782	Prbm.g_02186	Prat.g_01851
OG0001783	Prbm.g_02187	Prat.g_01852
OG0001784	Prbm.g_00890	Prat.g_00945
OG0001785	Prbm.g_02193	Prat.g_01859
OG0001786	Prbm.g_02206	Prat.g_01868
OG0001800	Prbm.g_01194	Prat.g_00621
OG0001801	Prbm.g_00902	Prat.g_01450
OG0001803	Prbm.g_01589	Prat.g_00638
OG0001804	Prbm.g_01030	Prat.g_00927
OG0001805	Prbm.g_01069, Prbm.g_00107	Prat.g_00689
OG0001829	Prbm.g_01554	Prat.g_01160
OG0001831	Prbm.g_01073	Prat.g_00780
OG0001832	Prbm.g_01133, Prbm.g_01329, Prbm.g_00100	Prat.g_01201
OG0001833	Prbm.g_01364	Prat.g_01501
OG0001834	Prbm.g_01654	Prat.g_01196
OG0001843	Prbm.g_02130	Prat.g_01321
OG0001851	Prbm.g_01221	Prat.g_00846
OG0001852	Prbm.g_01266	Prat.g_00623
OG0001855	Prbm.g_01904	Prat.g_01553
OG0001871	Prbm.g_01113	Prat.g_00669
OG0001876	Prbm.g_00082	Prat.g_01205
OG0001897	Prbm.g_00912	Prat.g_01577, Prat.g_00696
OG0001898	Prbm.g_01318	Prat.g_01506, Prat.g_01562
OG0001899	Prbm.g_01580	Prat.g_01488, Prat.g_01186
OG0001900	Prbm.g_01821	Prat.g_01206
OG0001912	Prbm.g_01219	Prat.g_00844
OG0001913	Prbm.g_01220	Prat.g_00845
OG0001914	Prbm.g_01212	Prat.g_00837
OG0001916	Prbm.g_01575	Prat.g_00672
OG0001921	Prbm.g_01296	Prat.g_00650
OG0001923	Prbm.g_00103	Prat.g_01209
OG0001924	Prbm.g_00110	Prat.g_00681
OG0001925	Prbm.g_00389	Prat.g_00342
OG0001926	Prbm.g_00493	Prat.g_00427
OG0001927	Prbm.g_00521	Prat.g_00457
OG0001928	Prbm.g_00741	Prat.g_00787
OG0001929	Prbm.g_00757	Prat.g_00806
OG0001930	Prbm.g_00880	Prat.g_01490
OG0001931	Prbm.g_01066	Prat.g_00662
OG0001932	Prbm.g_01343	Prat.g_01526
OG0001933	Prbm.g_01349	Prat.g_00819
OG0001935	Prbm.g_01486	Prat.g_00599
OG0001936	Prbm.g_01487	Prat.g_00598
OG0001937	Prbm.g_01788	Prat.g_01438
OG0001938	Prbm.g_01914	Prat.g_01556
OG0001939	Prbm.g_01943	Prat.g_01185
OG0001940	Prbm.g_01977	Prat.g_01481
OG0001941	Prbm.g_02066	Prat.g_01758
OG0001950	Prbm.g_01306	Prat.g_01543
OG0001954	Prbm.g_02129	Prat.g_01319
OG0001962	Prbm.g_01128	Prat.g_01149
OG0002003	Prbm.g_01090	Prat.g_01223
OG0002008	Prbm.g_01820	Prat.g_00674
OG0002010	Prbm.g_00464	Prat.g_01464
OG0002030	Prbm.g_01416, Prbm.g_01304	Prat.g_01582
OG0002032	Prbm.g_00292	Prat.g_00237
OG0002033	Prbm.g_00503	Prat.g_00437
OG0002037	Prbm.g_00338	Prat.g_00289
OG0002038	Prbm.g_00738	Prat.g_00832
OG0002039	Prbm.g_00200	Prat.g_01459
OG0002041	Prbm.g_01125	Prat.g_01475
OG0002045	Prbm.g_01474	Prat.g_01222
OG0002062	Prbm.g_01224	Prat.g_00848
OG0002063	Prbm.g_01213	Prat.g_00838
OG0002064	Prbm.g_01214	Prat.g_00839
OG0002072	Prbm.g_01705	Prat.g_01347
OG0002201	Prbm.g_02223	Prat.g_01478
OG0002204	Prbm.g_01344	Prat.g_00676
OG0002263	Prbm.g_02125	Prat.g_00143
OG0002294	Prbm.g_00917	Prat.g_00703
OG0002302	Prbm.g_01197	Prat.g_00653
OG0002324	Prbm.g_01924	Prat.g_00680
OG0002401	Prbm.g_00828	Prat.g_01461
OG0002404	Prbm.g_01087	Prat.g_00823
OG0002521	Prbm.g_01222	Prat.g_00847
OG0002523	Prbm.g_01215	Prat.g_00840
OG0002524	Prbm.g_01216	Prat.g_00841
OG0002525	Prbm.g_01217	Prat.g_00842
OG0002976	Prbm.g_01081	Prat.g_00663
OG0003294	Prbm.g_01978	Prat.g_01482
OG0003474	Prbm.g_01218	Prat.g_00843
