Orthogroup	Syam	Syac
OG0000001	Syam.g_00946	Syac.g_02154
OG0000001	Syam.g_00929	Syac.g_02169
OG0000002	Syam.g_00931	Syac.g_01084
OG0000004	Syam.g_00787	Syac.g_00898
OG0000004	Syam.g_01499	Syac.g_00948
OG0000004	Syam.g_00501	Syac.g_01975
OG0000005	Syam.g_02004	Syac.g_00527
OG0000005	Syam.g_01970	Syac.g_00569
OG0000005	Syam.g_00715, Syam.g_01029	Syac.g_01087
OG0000006	Syam.g_00286, Syam.g_00518	Syac.g_01958, Syac.g_01961, Syac.g_02194
OG0000006	Syam.g_01446	Syac.g_01002
OG0000007	Syam.g_00602	Syac.g_01885
OG0000007	Syam.g_01990	Syac.g_00544
OG0000008	Syam.g_00810	Syac.g_00921
OG0000008	Syam.g_00811	Syac.g_00922
OG0000009	Syam.g_02119	Syac.g_00398
OG0000010	Syam.g_01669	Syac.g_01701
OG0000011	Syam.g_00814	Syac.g_00924
OG0000012	Syam.g_00794	Syac.g_00758
OG0000012	Syam.g_00994	Syac.g_01577
OG0000012	Syam.g_01492	Syac.g_00955
OG0000013	Syam.g_00421	Syac.g_02046
OG0000013	Syam.g_00404	Syac.g_02062
OG0000013	Syam.g_00409	Syac.g_02056
OG0000014	Syam.g_00191	Syac.g_00253
OG0000015	Syam.g_01362	Syac.g_01408
OG0000016	Syam.g_00014	Syac.g_00014
OG0000016	Syam.g_00876	Syac.g_01505
OG0000016	Syam.g_01011	Syac.g_01053
OG0000017	Syam.g_01708	Syac.g_01742
OG0000017	Syam.g_01715	Syac.g_01749
OG0000018	Syam.g_01640	Syac.g_01660
OG0000019	Syam.g_00274	Syac.g_02207
OG0000022	Syam.g_01418	Syac.g_01031
OG0000023	Syam.g_01217, Syam.g_01553, Syam.g_01583, Syam.g_01075	Syac.g_00760
OG0000024	Syam.g_00815	Syac.g_00925
OG0000025	Syam.g_00740	Syac.g_00847
OG0000026	Syam.g_00035	Syac.g_00034
OG0000027	Syam.g_00989	Syac.g_01095
OG0000028	Syam.g_00176	Syac.g_00237
OG0000029	Syam.g_01055	Syac.g_01942
OG0000030	Syam.g_00104	Syac.g_00143
OG0000030	Syam.g_00103	Syac.g_00142
OG0000031	Syam.g_00171	Syac.g_00232
OG0000032	Syam.g_01660	Syac.g_01677
OG0000033	Syam.g_02217	Syac.g_00304
OG0000034	Syam.g_02185, Syam.g_01843, Syam.g_02187	Syac.g_00334, Syac.g_00715
OG0000035	Syam.g_01612	Syac.g_01630
OG0000038	Syam.g_02317	Syac.g_02357
OG0000039	Syam.g_00749	Syac.g_00856
OG0000040	Syam.g_02390	Syac.g_02437
OG0000041	Syam.g_01899	Syac.g_00655
OG0000041	Syam.g_00765	Syac.g_00876
OG0000042	Syam.g_00107	Syac.g_00146
OG0000043	Syam.g_01041	Syac.g_01100
OG0000045	Syam.g_02028	Syac.g_01040
OG0000046	Syam.g_00403	Syac.g_02063
OG0000046	Syam.g_00410	Syac.g_02055
OG0000046	Syam.g_00420	Syac.g_02047
OG0000047	Syam.g_00434	Syac.g_02031
OG0000048	Syam.g_00243	Syac.g_02240
OG0000052	Syam.g_00161	Syac.g_00207
OG0000053	Syam.g_01636	Syac.g_01657
OG0000054	Syam.g_01515	Syac.g_00933
OG0000055	Syam.g_00754	Syac.g_00859
OG0000057	Syam.g_00784	Syac.g_00894
OG0000058	Syam.g_00169	Syac.g_00226
OG0000059	Syam.g_00320	Syac.g_02142
OG0000061	Syam.g_01795	Syac.g_00769
OG0000062	Syam.g_01972	Syac.g_00567
OG0000063	Syam.g_00039	Syac.g_00037
OG0000064	Syam.g_00978	Syac.g_01567
OG0000064	Syam.g_01964	Syac.g_00575
OG0000065	Syam.g_02121	Syac.g_00396
OG0000066	Syam.g_00552, Syam.g_00662	Syac.g_01827
OG0000067	Syam.g_01290	Syac.g_01341
OG0000068	Syam.g_00575	Syac.g_01916
OG0000070	Syam.g_01847	Syac.g_00711
OG0000071	Syam.g_01830	Syac.g_00729
OG0000072	Syam.g_02219	Syac.g_00302
OG0000073	Syam.g_00604	Syac.g_01883
OG0000075	Syam.g_00148	Syac.g_00191
OG0000076	Syam.g_00115	Syac.g_00156
OG0000077	Syam.g_02074	Syac.g_00439
OG0000078	Syam.g_00514	Syac.g_01964
OG0000079	Syam.g_00270	Syac.g_02211
OG0000081	Syam.g_01918	Syac.g_00461
OG0000081	Syam.g_00520	Syac.g_01954
OG0000082	Syam.g_01730	Syac.g_01766
OG0000084	Syam.g_00441	Syac.g_00822
OG0000085	Syam.g_01979	Syac.g_00560
OG0000086	Syam.g_02092	Syac.g_00423
OG0000087	Syam.g_02175	Syac.g_00343
OG0000088	Syam.g_02213	Syac.g_00308
OG0000089	Syam.g_00489	Syac.g_01988
OG0000090	Syam.g_00651	Syac.g_01836
OG0000091	Syam.g_01460	Syac.g_00987
OG0000093	Syam.g_01305	Syac.g_01357
OG0000094	Syam.g_01198	Syac.g_01251
OG0000095	Syam.g_00774	Syac.g_00884
OG0000097	Syam.g_00874	Syac.g_01507
OG0000098	Syam.g_00944	Syac.g_02157
OG0000099	Syam.g_00173	Syac.g_00234
OG0000100	Syam.g_01259	Syac.g_01309
OG0000101	Syam.g_00371	Syac.g_02094
OG0000102	Syam.g_00110	Syac.g_00151
OG0000103	Syam.g_02428	Syac.g_02476
OG0000104	Syam.g_02442	Syac.g_02490
OG0000105	Syam.g_00238	Syac.g_02245
OG0000106	Syam.g_01039	Syac.g_01098
OG0000107	Syam.g_00288	Syac.g_02191
OG0000108	Syam.g_00583	Syac.g_01904
OG0000109	Syam.g_00598	Syac.g_01889
OG0000110	Syam.g_01743	Syac.g_01778
OG0000111	Syam.g_00783	Syac.g_00893
OG0000112	Syam.g_01115	Syac.g_01173
OG0000113	Syam.g_01264	Syac.g_01314
OG0000114	Syam.g_01349	Syac.g_01394
OG0000115	Syam.g_01634	Syac.g_01655
OG0000116	Syam.g_01807	Syac.g_00753
OG0000117	Syam.g_00904	Syac.g_01477
OG0000118	Syam.g_01698	Syac.g_01728
OG0000120	Syam.g_00172	Syac.g_00233
OG0000121	Syam.g_01615	Syac.g_01635
OG0000122	Syam.g_01436	Syac.g_01013
OG0000123	Syam.g_00379	Syac.g_02086
OG0000124	Syam.g_00096	Syac.g_00135
OG0000125	Syam.g_02319	Syac.g_02360
OG0000126	Syam.g_02440	Syac.g_02488
OG0000128	Syam.g_00012	Syac.g_00012
OG0000129	Syam.g_02307	Syac.g_02349
OG0000130	Syam.g_02062	Syac.g_00450
OG0000131	Syam.g_02191	Syac.g_00330
OG0000132	Syam.g_02211	Syac.g_00310
OG0000133	Syam.g_01120	Syac.g_01178
OG0000134	Syam.g_00492	Syac.g_01985
OG0000135	Syam.g_02347	Syac.g_02398
OG0000136	Syam.g_01857	Syac.g_00701
OG0000137	Syam.g_01668	Syac.g_01700
OG0000138	Syam.g_00599	Syac.g_01888
OG0000139	Syam.g_00657	Syac.g_01830
OG0000140	Syam.g_00659	Syac.g_01829
OG0000141	Syam.g_01514	Syac.g_00934
OG0000142	Syam.g_01468	Syac.g_00979
OG0000143	Syam.g_01464	Syac.g_00983
OG0000144	Syam.g_01032	Syac.g_01090
OG0000145	Syam.g_00605	Syac.g_01882
OG0000146	Syam.g_01114	Syac.g_01172
OG0000147	Syam.g_01113	Syac.g_01171
OG0000148	Syam.g_01270	Syac.g_01320
OG0000149	Syam.g_00725	Syac.g_00832
OG0000150	Syam.g_00660	Syac.g_00935
OG0000151	Syam.g_01338	Syac.g_01383
OG0000152	Syam.g_01124	Syac.g_01182
OG0000153	Syam.g_01160	Syac.g_01217
OG0000154	Syam.g_01187	Syac.g_01241
OG0000155	Syam.g_01763	Syac.g_00804
OG0000156	Syam.g_01814	Syac.g_00743
OG0000157	Syam.g_01815	Syac.g_00742
OG0000158	Syam.g_00139	Syac.g_00182
OG0000160	Syam.g_01614	Syac.g_01633
OG0000161	Syam.g_01620	Syac.g_01641
OG0000162	Syam.g_01627	Syac.g_01648
OG0000163	Syam.g_01927	Syac.g_00619
OG0000164	Syam.g_02023	Syac.g_00508
OG0000165	Syam.g_01879, Syam.g_01878	Syac.g_00674
OG0000166	Syam.g_00330	Syac.g_02132
OG0000167	Syam.g_00151	Syac.g_00194
OG0000168	Syam.g_00138	Syac.g_00179
OG0000169	Syam.g_00127	Syac.g_00168
OG0000170	Syam.g_00120	Syac.g_00161
OG0000171	Syam.g_00097	Syac.g_00136
OG0000172	Syam.g_00075	Syac.g_00084
OG0000173	Syam.g_00057	Syac.g_00057
OG0000174	Syam.g_02349	Syac.g_02401
OG0000175	Syam.g_02417	Syac.g_02465
OG0000176	Syam.g_00004	Syac.g_00004
OG0000177	Syam.g_00005	Syac.g_00005
OG0000178	Syam.g_00006	Syac.g_00006
OG0000179	Syam.g_00021	Syac.g_00019
OG0000180	Syam.g_00022	Syac.g_00020
OG0000181	Syam.g_00023	Syac.g_00021
OG0000182	Syam.g_00024	Syac.g_00022
OG0000183	Syam.g_00028	Syac.g_00026
OG0000184	Syam.g_02298	Syac.g_02339
OG0000185	Syam.g_02295	Syac.g_02336
OG0000186	Syam.g_02058	Syac.g_00454
OG0000187	Syam.g_02059	Syac.g_00453
OG0000188	Syam.g_02081	Syac.g_00433
OG0000189	Syam.g_02108	Syac.g_00408
OG0000190	Syam.g_02110	Syac.g_00406
OG0000191	Syam.g_02142	Syac.g_00373
OG0000192	Syam.g_02148	Syac.g_00368
OG0000193	Syam.g_02192	Syac.g_00329
OG0000194	Syam.g_02195	Syac.g_00326
OG0000195	Syam.g_02197	Syac.g_00324
OG0000196	Syam.g_02208	Syac.g_00313
OG0000197	Syam.g_02209	Syac.g_00312
OG0000198	Syam.g_02210	Syac.g_00311
OG0000199	Syam.g_02218	Syac.g_00303
OG0000200	Syam.g_02234	Syac.g_02261
OG0000201	Syam.g_02248	Syac.g_02278
OG0000202	Syam.g_02249	Syac.g_02279
OG0000203	Syam.g_02250	Syac.g_02280
OG0000204	Syam.g_02251	Syac.g_02281
OG0000205	Syam.g_02258	Syac.g_02288
OG0000206	Syam.g_02264	Syac.g_02297
OG0000207	Syam.g_02266	Syac.g_02300
OG0000208	Syam.g_02267	Syac.g_02301
OG0000209	Syam.g_02278	Syac.g_02316
OG0000210	Syam.g_02279	Syac.g_02317
OG0000211	Syam.g_00504	Syac.g_01972
OG0000212	Syam.g_00515	Syac.g_01963
OG0000213	Syam.g_00263	Syac.g_02219
OG0000214	Syam.g_00247	Syac.g_02236
OG0000215	Syam.g_00216	Syac.g_00281
OG0000216	Syam.g_00212	Syac.g_00277
OG0000217	Syam.g_00208	Syac.g_00273
OG0000218	Syam.g_00206	Syac.g_00271
OG0000219	Syam.g_00205	Syac.g_00270
OG0000220	Syam.g_00204	Syac.g_00269
OG0000221	Syam.g_00198	Syac.g_00261
OG0000222	Syam.g_00186	Syac.g_00247
OG0000223	Syam.g_00168	Syac.g_00225
OG0000224	Syam.g_00164	Syac.g_00217
OG0000225	Syam.g_00473	Syac.g_02004
OG0000226	Syam.g_00477	Syac.g_02000
OG0000227	Syam.g_00479	Syac.g_01998
OG0000228	Syam.g_00488	Syac.g_01989
OG0000229	Syam.g_01867	Syac.g_00692
OG0000230	Syam.g_01865	Syac.g_00694
OG0000231	Syam.g_01848	Syac.g_00710
OG0000232	Syam.g_01692	Syac.g_01717
OG0000233	Syam.g_01678	Syac.g_01713
OG0000234	Syam.g_01667	Syac.g_01699
OG0000235	Syam.g_00582	Syac.g_01905
OG0000236	Syam.g_00597	Syac.g_01890
OG0000237	Syam.g_00614	Syac.g_01873
OG0000238	Syam.g_00619	Syac.g_01868
OG0000239	Syam.g_00637	Syac.g_01852
OG0000240	Syam.g_00638	Syac.g_01851
OG0000241	Syam.g_01477	Syac.g_00970
OG0000242	Syam.g_00649	Syac.g_01839
OG0000243	Syam.g_00668	Syac.g_01821
OG0000244	Syam.g_00674	Syac.g_01814
OG0000245	Syam.g_00676	Syac.g_01811
OG0000246	Syam.g_00680	Syac.g_01807
OG0000247	Syam.g_00692	Syac.g_01795
OG0000248	Syam.g_00695	Syac.g_01792
OG0000249	Syam.g_00697	Syac.g_01790
OG0000250	Syam.g_01747	Syac.g_01782
OG0000251	Syam.g_01722	Syac.g_01757
OG0000252	Syam.g_01719	Syac.g_01753
OG0000253	Syam.g_01718	Syac.g_01752
OG0000254	Syam.g_01510	Syac.g_00939
OG0000255	Syam.g_01500	Syac.g_00947
OG0000256	Syam.g_01484	Syac.g_00963
OG0000257	Syam.g_01478	Syac.g_00969
OG0000258	Syam.g_01459	Syac.g_00988
OG0000259	Syam.g_01378	Syac.g_01425
OG0000260	Syam.g_01375	Syac.g_01422
OG0000261	Syam.g_01372	Syac.g_01418
OG0000262	Syam.g_01367	Syac.g_01413
OG0000263	Syam.g_00885	Syac.g_01497
OG0000264	Syam.g_00805	Syac.g_00915
OG0000265	Syam.g_01880	Syac.g_00673
OG0000266	Syam.g_01234	Syac.g_01271
OG0000267	Syam.g_01071	Syac.g_01131
OG0000268	Syam.g_01072	Syac.g_01132
OG0000269	Syam.g_01295	Syac.g_01346
OG0000270	Syam.g_01292	Syac.g_01343
OG0000271	Syam.g_01284	Syac.g_01335
OG0000272	Syam.g_01283	Syac.g_01334
OG0000273	Syam.g_00745	Syac.g_00854
OG0000274	Syam.g_00744	Syac.g_00853
OG0000275	Syam.g_00741	Syac.g_00848
OG0000276	Syam.g_00733	Syac.g_00840
OG0000277	Syam.g_00732	Syac.g_00839
OG0000278	Syam.g_00729	Syac.g_00836
OG0000279	Syam.g_00721	Syac.g_00828
OG0000280	Syam.g_00701	Syac.g_00814
OG0000281	Syam.g_00943	Syac.g_02158
OG0000282	Syam.g_01347	Syac.g_01392
OG0000283	Syam.g_01087	Syac.g_01142
OG0000284	Syam.g_01093	Syac.g_01148
OG0000285	Syam.g_01105	Syac.g_01160
OG0000286	Syam.g_01123	Syac.g_01181
OG0000287	Syam.g_01153	Syac.g_01209
OG0000288	Syam.g_01186	Syac.g_01240
OG0000289	Syam.g_01201	Syac.g_01254
OG0000290	Syam.g_00771	Syac.g_00881
OG0000291	Syam.g_00773	Syac.g_00883
OG0000292	Syam.g_02439	Syac.g_02487
OG0000293	Syam.g_01806	Syac.g_00754
OG0000294	Syam.g_01805	Syac.g_00755
OG0000295	Syam.g_01771	Syac.g_00796
OG0000296	Syam.g_01769	Syac.g_00798
OG0000297	Syam.g_00906	Syac.g_01475
OG0000298	Syam.g_00905	Syac.g_01476
OG0000299	Syam.g_00878	Syac.g_01503
OG0000300	Syam.g_00871	Syac.g_01510
OG0000301	Syam.g_00870	Syac.g_01511
OG0000302	Syam.g_00868	Syac.g_01512
OG0000303	Syam.g_00859	Syac.g_01520
OG0000304	Syam.g_00853	Syac.g_01526
OG0000305	Syam.g_00776	Syac.g_00886
OG0000306	Syam.g_01757	Syac.g_00810
OG0000307	Syam.g_00566	Syac.g_01924
OG0000308	Syam.g_00564	Syac.g_01926
OG0000309	Syam.g_00559	Syac.g_01931
OG0000310	Syam.g_01591	Syac.g_01607
OG0000311	Syam.g_01595	Syac.g_01611
OG0000312	Syam.g_01601	Syac.g_01619
OG0000313	Syam.g_01617	Syac.g_01638
OG0000314	Syam.g_01647	Syac.g_01665
OG0000315	Syam.g_01658	Syac.g_01675
OG0000316	Syam.g_01945	Syac.g_00601
OG0000317	Syam.g_01987	Syac.g_00552
OG0000318	Syam.g_01991	Syac.g_00543
OG0000319	Syam.g_02006	Syac.g_00525
OG0000320	Syam.g_02008	Syac.g_00523
OG0000321	Syam.g_02009	Syac.g_00522
OG0000322	Syam.g_02010	Syac.g_00521
OG0000323	Syam.g_02025	Syac.g_00506
OG0000324	Syam.g_01906	Syac.g_00648
OG0000325	Syam.g_00289	Syac.g_02190
OG0000326	Syam.g_00296	Syac.g_02183
OG0000327	Syam.g_00325	Syac.g_02137
OG0000328	Syam.g_00326	Syac.g_02136
OG0000329	Syam.g_00344	Syac.g_02119
OG0000330	Syam.g_00345	Syac.g_02118
OG0000331	Syam.g_00346	Syac.g_02117
OG0000332	Syam.g_00361	Syac.g_02103
OG0000333	Syam.g_00364	Syac.g_02100
OG0000334	Syam.g_00375	Syac.g_02090
OG0000335	Syam.g_00380	Syac.g_02085
OG0000336	Syam.g_00384	Syac.g_02081
OG0000337	Syam.g_00155	Syac.g_00199
OG0000338	Syam.g_00153	Syac.g_00196
OG0000339	Syam.g_00147	Syac.g_00190
OG0000340	Syam.g_00137	Syac.g_00178
OG0000341	Syam.g_00135	Syac.g_00176
OG0000342	Syam.g_00134	Syac.g_00175
OG0000343	Syam.g_00133	Syac.g_00174
OG0000344	Syam.g_00129	Syac.g_00170
OG0000345	Syam.g_00119	Syac.g_00160
OG0000346	Syam.g_00114	Syac.g_00155
OG0000347	Syam.g_00083	Syac.g_00129
OG0000348	Syam.g_00068	Syac.g_00070, Syac.g_00074
OG0000349	Syam.g_00050	Syac.g_00050
OG0000350	Syam.g_00303	Syac.g_02176
OG0000351	Syam.g_02420	Syac.g_02468
OG0000352	Syam.g_02421	Syac.g_02469
OG0000353	Syam.g_02445	Syac.g_02493
OG0000354	Syam.g_00626, Syam.g_00625	Syac.g_01862
OG0000355	Syam.g_00001	Syac.g_00001
OG0000356	Syam.g_00002	Syac.g_00002
OG0000357	Syam.g_00003	Syac.g_00003
OG0000358	Syam.g_00007	Syac.g_00007
OG0000359	Syam.g_00009	Syac.g_00009
OG0000360	Syam.g_00010	Syac.g_00010
OG0000361	Syam.g_00011	Syac.g_00011
OG0000362	Syam.g_00013	Syac.g_00013
OG0000363	Syam.g_00015	Syac.g_00015
OG0000364	Syam.g_00016	Syac.g_00016
OG0000365	Syam.g_00025	Syac.g_00023
OG0000366	Syam.g_00026	Syac.g_00024
OG0000367	Syam.g_00027	Syac.g_00025
OG0000368	Syam.g_00029	Syac.g_00027
OG0000369	Syam.g_00030	Syac.g_00028
OG0000370	Syam.g_00031	Syac.g_00029
OG0000371	Syam.g_00038	Syac.g_00036
OG0000372	Syam.g_00043	Syac.g_00041
OG0000373	Syam.g_00044	Syac.g_00042
OG0000374	Syam.g_00045	Syac.g_00043
OG0000375	Syam.g_00046	Syac.g_00046
OG0000376	Syam.g_00048	Syac.g_00048
OG0000377	Syam.g_02306	Syac.g_02346
OG0000378	Syam.g_02297	Syac.g_02338
OG0000379	Syam.g_02294	Syac.g_02335
OG0000380	Syam.g_02060	Syac.g_00452
OG0000381	Syam.g_02063	Syac.g_00449
OG0000382	Syam.g_02080	Syac.g_00434
OG0000383	Syam.g_02083	Syac.g_00432
OG0000384	Syam.g_02084	Syac.g_00431
OG0000385	Syam.g_02085	Syac.g_00430
OG0000386	Syam.g_02086	Syac.g_00429
OG0000387	Syam.g_02112	Syac.g_00404
OG0000388	Syam.g_02116	Syac.g_00401
OG0000389	Syam.g_02120	Syac.g_00397
OG0000390	Syam.g_02136	Syac.g_00379
OG0000391	Syam.g_02141	Syac.g_00374
OG0000392	Syam.g_02147	Syac.g_00369
OG0000393	Syam.g_02149	Syac.g_00366
OG0000394	Syam.g_02150	Syac.g_00365
OG0000395	Syam.g_02151	Syac.g_00364
OG0000396	Syam.g_02153	Syac.g_00361
OG0000397	Syam.g_02160	Syac.g_00359
OG0000398	Syam.g_02165	Syac.g_00354
OG0000399	Syam.g_02166	Syac.g_00353
OG0000400	Syam.g_02167	Syac.g_00352
OG0000401	Syam.g_02168	Syac.g_00351
OG0000402	Syam.g_02171	Syac.g_00348
OG0000403	Syam.g_02172	Syac.g_00347
OG0000404	Syam.g_02173	Syac.g_00345
OG0000405	Syam.g_02189	Syac.g_00332
OG0000406	Syam.g_02193	Syac.g_00328
OG0000407	Syam.g_02194	Syac.g_00327
OG0000408	Syam.g_02196	Syac.g_00325
OG0000409	Syam.g_02198	Syac.g_00323
OG0000410	Syam.g_02199	Syac.g_00322
OG0000411	Syam.g_02200	Syac.g_00321
OG0000412	Syam.g_02201	Syac.g_00320
OG0000413	Syam.g_02203	Syac.g_00318
OG0000414	Syam.g_02204	Syac.g_00317
OG0000415	Syam.g_02205	Syac.g_00316
OG0000416	Syam.g_02206	Syac.g_00315
OG0000417	Syam.g_02207	Syac.g_00314
OG0000418	Syam.g_02212	Syac.g_00309
OG0000419	Syam.g_02214	Syac.g_00307
OG0000420	Syam.g_02216	Syac.g_00305
OG0000421	Syam.g_02221	Syac.g_00300
OG0000422	Syam.g_02222	Syac.g_00299
OG0000423	Syam.g_02223	Syac.g_00298
OG0000424	Syam.g_02224	Syac.g_00297
OG0000425	Syam.g_02225	Syac.g_00296
OG0000426	Syam.g_02226	Syac.g_00295
OG0000427	Syam.g_02227	Syac.g_00294
OG0000428	Syam.g_02230	Syac.g_02257
OG0000429	Syam.g_02232	Syac.g_02259
OG0000430	Syam.g_02233	Syac.g_02260
OG0000431	Syam.g_02237	Syac.g_02264
OG0000432	Syam.g_02243	Syac.g_02270
OG0000433	Syam.g_02244	Syac.g_02272
OG0000434	Syam.g_02245	Syac.g_02273
OG0000435	Syam.g_02246	Syac.g_02277
OG0000436	Syam.g_02252	Syac.g_02282
OG0000437	Syam.g_02253	Syac.g_02283
OG0000438	Syam.g_02254	Syac.g_02284
OG0000439	Syam.g_02256	Syac.g_02286
OG0000440	Syam.g_02257	Syac.g_02287
OG0000441	Syam.g_02261	Syac.g_02294
OG0000442	Syam.g_02262	Syac.g_02295
OG0000443	Syam.g_02263	Syac.g_02296
OG0000444	Syam.g_02268	Syac.g_02303
OG0000445	Syam.g_02269	Syac.g_02304
OG0000446	Syam.g_02270	Syac.g_02305
OG0000447	Syam.g_02272	Syac.g_02308
OG0000448	Syam.g_02273	Syac.g_02309
OG0000449	Syam.g_02274	Syac.g_02310
OG0000450	Syam.g_02275	Syac.g_02313
OG0000451	Syam.g_02276	Syac.g_02314
OG0000452	Syam.g_02280	Syac.g_02318
OG0000453	Syam.g_02281	Syac.g_02319
OG0000454	Syam.g_02282	Syac.g_02320
OG0000455	Syam.g_02283	Syac.g_02321
OG0000456	Syam.g_02284	Syac.g_02322
OG0000457	Syam.g_02286	Syac.g_02324
OG0000458	Syam.g_02287	Syac.g_02325
OG0000459	Syam.g_02288	Syac.g_02326
OG0000460	Syam.g_00506	Syac.g_01970
OG0000461	Syam.g_00284	Syac.g_02198
OG0000462	Syam.g_00281	Syac.g_02201
OG0000463	Syam.g_00280	Syac.g_02202
OG0000464	Syam.g_00279	Syac.g_02203
OG0000465	Syam.g_00277	Syac.g_02204
OG0000466	Syam.g_00273	Syac.g_02208
OG0000467	Syam.g_00271	Syac.g_02210
OG0000468	Syam.g_00266	Syac.g_02216
OG0000469	Syam.g_00253	Syac.g_02230
OG0000470	Syam.g_00251	Syac.g_02232
OG0000471	Syam.g_00250	Syac.g_02233
OG0000472	Syam.g_00248	Syac.g_02235
OG0000473	Syam.g_00246	Syac.g_02237
OG0000474	Syam.g_00245	Syac.g_02238
OG0000475	Syam.g_00244	Syac.g_02239
OG0000476	Syam.g_00242	Syac.g_02241
OG0000477	Syam.g_00236	Syac.g_02247
OG0000478	Syam.g_00235	Syac.g_02248
OG0000479	Syam.g_00234	Syac.g_02249
OG0000480	Syam.g_00227	Syac.g_00293
OG0000481	Syam.g_00225	Syac.g_00291
OG0000482	Syam.g_00224	Syac.g_00290
OG0000483	Syam.g_00220	Syac.g_00286
OG0000484	Syam.g_00219	Syac.g_00285
OG0000485	Syam.g_00218	Syac.g_00284
OG0000486	Syam.g_00217	Syac.g_00283
OG0000487	Syam.g_00211	Syac.g_00276
OG0000488	Syam.g_00207	Syac.g_00272
OG0000489	Syam.g_00197	Syac.g_00260
OG0000490	Syam.g_00189	Syac.g_00249
OG0000491	Syam.g_00187	Syac.g_00248
OG0000492	Syam.g_00185	Syac.g_00246
OG0000493	Syam.g_00184	Syac.g_00245
OG0000494	Syam.g_00183	Syac.g_00244
OG0000495	Syam.g_00182	Syac.g_00243
OG0000496	Syam.g_00181	Syac.g_00242
OG0000497	Syam.g_00180	Syac.g_00241
OG0000498	Syam.g_00179	Syac.g_00240
OG0000499	Syam.g_00178	Syac.g_00239
OG0000500	Syam.g_00177	Syac.g_00238
OG0000501	Syam.g_00174	Syac.g_00235
OG0000502	Syam.g_00165	Syac.g_00223
OG0000503	Syam.g_00457	Syac.g_02020
OG0000504	Syam.g_00459	Syac.g_02018
OG0000505	Syam.g_00460	Syac.g_02017
OG0000506	Syam.g_00462	Syac.g_02015
OG0000507	Syam.g_00468	Syac.g_02009
OG0000508	Syam.g_00472	Syac.g_02005
OG0000509	Syam.g_00474	Syac.g_02003
OG0000510	Syam.g_00475	Syac.g_02002
OG0000511	Syam.g_00476	Syac.g_02001
OG0000512	Syam.g_00478	Syac.g_01999
OG0000513	Syam.g_00493	Syac.g_01984
OG0000514	Syam.g_00499	Syac.g_01977
OG0000515	Syam.g_00500	Syac.g_01976
OG0000516	Syam.g_01862	Syac.g_00697
OG0000517	Syam.g_01868	Syac.g_00691
OG0000518	Syam.g_01851	Syac.g_00707
OG0000519	Syam.g_01850	Syac.g_00708
OG0000520	Syam.g_01849	Syac.g_00709
OG0000521	Syam.g_01696	Syac.g_01721
OG0000522	Syam.g_01694	Syac.g_01719
OG0000523	Syam.g_01693	Syac.g_01718
OG0000524	Syam.g_01681	Syac.g_01716
OG0000525	Syam.g_01677	Syac.g_01709
OG0000526	Syam.g_01674	Syac.g_01706
OG0000527	Syam.g_01670	Syac.g_01702
OG0000528	Syam.g_00580	Syac.g_01911
OG0000529	Syam.g_00584	Syac.g_01903
OG0000530	Syam.g_00587	Syac.g_01900
OG0000531	Syam.g_00588	Syac.g_01899
OG0000532	Syam.g_00591	Syac.g_01896
OG0000533	Syam.g_00592	Syac.g_01895
OG0000534	Syam.g_00593	Syac.g_01894
OG0000535	Syam.g_00594	Syac.g_01893
OG0000536	Syam.g_00595	Syac.g_01892
OG0000537	Syam.g_00596	Syac.g_01891
OG0000538	Syam.g_00607	Syac.g_01880
OG0000539	Syam.g_00608	Syac.g_01879
OG0000540	Syam.g_00609	Syac.g_01878
OG0000541	Syam.g_00610	Syac.g_01877
OG0000542	Syam.g_00613	Syac.g_01874
OG0000543	Syam.g_00615	Syac.g_01872
OG0000544	Syam.g_00616	Syac.g_01871
OG0000545	Syam.g_00618	Syac.g_01869
OG0000546	Syam.g_00620	Syac.g_01867
OG0000547	Syam.g_00622	Syac.g_01865
OG0000548	Syam.g_00623	Syac.g_01864
OG0000549	Syam.g_00630	Syac.g_01858
OG0000550	Syam.g_00635	Syac.g_01854
OG0000551	Syam.g_00640	Syac.g_01849
OG0000552	Syam.g_00641	Syac.g_01848
OG0000553	Syam.g_00643	Syac.g_01846
OG0000554	Syam.g_00652	Syac.g_01835
OG0000555	Syam.g_00667	Syac.g_01822
OG0000556	Syam.g_00670	Syac.g_01817
OG0000557	Syam.g_00672	Syac.g_01815
OG0000558	Syam.g_00675	Syac.g_01813
OG0000559	Syam.g_00679	Syac.g_01808
OG0000560	Syam.g_00682	Syac.g_01805
OG0000561	Syam.g_00683	Syac.g_01804
OG0000562	Syam.g_00684	Syac.g_01803
OG0000563	Syam.g_00685	Syac.g_01802
OG0000564	Syam.g_00686	Syac.g_01801
OG0000565	Syam.g_00690	Syac.g_01797
OG0000566	Syam.g_00694	Syac.g_01793
OG0000567	Syam.g_00698	Syac.g_01789
OG0000568	Syam.g_01751	Syac.g_01786
OG0000569	Syam.g_01750	Syac.g_01785
OG0000570	Syam.g_01749	Syac.g_01784
OG0000571	Syam.g_01745	Syac.g_01780
OG0000572	Syam.g_01729	Syac.g_01765
OG0000573	Syam.g_01721	Syac.g_01755
OG0000574	Syam.g_01720	Syac.g_01754
OG0000575	Syam.g_01716	Syac.g_01750
OG0000576	Syam.g_01714	Syac.g_01748
OG0000577	Syam.g_01713	Syac.g_01747
OG0000578	Syam.g_01712	Syac.g_01746
OG0000579	Syam.g_01711	Syac.g_01745
OG0000580	Syam.g_01710	Syac.g_01744
OG0000581	Syam.g_01704	Syac.g_01738
OG0000582	Syam.g_01513	Syac.g_00936
OG0000583	Syam.g_01512	Syac.g_00937
OG0000584	Syam.g_01511	Syac.g_00938
OG0000585	Syam.g_01509	Syac.g_00940
OG0000586	Syam.g_01508	Syac.g_00941
OG0000587	Syam.g_01506	Syac.g_00943
OG0000588	Syam.g_01498	Syac.g_00949
OG0000589	Syam.g_01494	Syac.g_00953
OG0000590	Syam.g_01493	Syac.g_00954
OG0000591	Syam.g_01486	Syac.g_00961
OG0000592	Syam.g_01485	Syac.g_00962
OG0000593	Syam.g_01471	Syac.g_00975
OG0000594	Syam.g_01470	Syac.g_00976
OG0000595	Syam.g_01469	Syac.g_00977
OG0000596	Syam.g_01465	Syac.g_00982
OG0000597	Syam.g_01462	Syac.g_00985
OG0000598	Syam.g_01461	Syac.g_00986
OG0000599	Syam.g_01458	Syac.g_00989
OG0000600	Syam.g_01457	Syac.g_00990
OG0000601	Syam.g_01456	Syac.g_00991
OG0000602	Syam.g_01451	Syac.g_00996
OG0000603	Syam.g_01450	Syac.g_00997
OG0000604	Syam.g_01447	Syac.g_01001
OG0000605	Syam.g_01031	Syac.g_01089
OG0000606	Syam.g_01387	Syac.g_01434
OG0000607	Syam.g_01384	Syac.g_01430
OG0000608	Syam.g_01383	Syac.g_01429
OG0000609	Syam.g_01380	Syac.g_01427
OG0000610	Syam.g_01373	Syac.g_01419
OG0000611	Syam.g_01370	Syac.g_01416
OG0000612	Syam.g_01369	Syac.g_01415
OG0000613	Syam.g_00170	Syac.g_00231
OG0000614	Syam.g_00801	Syac.g_00911
OG0000615	Syam.g_01332	Syac.g_01377
OG0000616	Syam.g_02430	Syac.g_02478
OG0000617	Syam.g_01240	Syac.g_01280
OG0000618	Syam.g_01239	Syac.g_01279
OG0000619	Syam.g_01238	Syac.g_01278
OG0000620	Syam.g_01233	Syac.g_01270
OG0000621	Syam.g_01232	Syac.g_01269
OG0000622	Syam.g_01231	Syac.g_01268
OG0000623	Syam.g_01230	Syac.g_01267
OG0000624	Syam.g_01228	Syac.g_01265
OG0000625	Syam.g_01227	Syac.g_01264
OG0000626	Syam.g_01226	Syac.g_01263
OG0000627	Syam.g_01065	Syac.g_01126
OG0000628	Syam.g_01067	Syac.g_01127
OG0000629	Syam.g_01070	Syac.g_01130
OG0000630	Syam.g_01074	Syac.g_01134
OG0000631	Syam.g_01084	Syac.g_01139
OG0000632	Syam.g_01085	Syac.g_01140
OG0000633	Syam.g_01086	Syac.g_01141
OG0000634	Syam.g_01294	Syac.g_01345
OG0000635	Syam.g_01293	Syac.g_01344
OG0000636	Syam.g_01291	Syac.g_01342
OG0000637	Syam.g_01289	Syac.g_01340
OG0000638	Syam.g_01288	Syac.g_01339
OG0000639	Syam.g_01287	Syac.g_01338
OG0000640	Syam.g_01286	Syac.g_01337
OG0000641	Syam.g_01282	Syac.g_01333
OG0000642	Syam.g_01281	Syac.g_01332
OG0000643	Syam.g_01280	Syac.g_01330
OG0000644	Syam.g_01279	Syac.g_01329
OG0000645	Syam.g_01277	Syac.g_01327
OG0000646	Syam.g_01274	Syac.g_01324
OG0000647	Syam.g_01272	Syac.g_01322
OG0000648	Syam.g_01269	Syac.g_01319
OG0000649	Syam.g_01268	Syac.g_01318
OG0000650	Syam.g_01267	Syac.g_01317
OG0000651	Syam.g_01266	Syac.g_01316
OG0000652	Syam.g_01265	Syac.g_01315
OG0000653	Syam.g_01263	Syac.g_01313
OG0000654	Syam.g_01262	Syac.g_01312
OG0000655	Syam.g_01261	Syac.g_01311
OG0000656	Syam.g_01258	Syac.g_01308
OG0000657	Syam.g_00739	Syac.g_00846
OG0000658	Syam.g_00735	Syac.g_00842
OG0000659	Syam.g_00734	Syac.g_00841
OG0000660	Syam.g_00730	Syac.g_00837
OG0000661	Syam.g_00728	Syac.g_00835
OG0000662	Syam.g_00726	Syac.g_00833
OG0000663	Syam.g_00723	Syac.g_00830
OG0000664	Syam.g_00722	Syac.g_00829
OG0000665	Syam.g_02027	Syac.g_01018
OG0000666	Syam.g_01030	Syac.g_01088
OG0000667	Syam.g_00937	Syac.g_02165
OG0000668	Syam.g_01185	Syac.g_01239
OG0000669	Syam.g_01358	Syac.g_01404
OG0000670	Syam.g_00528	Syac.g_00580
OG0000671	Syam.g_01354	Syac.g_01400
OG0000672	Syam.g_01351	Syac.g_01396
OG0000673	Syam.g_01348	Syac.g_01393
OG0000674	Syam.g_01346	Syac.g_01391
OG0000675	Syam.g_01345	Syac.g_01390
OG0000676	Syam.g_01343	Syac.g_01388
OG0000677	Syam.g_01342	Syac.g_01387
OG0000678	Syam.g_01339	Syac.g_01384
OG0000679	Syam.g_01323	Syac.g_01375
OG0000680	Syam.g_01322	Syac.g_01374
OG0000681	Syam.g_01319	Syac.g_01371
OG0000682	Syam.g_01318	Syac.g_01370
OG0000683	Syam.g_01317	Syac.g_01369
OG0000684	Syam.g_01312	Syac.g_01365
OG0000685	Syam.g_01310	Syac.g_01363
OG0000686	Syam.g_01309	Syac.g_01362
OG0000687	Syam.g_01308	Syac.g_01361
OG0000688	Syam.g_01304	Syac.g_01356
OG0000689	Syam.g_01302	Syac.g_01354
OG0000690	Syam.g_01301	Syac.g_01353
OG0000691	Syam.g_01300	Syac.g_01352
OG0000692	Syam.g_01299	Syac.g_01351
OG0000693	Syam.g_01298	Syac.g_01349
OG0000694	Syam.g_01297	Syac.g_01348
OG0000695	Syam.g_01088	Syac.g_01143
OG0000696	Syam.g_01089	Syac.g_01144
OG0000697	Syam.g_01091	Syac.g_01146
OG0000698	Syam.g_01094	Syac.g_01149
OG0000699	Syam.g_01096	Syac.g_01151
OG0000700	Syam.g_01097	Syac.g_01152
OG0000701	Syam.g_01098	Syac.g_01153
OG0000702	Syam.g_01106	Syac.g_01161
OG0000703	Syam.g_01107	Syac.g_01162
OG0000704	Syam.g_01109	Syac.g_01165
OG0000705	Syam.g_01116	Syac.g_01174
OG0000706	Syam.g_01117	Syac.g_01175
OG0000707	Syam.g_01118	Syac.g_01176
OG0000708	Syam.g_01121	Syac.g_01179
OG0000709	Syam.g_01131	Syac.g_01187
OG0000710	Syam.g_01135	Syac.g_01191
OG0000711	Syam.g_01165	Syac.g_01220
OG0000712	Syam.g_01167	Syac.g_01221
OG0000713	Syam.g_01168	Syac.g_01222
OG0000714	Syam.g_01170	Syac.g_01224
OG0000715	Syam.g_01172	Syac.g_01226
OG0000716	Syam.g_01176	Syac.g_01230
OG0000717	Syam.g_01177	Syac.g_01231
OG0000718	Syam.g_01181	Syac.g_01235
OG0000719	Syam.g_01183	Syac.g_01237
OG0000720	Syam.g_01197	Syac.g_01250
OG0000721	Syam.g_01199	Syac.g_01252
OG0000722	Syam.g_01200	Syac.g_01253
OG0000723	Syam.g_01224	Syac.g_01261
OG0000724	Syam.g_00768	Syac.g_00879
OG0000725	Syam.g_00777	Syac.g_00887
OG0000726	Syam.g_00778	Syac.g_00888
OG0000727	Syam.g_00779	Syac.g_00889
OG0000728	Syam.g_00781	Syac.g_00891
OG0000729	Syam.g_00105	Syac.g_00144
OG0000730	Syam.g_00454	Syac.g_02024
OG0000731	Syam.g_00466	Syac.g_02011
OG0000732	Syam.g_00051	Syac.g_00051
OG0000733	Syam.g_02339	Syac.g_02386
OG0000734	Syam.g_02128	Syac.g_00388
OG0000735	Syam.g_01810	Syac.g_00750
OG0000736	Syam.g_01809	Syac.g_00751
OG0000737	Syam.g_01808	Syac.g_00752
OG0000738	Syam.g_01803	Syac.g_00757
OG0000739	Syam.g_01802	Syac.g_00762
OG0000740	Syam.g_01801	Syac.g_00763
OG0000741	Syam.g_01798	Syac.g_00766
OG0000742	Syam.g_01796	Syac.g_00768
OG0000743	Syam.g_01794	Syac.g_00770
OG0000744	Syam.g_01793	Syac.g_00771
OG0000745	Syam.g_01791	Syac.g_00773
OG0000746	Syam.g_01789	Syac.g_00776
OG0000747	Syam.g_01788	Syac.g_00777
OG0000748	Syam.g_01779	Syac.g_00787
OG0000749	Syam.g_01776	Syac.g_00789
OG0000750	Syam.g_01775	Syac.g_00790
OG0000751	Syam.g_01770	Syac.g_00797
OG0000752	Syam.g_01768	Syac.g_00799
OG0000753	Syam.g_01765	Syac.g_00802
OG0000754	Syam.g_00910	Syac.g_01471
OG0000755	Syam.g_00900	Syac.g_01479
OG0000756	Syam.g_00899	Syac.g_01480
OG0000757	Syam.g_00891	Syac.g_01492
OG0000758	Syam.g_00890	Syac.g_01493
OG0000759	Syam.g_00889	Syac.g_01494
OG0000760	Syam.g_00888	Syac.g_01495
OG0000761	Syam.g_00886	Syac.g_01496
OG0000762	Syam.g_00884	Syac.g_01498
OG0000763	Syam.g_00882	Syac.g_01500
OG0000764	Syam.g_00881	Syac.g_01501
OG0000765	Syam.g_00864	Syac.g_01515
OG0000766	Syam.g_00863	Syac.g_01516
OG0000767	Syam.g_00861	Syac.g_01518
OG0000768	Syam.g_00860	Syac.g_01519
OG0000769	Syam.g_00858	Syac.g_01521
OG0000770	Syam.g_00855	Syac.g_01524
OG0000771	Syam.g_00762	Syac.g_00873
OG0000772	Syam.g_01005	Syac.g_01569
OG0000773	Syam.g_01816	Syac.g_00741
OG0000774	Syam.g_01820	Syac.g_00737
OG0000775	Syam.g_01823	Syac.g_00735
OG0000776	Syam.g_01824	Syac.g_00734
OG0000777	Syam.g_01825	Syac.g_00733
OG0000778	Syam.g_01826	Syac.g_00732
OG0000779	Syam.g_01832	Syac.g_00727
OG0000780	Syam.g_01835	Syac.g_00723
OG0000781	Syam.g_01839	Syac.g_00719
OG0000782	Syam.g_01840	Syac.g_00718
OG0000783	Syam.g_01841	Syac.g_00717
OG0000784	Syam.g_01842	Syac.g_00716
OG0000785	Syam.g_01844	Syac.g_00714
OG0000786	Syam.g_01700	Syac.g_01730
OG0000787	Syam.g_01701	Syac.g_01731
OG0000788	Syam.g_01455	Syac.g_00992
OG0000789	Syam.g_01044	Syac.g_01111
OG0000790	Syam.g_00570	Syac.g_01921
OG0000791	Syam.g_00568	Syac.g_01922
OG0000792	Syam.g_00567	Syac.g_01923
OG0000793	Syam.g_00562	Syac.g_01928
OG0000794	Syam.g_00561	Syac.g_01929
OG0000795	Syam.g_00560	Syac.g_01930
OG0000796	Syam.g_00556	Syac.g_01934
OG0000797	Syam.g_00555	Syac.g_01935
OG0000798	Syam.g_00233	Syac.g_02250
OG0000799	Syam.g_01585	Syac.g_01602
OG0000800	Syam.g_01588	Syac.g_01603
OG0000801	Syam.g_01589	Syac.g_01604
OG0000802	Syam.g_01592	Syac.g_01608
OG0000803	Syam.g_01597	Syac.g_01613
OG0000804	Syam.g_01600	Syac.g_01616
OG0000805	Syam.g_01602	Syac.g_01620
OG0000806	Syam.g_01604	Syac.g_01622
OG0000807	Syam.g_01606	Syac.g_01624
OG0000808	Syam.g_01607	Syac.g_01625
OG0000809	Syam.g_01610	Syac.g_01628
OG0000810	Syam.g_01611	Syac.g_01629
OG0000811	Syam.g_01616	Syac.g_01637
OG0000812	Syam.g_01618	Syac.g_01639
OG0000813	Syam.g_01619	Syac.g_01640
OG0000814	Syam.g_01621	Syac.g_01642
OG0000815	Syam.g_01622	Syac.g_01643
OG0000816	Syam.g_01624	Syac.g_01645
OG0000817	Syam.g_01625	Syac.g_01646
OG0000818	Syam.g_01631	Syac.g_01652
OG0000819	Syam.g_01632	Syac.g_01653
OG0000820	Syam.g_01633	Syac.g_01654
OG0000821	Syam.g_01639	Syac.g_01659
OG0000822	Syam.g_01641	Syac.g_01661
OG0000823	Syam.g_01642	Syac.g_01662
OG0000824	Syam.g_01648	Syac.g_01666
OG0000825	Syam.g_01649	Syac.g_01667
OG0000826	Syam.g_01650	Syac.g_01668
OG0000827	Syam.g_01651	Syac.g_01669
OG0000828	Syam.g_01655	Syac.g_01672
OG0000829	Syam.g_01656	Syac.g_01673
OG0000830	Syam.g_01657	Syac.g_01674
OG0000831	Syam.g_01659	Syac.g_01676
OG0000832	Syam.g_01923	Syac.g_00623
OG0000833	Syam.g_01932	Syac.g_00613
OG0000834	Syam.g_01933	Syac.g_00610
OG0000835	Syam.g_01934	Syac.g_00609
OG0000836	Syam.g_01937	Syac.g_00605
OG0000837	Syam.g_01938	Syac.g_00604
OG0000838	Syam.g_01946	Syac.g_00600
OG0000839	Syam.g_01947	Syac.g_00599
OG0000840	Syam.g_01948	Syac.g_00598
OG0000841	Syam.g_01949	Syac.g_00597
OG0000842	Syam.g_01950	Syac.g_00596
OG0000843	Syam.g_01951	Syac.g_00595
OG0000844	Syam.g_01953	Syac.g_00593
OG0000845	Syam.g_01954	Syac.g_00592
OG0000846	Syam.g_01955	Syac.g_00591
OG0000847	Syam.g_01956	Syac.g_00590
OG0000848	Syam.g_01958	Syac.g_00588
OG0000849	Syam.g_01959	Syac.g_00587
OG0000850	Syam.g_01961	Syac.g_00585
OG0000851	Syam.g_01966	Syac.g_00573
OG0000852	Syam.g_01967	Syac.g_00572
OG0000853	Syam.g_01971	Syac.g_00568
OG0000854	Syam.g_01973	Syac.g_00566
OG0000855	Syam.g_01974	Syac.g_00565
OG0000856	Syam.g_01483	Syac.g_00964
OG0000857	Syam.g_01273	Syac.g_01323
OG0000858	Syam.g_01980	Syac.g_00559
OG0000859	Syam.g_01981	Syac.g_00558
OG0000860	Syam.g_01992	Syac.g_00542
OG0000861	Syam.g_01993	Syac.g_00541
OG0000862	Syam.g_01994	Syac.g_00540
OG0000863	Syam.g_01996	Syac.g_00538
OG0000864	Syam.g_01997	Syac.g_00537
OG0000865	Syam.g_01998	Syac.g_00533
OG0000866	Syam.g_01999	Syac.g_00532
OG0000867	Syam.g_02000	Syac.g_00531
OG0000868	Syam.g_02003	Syac.g_00529
OG0000869	Syam.g_02007	Syac.g_00524
OG0000870	Syam.g_02012	Syac.g_00519
OG0000871	Syam.g_02013	Syac.g_00518
OG0000872	Syam.g_02021	Syac.g_00510
OG0000873	Syam.g_02024	Syac.g_00507
OG0000874	Syam.g_02019	Syac.g_00512
OG0000875	Syam.g_02026	Syac.g_00505
OG0000876	Syam.g_01877	Syac.g_00675
OG0000877	Syam.g_01882	Syac.g_00671
OG0000878	Syam.g_01883	Syac.g_00670
OG0000879	Syam.g_01884	Syac.g_00669
OG0000880	Syam.g_01885	Syac.g_00668
OG0000881	Syam.g_01891	Syac.g_00664
OG0000882	Syam.g_01896	Syac.g_00659
OG0000883	Syam.g_01898	Syac.g_00656
OG0000884	Syam.g_01900	Syac.g_00654
OG0000885	Syam.g_01901	Syac.g_00653
OG0000886	Syam.g_01902	Syac.g_00652
OG0000887	Syam.g_01903	Syac.g_00651
OG0000888	Syam.g_01905	Syac.g_00649
OG0000889	Syam.g_01907	Syac.g_00647
OG0000890	Syam.g_01910	Syac.g_00642
OG0000891	Syam.g_01911	Syac.g_00641
OG0000892	Syam.g_01913	Syac.g_00638
OG0000893	Syam.g_00287	Syac.g_02193
OG0000894	Syam.g_00290	Syac.g_02189
OG0000895	Syam.g_00294	Syac.g_02185
OG0000896	Syam.g_00295	Syac.g_02184
OG0000897	Syam.g_00297	Syac.g_02182
OG0000898	Syam.g_00298	Syac.g_02181
OG0000899	Syam.g_00299	Syac.g_02180
OG0000900	Syam.g_00300	Syac.g_02179
OG0000901	Syam.g_00305	Syac.g_02174
OG0000902	Syam.g_00307	Syac.g_02172
OG0000903	Syam.g_00322	Syac.g_02140
OG0000904	Syam.g_00317	Syac.g_02145
OG0000905	Syam.g_00312	Syac.g_02148
OG0000906	Syam.g_00309	Syac.g_02150
OG0000907	Syam.g_00324	Syac.g_02138
OG0000908	Syam.g_00327	Syac.g_02135
OG0000909	Syam.g_00328	Syac.g_02134
OG0000910	Syam.g_00329	Syac.g_02133
OG0000911	Syam.g_00331	Syac.g_02131
OG0000912	Syam.g_00332	Syac.g_02130
OG0000913	Syam.g_00333	Syac.g_02129
OG0000914	Syam.g_00334	Syac.g_02128
OG0000915	Syam.g_00336	Syac.g_02127
OG0000916	Syam.g_00337	Syac.g_02126
OG0000917	Syam.g_00338	Syac.g_02125
OG0000918	Syam.g_00339	Syac.g_02124
OG0000919	Syam.g_00340	Syac.g_02123
OG0000920	Syam.g_00341	Syac.g_02122
OG0000921	Syam.g_00342	Syac.g_02121
OG0000922	Syam.g_00343	Syac.g_02120
OG0000923	Syam.g_00347	Syac.g_02116
OG0000924	Syam.g_00348	Syac.g_02115
OG0000925	Syam.g_00349	Syac.g_02114
OG0000926	Syam.g_00350	Syac.g_02113
OG0000927	Syam.g_00352	Syac.g_02111
OG0000928	Syam.g_00353	Syac.g_02110
OG0000929	Syam.g_00354	Syac.g_02109
OG0000930	Syam.g_00355	Syac.g_02108
OG0000931	Syam.g_00356	Syac.g_02107
OG0000932	Syam.g_00357	Syac.g_02106
OG0000933	Syam.g_00363	Syac.g_02101
OG0000934	Syam.g_00365	Syac.g_02099
OG0000935	Syam.g_00366	Syac.g_02098
OG0000936	Syam.g_00368	Syac.g_02097
OG0000937	Syam.g_00369	Syac.g_02096
OG0000938	Syam.g_00373	Syac.g_02092
OG0000939	Syam.g_00374	Syac.g_02091
OG0000940	Syam.g_00381	Syac.g_02084
OG0000941	Syam.g_00383	Syac.g_02082
OG0000942	Syam.g_00385	Syac.g_02080
OG0000943	Syam.g_00386	Syac.g_02079
OG0000944	Syam.g_00388	Syac.g_02077
OG0000945	Syam.g_00390	Syac.g_02075
OG0000946	Syam.g_00395	Syac.g_02071
OG0000947	Syam.g_00398	Syac.g_02068
OG0000948	Syam.g_00399	Syac.g_02067
OG0000949	Syam.g_00159	Syac.g_00205
OG0000950	Syam.g_00150	Syac.g_00193
OG0000951	Syam.g_00145	Syac.g_00188
OG0000952	Syam.g_00140	Syac.g_00183
OG0000953	Syam.g_00136	Syac.g_00177
OG0000954	Syam.g_00131	Syac.g_00172
OG0000955	Syam.g_00130	Syac.g_00171
OG0000956	Syam.g_00128	Syac.g_00169
OG0000957	Syam.g_00117	Syac.g_00158
OG0000958	Syam.g_00116	Syac.g_00157
OG0000959	Syam.g_00112	Syac.g_00153
OG0000960	Syam.g_00111	Syac.g_00152
OG0000961	Syam.g_00108	Syac.g_00147
OG0000962	Syam.g_00106	Syac.g_00145
OG0000963	Syam.g_00101	Syac.g_00140
OG0000964	Syam.g_00100	Syac.g_00139
OG0000965	Syam.g_00099	Syac.g_00138
OG0000966	Syam.g_00074	Syac.g_00107
OG0000967	Syam.g_00069	Syac.g_00075
OG0000968	Syam.g_00077	Syac.g_00080
OG0000969	Syam.g_00072	Syac.g_00078
OG0000970	Syam.g_00071	Syac.g_00077
OG0000971	Syam.g_00066	Syac.g_00067
OG0000972	Syam.g_00065	Syac.g_00066
OG0000973	Syam.g_00064	Syac.g_00065
OG0000974	Syam.g_00063	Syac.g_00064
OG0000975	Syam.g_00062	Syac.g_00063
OG0000976	Syam.g_00061	Syac.g_00062
OG0000977	Syam.g_00059	Syac.g_00059
OG0000978	Syam.g_00058	Syac.g_00058
OG0000979	Syam.g_00055	Syac.g_00055
OG0000980	Syam.g_00052	Syac.g_00052
OG0000981	Syam.g_00049	Syac.g_00049
OG0000982	Syam.g_02314	Syac.g_02354
OG0000983	Syam.g_02315	Syac.g_02355
OG0000984	Syam.g_02316	Syac.g_02356
OG0000985	Syam.g_02318	Syac.g_02359
OG0000986	Syam.g_02320	Syac.g_02363
OG0000987	Syam.g_02322	Syac.g_02365
OG0000988	Syam.g_02327	Syac.g_02370
OG0000989	Syam.g_02334	Syac.g_02379
OG0000990	Syam.g_02346	Syac.g_02397
OG0000991	Syam.g_02348	Syac.g_02400
OG0000992	Syam.g_02351	Syac.g_02402
OG0000993	Syam.g_02352	Syac.g_02403
OG0000994	Syam.g_02354	Syac.g_02405
OG0000995	Syam.g_02359	Syac.g_02410
OG0000996	Syam.g_02405	Syac.g_02454
OG0000997	Syam.g_02416	Syac.g_02464
OG0000998	Syam.g_02418	Syac.g_02466
OG0000999	Syam.g_02419	Syac.g_02467
OG0001000	Syam.g_02422	Syac.g_02470
OG0001001	Syam.g_02427	Syac.g_02475
OG0001002	Syam.g_02433	Syac.g_02481
OG0001003	Syam.g_02434	Syac.g_02483
OG0001004	Syam.g_02435	Syac.g_02484
OG0001005	Syam.g_02436	Syac.g_02485
OG0001006	Syam.g_02444	Syac.g_02492
OG0001007	Syam.g_02446	Syac.g_02494
OG0001008	Syam.g_01866	Syac.g_00693
OG0001009	Syam.g_00032	Syac.g_00030
OG0001010	Syam.g_00033	Syac.g_00031
OG0001011	Syam.g_00034	Syac.g_00032
OG0001012	Syam.g_02310	Syac.g_02351
OG0001013	Syam.g_02296	Syac.g_02337
OG0001014	Syam.g_02292	Syac.g_02333
OG0001015	Syam.g_02291	Syac.g_02332
OG0001016	Syam.g_02067	Syac.g_00446
OG0001017	Syam.g_02073	Syac.g_00440
OG0001018	Syam.g_02075	Syac.g_00438
OG0001019	Syam.g_02093	Syac.g_00422
OG0001020	Syam.g_02098	Syac.g_00417
OG0001021	Syam.g_02102	Syac.g_00413
OG0001022	Syam.g_02106	Syac.g_00410
OG0001023	Syam.g_02107	Syac.g_00409
OG0001024	Syam.g_02111	Syac.g_00405
OG0001025	Syam.g_02118	Syac.g_00399
OG0001026	Syam.g_02130	Syac.g_00386
OG0001027	Syam.g_02135	Syac.g_00380
OG0001028	Syam.g_02137	Syac.g_00378
OG0001029	Syam.g_02139	Syac.g_00376
OG0001030	Syam.g_02163	Syac.g_00356
OG0001031	Syam.g_02239	Syac.g_02266
OG0001032	Syam.g_02241	Syac.g_02268
OG0001033	Syam.g_02265	Syac.g_02298
OG0001034	Syam.g_00508	Syac.g_01968
OG0001036	Syam.g_00261	Syac.g_02221
OG0001037	Syam.g_00259	Syac.g_02223
OG0001038	Syam.g_00232	Syac.g_02251
OG0001039	Syam.g_00229	Syac.g_02254
OG0001040	Syam.g_00226	Syac.g_00292
OG0001041	Syam.g_00221	Syac.g_00287
OG0001042	Syam.g_00196	Syac.g_00258
OG0001043	Syam.g_00192	Syac.g_00254
OG0001044	Syam.g_00456	Syac.g_02021
OG0001045	Syam.g_00469	Syac.g_02008
OG0001046	Syam.g_01151	Syac.g_01207
OG0001047	Syam.g_01864	Syac.g_00695
OG0001048	Syam.g_01863	Syac.g_00696
OG0001049	Syam.g_01855	Syac.g_00703
OG0001050	Syam.g_01854	Syac.g_00704
OG0001051	Syam.g_01853	Syac.g_00705
OG0001052	Syam.g_01672	Syac.g_01704
OG0001053	Syam.g_00586	Syac.g_01901
OG0001054	Syam.g_00603	Syac.g_01884
OG0001055	Syam.g_00624	Syac.g_01863
OG0001056	Syam.g_00656	Syac.g_01831
OG0001057	Syam.g_00664	Syac.g_01825
OG0001058	Syam.g_00677	Syac.g_01810
OG0001059	Syam.g_00681	Syac.g_01806
OG0001060	Syam.g_00688	Syac.g_01799
OG0001061	Syam.g_01744	Syac.g_01779
OG0001062	Syam.g_01742	Syac.g_01777
OG0001063	Syam.g_01737	Syac.g_01773
OG0001064	Syam.g_01736	Syac.g_01772
OG0001065	Syam.g_01735	Syac.g_01771
OG0001066	Syam.g_01734	Syac.g_01770
OG0001067	Syam.g_01733	Syac.g_01769
OG0001068	Syam.g_01732	Syac.g_01768
OG0001069	Syam.g_01731	Syac.g_01767
OG0001070	Syam.g_01728	Syac.g_01764
OG0001071	Syam.g_01727	Syac.g_01763
OG0001072	Syam.g_01723	Syac.g_01758
OG0001074	Syam.g_01504	Syac.g_00945
OG0001075	Syam.g_01502	Syac.g_00946
OG0001076	Syam.g_01491	Syac.g_00956
OG0001077	Syam.g_01480	Syac.g_00967
OG0001078	Syam.g_01467	Syac.g_00980
OG0001079	Syam.g_01454	Syac.g_00993
OG0001080	Syam.g_01034	Syac.g_01092
OG0001081	Syam.g_01386	Syac.g_01432
OG0001082	Syam.g_01385	Syac.g_01431
OG0001083	Syam.g_01377	Syac.g_01424
OG0001084	Syam.g_01376	Syac.g_01423
OG0001085	Syam.g_01366	Syac.g_01412
OG0001086	Syam.g_01364	Syac.g_01410
OG0001087	Syam.g_00813	Syac.g_00923
OG0001088	Syam.g_00809	Syac.g_00920
OG0001089	Syam.g_00785	Syac.g_00896
OG0001090	Syam.g_01246	Syac.g_01286
OG0001091	Syam.g_01244	Syac.g_01284
OG0001092	Syam.g_01242	Syac.g_01282
OG0001093	Syam.g_01236	Syac.g_01276
OG0001094	Syam.g_01296	Syac.g_01347
OG0001095	Syam.g_01276	Syac.g_01326
OG0001096	Syam.g_01260	Syac.g_01310
OG0001097	Syam.g_00727	Syac.g_00834
OG0001098	Syam.g_01037	Syac.g_01096
OG0001099	Syam.g_02138	Syac.g_00377
OG0001100	Syam.g_01356	Syac.g_01402
OG0001101	Syam.g_01355	Syac.g_01401
OG0001103	Syam.g_01350	Syac.g_01395
OG0001104	Syam.g_01311	Syac.g_01364
OG0001105	Syam.g_01307	Syac.g_01360
OG0001106	Syam.g_01110	Syac.g_01166
OG0001107	Syam.g_01122	Syac.g_01180
OG0001108	Syam.g_01132	Syac.g_01188
OG0001109	Syam.g_01134	Syac.g_01190
OG0001110	Syam.g_01136	Syac.g_01192
OG0001111	Syam.g_01138	Syac.g_01194
OG0001112	Syam.g_01140	Syac.g_01196
OG0001113	Syam.g_01141	Syac.g_01197
OG0001114	Syam.g_01142	Syac.g_01198
OG0001115	Syam.g_01146	Syac.g_01202
OG0001116	Syam.g_01148	Syac.g_01204
OG0001117	Syam.g_01149	Syac.g_01205
OG0001118	Syam.g_01150	Syac.g_01206
OG0001119	Syam.g_01152	Syac.g_01208
OG0001120	Syam.g_01156	Syac.g_01213
OG0001121	Syam.g_00970	Syac.g_01949, Syac.g_01170
OG0001122	Syam.g_01184	Syac.g_01238
OG0001123	Syam.g_01191	Syac.g_01245
OG0001124	Syam.g_01194	Syac.g_01247
OG0001125	Syam.g_01196	Syac.g_01249
OG0001126	Syam.g_00757	Syac.g_00870
OG0001127	Syam.g_00758	Syac.g_00871
OG0001128	Syam.g_00764	Syac.g_00875
OG0001129	Syam.g_00766	Syac.g_00877
OG0001130	Syam.g_00767	Syac.g_00878
OG0001131	Syam.g_01337	Syac.g_01382
OG0001132	Syam.g_01020	Syac.g_01062
OG0001134	Syam.g_00915	Syac.g_01466
OG0001135	Syam.g_00917	Syac.g_01464
OG0001136	Syam.g_01797	Syac.g_00767
OG0001137	Syam.g_01780	Syac.g_00786
OG0001138	Syam.g_00898	Syac.g_01486
OG0001139	Syam.g_00896	Syac.g_01488
OG0001140	Syam.g_00895	Syac.g_01489
OG0001141	Syam.g_00894	Syac.g_01490
OG0001142	Syam.g_00892	Syac.g_01491
OG0001143	Syam.g_00883	Syac.g_01499
OG0001144	Syam.g_00873	Syac.g_01508
OG0001145	Syam.g_01817	Syac.g_00740
OG0001146	Syam.g_01836	Syac.g_00722
OG0001147	Syam.g_01665	Syac.g_01689
OG0001148	Syam.g_00573	Syac.g_01918
OG0001149	Syam.g_00572	Syac.g_01919
OG0001150	Syam.g_00571	Syac.g_01920
OG0001151	Syam.g_00558	Syac.g_01932
OG0001152	Syam.g_00557	Syac.g_01933
OG0001153	Syam.g_01652	Syac.g_01670
OG0001154	Syam.g_01654	Syac.g_01671
OG0001155	Syam.g_01925	Syac.g_00621
OG0001156	Syam.g_01928	Syac.g_00618
OG0001157	Syam.g_01929	Syac.g_00617
OG0001158	Syam.g_01930	Syac.g_00616
OG0001159	Syam.g_01931	Syac.g_00615
OG0001160	Syam.g_01969	Syac.g_00570
OG0001161	Syam.g_02338	Syac.g_02385
OG0001162	Syam.g_01257	Syac.g_01307
OG0001163	Syam.g_01977	Syac.g_00562
OG0001164	Syam.g_01983	Syac.g_00556
OG0001165	Syam.g_01988	Syac.g_00551
OG0001166	Syam.g_02011	Syac.g_00520
OG0001167	Syam.g_01888	Syac.g_00667
OG0001168	Syam.g_01890	Syac.g_00665
OG0001169	Syam.g_01892	Syac.g_00663
OG0001170	Syam.g_01894	Syac.g_00661
OG0001171	Syam.g_01904	Syac.g_00650
OG0001172	Syam.g_00292	Syac.g_02187
OG0001173	Syam.g_00293	Syac.g_02186
OG0001174	Syam.g_00301	Syac.g_02178
OG0001175	Syam.g_00302	Syac.g_02177
OG0001176	Syam.g_00321	Syac.g_02141
OG0001177	Syam.g_00319	Syac.g_02143
OG0001178	Syam.g_01995	Syac.g_00539
OG0001179	Syam.g_00351	Syac.g_02112
OG0001180	Syam.g_00378	Syac.g_02087
OG0001181	Syam.g_00382	Syac.g_02083
OG0001182	Syam.g_00391	Syac.g_02074
OG0001183	Syam.g_00396	Syac.g_02070
OG0001184	Syam.g_00143	Syac.g_00186
OG0001185	Syam.g_00121	Syac.g_00162
OG0001186	Syam.g_00076	Syac.g_00082
OG0001187	Syam.g_00073	Syac.g_00085
OG0001188	Syam.g_00070	Syac.g_00076
OG0001189	Syam.g_00054	Syac.g_00054
OG0001190	Syam.g_02313	Syac.g_02353
OG0001191	Syam.g_02324	Syac.g_02368
OG0001192	Syam.g_02330	Syac.g_02374
OG0001193	Syam.g_02355	Syac.g_02406
OG0001194	Syam.g_02357	Syac.g_02408
OG0001195	Syam.g_02358	Syac.g_02409
OG0001196	Syam.g_02429	Syac.g_02477
OG0001197	Syam.g_02431	Syac.g_02479
OG0001198	Syam.g_02443	Syac.g_02491
OG0001199	Syam.g_02068	Syac.g_00445
OG0001200	Syam.g_02070	Syac.g_00443
OG0001201	Syam.g_02122	Syac.g_00395
OG0001202	Syam.g_02255	Syac.g_02285
OG0001203	Syam.g_00511	Syac.g_01967
OG0001204	Syam.g_00282	Syac.g_02200
OG0001205	Syam.g_01852	Syac.g_00706
OG0001206	Syam.g_01680	Syac.g_01715
OG0001208	Syam.g_00585	Syac.g_01902
OG0001209	Syam.g_00654	Syac.g_01833
OG0001210	Syam.g_00663	Syac.g_01826
OG0001211	Syam.g_00678	Syac.g_01809
OG0001212	Syam.g_01717	Syac.g_01751
OG0001213	Syam.g_01479	Syac.g_00968
OG0001214	Syam.g_01466	Syac.g_00981
OG0001215	Syam.g_00808	Syac.g_00919
OG0001216	Syam.g_01245	Syac.g_01285
OG0001217	Syam.g_01403	Syac.g_01043
OG0001218	Syam.g_01662	Syac.g_01679
OG0001220	Syam.g_01754	Syac.g_00813
OG0001221	Syam.g_01334	Syac.g_01379
OG0001224	Syam.g_00770	Syac.g_00880
OG0001225	Syam.g_00772	Syac.g_00882
OG0001226	Syam.g_01425	Syac.g_01026
OG0001227	Syam.g_02340	Syac.g_02387
OG0001228	Syam.g_01858	Syac.g_00700
OG0001229	Syam.g_00796	Syac.g_00906
OG0001230	Syam.g_01603	Syac.g_01621
OG0001231	Syam.g_00017	Syac.g_00017
OG0001232	Syam.g_02022	Syac.g_00509
OG0001233	Syam.g_01895	Syac.g_00660
OG0001234	Syam.g_00306	Syac.g_02173
OG0001235	Syam.g_00313	Syac.g_02147
OG0001236	Syam.g_00146	Syac.g_00189
OG0001237	Syam.g_00141	Syac.g_00184
OG0001238	Syam.g_02326	Syac.g_02369
OG0001240	Syam.g_02105	Syac.g_00411
OG0001241	Syam.g_02115	Syac.g_00402
OG0001242	Syam.g_02145	Syac.g_00370
OG0001244	Syam.g_02188	Syac.g_00333
OG0001245	Syam.g_01057	Syac.g_01064
OG0001246	Syam.g_00611	Syac.g_01876
OG0001247	Syam.g_01253	Syac.g_01303
OG0001248	Syam.g_01256	Syac.g_01306
OG0001249	Syam.g_00436	Syac.g_02029
OG0001250	Syam.g_00731	Syac.g_00838
OG0001251	Syam.g_02365	Syac.g_02415
OG0001252	Syam.g_00763	Syac.g_00874
OG0001253	Syam.g_01021	Syac.g_01063
OG0001254	Syam.g_00916	Syac.g_01465
OG0001255	Syam.g_01056	Syac.g_01957
OG0001256	Syam.g_01976	Syac.g_00563
OG0001257	Syam.g_01683	Syac.g_01686
OG0001258	Syam.g_01986	Syac.g_00553
OG0001259	Syam.g_01893	Syac.g_00662
OG0001260	Syam.g_01912	Syac.g_00640
OG0001262	Syam.g_00056	Syac.g_00056
OG0001263	Syam.g_02159	Syac.g_00360
OG0001265	Syam.g_02143	Syac.g_00372
OG0001266	Syam.g_02259	Syac.g_02289
OG0001267	Syam.g_00230	Syac.g_02253
OG0001268	Syam.g_00463	Syac.g_02014
OG0001269	Syam.g_00956	Syac.g_01960
OG0001270	Syam.g_01871	Syac.g_00690
OG0001271	Syam.g_01671	Syac.g_01703
OG0001272	Syam.g_00589	Syac.g_01898
OG0001273	Syam.g_01472	Syac.g_00974
OG0001274	Syam.g_02285	Syac.g_02323
OG0001275	Syam.g_01174	Syac.g_01228
OG0001276	Syam.g_01190	Syac.g_01244
OG0001277	Syam.g_02415	Syac.g_02463
OG0001278	Syam.g_00862	Syac.g_01517
OG0001279	Syam.g_01590	Syac.g_01605
OG0001280	Syam.g_01827	Syac.g_00731
OG0001281	Syam.g_01837	Syac.g_00721
OG0001282	Syam.g_00574	Syac.g_01917
OG0001283	Syam.g_02424	Syac.g_02472
OG0001284	Syam.g_01960	Syac.g_00586
OG0001285	Syam.g_02380	Syac.g_01060
OG0001286	Syam.g_00376	Syac.g_02089
OG0001287	Syam.g_00113	Syac.g_00154
OG0001288	Syam.g_00102	Syac.g_00141
OG0001289	Syam.g_02089	Syac.g_00426
OG0001291	Syam.g_02170	Syac.g_00349
OG0001292	Syam.g_00276	Syac.g_02205
OG0001293	Syam.g_00256	Syac.g_02226
OG0001294	Syam.g_01365	Syac.g_01411
OG0001295	Syam.g_00665	Syac.g_01824
OG0001296	Syam.g_00617	Syac.g_01870
OG0001297	Syam.g_00621	Syac.g_01866
OG0001298	Syam.g_01738	Syac.g_01774
OG0001299	Syam.g_01371	Syac.g_01417
OG0001300	Syam.g_00800	Syac.g_00910
OG0001301	Syam.g_00786	Syac.g_00897
OG0001302	Syam.g_01437	Syac.g_01012
OG0001303	Syam.g_01082	Syac.g_01137
OG0001304	Syam.g_01204	Syac.g_01257
OG0001305	Syam.g_00780	Syac.g_00890
OG0001306	Syam.g_01811	Syac.g_00749
OG0001307	Syam.g_00945	Syac.g_02156
OG0001309	Syam.g_00628	Syac.g_01860
OG0001311	Syam.g_01192	Syac.g_01246
OG0001312	Syam.g_01092	Syac.g_01147
OG0001314	Syam.g_00540	Syac.g_00460
OG0001315	Syam.g_00394	Syac.g_02072
OG0001316	Syam.g_02176	Syac.g_00342
OG0001317	Syam.g_00505	Syac.g_01971
OG0001319	Syam.g_00241	Syac.g_02242
OG0001321	Syam.g_01846	Syac.g_00712
OG0001322	Syam.g_01845	Syac.g_00713
OG0001323	Syam.g_00631	Syac.g_01857
OG0001324	Syam.g_00799	Syac.g_00909
OG0001325	Syam.g_01241	Syac.g_01281
OG0001326	Syam.g_02370	Syac.g_02420
OG0001328	Syam.g_01340	Syac.g_01385
OG0001330	Syam.g_01819	Syac.g_00738
OG0001332	Syam.g_01919	Syac.g_00625
OG0001333	Syam.g_01889	Syac.g_00666
OG0001334	Syam.g_00405	Syac.g_02061
OG0001335	Syam.g_00406	Syac.g_02060
OG0001336	Syam.g_02425	Syac.g_02473
OG0001337	Syam.g_00402	Syac.g_02064
OG0001337	Syam.g_00424	Syac.g_02040
OG0001338	Syam.g_00985	Syac.g_02022
OG0001338	Syam.g_01533	Syac.g_00474
OG0001338	Syam.g_00428	Syac.g_02037
OG0001339	Syam.g_02117	Syac.g_00400
OG0001340	Syam.g_00425	Syac.g_02039
OG0001341	Syam.g_00795	Syac.g_00904
OG0001343	Syam.g_02361	Syac.g_02413
OG0001344	Syam.g_01790	Syac.g_00774
OG0001345	Syam.g_01764	Syac.g_00803
OG0001346	Syam.g_01831	Syac.g_00728
OG0001347	Syam.g_00081	Syac.g_00228
OG0001348	Syam.g_00750	Syac.g_00857
OG0001352	Syam.g_00644	Syac.g_01842
OG0001353	Syam.g_00742	Syac.g_00850
OG0001354	Syam.g_01145	Syac.g_01201
OG0001355	Syam.g_00957	Syac.g_01823
OG0001357	Syam.g_00449	Syac.g_01943
OG0001358	Syam.g_01495	Syac.g_00952
OG0001359	Syam.g_02360	Syac.g_02412
OG0001360	Syam.g_01762	Syac.g_00805
OG0001361	Syam.g_01767	Syac.g_00800
OG0001362	Syam.g_01628	Syac.g_01649
OG0001363	Syam.g_01630	Syac.g_01651
OG0001364	Syam.g_00158	Syac.g_00204
OG0001366	Syam.g_02014	Syac.g_00517
OG0001370	Syam.g_01536, Syam.g_01942	Syac.g_01294
OG0001372	Syam.g_00450, Syam.g_00984	Syac.g_01845
OG0001373	Syam.g_02369	Syac.g_02419
OG0001374	Syam.g_02377	Syac.g_02427
OG0001375	Syam.g_02362	Syac.g_02414
OG0001376	Syam.g_02332	Syac.g_02376
OG0001377	Syam.g_02331	Syac.g_02375
OG0001378	Syam.g_01872	Syac.g_00689
OG0001379	Syam.g_01821	Syac.g_00736
OG0001380	Syam.g_01409	Syac.g_01589
OG0001381	Syam.g_00939	Syac.g_02162
OG0001382	Syam.g_01557	Syac.g_00148
OG0001385	Syam.g_02366	Syac.g_02416
OG0001386	Syam.g_02367	Syac.g_02417
OG0001387	Syam.g_02368	Syac.g_02418
OG0001388	Syam.g_02371	Syac.g_02421
OG0001389	Syam.g_02372	Syac.g_02422
OG0001390	Syam.g_02373	Syac.g_02423
OG0001391	Syam.g_02374	Syac.g_02424
OG0001392	Syam.g_02375	Syac.g_02425
OG0001393	Syam.g_02376	Syac.g_02426
OG0001394	Syam.g_01321	Syac.g_01373
OG0001395	Syam.g_01225	Syac.g_01262
OG0001396	Syam.g_00080	Syac.g_00229
OG0001398	Syam.g_01052	Syac.g_01120
OG0001400	Syam.g_00836	Syac.g_00336
OG0001401	Syam.g_00738, Syam.g_00737	Syac.g_00844, Syac.g_00845
OG0001402	Syam.g_01490	Syac.g_00957
OG0001404	Syam.g_02061	Syac.g_00451
OG0001405	Syam.g_00408	Syac.g_02058
OG0001406	Syam.g_02333	Syac.g_02377
OG0001407	Syam.g_00645	Syac.g_01841
OG0001408	Syam.g_00848	Syac.g_01530
OG0001412	Syam.g_00082	Syac.g_00227
OG0001413	Syam.g_01430	Syac.g_01019
OG0001414	Syam.g_00940	Syac.g_02161
OG0001416	Syam.g_01834	Syac.g_00724
OG0001417	Syam.g_01144	Syac.g_01200
OG0001419	Syam.g_00646	Syac.g_01840
OG0001420	Syam.g_00642	Syac.g_01847
OG0001423	Syam.g_00553, Syam.g_00548	Syac.g_00457
OG0001425	Syam.g_02329	Syac.g_02373
OG0001426	Syam.g_01210, Syam.g_00961, Syam.g_02044, Syam.g_00993	Syac.g_00483
OG0001428	Syam.g_02220	Syac.g_00301
OG0001430	Syam.g_02305	Syac.g_02345
OG0001432	Syam.g_00822	Syac.g_01572
OG0001434	Syam.g_01316	Syac.g_01368
OG0001435	Syam.g_01353	Syac.g_01399
OG0001438	Syam.g_00215	Syac.g_00280
OG0001439	Syam.g_00190	Syac.g_00250
OG0001442	Syam.g_01306	Syac.g_01358
OG0001443	Syam.g_02335	Syac.g_02382
OG0001444	Syam.g_02100	Syac.g_00415
OG0001447	Syam.g_02152	Syac.g_00362
OG0001448	Syam.g_02342	Syac.g_01094
OG0001449	Syam.g_00285	Syac.g_02197
OG0001452	Syam.g_00268	Syac.g_02214
OG0001456	Syam.g_02387	Syac.g_02434
OG0001457	Syam.g_02388	Syac.g_02435
OG0001458	Syam.g_02389	Syac.g_02436
OG0001459	Syam.g_00949	Syac.g_01445
OG0001461	Syam.g_00928	Syac.g_02168
OG0001462	Syam.g_00041	Syac.g_00039
OG0001465	Syam.g_01250	Syac.g_01299
OG0001468	Syam.g_01435	Syac.g_01014
OG0001470	Syam.g_01874	Syac.g_00683
OG0001471	Syam.g_00195	Syac.g_00257
OG0001473	Syam.g_01440	Syac.g_01010
OG0001474	Syam.g_00464	Syac.g_02013
OG0001475	Syam.g_01876	Syac.g_00681
OG0001476	Syam.g_01784	Syac.g_00782
OG0001477	Syam.g_00789	Syac.g_00900
OG0001479	Syam.g_00461	Syac.g_02016
OG0001480	Syam.g_01755	Syac.g_00812
OG0001482	Syam.g_01154	Syac.g_01210
OG0001487	Syam.g_01661	Syac.g_01678
OG0001488	Syam.g_01774	Syac.g_00791
OG0001489	Syam.g_00387	Syac.g_02078
OG0001492	Syam.g_00865	Syac.g_01514
OG0001493	Syam.g_00857	Syac.g_01522
OG0001495	Syam.g_00318	Syac.g_02144
OG0001496	Syam.g_00791	Syac.g_00902
OG0001497	Syam.g_00790	Syac.g_00901
OG0001498	Syam.g_00490	Syac.g_01987
OG0001499	Syam.g_02154, Syam.g_01397	Syac.g_01441
OG0001502	Syam.g_00705	Syac.g_00818
OG0001504	Syam.g_00948	Syac.g_01446
OG0001508	Syam.g_01873	Syac.g_00684
OG0001509	Syam.g_00091	Syac.g_00230
OG0001510	Syam.g_00109	Syac.g_00150
OG0001511	Syam.g_02129	Syac.g_00387
OG0001512	Syam.g_00512	Syac.g_01966
OG0001513	Syam.g_00142	Syac.g_00185
OG0001514	Syam.g_00792	Syac.g_00903
OG0001515	Syam.g_00804	Syac.g_00914
OG0001516	Syam.g_01374	Syac.g_01420
OG0001517	Syam.g_00458	Syac.g_02019
OG0001518	Syam.g_02328	Syac.g_02371
OG0001519	Syam.g_02337	Syac.g_02384
OG0001520	Syam.g_01752	Syac.g_01787
OG0001527	Syam.g_00693	Syac.g_01794
OG0001528	Syam.g_01875	Syac.g_00682
OG0001529	Syam.g_00047	Syac.g_00047
OG0001530	Syam.g_02127	Syac.g_00389
OG0001531	Syam.g_00513	Syac.g_01965
OG0001532	Syam.g_00897	Syac.g_01487
OG0001533	Syam.g_01697	Syac.g_01726
OG0001534	Syam.g_01205	Syac.g_01258
OG0001535	Syam.g_01188	Syac.g_01242
OG0001536	Syam.g_01119	Syac.g_01177
OG0001537	Syam.g_01333	Syac.g_01378
OG0001538	Syam.g_01285	Syac.g_01336
OG0001539	Syam.g_01357	Syac.g_01403
OG0001540	Syam.g_02161	Syac.g_00358
OG0001541	Syam.g_02229	Syac.g_02256
OG0001542	Syam.g_02238	Syac.g_02265
OG0001543	Syam.g_02271	Syac.g_02307
OG0001544	Syam.g_02336	Syac.g_02383
OG0001545	Syam.g_02414	Syac.g_02462
OG0001546	Syam.g_00636	Syac.g_01853
OG0001547	Syam.g_01059	Syac.g_01122
OG0001548	Syam.g_01420	Syac.g_01030
OG0001551	Syam.g_00755	Syac.g_00861
OG0001557	Syam.g_01320	Syac.g_01372
OG0001559	Syam.g_02126	Syac.g_00390
OG0001560	Syam.g_02113	Syac.g_00403
OG0001561	Syam.g_01195	Syac.g_01248
OG0001562	Syam.g_01180	Syac.g_01234
OG0001563	Syam.g_00370	Syac.g_02095
OG0001564	Syam.g_02383	Syac.g_02430
OG0001567	Syam.g_01058	Syac.g_01121
OG0001568	Syam.g_01061	Syac.g_01124
OG0001572	Syam.g_00531	Syac.g_01584
OG0001574	Syam.g_00691	Syac.g_01796
OG0001575	Syam.g_00696	Syac.g_01791
OG0001576	Syam.g_01699	Syac.g_01729
OG0001577	Syam.g_01799	Syac.g_00765
OG0001578	Syam.g_01423	Syac.g_01028
OG0001578	Syam.g_00924	Syac.g_01457
OG0001579	Syam.g_00418	Syac.g_02049
OG0001580	Syam.g_02300	Syac.g_02341
OG0001585	Syam.g_01008	Syac.g_01072
OG0001589	Syam.g_01897	Syac.g_00657
OG0001590	Syam.g_01473	Syac.g_00973
OG0001591	Syam.g_01363	Syac.g_01409
OG0001592	Syam.g_02301	Syac.g_02342
OG0001594	Syam.g_01593	Syac.g_01609
OG0001602	Syam.g_01251	Syac.g_01300
OG0001614	Syam.g_00123	Syac.g_00164
OG0001615	Syam.g_00669	Syac.g_01819
OG0001616	Syam.g_00909	Syac.g_01472
OG0001617	Syam.g_00797	Syac.g_00907
OG0001619	Syam.g_01108	Syac.g_01164
OG0001620	Syam.g_00470	Syac.g_02007
OG0001621	Syam.g_00267	Syac.g_02215
OG0001622	Syam.g_02423	Syac.g_02471
OG0001623	Syam.g_00429	Syac.g_02036
OG0001624	Syam.g_02341	Syac.g_02388
OG0001625	Syam.g_00262	Syac.g_02220
OG0001634	Syam.g_01368	Syac.g_01414
OG0001636	Syam.g_00040	Syac.g_00038
OG0001637	Syam.g_01909, Syam.g_01908	Syac.g_00646
OG0001639	Syam.g_01924	Syac.g_00622
OG0001640	Syam.g_00756	Syac.g_00868
OG0001641	Syam.g_01164	Syac.g_01219
OG0001643	Syam.g_01463	Syac.g_00984
OG0001644	Syam.g_01229	Syac.g_01266
OG0001645	Syam.g_01062	Syac.g_01125
OG0001645	Syam.g_01534	Syac.g_01548
OG0001646	Syam.g_00966, Syam.g_01002, Syam.g_01408	Syac.g_00475
OG0001647	Syam.g_00239	Syac.g_02244
OG0001654	Syam.g_01922	Syac.g_00624
OG0001655	Syam.g_01691	Syac.g_00487
OG0001656	Syam.g_00413	Syac.g_02050
OG0001657	Syam.g_02202	Syac.g_00319
OG0001658	Syam.g_02312	Syac.g_02352
OG0001659	Syam.g_00901	Syac.g_01478
OG0001660	Syam.g_00480, Syam.g_02134	Syac.g_00381, Syac.g_01997
OG0001667	Syam.g_00840	Syac.g_00472
OG0001672	Syam.g_02076	Syac.g_00437
OG0001673	Syam.g_00503	Syac.g_01973
OG0001675	Syam.g_01178	Syac.g_01232
OG0001676	Syam.g_00412	Syac.g_02051
OG0001677	Syam.g_00397	Syac.g_02069
OG0001678	Syam.g_00291	Syac.g_02188
OG0001680	Syam.g_01778, Syam.g_01777	Syac.g_00788
OG0001680	Syam.g_02005	Syac.g_00526
OG0001681	Syam.g_01330	Syac.g_00807
OG0001682	Syam.g_01427	Syac.g_00627
OG0001682	Syam.g_01237	Syac.g_01277
OG0001691	Syam.g_01497	Syac.g_00950
OG0001692	Syam.g_01608	Syac.g_01626
OG0001693	Syam.g_00775	Syac.g_00885
OG0001694	Syam.g_00228	Syac.g_02255
OG0001695	Syam.g_02408	Syac.g_02457
OG0001702	Syam.g_02094, Syam.g_02095	Syac.g_00421
OG0001703	Syam.g_00577	Syac.g_01914
OG0001712	Syam.g_01009	Syac.g_01065
OG0001713	Syam.g_01783	Syac.g_00783
OG0001715	Syam.g_01411	Syac.g_01035
OG0001716	Syam.g_00703	Syac.g_00816
OG0001717	Syam.g_02215	Syac.g_00306
OG0001718	Syam.g_01501	Syac.g_00465
OG0001729	Syam.g_00516	Syac.g_01962
OG0001730	Syam.g_00519	Syac.g_01955
OG0001734	Syam.g_00702	Syac.g_00815
OG0001735	Syam.g_01381, Syam.g_01382	Syac.g_01428
OG0001736	Syam.g_00166, Syam.g_00167	Syac.g_00224
OG0001737	Syam.g_00209	Syac.g_00274
OG0001738	Syam.g_00175	Syac.g_00236
OG0001739	Syam.g_02406	Syac.g_02455
OG0001740	Syam.g_02411	Syac.g_02459
OG0001741	Syam.g_01537, Syam.g_01560	Syac.g_01939, Syac.g_00489
OG0001741	Syam.g_01412	Syac.g_01045
OG0001750	Syam.g_02101	Syac.g_00414
OG0001751	Syam.g_00502, Syam.g_01063	Syac.g_01974
OG0001752	Syam.g_01914	Syac.g_00637
OG0001755	Syam.g_00627	Syac.g_01861
OG0001758	Syam.g_00551	Syac.g_01440
OG0001761	Syam.g_01505	Syac.g_00944
OG0001762	Syam.g_01171	Syac.g_01225
OG0001763	Syam.g_01158, Syam.g_01157	Syac.g_01214
OG0001764	Syam.g_01068	Syac.g_01128
OG0001766	Syam.g_00199	Syac.g_00262
OG0001769	Syam.g_01449	Syac.g_00998
OG0001771	Syam.g_00958	Syac.g_00851
OG0001783	Syam.g_00118	Syac.g_00159
OG0001784	Syam.g_02096	Syac.g_00419
OG0001786	Syam.g_01962	Syac.g_00584
OG0001787	Syam.g_00650	Syac.g_01837
OG0001788	Syam.g_00653	Syac.g_01834
OG0001789	Syam.g_01829	Syac.g_00730
OG0001790	Syam.g_01804	Syac.g_00756
OG0001791	Syam.g_01782	Syac.g_00784
OG0001792	Syam.g_00872	Syac.g_01509
OG0001795	Syam.g_01940	Syac.g_01443
OG0001796	Syam.g_01182	Syac.g_01236
OG0001797	Syam.g_01100	Syac.g_01155
OG0001798	Syam.g_01487	Syac.g_00959
OG0001799	Syam.g_01452	Syac.g_00995
OG0001801	Syam.g_01598	Syac.g_01614
OG0001803	Syam.g_01856	Syac.g_00702
OG0001804	Syam.g_00491	Syac.g_01986
OG0001805	Syam.g_00272	Syac.g_02209
OG0001806	Syam.g_00240	Syac.g_02243
OG0001808	Syam.g_00154	Syac.g_00197
OG0001810	Syam.g_02174	Syac.g_00344
OG0001811	Syam.g_02235	Syac.g_02262
OG0001812	Syam.g_02302	Syac.g_02343
OG0001814	Syam.g_02432	Syac.g_02480
OG0001815	Syam.g_02441	Syac.g_02489
OG0001816	Syam.g_01360	Syac.g_01405
OG0001817	Syam.g_01405, Syam.g_01576, Syam.g_00971, Syam.g_01525, Syam.g_01526, Syam.g_00827	Syac.g_02439
OG0001835	Syam.g_00964	Syac.g_01587
OG0001838	Syam.g_00008	Syac.g_00008
OG0001839	Syam.g_00036	Syac.g_00035
OG0001840	Syam.g_00053	Syac.g_00053
OG0001841	Syam.g_00060	Syac.g_00060
OG0001843	Syam.g_00124	Syac.g_00165
OG0001844	Syam.g_00125	Syac.g_00166
OG0001845	Syam.g_00126	Syac.g_00167
OG0001847	Syam.g_02144	Syac.g_00371
OG0001848	Syam.g_02140	Syac.g_00375
OG0001849	Syam.g_02088	Syac.g_00427
OG0001850	Syam.g_02078	Syac.g_00436
OG0001851	Syam.g_02072	Syac.g_00441
OG0001852	Syam.g_02071	Syac.g_00442
OG0001853	Syam.g_02064	Syac.g_00448
OG0001854	Syam.g_00507	Syac.g_01969
OG0001856	Syam.g_01968	Syac.g_00571
OG0001857	Syam.g_01965	Syac.g_00574
OG0001858	Syam.g_01935	Syac.g_00608
OG0001859	Syam.g_00565	Syac.g_01925
OG0001860	Syam.g_00579	Syac.g_01912
OG0001861	Syam.g_00590	Syac.g_01897
OG0001862	Syam.g_00601	Syac.g_01886
OG0001863	Syam.g_00606	Syac.g_01881
OG0001864	Syam.g_00661	Syac.g_01828
OG0001865	Syam.g_01726	Syac.g_01762
OG0001866	Syam.g_01703	Syac.g_01737
OG0001867	Syam.g_01507	Syac.g_00942
OG0001868	Syam.g_01833	Syac.g_00725
OG0001869	Syam.g_01800	Syac.g_00764
OG0001870	Syam.g_01792	Syac.g_00772
OG0001871	Syam.g_01787	Syac.g_00778
OG0001872	Syam.g_00866	Syac.g_01513
OG0001873	Syam.g_00908	Syac.g_01473
OG0001874	Syam.g_00911	Syac.g_01470
OG0001875	Syam.g_00550	Syac.g_01439
OG0001876	Syam.g_00549	Syac.g_01438
OG0001877	Syam.g_00803	Syac.g_00913
OG0001878	Syam.g_01175	Syac.g_01229
OG0001879	Syam.g_01169	Syac.g_01223
OG0001880	Syam.g_01130	Syac.g_01186
OG0001881	Syam.g_01127	Syac.g_01185
OG0001882	Syam.g_01103	Syac.g_01158
OG0001883	Syam.g_01099	Syac.g_01154
OG0001884	Syam.g_01090	Syac.g_01145
OG0001885	Syam.g_01073	Syac.g_01133
OG0001886	Syam.g_01069	Syac.g_01129
OG0001887	Syam.g_01341	Syac.g_01386
OG0001888	Syam.g_01313	Syac.g_01366
OG0001889	Syam.g_01275	Syac.g_01325
OG0001890	Syam.g_00724	Syac.g_00831
OG0001891	Syam.g_00720	Syac.g_00827
OG0001892	Syam.g_01756	Syac.g_00811
OG0001895	Syam.g_01594	Syac.g_01610
OG0001896	Syam.g_01861	Syac.g_00698
OG0001898	Syam.g_00435	Syac.g_02030
OG0001899	Syam.g_00358	Syac.g_02105
OG0001900	Syam.g_00255	Syac.g_02228
OG0001901	Syam.g_00254	Syac.g_02229
OG0001902	Syam.g_00223	Syac.g_00289
OG0001903	Syam.g_00214	Syac.g_00279
OG0001904	Syam.g_00160	Syac.g_00206
OG0001905	Syam.g_00152	Syac.g_00195
OG0001906	Syam.g_02162	Syac.g_00357
OG0001907	Syam.g_02180	Syac.g_00338
OG0001908	Syam.g_02231	Syac.g_02258
OG0001909	Syam.g_02242	Syac.g_02269
OG0001910	Syam.g_02277	Syac.g_02315
OG0001912	Syam.g_02321	Syac.g_02364
OG0001913	Syam.g_02323	Syac.g_02366
OG0001914	Syam.g_00920	Syac.g_01460
OG0001915	Syam.g_02437	Syac.g_02486
OG0001916	Syam.g_00600	Syac.g_01887
OG0001917	Syam.g_01189	Syac.g_01243
OG0001918	Syam.g_01017	Syac.g_01059
OG0001918	Syam.g_02401	Syac.g_02450
OG0001932	Syam.g_00122	Syac.g_00163
OG0001933	Syam.g_02124	Syac.g_00393
OG0001934	Syam.g_02109	Syac.g_00407
OG0001935	Syam.g_02069	Syac.g_00444
OG0001936	Syam.g_00990	Syac.g_01024
OG0001937	Syam.g_01952	Syac.g_00594
OG0001940	Syam.g_01739	Syac.g_01775
OG0001941	Syam.g_01838	Syac.g_00720
OG0001943	Syam.g_00842	Syac.g_01068
OG0001946	Syam.g_00802	Syac.g_00912
OG0001948	Syam.g_01159	Syac.g_01216
OG0001949	Syam.g_01139	Syac.g_01195
OG0001950	Syam.g_01137	Syac.g_01193
OG0001951	Syam.g_01126	Syac.g_01184
OG0001952	Syam.g_01102	Syac.g_01157
OG0001953	Syam.g_01101	Syac.g_01156
OG0001954	Syam.g_01040	Syac.g_01099
OG0001957	Syam.g_01482	Syac.g_00965
OG0001958	Syam.g_01379	Syac.g_01426
OG0001960	Syam.g_01664	Syac.g_01688
OG0001961	Syam.g_01673	Syac.g_01705
OG0001964	Syam.g_00304	Syac.g_02175
OG0001965	Syam.g_01439	Syac.g_01011
OG0001966	Syam.g_00260	Syac.g_02222
OG0001967	Syam.g_00258	Syac.g_02224
OG0001968	Syam.g_00257	Syac.g_02225
OG0001969	Syam.g_00193	Syac.g_00255
OG0001971	Syam.g_02240	Syac.g_02267
OG0001972	Syam.g_02289	Syac.g_02327
OG0001974	Syam.g_02309	Syac.g_02350
OG0001975	Syam.g_00919	Syac.g_01461
OG0001976	Syam.g_00921	Syac.g_01459
OG0001979	Syam.g_00806	Syac.g_00916
OG0001980	Syam.g_00431	Syac.g_02034
OG0001990	Syam.g_02412	Syac.g_02460
OG0001995	Syam.g_00818	Syac.g_00927
OG0001997	Syam.g_02099	Syac.g_00416
OG0002000	Syam.g_00629	Syac.g_01859
OG0002008	Syam.g_01173	Syac.g_01227
OG0002010	Syam.g_01643	Syac.g_01663
OG0002012	Syam.g_01051	Syac.g_01119
OG0002013	Syam.g_00487	Syac.g_01990
OG0002017	Syam.g_02353	Syac.g_02404
OG0002018	Syam.g_02410	Syac.g_02458
OG0002020	Syam.g_02404	Syac.g_02453
OG0002021	Syam.g_02402	Syac.g_02451
OG0002022	Syam.g_02399	Syac.g_02449
OG0002023	Syam.g_02398	Syac.g_02448
OG0002024	Syam.g_02392	Syac.g_02441
OG0002037	Syam.g_00581	Syac.g_01906
OG0002041	Syam.g_01155	Syac.g_01212
OG0002042	Syam.g_01133	Syac.g_01189
OG0002044	Syam.g_00743	Syac.g_00852
OG0002045	Syam.g_01676	Syac.g_01708
OG0002047	Syam.g_00486	Syac.g_01991
OG0002049	Syam.g_00310	Syac.g_02149
OG0002050	Syam.g_00249	Syac.g_02234
OG0002054	Syam.g_02391	Syac.g_02440
OG0002055	Syam.g_02394	Syac.g_02443
OG0002056	Syam.g_00213	Syac.g_00278
OG0002106	Syam.g_00522	Syac.g_02391
OG0002108	Syam.g_01580	Syac.g_01596
OG0002112	Syam.g_00202	Syac.g_00266
OG0002115	Syam.g_01982	Syac.g_00557
OG0002116	Syam.g_01957	Syac.g_00589
OG0002117	Syam.g_01781	Syac.g_00785
OG0002118	Syam.g_00877	Syac.g_01504
OG0002120	Syam.g_01038	Syac.g_01097
OG0002121	Syam.g_01393	Syac.g_01444
OG0002123	Syam.g_01243	Syac.g_01283
OG0002124	Syam.g_00706	Syac.g_00819
OG0002128	Syam.g_00918	Syac.g_01463
OG0002129	Syam.g_01626	Syac.g_01647
OG0002131	Syam.g_02403	Syac.g_02452
OG0002132	Syam.g_02395	Syac.g_02444
OG0002133	Syam.g_02393	Syac.g_02442
OG0002134	Syam.g_00132	Syac.g_00173
OG0002135	Syam.g_02018	Syac.g_00513
OG0002136	Syam.g_02017	Syac.g_00514
OG0002138	Syam.g_00807	Syac.g_00918
OG0002139	Syam.g_00852	Syac.g_01527
OG0002140	Syam.g_00839	Syac.g_00536
OG0002140	Syam.g_00887	Syac.g_02390
OG0002141	Syam.g_01434	Syac.g_01015
OG0002142	Syam.g_01599	Syac.g_01615
OG0002143	Syam.g_00494	Syac.g_01983
OG0002144	Syam.g_00316	Syac.g_02146
OG0002156	Syam.g_01596	Syac.g_01612
OG0002157	Syam.g_00201	Syac.g_00265
OG0002158	Syam.g_00203	Syac.g_00267
OG0002162	Syam.g_01746	Syac.g_01781
OG0002169	Syam.g_00485	Syac.g_01992
OG0002170	Syam.g_00453	Syac.g_02025
OG0002178	Syam.g_02396	Syac.g_02446
OG0002179	Syam.g_00149	Syac.g_00192
OG0002180	Syam.g_00222	Syac.g_00288
OG0002181	Syam.g_00252	Syac.g_02231
OG0002182	Syam.g_00269	Syac.g_02212
OG0002183	Syam.g_02090	Syac.g_00425
OG0002184	Syam.g_02087	Syac.g_00428
OG0002185	Syam.g_02079	Syac.g_00435
OG0002186	Syam.g_02016	Syac.g_00515
OG0002187	Syam.g_02015	Syac.g_00516
OG0002188	Syam.g_01985	Syac.g_00554
OG0002189	Syam.g_01984	Syac.g_00555
OG0002190	Syam.g_01939	Syac.g_00603
OG0002192	Syam.g_01772	Syac.g_00795
OG0002193	Syam.g_00821	Syac.g_01571
OG0002194	Syam.g_00856	Syac.g_01523
OG0002195	Syam.g_01344	Syac.g_01389
OG0002196	Syam.g_01303	Syac.g_01355
OG0002197	Syam.g_01163	Syac.g_01218
OG0002198	Syam.g_01448	Syac.g_00999
OG0002199	Syam.g_01453	Syac.g_00994
OG0002200	Syam.g_01613	Syac.g_01631
OG0002201	Syam.g_01705	Syac.g_01739
OG0002202	Syam.g_01706	Syac.g_01740
OG0002203	Syam.g_01707	Syac.g_01741
OG0002204	Syam.g_01724	Syac.g_01760
OG0002205	Syam.g_01741	Syac.g_01776
OG0002207	Syam.g_00689	Syac.g_01798
OG0002208	Syam.g_00578	Syac.g_01913
OG0002209	Syam.g_00465	Syac.g_02012
OG0002210	Syam.g_00401	Syac.g_02065
OG0002211	Syam.g_00362	Syac.g_02102
OG0002212	Syam.g_02299	Syac.g_02340
OG0002213	Syam.g_02304	Syac.g_02344
OG0002214	Syam.g_02426	Syac.g_02474
OG0002234	Syam.g_01421	Syac.g_01029
OG0002236	Syam.g_00947	Syac.g_02153
OG0002237	Syam.g_01474	Syac.g_00972
OG0002239	Syam.g_00922	Syac.g_01458
OG0002245	Syam.g_00496	Syac.g_01981
OG0002247	Syam.g_01748	Syac.g_01783
OG0002248	Syam.g_00798	Syac.g_00908
OG0002249	Syam.g_01568	Syac.g_01534
OG0002250	Syam.g_02091	Syac.g_00424
OG0002251	Syam.g_01936	Syac.g_00606
OG0002252	Syam.g_01881	Syac.g_00672
OG0002253	Syam.g_01818	Syac.g_00739
OG0002254	Syam.g_01203	Syac.g_01256
OG0002255	Syam.g_01147	Syac.g_01203
OG0002257	Syam.g_01429	Syac.g_01021
OG0002258	Syam.g_01725	Syac.g_01761
OG0002259	Syam.g_00655	Syac.g_01832
OG0002260	Syam.g_00851	Syac.g_01528
OG0002279	Syam.g_02123	Syac.g_00394
OG0002280	Syam.g_00639	Syac.g_01850
OG0002285	Syam.g_01095	Syac.g_01150
OG0002291	Syam.g_02236	Syac.g_02263
OG0002297	Syam.g_00823	Syac.g_01573
OG0002298	Syam.g_01143	Syac.g_01199
OG0002299	Syam.g_01104	Syac.g_01159
OG0002300	Syam.g_01043	Syac.g_01110
OG0002301	Syam.g_01481	Syac.g_00966
OG0002302	Syam.g_00563	Syac.g_01927
OG0002303	Syam.g_00495	Syac.g_01982
OG0002304	Syam.g_00422	Syac.g_01697
OG0002304	Syam.g_00415	Syac.g_02045
OG0002306	Syam.g_02397	Syac.g_02447
OG0002309	Syam.g_00736	Syac.g_00843
OG0002334	Syam.g_01605	Syac.g_01623
OG0002336	Syam.g_01666	Syac.g_01698
OG0002337	Syam.g_00237	Syac.g_02246
OG0002350	Syam.g_00433	Syac.g_02032
OG0002351	Syam.g_00194	Syac.g_00256
OG0002352	Syam.g_01786	Syac.g_00780
OG0002353	Syam.g_01278	Syac.g_01328
OG0002354	Syam.g_01125	Syac.g_01183
OG0002356	Syam.g_01679	Syac.g_01714
OG0002357	Syam.g_02356	Syac.g_02407
OG0002387	Syam.g_00087	Syac.g_00680, Syac.g_00687
OG0002395	Syam.g_00200	Syac.g_00264
OG0002400	Syam.g_01394	Syac.g_01066
OG0002401	Syam.g_01785	Syac.g_00781
OG0002403	Syam.g_00879	Syac.g_01502
OG0002404	Syam.g_01235	Syac.g_01273
OG0002405	Syam.g_01081	Syac.g_01136
OG0002406	Syam.g_01402	Syac.g_01044
OG0002408	Syam.g_01424	Syac.g_01027
OG0002434	Syam.g_00687	Syac.g_01800
OG0002435	Syam.g_01860	Syac.g_00699
OG0002452	Syam.g_02407	Syac.g_02456
OG0002458	Syam.g_02384	Syac.g_02431
OG0002459	Syam.g_02382	Syac.g_02429
OG0002460	Syam.g_02381	Syac.g_02428
OG0002461	Syam.g_01001	Syac.g_01576
OG0002463	Syam.g_01161	Syac.g_01685
OG0002464	Syam.g_02077	Syac.g_01844
OG0002467	Syam.g_00820	Syac.g_01570
OG0002468	Syam.g_00854	Syac.g_01525
OG0002469	Syam.g_00875	Syac.g_01506
OG0002470	Syam.g_00925	Syac.g_01433
OG0002471	Syam.g_01016	Syac.g_01058
OG0002472	Syam.g_02046, Syam.g_00952	Syac.g_01549
OG0002488	Syam.g_00157	Syac.g_00203
OG0002520	Syam.g_02002	Syac.g_00530
OG0002521	Syam.g_01978	Syac.g_00561
OG0002522	Syam.g_01920	Syac.g_01081
OG0002523	Syam.g_00817	Syac.g_00926
OG0002524	Syam.g_01042	Syac.g_01109
OG0002525	Syam.g_01033	Syac.g_01091
OG0002526	Syam.g_01026	Syac.g_01071
OG0002532	Syam.g_01428	Syac.g_01023
OG0002533	Syam.g_00671	Syac.g_01816
OG0002534	Syam.g_00430	Syac.g_02035
OG0002535	Syam.g_00427	Syac.g_02038
OG0002536	Syam.g_00407	Syac.g_02059
OG0002538	Syam.g_02260	Syac.g_02293
OG0002540	Syam.g_02385	Syac.g_02432
OG0002541	Syam.g_00400	Syac.g_02066
OG0002544	Syam.g_00977	Syac.g_01568
OG0002545	Syam.g_01045	Syac.g_01117
OG0002594	Syam.g_01551	Syac.g_00577
OG0002595	Syam.g_00819	Syac.g_00928
OG0002596	Syam.g_01329	Syac.g_00469
OG0002598	Syam.g_01047	Syac.g_01118
OG0002599	Syam.g_01027	Syac.g_01086
OG0002600	Syam.g_01010	Syac.g_00579
OG0002602	Syam.g_01006	Syac.g_01008
OG0002605	Syam.g_00432	Syac.g_02033
OG0002606	Syam.g_02386	Syac.g_02433
OG0002608	Syam.g_00788	Syac.g_00899
OG0002609	Syam.g_00719	Syac.g_00824
OG0002610	Syam.g_00455	Syac.g_02023
OG0002667	Syam.g_01416	Syac.g_01032
OG0002672	Syam.g_00926	Syac.g_01101
OG0002673	Syam.g_01014	Syac.g_01057
OG0002674	Syam.g_00389	Syac.g_02076
OG0002676	Syam.g_02413	Syac.g_02461
OG0002738	Syam.g_00907	Syac.g_01474
OG0002740	Syam.g_01684	Syac.g_01590
OG0002742	Syam.g_01538, Syam.g_01559	Syac.g_01812
OG0002744	Syam.g_01025	Syac.g_01069
OG0002745	Syam.g_00524	Syac.g_01447
OG0002746	Syam.g_01444	Syac.g_01003
OG0002748	Syam.g_01702	Syac.g_01736
OG0002758	Syam.g_01013	Syac.g_01055
OG0002759	Syam.g_01760	Syac.g_00865
OG0002807	Syam.g_00927	Syac.g_01453
OG0002840	Syam.g_00537	Syac.g_01593
OG0002847	Syam.g_02056, Syam.g_02051	Syac.g_00456
OG0002850	Syam.g_01916, Syam.g_01917	Syac.g_00632
OG0002852	Syam.g_01336	Syac.g_01381
OG0002853	Syam.g_01254	Syac.g_01304
OG0002854	Syam.g_01944	Syac.g_01565
OG0002856	Syam.g_01060	Syac.g_01123
OG0002858	Syam.g_01395	Syac.g_01950
OG0002860	Syam.g_00709	Syac.g_01555
OG0002862	Syam.g_00423	Syac.g_02042
OG0002863	Syam.g_00414	Syac.g_01693
OG0002867	Syam.g_01018	Syac.g_01540
OG0002959	Syam.g_01036	Syac.g_00821
OG0002960	Syam.g_02030	Syac.g_01296
OG0002961	Syam.g_00913	Syac.g_01469
OG0002962	Syam.g_01315	Syac.g_01367
OG0002963	Syam.g_01271	Syac.g_00823, Syac.g_01115
OG0002964	Syam.g_01255	Syac.g_01305
OG0002966	Syam.g_00711	Syac.g_01683
OG0002968	Syam.g_01574	Syac.g_00746
OG0002972	Syam.g_00967	Syac.g_01691
OG0002973	Syam.g_00526	Syac.g_01259
OG0002974	Syam.g_01675	Syac.g_01707
OG0002976	Syam.g_01392	Syac.g_01579
OG0002977	Syam.g_02293	Syac.g_02334
OG0002978	Syam.g_01223	Syac.g_01951
OG0002990	Syam.g_00417	Syac.g_01694
OG0003092	Syam.g_00444	Syac.g_01682
OG0003105	Syam.g_00748	Syac.g_00855
OG0003112	Syam.g_00988	Syac.g_01944
OG0003117	Syam.g_01432	Syac.g_01017
OG0003118	Syam.g_01433	Syac.g_01016
OG0003120	Syam.g_00521	Syac.g_02170
OG0003130	Syam.g_00841	Syac.g_01681
OG0003132	Syam.g_00416	Syac.g_01695
OG0003138	Syam.g_01773	Syac.g_00794
OG0003181	Syam.g_02186	Syac.g_00335
OG0003248	Syam.g_00932	Syac.g_02159
OG0003268	Syam.g_00832	Syac.g_01575
OG0003275	Syam.g_01475	Syac.g_00971
OG0003278	Syam.g_01517	Syac.g_02389
OG0003285	Syam.g_00965	Syac.g_00478
OG0003294	Syam.g_00941	Syac.g_02160
OG0003296	Syam.g_02029	Syac.g_00931
OG0003512	Syam.g_02050, Syam.g_00536	Syac.g_01588, Syac.g_01594
OG0003519	Syam.g_01035	Syac.g_01093
OG0003521	Syam.g_01941	Syac.g_01554
OG0003554	Syam.g_01053	Syac.g_00635
OG0003555	Syam.g_01023	Syac.g_01067
OG0003847	Syam.g_01000	Syac.g_01941
OG0003890	Syam.g_02169	Syac.g_00350
OG0003891	Syam.g_00707	Syac.g_00820
OG0003893	Syam.g_00998	Syac.g_01298
OG0003895	Syam.g_00793	Syac.g_01732
OG0004341	Syam.g_00938	Syac.g_02163
OG0004359	Syam.g_01488	Syac.g_02394
OG0005040	Syam.g_00020	Syac.g_00018
OG0005866	Syam.g_00443	Syac.g_01546
