Orthogroup	Prbn	Syac
OG0000001	Prbn.g_01213, Prbn.g_01923	Syac.g_02154
OG0000002	Prbn.g_01483, Prbn.g_01478, Prbn.g_01159, Prbn.g_01234, Prbn.g_01161, Prbn.g_01154, Prbn.g_00879, Prbn.g_01586	Syac.g_01084
OG0000004	Prbn.g_01565	Syac.g_00898
OG0000004	Prbn.g_00318	Syac.g_00948, Syac.g_01975
OG0000005	Prbn.g_00899	Syac.g_00569
OG0000006	Prbn.g_00308	Syac.g_01958, Syac.g_01961, Syac.g_02194
OG0000007	Prbn.g_00617	Syac.g_01885
OG0000007	Prbn.g_01745	Syac.g_00544
OG0000008	Prbn.g_01645	Syac.g_00921
OG0000008	Prbn.g_01646	Syac.g_00922
OG0000010	Prbn.g_01939, Prbn.g_01357, Prbn.g_00640	Syac.g_01701
OG0000012	Prbn.g_00492	Syac.g_00955
OG0000013	Prbn.g_00092	Syac.g_02046, Syac.g_02062, Syac.g_02056
OG0000014	Prbn.g_00074	Syac.g_00253
OG0000015	Prbn.g_01684, Prbn.g_01730	Syac.g_01408
OG0000016	Prbn.g_01131	Syac.g_01505, Syac.g_01053
OG0000017	Prbn.g_00510	Syac.g_01742
OG0000017	Prbn.g_00517	Syac.g_01749
OG0000018	Prbn.g_01167, Prbn.g_01518	Syac.g_01660
OG0000019	Prbn.g_00015, Prbn.g_01165	Syac.g_02207
OG0000022	Prbn.g_00891	Syac.g_01031
OG0000023	Prbn.g_01030	Syac.g_00760
OG0000024	Prbn.g_01353, Prbn.g_01589	Syac.g_00925
OG0000025	Prbn.g_01510	Syac.g_00847
OG0000026	Prbn.g_00750	Syac.g_00034
OG0000027	Prbn.g_01664, Prbn.g_00139	Syac.g_01095
OG0000028	Prbn.g_01644	Syac.g_00237
OG0000029	Prbn.g_01836, Prbn.g_00126, Prbn.g_01676	Syac.g_01942
OG0000030	Prbn.g_00985	Syac.g_00143, Syac.g_00142
OG0000032	Prbn.g_00251	Syac.g_01677
OG0000033	Prbn.g_01244	Syac.g_00304
OG0000034	Prbn.g_01073	Syac.g_00334, Syac.g_00715
OG0000035	Prbn.g_00212	Syac.g_01630
OG0000037	Prbn.g_01310	Syac.g_01077
OG0000038	Prbn.g_00946	Syac.g_02357, Syac.g_02358
OG0000039	Prbn.g_01577	Syac.g_00856, Syac.g_02378
OG0000041	Prbn.g_01793	Syac.g_00655
OG0000042	Prbn.g_00988	Syac.g_00146
OG0000045	Prbn.g_01145	Syac.g_01040
OG0000046	Prbn.g_00093	Syac.g_02063, Syac.g_02055, Syac.g_02047
OG0000047	Prbn.g_00690	Syac.g_02031
OG0000048	Prbn.g_01097, Prbn.g_00038	Syac.g_02240
OG0000052	Prbn.g_00190	Syac.g_00207
OG0000053	Prbn.g_01690, Prbn.g_00233	Syac.g_01657
OG0000054	Prbn.g_00508	Syac.g_00933
OG0000055	Prbn.g_01140	Syac.g_00859
OG0000055	Prbn.g_01719	Syac.g_01034
OG0000057	Prbn.g_01562	Syac.g_00894
OG0000058	Prbn.g_00172	Syac.g_00226
OG0000059	Prbn.g_01833	Syac.g_02142
OG0000061	Prbn.g_01189	Syac.g_00769
OG0000062	Prbn.g_00897	Syac.g_00567
OG0000063	Prbn.g_00130	Syac.g_00037
OG0000064	Prbn.g_00710	Syac.g_01567, Syac.g_00575
OG0000065	Prbn.g_01312	Syac.g_00490, Syac.g_00396
OG0000066	Prbn.g_00577, Prbn.g_01657	Syac.g_01827
OG0000067	Prbn.g_01546	Syac.g_01341
OG0000068	Prbn.g_01240	Syac.g_01916
OG0000069	Prbn.g_00659	Syac.g_01272
OG0000070	Prbn.g_00663	Syac.g_00711
OG0000071	Prbn.g_01084	Syac.g_00729
OG0000072	Prbn.g_00383	Syac.g_00302
OG0000073	Prbn.g_00614	Syac.g_01883
OG0000075	Prbn.g_01917	Syac.g_00191
OG0000076	Prbn.g_00996	Syac.g_00156
OG0000077	Prbn.g_01342	Syac.g_00439
OG0000079	Prbn.g_00018	Syac.g_02211
OG0000081	Prbn.g_00585	Syac.g_01954
OG0000082	Prbn.g_00530, Prbn.g_01734	Syac.g_01766
OG0000084	Prbn.g_00209	Syac.g_01627
OG0000085	Prbn.g_01737, Prbn.g_00144	Syac.g_00560
OG0000086	Prbn.g_01333	Syac.g_00423
OG0000087	Prbn.g_01278	Syac.g_00343
OG0000088	Prbn.g_01247	Syac.g_00308
OG0000089	Prbn.g_00696	Syac.g_01988, Syac.g_01543
OG0000090	Prbn.g_00583	Syac.g_01836
OG0000091	Prbn.g_00434	Syac.g_00987
OG0000097	Prbn.g_00408	Syac.g_01507
OG0000098	Prbn.g_01216	Syac.g_02157
OG0000099	Prbn.g_00173	Syac.g_00234
OG0000100	Prbn.g_00903	Syac.g_01309
OG0000101	Prbn.g_01881	Syac.g_02094
OG0000102	Prbn.g_00991	Syac.g_00151
OG0000103	Prbn.g_00907	Syac.g_02476
OG0000104	Prbn.g_00296	Syac.g_02490
OG0000105	Prbn.g_00041	Syac.g_02245
OG0000106	Prbn.g_00829	Syac.g_01098
OG0000107	Prbn.g_01810	Syac.g_02191
OG0000108	Prbn.g_00634	Syac.g_01904
OG0000109	Prbn.g_00620	Syac.g_01889
OG0000110	Prbn.g_00541	Syac.g_01778
OG0000112	Prbn.g_00468	Syac.g_01173
OG0000113	Prbn.g_01523	Syac.g_01314
OG0000114	Prbn.g_01621	Syac.g_01394
OG0000115	Prbn.g_01120	Syac.g_01655
OG0000116	Prbn.g_01178	Syac.g_00753
OG0000117	Prbn.g_00389	Syac.g_01477
OG0000118	Prbn.g_01071	Syac.g_01728
OG0000120	Prbn.g_00170	Syac.g_00233
OG0000121	Prbn.g_00214	Syac.g_01635
OG0000122	Prbn.g_01113, Prbn.g_00255	Syac.g_01013
OG0000123	Prbn.g_01888	Syac.g_02086
OG0000124	Prbn.g_00979	Syac.g_00135
OG0000125	Prbn.g_00944	Syac.g_02360
OG0000126	Prbn.g_00295	Syac.g_02488
OG0000128	Prbn.g_00002, Prbn.g_00003	Syac.g_00012
OG0000129	Prbn.g_00737	Syac.g_02349
OG0000130	Prbn.g_00708	Syac.g_00450
OG0000131	Prbn.g_01269	Syac.g_00330
OG0000132	Prbn.g_01249	Syac.g_00310
OG0000133	Prbn.g_00088	Syac.g_01178
OG0000134	Prbn.g_00694	Syac.g_01985
OG0000135	Prbn.g_01102	Syac.g_02398
OG0000136	Prbn.g_00672	Syac.g_00701
OG0000137	Prbn.g_00639	Syac.g_01700
OG0000138	Prbn.g_00619	Syac.g_01888
OG0000139	Prbn.g_00579	Syac.g_01830
OG0000140	Prbn.g_00578	Syac.g_01829
OG0000141	Prbn.g_00507	Syac.g_00934
OG0000142	Prbn.g_00426	Syac.g_00979
OG0000143	Prbn.g_00430	Syac.g_00983
OG0000144	Prbn.g_00444	Syac.g_01090
OG0000145	Prbn.g_01100	Syac.g_01882
OG0000146	Prbn.g_00469	Syac.g_01172
OG0000147	Prbn.g_00470	Syac.g_01171
OG0000148	Prbn.g_01529	Syac.g_01320
OG0000149	Prbn.g_01497	Syac.g_00832
OG0000150	Prbn.g_01487	Syac.g_00935
OG0000151	Prbn.g_01611	Syac.g_01383
OG0000152	Prbn.g_01418	Syac.g_01182
OG0000153	Prbn.g_01399	Syac.g_01217
OG0000154	Prbn.g_01379	Syac.g_01241
OG0000155	Prbn.g_01210	Syac.g_00804
OG0000156	Prbn.g_01095	Syac.g_00743
OG0000157	Prbn.g_01094	Syac.g_00742
OG0000158	Prbn.g_01014	Syac.g_00182
OG0000160	Prbn.g_00213	Syac.g_01633
OG0000161	Prbn.g_00219	Syac.g_01641
OG0000162	Prbn.g_00225	Syac.g_01648
OG0000163	Prbn.g_00264	Syac.g_00619
OG0000164	Prbn.g_01770	Syac.g_00508
OG0000165	Prbn.g_01777	Syac.g_00674
OG0000166	Prbn.g_01844	Syac.g_02132
OG0000167	Prbn.g_01915	Syac.g_00194
OG0000168	Prbn.g_01013	Syac.g_00179
OG0000169	Prbn.g_01003	Syac.g_00168
OG0000170	Prbn.g_01000	Syac.g_00161
OG0000171	Prbn.g_00980	Syac.g_00136
OG0000172	Prbn.g_00973	Syac.g_00084
OG0000173	Prbn.g_00958	Syac.g_00057
OG0000174	Prbn.g_00929	Syac.g_02401
OG0000175	Prbn.g_00916	Syac.g_02465
OG0000176	Prbn.g_00010	Syac.g_00004
OG0000177	Prbn.g_00009	Syac.g_00005
OG0000178	Prbn.g_00008	Syac.g_00006
OG0000179	Prbn.g_00766	Syac.g_00019
OG0000180	Prbn.g_00765	Syac.g_00020
OG0000181	Prbn.g_00764	Syac.g_00021
OG0000182	Prbn.g_00763	Syac.g_00022
OG0000183	Prbn.g_00759	Syac.g_00026
OG0000184	Prbn.g_00733	Syac.g_02339
OG0000185	Prbn.g_00730	Syac.g_02336
OG0000186	Prbn.g_00714	Syac.g_00454
OG0000187	Prbn.g_00713	Syac.g_00453
OG0000188	Prbn.g_01339	Syac.g_00433
OG0000189	Prbn.g_01325	Syac.g_00408
OG0000190	Prbn.g_01323	Syac.g_00406
OG0000191	Prbn.g_01300	Syac.g_00373
OG0000192	Prbn.g_01295	Syac.g_00368
OG0000193	Prbn.g_01268	Syac.g_00329
OG0000194	Prbn.g_01265	Syac.g_00326
OG0000195	Prbn.g_01263	Syac.g_00324
OG0000196	Prbn.g_01252	Syac.g_00313
OG0000197	Prbn.g_01251	Syac.g_00312
OG0000198	Prbn.g_01250	Syac.g_00311
OG0000199	Prbn.g_01243, Prbn.g_00384	Syac.g_00303
OG0000200	Prbn.g_00370	Syac.g_02261
OG0000202	Prbn.g_00360	Syac.g_02279
OG0000203	Prbn.g_00359	Syac.g_02280
OG0000204	Prbn.g_00358	Syac.g_02281
OG0000205	Prbn.g_00351	Syac.g_02288
OG0000206	Prbn.g_00346	Syac.g_02297
OG0000207	Prbn.g_00343	Syac.g_02300
OG0000208	Prbn.g_00342	Syac.g_02301
OG0000209	Prbn.g_00333	Syac.g_02316
OG0000210	Prbn.g_00332	Syac.g_02317
OG0000211	Prbn.g_00317	Syac.g_01972
OG0000212	Prbn.g_00309	Syac.g_01963
OG0000213	Prbn.g_00024	Syac.g_02219
OG0000214	Prbn.g_00034	Syac.g_02236
OG0000215	Prbn.g_00061	Syac.g_00281
OG0000216	Prbn.g_00062	Syac.g_00277
OG0000217	Prbn.g_00065	Syac.g_00273
OG0000218	Prbn.g_00067	Syac.g_00271
OG0000219	Prbn.g_00068	Syac.g_00270
OG0000220	Prbn.g_00069	Syac.g_00269
OG0000221	Prbn.g_00070	Syac.g_00261
OG0000222	Prbn.g_00077	Syac.g_00247
OG0000223	Prbn.g_00089	Syac.g_00225
OG0000224	Prbn.g_00091	Syac.g_00217
OG0000225	Prbn.g_00117	Syac.g_02004
OG0000226	Prbn.g_00121	Syac.g_02000
OG0000227	Prbn.g_00123	Syac.g_01998
OG0000228	Prbn.g_00697	Syac.g_01989
OG0000229	Prbn.g_00677	Syac.g_00692
OG0000230	Prbn.g_00675	Syac.g_00694
OG0000231	Prbn.g_00664	Syac.g_00710
OG0000232	Prbn.g_00653	Syac.g_01717
OG0000233	Prbn.g_00647	Syac.g_01713
OG0000234	Prbn.g_00638	Syac.g_01699
OG0000235	Prbn.g_00635	Syac.g_01905
OG0000236	Prbn.g_00621	Syac.g_01890
OG0000237	Prbn.g_00608	Syac.g_01873
OG0000238	Prbn.g_00602	Syac.g_01868
OG0000239	Prbn.g_00591	Syac.g_01852
OG0000240	Prbn.g_00590	Syac.g_01851
OG0000241	Prbn.g_00586	Syac.g_00970
OG0000242	Prbn.g_00584	Syac.g_01839
OG0000243	Prbn.g_00573	Syac.g_01821
OG0000244	Prbn.g_00570	Syac.g_01814
OG0000245	Prbn.g_00568	Syac.g_01811
OG0000246	Prbn.g_00564	Syac.g_01807
OG0000247	Prbn.g_00554	Syac.g_01795
OG0000248	Prbn.g_00551	Syac.g_01792
OG0000249	Prbn.g_00549	Syac.g_01790
OG0000250	Prbn.g_00544	Syac.g_01782
OG0000251	Prbn.g_00524	Syac.g_01757
OG0000252	Prbn.g_00521	Syac.g_01753
OG0000253	Prbn.g_00520	Syac.g_01752
OG0000254	Prbn.g_00503	Syac.g_00939
OG0000255	Prbn.g_00497	Syac.g_00947
OG0000256	Prbn.g_00487	Syac.g_00963
OG0000257	Prbn.g_00421	Syac.g_00969
OG0000258	Prbn.g_00435	Syac.g_00988
OG0000259	Prbn.g_00835	Syac.g_01425
OG0000260	Prbn.g_00838	Syac.g_01422
OG0000261	Prbn.g_00841	Syac.g_01418
OG0000262	Prbn.g_00845	Syac.g_01413
OG0000263	Prbn.g_01583	Syac.g_01497
OG0000264	Prbn.g_01572	Syac.g_00915
OG0000265	Prbn.g_01554	Syac.g_00673
OG0000266	Prbn.g_00864	Syac.g_01271
OG0000267	Prbn.g_01350	Syac.g_01131
OG0000268	Prbn.g_01351	Syac.g_01132
OG0000269	Prbn.g_01551	Syac.g_01346
OG0000270	Prbn.g_01548	Syac.g_01343
OG0000271	Prbn.g_01540	Syac.g_01335
OG0000272	Prbn.g_01539	Syac.g_01334
OG0000273	Prbn.g_01515	Syac.g_00854
OG0000274	Prbn.g_01514	Syac.g_00853
OG0000275	Prbn.g_01511	Syac.g_00848
OG0000276	Prbn.g_01505	Syac.g_00840
OG0000277	Prbn.g_01504	Syac.g_00839
OG0000278	Prbn.g_01501	Syac.g_00836
OG0000279	Prbn.g_01494	Syac.g_00828
OG0000280	Prbn.g_01493	Syac.g_00814
OG0000281	Prbn.g_01486	Syac.g_02158
OG0000282	Prbn.g_01619	Syac.g_01392
OG0000283	Prbn.g_01442	Syac.g_01142
OG0000284	Prbn.g_01437	Syac.g_01148
OG0000285	Prbn.g_01432	Syac.g_01160
OG0000286	Prbn.g_01419	Syac.g_01181
OG0000287	Prbn.g_01123	Syac.g_01692, Syac.g_01209
OG0000288	Prbn.g_01380	Syac.g_01240
OG0000289	Prbn.g_01364	Syac.g_01254
OG0000290	Prbn.g_01468	Syac.g_00881
OG0000291	Prbn.g_01470	Syac.g_00883
OG0000292	Prbn.g_01144	Syac.g_02487
OG0000293	Prbn.g_01179	Syac.g_00754
OG0000294	Prbn.g_01180	Syac.g_00755
OG0000295	Prbn.g_01203	Syac.g_00796
OG0000296	Prbn.g_01205	Syac.g_00798
OG0000297	Prbn.g_00387	Syac.g_01475
OG0000298	Prbn.g_00388	Syac.g_01476
OG0000299	Prbn.g_00407	Syac.g_01503
OG0000300	Prbn.g_00410	Syac.g_01510
OG0000301	Prbn.g_00411	Syac.g_01511
OG0000302	Prbn.g_00413	Syac.g_01512
OG0000303	Prbn.g_00419	Syac.g_01520
OG0000304	Prbn.g_00482	Syac.g_01526
OG0000305	Prbn.g_01146	Syac.g_00886
OG0000306	Prbn.g_01482	Syac.g_00810
OG0000307	Prbn.g_00159	Syac.g_01924
OG0000308	Prbn.g_00160	Syac.g_01926
OG0000309	Prbn.g_00164	Syac.g_01931
OG0000310	Prbn.g_00198	Syac.g_01607
OG0000311	Prbn.g_00200	Syac.g_01611
OG0000312	Prbn.g_00203	Syac.g_01619
OG0000313	Prbn.g_00216	Syac.g_01638
OG0000314	Prbn.g_00239	Syac.g_01665
OG0000315	Prbn.g_00249	Syac.g_01675
OG0000316	Prbn.g_00274	Syac.g_00601
OG0000317	Prbn.g_01742	Syac.g_00552
OG0000318	Prbn.g_01746	Syac.g_00543
OG0000319	Prbn.g_01759	Syac.g_00525
OG0000320	Prbn.g_01761	Syac.g_00523
OG0000321	Prbn.g_01762	Syac.g_00522
OG0000322	Prbn.g_01763	Syac.g_00521
OG0000323	Prbn.g_01773	Syac.g_00506
OG0000324	Prbn.g_01800	Syac.g_00648
OG0000325	Prbn.g_01811	Syac.g_02190
OG0000326	Prbn.g_01818	Syac.g_02183
OG0000327	Prbn.g_01839	Syac.g_02137
OG0000328	Prbn.g_01840	Syac.g_02136
OG0000329	Prbn.g_01857	Syac.g_02119
OG0000330	Prbn.g_01858	Syac.g_02118
OG0000331	Prbn.g_01859	Syac.g_02117
OG0000332	Prbn.g_01873	Syac.g_02103
OG0000333	Prbn.g_01875	Syac.g_02100
OG0000334	Prbn.g_01884	Syac.g_02090
OG0000335	Prbn.g_01889	Syac.g_02085
OG0000336	Prbn.g_01893	Syac.g_02081
OG0000337	Prbn.g_01911	Syac.g_00199
OG0000338	Prbn.g_01912	Syac.g_00196
OG0000339	Prbn.g_01918	Syac.g_00190
OG0000340	Prbn.g_01012	Syac.g_00178
OG0000341	Prbn.g_01010	Syac.g_00176
OG0000342	Prbn.g_01009	Syac.g_00175
OG0000343	Prbn.g_01008	Syac.g_00174
OG0000344	Prbn.g_01005	Syac.g_00170
OG0000345	Prbn.g_00999	Syac.g_00160
OG0000346	Prbn.g_00995	Syac.g_00155
OG0000347	Prbn.g_00978	Syac.g_00129
OG0000348	Prbn.g_00970	Syac.g_00070, Syac.g_00074
OG0000349	Prbn.g_00953	Syac.g_00050
OG0000350	Prbn.g_00798	Syac.g_02176
OG0000351	Prbn.g_00913	Syac.g_02468
OG0000352	Prbn.g_00912	Syac.g_02469
OG0000353	Prbn.g_00299	Syac.g_02493
OG0000355	Prbn.g_00301	Syac.g_00001
OG0000356	Prbn.g_00302	Syac.g_00002
OG0000357	Prbn.g_00011	Syac.g_00003
OG0000358	Prbn.g_00007	Syac.g_00007
OG0000359	Prbn.g_00006	Syac.g_00009
OG0000360	Prbn.g_00005	Syac.g_00010
OG0000361	Prbn.g_00004	Syac.g_00011
OG0000362	Prbn.g_00001	Syac.g_00013
OG0000363	Prbn.g_00768	Syac.g_00015
OG0000364	Prbn.g_00767	Syac.g_00016
OG0000365	Prbn.g_00762	Syac.g_00023
OG0000366	Prbn.g_00761	Syac.g_00024
OG0000367	Prbn.g_00760	Syac.g_00025
OG0000368	Prbn.g_00758	Syac.g_00027
OG0000369	Prbn.g_00757	Syac.g_00028
OG0000370	Prbn.g_00756	Syac.g_00029
OG0000371	Prbn.g_00749	Syac.g_00036
OG0000372	Prbn.g_00746	Syac.g_00041
OG0000373	Prbn.g_00745	Syac.g_00042
OG0000374	Prbn.g_00744	Syac.g_00043
OG0000375	Prbn.g_00742	Syac.g_00046
OG0000376	Prbn.g_00740	Syac.g_00048
OG0000377	Prbn.g_00736	Syac.g_02346
OG0000378	Prbn.g_00732	Syac.g_02338
OG0000379	Prbn.g_00729	Syac.g_02335
OG0000380	Prbn.g_00712	Syac.g_00452
OG0000381	Prbn.g_00707	Syac.g_00449
OG0000382	Prbn.g_01340	Syac.g_00434
OG0000383	Prbn.g_01338	Syac.g_00432
OG0000384	Prbn.g_01337	Syac.g_00431
OG0000385	Prbn.g_01336	Syac.g_00430
OG0000386	Prbn.g_01335	Syac.g_00429
OG0000387	Prbn.g_01321	Syac.g_00404
OG0000388	Prbn.g_01317	Syac.g_00401
OG0000389	Prbn.g_01314	Syac.g_00397
OG0000390	Prbn.g_01304	Syac.g_00379
OG0000391	Prbn.g_01301	Syac.g_00374
OG0000392	Prbn.g_01297	Syac.g_00369
OG0000393	Prbn.g_01294	Syac.g_00366
OG0000394	Prbn.g_01293	Syac.g_00365
OG0000395	Prbn.g_01292	Syac.g_00364
OG0000396	Prbn.g_01290	Syac.g_00361
OG0000397	Prbn.g_01288	Syac.g_00359
OG0000398	Prbn.g_01285	Syac.g_00354
OG0000399	Prbn.g_01284	Syac.g_00353
OG0000400	Prbn.g_01283	Syac.g_00352
OG0000401	Prbn.g_01282	Syac.g_00351
OG0000402	Prbn.g_01356	Syac.g_00348
OG0000403	Prbn.g_01280	Syac.g_00347
OG0000404	Prbn.g_01279	Syac.g_00345
OG0000405	Prbn.g_01275	Syac.g_00332
OG0000406	Prbn.g_01267	Syac.g_00328
OG0000407	Prbn.g_01266	Syac.g_00327
OG0000408	Prbn.g_01264	Syac.g_00325
OG0000409	Prbn.g_01262	Syac.g_00323
OG0000410	Prbn.g_01261	Syac.g_00322
OG0000411	Prbn.g_01260	Syac.g_00321
OG0000412	Prbn.g_01259	Syac.g_00320
OG0000413	Prbn.g_01257	Syac.g_00318
OG0000414	Prbn.g_01256	Syac.g_00317
OG0000415	Prbn.g_01255	Syac.g_00316
OG0000416	Prbn.g_01254	Syac.g_00315
OG0000417	Prbn.g_01253	Syac.g_00314
OG0000418	Prbn.g_01248	Syac.g_00309
OG0000419	Prbn.g_01246	Syac.g_00307
OG0000420	Prbn.g_01245	Syac.g_00305
OG0000421	Prbn.g_00381	Syac.g_00300
OG0000422	Prbn.g_00380	Syac.g_00299
OG0000423	Prbn.g_00379	Syac.g_00298
OG0000424	Prbn.g_00378	Syac.g_00297
OG0000425	Prbn.g_00377	Syac.g_00296
OG0000426	Prbn.g_00376	Syac.g_00295
OG0000427	Prbn.g_00375	Syac.g_00294
OG0000428	Prbn.g_00373	Syac.g_02257
OG0000429	Prbn.g_00372	Syac.g_02259
OG0000430	Prbn.g_00371	Syac.g_02260
OG0000431	Prbn.g_00369	Syac.g_02264
OG0000432	Prbn.g_00365	Syac.g_02270
OG0000433	Prbn.g_00364	Syac.g_02272
OG0000434	Prbn.g_00363	Syac.g_02273
OG0000435	Prbn.g_00362	Syac.g_02277
OG0000436	Prbn.g_00357	Syac.g_02282
OG0000437	Prbn.g_00356	Syac.g_02283
OG0000438	Prbn.g_00355	Syac.g_02284
OG0000439	Prbn.g_00353	Syac.g_02286
OG0000440	Prbn.g_00352	Syac.g_02287
OG0000441	Prbn.g_00349	Syac.g_02294
OG0000442	Prbn.g_00348	Syac.g_02295
OG0000443	Prbn.g_00347	Syac.g_02296
OG0000444	Prbn.g_00341	Syac.g_02303
OG0000445	Prbn.g_00340	Syac.g_02304
OG0000446	Prbn.g_00339	Syac.g_02305
OG0000447	Prbn.g_00338	Syac.g_02308
OG0000448	Prbn.g_00337	Syac.g_02309
OG0000449	Prbn.g_00336	Syac.g_02310
OG0000450	Prbn.g_00335	Syac.g_02313
OG0000451	Prbn.g_00334	Syac.g_02314
OG0000452	Prbn.g_00331	Syac.g_02318
OG0000453	Prbn.g_00330	Syac.g_02319
OG0000454	Prbn.g_00329	Syac.g_02320
OG0000455	Prbn.g_00328	Syac.g_02321
OG0000456	Prbn.g_00327	Syac.g_02322
OG0000457	Prbn.g_00325	Syac.g_02324
OG0000458	Prbn.g_00324	Syac.g_02325
OG0000459	Prbn.g_00323	Syac.g_02326
OG0000460	Prbn.g_00315	Syac.g_01970
OG0000461	Prbn.g_00307	Syac.g_02198
OG0000462	Prbn.g_00305	Syac.g_02201
OG0000463	Prbn.g_00304	Syac.g_02202
OG0000464	Prbn.g_00012	Syac.g_02203
OG0000465	Prbn.g_00013	Syac.g_02204
OG0000466	Prbn.g_00016	Syac.g_02208
OG0000467	Prbn.g_00017	Syac.g_02210
OG0000468	Prbn.g_00020	Syac.g_02216
OG0000469	Prbn.g_00028	Syac.g_02230
OG0000470	Prbn.g_00030	Syac.g_02232
OG0000471	Prbn.g_00031	Syac.g_02233
OG0000472	Prbn.g_00033	Syac.g_02235
OG0000473	Prbn.g_00035	Syac.g_02237
OG0000474	Prbn.g_00036	Syac.g_02238
OG0000475	Prbn.g_00037	Syac.g_02239
OG0000476	Prbn.g_00039	Syac.g_02241
OG0000477	Prbn.g_00042	Syac.g_02247
OG0000478	Prbn.g_00043	Syac.g_02248
OG0000479	Prbn.g_00044	Syac.g_02249
OG0000480	Prbn.g_00049	Syac.g_00293
OG0000481	Prbn.g_00052	Syac.g_00291
OG0000482	Prbn.g_00053	Syac.g_00290
OG0000483	Prbn.g_00056	Syac.g_00286
OG0000484	Prbn.g_00057	Syac.g_00285
OG0000485	Prbn.g_00059	Syac.g_00284
OG0000486	Prbn.g_00060	Syac.g_00283
OG0000487	Prbn.g_00063	Syac.g_00276
OG0000488	Prbn.g_00066	Syac.g_00272
OG0000489	Prbn.g_00071	Syac.g_00260
OG0000490	Prbn.g_00075	Syac.g_00249
OG0000491	Prbn.g_00076	Syac.g_00248
OG0000492	Prbn.g_00078	Syac.g_00246
OG0000493	Prbn.g_00079	Syac.g_00245
OG0000494	Prbn.g_00080	Syac.g_00244
OG0000495	Prbn.g_00081	Syac.g_00243
OG0000496	Prbn.g_00082	Syac.g_00242
OG0000497	Prbn.g_00083	Syac.g_00241
OG0000498	Prbn.g_00084	Syac.g_00240
OG0000499	Prbn.g_00085	Syac.g_00239
OG0000500	Prbn.g_00086	Syac.g_00238
OG0000501	Prbn.g_00087	Syac.g_00235
OG0000502	Prbn.g_00090	Syac.g_00223
OG0000503	Prbn.g_00105	Syac.g_02020
OG0000504	Prbn.g_00107	Syac.g_02018
OG0000505	Prbn.g_00108	Syac.g_02017
OG0000506	Prbn.g_00109	Syac.g_02015
OG0000507	Prbn.g_00112	Syac.g_02009
OG0000508	Prbn.g_00116	Syac.g_02005
OG0000509	Prbn.g_00118	Syac.g_02003
OG0000510	Prbn.g_00119	Syac.g_02002
OG0000511	Prbn.g_00120	Syac.g_02001
OG0000512	Prbn.g_00122	Syac.g_01999
OG0000513	Prbn.g_00693	Syac.g_01984
OG0000514	Prbn.g_00682	Syac.g_01977
OG0000515	Prbn.g_00681	Syac.g_01976
OG0000516	Prbn.g_00680	Syac.g_00697
OG0000517	Prbn.g_00678	Syac.g_00691
OG0000518	Prbn.g_00667	Syac.g_00707
OG0000519	Prbn.g_00666	Syac.g_00708
OG0000520	Prbn.g_00665	Syac.g_00709
OG0000521	Prbn.g_00657	Syac.g_01721
OG0000522	Prbn.g_00655	Syac.g_01719
OG0000523	Prbn.g_00654	Syac.g_01718
OG0000524	Prbn.g_00649	Syac.g_01716
OG0000525	Prbn.g_00645	Syac.g_01709
OG0000526	Prbn.g_00644	Syac.g_01706
OG0000527	Prbn.g_00641	Syac.g_01702
OG0000528	Prbn.g_00636	Syac.g_01911
OG0000529	Prbn.g_00633	Syac.g_01903
OG0000530	Prbn.g_00630	Syac.g_01900
OG0000531	Prbn.g_00629	Syac.g_01899
OG0000532	Prbn.g_00627	Syac.g_01896
OG0000533	Prbn.g_00626	Syac.g_01895
OG0000534	Prbn.g_00625	Syac.g_01894
OG0000535	Prbn.g_00624	Syac.g_01893
OG0000536	Prbn.g_00623	Syac.g_01892
OG0000537	Prbn.g_00622	Syac.g_01891
OG0000538	Prbn.g_00613	Syac.g_01880
OG0000539	Prbn.g_00612	Syac.g_01879
OG0000540	Prbn.g_00611	Syac.g_01878
OG0000541	Prbn.g_00610	Syac.g_01877
OG0000542	Prbn.g_00609	Syac.g_01874
OG0000543	Prbn.g_00607	Syac.g_01872
OG0000544	Prbn.g_00606	Syac.g_01871
OG0000545	Prbn.g_00604	Syac.g_01869
OG0000546	Prbn.g_00601	Syac.g_01867
OG0000547	Prbn.g_00599	Syac.g_01865
OG0000548	Prbn.g_00598	Syac.g_01864
OG0000549	Prbn.g_00596	Syac.g_01858
OG0000550	Prbn.g_00592	Syac.g_01854
OG0000551	Prbn.g_00589	Syac.g_01849
OG0000552	Prbn.g_00588	Syac.g_01848
OG0000553	Prbn.g_00587	Syac.g_01846
OG0000554	Prbn.g_00582	Syac.g_01835
OG0000555	Prbn.g_00574	Syac.g_01822
OG0000556	Prbn.g_00572	Syac.g_01817
OG0000557	Prbn.g_00571	Syac.g_01815
OG0000558	Prbn.g_00569	Syac.g_01813
OG0000559	Prbn.g_00565	Syac.g_01808
OG0000560	Prbn.g_00562	Syac.g_01805
OG0000561	Prbn.g_00561	Syac.g_01804
OG0000562	Prbn.g_00560	Syac.g_01803
OG0000563	Prbn.g_00559	Syac.g_01802
OG0000564	Prbn.g_00558	Syac.g_01801
OG0000565	Prbn.g_00556	Syac.g_01797
OG0000566	Prbn.g_00552	Syac.g_01793
OG0000567	Prbn.g_00548	Syac.g_01789
OG0000568	Prbn.g_00547	Syac.g_01786
OG0000569	Prbn.g_00546	Syac.g_01785
OG0000570	Prbn.g_00545	Syac.g_01784
OG0000571	Prbn.g_00543	Syac.g_01780
OG0000572	Prbn.g_00529	Syac.g_01765
OG0000573	Prbn.g_00523	Syac.g_01755
OG0000574	Prbn.g_00522	Syac.g_01754
OG0000575	Prbn.g_00518	Syac.g_01750
OG0000576	Prbn.g_00516	Syac.g_01748
OG0000577	Prbn.g_00515	Syac.g_01747
OG0000578	Prbn.g_00514	Syac.g_01746
OG0000579	Prbn.g_00513	Syac.g_01745
OG0000580	Prbn.g_00512	Syac.g_01744
OG0000581	Prbn.g_00509	Syac.g_01738
OG0000582	Prbn.g_00506	Syac.g_00936
OG0000583	Prbn.g_00505	Syac.g_00937
OG0000584	Prbn.g_00504	Syac.g_00938
OG0000585	Prbn.g_00502	Syac.g_00940
OG0000586	Prbn.g_00501	Syac.g_00941
OG0000587	Prbn.g_00500	Syac.g_00943
OG0000588	Prbn.g_00496	Syac.g_00949
OG0000589	Prbn.g_00494	Syac.g_00953
OG0000590	Prbn.g_00493	Syac.g_00954
OG0000591	Prbn.g_00489	Syac.g_00961
OG0000592	Prbn.g_00488	Syac.g_00962
OG0000593	Prbn.g_00423	Syac.g_00975
OG0000594	Prbn.g_00424	Syac.g_00976
OG0000595	Prbn.g_00425	Syac.g_00977
OG0000596	Prbn.g_00429	Syac.g_00982
OG0000597	Prbn.g_00432	Syac.g_00985
OG0000598	Prbn.g_00433	Syac.g_00986
OG0000599	Prbn.g_00436	Syac.g_00989
OG0000600	Prbn.g_00437	Syac.g_00990
OG0000601	Prbn.g_00438	Syac.g_00991
OG0000602	Prbn.g_00440	Syac.g_00996
OG0000603	Prbn.g_00441	Syac.g_00997
OG0000604	Prbn.g_00442	Syac.g_01001
OG0000605	Prbn.g_00443	Syac.g_01089
OG0000606	Prbn.g_00446	Syac.g_01434
OG0000607	Prbn.g_00449	Syac.g_01430
OG0000608	Prbn.g_00450	Syac.g_01429
OG0000609	Prbn.g_00834	Syac.g_01427
OG0000610	Prbn.g_00840	Syac.g_01419
OG0000611	Prbn.g_00843	Syac.g_01416
OG0000612	Prbn.g_00844	Syac.g_01415
OG0000613	Prbn.g_01591	Syac.g_00231
OG0000614	Prbn.g_01570	Syac.g_00911
OG0000615	Prbn.g_01559	Syac.g_01377
OG0000616	Prbn.g_00905	Syac.g_02478
OG0000617	Prbn.g_00860	Syac.g_01280
OG0000618	Prbn.g_00861	Syac.g_01279
OG0000619	Prbn.g_00862	Syac.g_01278
OG0000620	Prbn.g_01947	Syac.g_01270
OG0000621	Prbn.g_01948	Syac.g_01269
OG0000622	Prbn.g_01949	Syac.g_01268
OG0000623	Prbn.g_01950	Syac.g_01267
OG0000624	Prbn.g_01952	Syac.g_01265
OG0000625	Prbn.g_01345	Syac.g_01264
OG0000626	Prbn.g_01346	Syac.g_01263
OG0000627	Prbn.g_01347	Syac.g_01126
OG0000628	Prbn.g_01348	Syac.g_01127
OG0000629	Prbn.g_01349	Syac.g_01130
OG0000630	Prbn.g_01352	Syac.g_01134
OG0000631	Prbn.g_01445	Syac.g_01139
OG0000632	Prbn.g_01444	Syac.g_01140
OG0000633	Prbn.g_01443	Syac.g_01141
OG0000634	Prbn.g_01550	Syac.g_01345
OG0000635	Prbn.g_01549	Syac.g_01344
OG0000636	Prbn.g_01547	Syac.g_01342
OG0000637	Prbn.g_01545	Syac.g_01340
OG0000638	Prbn.g_01544	Syac.g_01339
OG0000639	Prbn.g_01543	Syac.g_01338
OG0000640	Prbn.g_01542	Syac.g_01337
OG0000641	Prbn.g_01538	Syac.g_01333
OG0000642	Prbn.g_01537	Syac.g_01332
OG0000643	Prbn.g_01536	Syac.g_01330
OG0000644	Prbn.g_01535	Syac.g_01329
OG0000645	Prbn.g_01534	Syac.g_01327
OG0000646	Prbn.g_01532	Syac.g_01324
OG0000647	Prbn.g_01530	Syac.g_01322
OG0000648	Prbn.g_01528	Syac.g_01319
OG0000649	Prbn.g_01527	Syac.g_01318
OG0000650	Prbn.g_01526	Syac.g_01317
OG0000651	Prbn.g_01525	Syac.g_01316
OG0000652	Prbn.g_01524	Syac.g_01315
OG0000653	Prbn.g_01522	Syac.g_01313
OG0000654	Prbn.g_01521	Syac.g_01312
OG0000655	Prbn.g_01520	Syac.g_01311
OG0000656	Prbn.g_01517	Syac.g_01308
OG0000657	Prbn.g_01509	Syac.g_00846
OG0000658	Prbn.g_01507	Syac.g_00842
OG0000659	Prbn.g_01506	Syac.g_00841
OG0000660	Prbn.g_01502	Syac.g_00837
OG0000661	Prbn.g_01500	Syac.g_00835
OG0000662	Prbn.g_01498	Syac.g_00833
OG0000663	Prbn.g_01496	Syac.g_00830
OG0000664	Prbn.g_01495	Syac.g_00829
OG0000665	Prbn.g_01489	Syac.g_01018
OG0000666	Prbn.g_01488	Syac.g_01088
OG0000667	Prbn.g_01484	Syac.g_02165
OG0000668	Prbn.g_01930	Syac.g_01239
OG0000669	Prbn.g_01632	Syac.g_01404
OG0000670	Prbn.g_01629	Syac.g_00580
OG0000671	Prbn.g_01626	Syac.g_01400
OG0000672	Prbn.g_01623	Syac.g_01396
OG0000673	Prbn.g_01620	Syac.g_01393
OG0000674	Prbn.g_01618	Syac.g_01391
OG0000675	Prbn.g_01617	Syac.g_01390
OG0000676	Prbn.g_01615	Syac.g_01388
OG0000677	Prbn.g_01614	Syac.g_01387
OG0000678	Prbn.g_01612	Syac.g_01384
OG0000679	Prbn.g_01608	Syac.g_01375
OG0000680	Prbn.g_01607	Syac.g_01374
OG0000681	Prbn.g_01604	Syac.g_01371
OG0000682	Prbn.g_01603	Syac.g_01370
OG0000683	Prbn.g_01602	Syac.g_01369
OG0000684	Prbn.g_01600	Syac.g_01365
OG0000685	Prbn.g_01598	Syac.g_01363
OG0000686	Prbn.g_01597	Syac.g_01362
OG0000687	Prbn.g_01596	Syac.g_01361
OG0000688	Prbn.g_00848	Syac.g_01356
OG0000689	Prbn.g_00849	Syac.g_01354
OG0000690	Prbn.g_00850	Syac.g_01353
OG0000691	Prbn.g_00851	Syac.g_01352
OG0000692	Prbn.g_00853	Syac.g_01351
OG0000693	Prbn.g_00854	Syac.g_01349
OG0000694	Prbn.g_00855	Syac.g_01348
OG0000695	Prbn.g_01441	Syac.g_01143
OG0000696	Prbn.g_01440	Syac.g_01144
OG0000697	Prbn.g_01439	Syac.g_01146
OG0000698	Prbn.g_01436	Syac.g_01149
OG0000699	Prbn.g_01435	Syac.g_01151
OG0000700	Prbn.g_01434	Syac.g_01152
OG0000701	Prbn.g_01433	Syac.g_01153
OG0000702	Prbn.g_01431	Syac.g_01161
OG0000703	Prbn.g_01430	Syac.g_01162
OG0000704	Prbn.g_01428	Syac.g_01165
OG0000705	Prbn.g_01425	Syac.g_01174
OG0000706	Prbn.g_01424	Syac.g_01175
OG0000707	Prbn.g_01423	Syac.g_01176
OG0000708	Prbn.g_01421	Syac.g_01179
OG0000709	Prbn.g_01417	Syac.g_01187
OG0000710	Prbn.g_01414	Syac.g_01191
OG0000711	Prbn.g_01396	Syac.g_01220
OG0000712	Prbn.g_01395	Syac.g_01221
OG0000713	Prbn.g_01394	Syac.g_01222
OG0000714	Prbn.g_01393	Syac.g_01224
OG0000715	Prbn.g_01391	Syac.g_01226
OG0000716	Prbn.g_01389	Syac.g_01230
OG0000717	Prbn.g_01388	Syac.g_01231
OG0000718	Prbn.g_01384	Syac.g_01235
OG0000719	Prbn.g_01382	Syac.g_01237
OG0000720	Prbn.g_01370	Syac.g_01250
OG0000721	Prbn.g_01366	Syac.g_01252
OG0000722	Prbn.g_01365	Syac.g_01253
OG0000723	Prbn.g_01361	Syac.g_01261
OG0000724	Prbn.g_01466	Syac.g_00879
OG0000725	Prbn.g_01472	Syac.g_00887
OG0000726	Prbn.g_01473	Syac.g_00888
OG0000727	Prbn.g_01474	Syac.g_00889
OG0000728	Prbn.g_01476	Syac.g_00891
OG0000729	Prbn.g_01106	Syac.g_00144
OG0000730	Prbn.g_01147	Syac.g_02024
OG0000731	Prbn.g_00111	Syac.g_02011
OG0000732	Prbn.g_00954	Syac.g_00051
OG0000733	Prbn.g_01651	Syac.g_02386
OG0000734	Prbn.g_01173	Syac.g_00388
OG0000735	Prbn.g_01175	Syac.g_00750
OG0000736	Prbn.g_01176	Syac.g_00751
OG0000737	Prbn.g_01177	Syac.g_00752
OG0000738	Prbn.g_01181	Syac.g_00757
OG0000739	Prbn.g_01182	Syac.g_00762
OG0000740	Prbn.g_01183	Syac.g_00763
OG0000741	Prbn.g_01185	Syac.g_00766
OG0000742	Prbn.g_01188	Syac.g_00768
OG0000743	Prbn.g_01190	Syac.g_00770
OG0000744	Prbn.g_01191	Syac.g_00771
OG0000745	Prbn.g_01192	Syac.g_00773
OG0000746	Prbn.g_01194	Syac.g_00776
OG0000747	Prbn.g_01195	Syac.g_00777
OG0000748	Prbn.g_01199	Syac.g_00787
OG0000749	Prbn.g_01200	Syac.g_00789
OG0000750	Prbn.g_01201	Syac.g_00790
OG0000751	Prbn.g_01204	Syac.g_00797
OG0000752	Prbn.g_01206	Syac.g_00799
OG0000753	Prbn.g_01208	Syac.g_00802
OG0000754	Prbn.g_01211	Syac.g_01471
OG0000755	Prbn.g_00390	Syac.g_01479
OG0000756	Prbn.g_00391	Syac.g_01480
OG0000757	Prbn.g_00398	Syac.g_01492
OG0000758	Prbn.g_00399	Syac.g_01493
OG0000759	Prbn.g_00400	Syac.g_01494
OG0000760	Prbn.g_00401	Syac.g_01495
OG0000761	Prbn.g_00402	Syac.g_01496
OG0000762	Prbn.g_00403	Syac.g_01498
OG0000763	Prbn.g_00405	Syac.g_01500
OG0000764	Prbn.g_00406	Syac.g_01501
OG0000765	Prbn.g_00414	Syac.g_01515
OG0000766	Prbn.g_00415	Syac.g_01516
OG0000767	Prbn.g_00417	Syac.g_01518
OG0000768	Prbn.g_00418	Syac.g_01519
OG0000769	Prbn.g_00420	Syac.g_01521
OG0000770	Prbn.g_00483	Syac.g_01524
OG0000771	Prbn.g_00886	Syac.g_00873
OG0000772	Prbn.g_01671	Syac.g_01569
OG0000773	Prbn.g_01093	Syac.g_00741
OG0000774	Prbn.g_01091	Syac.g_00737
OG0000775	Prbn.g_01089	Syac.g_00735
OG0000776	Prbn.g_01088	Syac.g_00734
OG0000777	Prbn.g_01087	Syac.g_00733
OG0000778	Prbn.g_01086	Syac.g_00732
OG0000779	Prbn.g_01082	Syac.g_00727
OG0000780	Prbn.g_01081	Syac.g_00723
OG0000781	Prbn.g_01077	Syac.g_00719
OG0000782	Prbn.g_01076	Syac.g_00718
OG0000783	Prbn.g_01075	Syac.g_00717
OG0000784	Prbn.g_01074	Syac.g_00716
OG0000785	Prbn.g_01072	Syac.g_00714
OG0000786	Prbn.g_01069	Syac.g_01730
OG0000787	Prbn.g_01068	Syac.g_01731
OG0000788	Prbn.g_00615	Syac.g_00992
OG0000789	Prbn.g_00883	Syac.g_01111
OG0000790	Prbn.g_00155	Syac.g_01921
OG0000791	Prbn.g_00157	Syac.g_01922
OG0000792	Prbn.g_00158	Syac.g_01923
OG0000793	Prbn.g_00161	Syac.g_01928
OG0000794	Prbn.g_00162	Syac.g_01929
OG0000795	Prbn.g_00163	Syac.g_01930
OG0000796	Prbn.g_00167	Syac.g_01934
OG0000797	Prbn.g_00168	Syac.g_01935
OG0000799	Prbn.g_00195	Syac.g_01602
OG0000800	Prbn.g_00196	Syac.g_01603
OG0000801	Prbn.g_00197	Syac.g_01604
OG0000802	Prbn.g_00199	Syac.g_01608
OG0000803	Prbn.g_00201	Syac.g_01613
OG0000804	Prbn.g_00202	Syac.g_01616
OG0000805	Prbn.g_00204	Syac.g_01620
OG0000806	Prbn.g_00206	Syac.g_01622
OG0000807	Prbn.g_00207	Syac.g_01624
OG0000808	Prbn.g_00208	Syac.g_01625
OG0000809	Prbn.g_00210	Syac.g_01628
OG0000810	Prbn.g_00211	Syac.g_01629
OG0000811	Prbn.g_00215	Syac.g_01637
OG0000812	Prbn.g_00217	Syac.g_01639
OG0000813	Prbn.g_00218	Syac.g_01640
OG0000814	Prbn.g_00220	Syac.g_01642
OG0000815	Prbn.g_00221	Syac.g_01643
OG0000816	Prbn.g_00223	Syac.g_01645
OG0000817	Prbn.g_00224	Syac.g_01646
OG0000818	Prbn.g_00229	Syac.g_01652
OG0000819	Prbn.g_00230	Syac.g_01653
OG0000820	Prbn.g_00231	Syac.g_01654
OG0000821	Prbn.g_00235	Syac.g_01659
OG0000822	Prbn.g_00236	Syac.g_01661
OG0000823	Prbn.g_00237	Syac.g_01662
OG0000824	Prbn.g_00240	Syac.g_01666
OG0000825	Prbn.g_00241	Syac.g_01667
OG0000826	Prbn.g_00242	Syac.g_01668
OG0000827	Prbn.g_00243	Syac.g_01669
OG0000828	Prbn.g_00246	Syac.g_01672
OG0000829	Prbn.g_00247	Syac.g_01673
OG0000830	Prbn.g_00248	Syac.g_01674
OG0000831	Prbn.g_00250	Syac.g_01676
OG0000832	Prbn.g_00260	Syac.g_00623
OG0000833	Prbn.g_00269	Syac.g_00613
OG0000834	Prbn.g_00270	Syac.g_00610
OG0000835	Prbn.g_00271	Syac.g_00609
OG0000836	Prbn.g_00272	Syac.g_00605
OG0000837	Prbn.g_00273	Syac.g_00604
OG0000838	Prbn.g_00275	Syac.g_00600
OG0000839	Prbn.g_00276	Syac.g_00599
OG0000840	Prbn.g_00277	Syac.g_00598
OG0000841	Prbn.g_00278	Syac.g_00597
OG0000842	Prbn.g_00279	Syac.g_00596
OG0000843	Prbn.g_00280	Syac.g_00595
OG0000844	Prbn.g_00281	Syac.g_00593
OG0000845	Prbn.g_00282	Syac.g_00592
OG0000846	Prbn.g_00283	Syac.g_00591
OG0000847	Prbn.g_00284	Syac.g_00590
OG0000848	Prbn.g_00285	Syac.g_00588
OG0000849	Prbn.g_00286	Syac.g_00587
OG0000850	Prbn.g_00288	Syac.g_00585
OG0000851	Prbn.g_00289	Syac.g_00573
OG0000852	Prbn.g_00904	Syac.g_00572
OG0000853	Prbn.g_00898	Syac.g_00568
OG0000854	Prbn.g_00896	Syac.g_00566
OG0000855	Prbn.g_00895	Syac.g_00565
OG0000856	Prbn.g_00486	Syac.g_00964
OG0000857	Prbn.g_01531	Syac.g_01323
OG0000858	Prbn.g_01738	Syac.g_00559
OG0000859	Prbn.g_01739	Syac.g_00558
OG0000860	Prbn.g_01747	Syac.g_00542
OG0000861	Prbn.g_01748	Syac.g_00541
OG0000862	Prbn.g_01749	Syac.g_00540
OG0000863	Prbn.g_01751	Syac.g_00538
OG0000864	Prbn.g_01752	Syac.g_00537
OG0000865	Prbn.g_01753	Syac.g_00533
OG0000866	Prbn.g_01754	Syac.g_00532
OG0000867	Prbn.g_01755	Syac.g_00531
OG0000868	Prbn.g_01757	Syac.g_00529
OG0000869	Prbn.g_01760	Syac.g_00524
OG0000870	Prbn.g_01765	Syac.g_00519
OG0000871	Prbn.g_01766	Syac.g_00518
OG0000872	Prbn.g_01767	Syac.g_00510
OG0000873	Prbn.g_01771	Syac.g_00507
OG0000874	Prbn.g_01774	Syac.g_00512
OG0000875	Prbn.g_01775	Syac.g_00505
OG0000876	Prbn.g_01776	Syac.g_00675
OG0000877	Prbn.g_01778	Syac.g_00671
OG0000878	Prbn.g_01779	Syac.g_00670
OG0000879	Prbn.g_01780	Syac.g_00669
OG0000880	Prbn.g_01781	Syac.g_00668
OG0000881	Prbn.g_01785	Syac.g_00664
OG0000882	Prbn.g_01790	Syac.g_00659
OG0000883	Prbn.g_01792	Syac.g_00656
OG0000884	Prbn.g_01794	Syac.g_00654
OG0000885	Prbn.g_01795	Syac.g_00653
OG0000886	Prbn.g_01796	Syac.g_00652
OG0000887	Prbn.g_01797	Syac.g_00651
OG0000888	Prbn.g_01799	Syac.g_00649
OG0000889	Prbn.g_01801	Syac.g_00647
OG0000890	Prbn.g_01802	Syac.g_00642
OG0000891	Prbn.g_01803	Syac.g_00641
OG0000892	Prbn.g_01805	Syac.g_00638
OG0000893	Prbn.g_01809	Syac.g_02193
OG0000894	Prbn.g_01812	Syac.g_02189
OG0000895	Prbn.g_01816	Syac.g_02185
OG0000896	Prbn.g_01817	Syac.g_02184
OG0000897	Prbn.g_01819	Syac.g_02182
OG0000898	Prbn.g_01820	Syac.g_02181
OG0000899	Prbn.g_01821	Syac.g_02180
OG0000900	Prbn.g_01822	Syac.g_02179
OG0000901	Prbn.g_01825	Syac.g_02174
OG0000902	Prbn.g_01827	Syac.g_02172
OG0000903	Prbn.g_01831	Syac.g_02140
OG0000904	Prbn.g_01835	Syac.g_02145
OG0000905	Prbn.g_01829	Syac.g_02148
OG0000906	Prbn.g_01828	Syac.g_02150
OG0000907	Prbn.g_01838	Syac.g_02138
OG0000908	Prbn.g_01841	Syac.g_02135
OG0000909	Prbn.g_01842	Syac.g_02134
OG0000910	Prbn.g_01843	Syac.g_02133
OG0000911	Prbn.g_01845	Syac.g_02131
OG0000912	Prbn.g_01846	Syac.g_02130
OG0000913	Prbn.g_01847	Syac.g_02129
OG0000914	Prbn.g_01848	Syac.g_02128
OG0000915	Prbn.g_01849	Syac.g_02127
OG0000916	Prbn.g_01850	Syac.g_02126
OG0000917	Prbn.g_01851	Syac.g_02125
OG0000918	Prbn.g_01852	Syac.g_02124
OG0000919	Prbn.g_01853	Syac.g_02123
OG0000920	Prbn.g_01854	Syac.g_02122
OG0000921	Prbn.g_01855	Syac.g_02121
OG0000922	Prbn.g_01856	Syac.g_02120
OG0000923	Prbn.g_01860	Syac.g_02116
OG0000924	Prbn.g_01861	Syac.g_02115
OG0000925	Prbn.g_01862	Syac.g_02114
OG0000926	Prbn.g_01863	Syac.g_02113
OG0000927	Prbn.g_01865	Syac.g_02111
OG0000928	Prbn.g_01866	Syac.g_02110
OG0000929	Prbn.g_01867	Syac.g_02109
OG0000930	Prbn.g_01868	Syac.g_02108
OG0000931	Prbn.g_01869	Syac.g_02107
OG0000932	Prbn.g_01870	Syac.g_02106
OG0000933	Prbn.g_01874	Syac.g_02101
OG0000934	Prbn.g_01876	Syac.g_02099
OG0000935	Prbn.g_01877	Syac.g_02098
OG0000936	Prbn.g_01878	Syac.g_02097
OG0000937	Prbn.g_01879	Syac.g_02096
OG0000938	Prbn.g_01882	Syac.g_02092
OG0000939	Prbn.g_01883	Syac.g_02091
OG0000940	Prbn.g_01890	Syac.g_02084
OG0000941	Prbn.g_01892	Syac.g_02082
OG0000942	Prbn.g_01894	Syac.g_02080
OG0000943	Prbn.g_01895	Syac.g_02079
OG0000944	Prbn.g_01897	Syac.g_02077
OG0000945	Prbn.g_01898	Syac.g_02075
OG0000946	Prbn.g_01903	Syac.g_02071
OG0000947	Prbn.g_01905	Syac.g_02068
OG0000948	Prbn.g_01906	Syac.g_02067
OG0000949	Prbn.g_01909	Syac.g_00205
OG0000950	Prbn.g_01916	Syac.g_00193
OG0000951	Prbn.g_01920	Syac.g_00188
OG0000952	Prbn.g_01015	Syac.g_00183
OG0000953	Prbn.g_01011	Syac.g_00177
OG0000954	Prbn.g_01007	Syac.g_00172
OG0000955	Prbn.g_01006	Syac.g_00171
OG0000956	Prbn.g_01004	Syac.g_00169
OG0000957	Prbn.g_00998	Syac.g_00158
OG0000958	Prbn.g_00997	Syac.g_00157
OG0000959	Prbn.g_00993	Syac.g_00153
OG0000960	Prbn.g_00992	Syac.g_00152
OG0000961	Prbn.g_00989	Syac.g_00147
OG0000962	Prbn.g_00987	Syac.g_00145
OG0000963	Prbn.g_00983	Syac.g_00140
OG0000964	Prbn.g_00982	Syac.g_00139
OG0000965	Prbn.g_00981	Syac.g_00138
OG0000966	Prbn.g_00975	Syac.g_00107
OG0000967	Prbn.g_00971	Syac.g_00075
OG0000968	Prbn.g_00969	Syac.g_00080
OG0000969	Prbn.g_00968	Syac.g_00078
OG0000970	Prbn.g_00967	Syac.g_00077
OG0000971	Prbn.g_00966	Syac.g_00067
OG0000972	Prbn.g_00965	Syac.g_00066
OG0000973	Prbn.g_00964	Syac.g_00065
OG0000974	Prbn.g_00963	Syac.g_00064
OG0000975	Prbn.g_00962	Syac.g_00063
OG0000976	Prbn.g_00961	Syac.g_00062
OG0000977	Prbn.g_00960	Syac.g_00059
OG0000978	Prbn.g_00959	Syac.g_00058
OG0000979	Prbn.g_00957	Syac.g_00055
OG0000980	Prbn.g_00955	Syac.g_00052
OG0000981	Prbn.g_00952	Syac.g_00049
OG0000982	Prbn.g_00950	Syac.g_02354
OG0000983	Prbn.g_00949	Syac.g_02355
OG0000984	Prbn.g_00948	Syac.g_02356
OG0000985	Prbn.g_00945	Syac.g_02359
OG0000986	Prbn.g_00943	Syac.g_02363
OG0000987	Prbn.g_00942	Syac.g_02365
OG0000988	Prbn.g_00939	Syac.g_02370
OG0000989	Prbn.g_00935	Syac.g_02379
OG0000990	Prbn.g_00931	Syac.g_02397
OG0000991	Prbn.g_00930	Syac.g_02400
OG0000992	Prbn.g_00927	Syac.g_02402
OG0000993	Prbn.g_00926	Syac.g_02403
OG0000994	Prbn.g_00925	Syac.g_02405
OG0000995	Prbn.g_00921	Syac.g_02410
OG0000996	Prbn.g_00920	Syac.g_02454
OG0000997	Prbn.g_00917	Syac.g_02464
OG0000998	Prbn.g_00915	Syac.g_02466
OG0000999	Prbn.g_00914	Syac.g_02467
OG0001000	Prbn.g_00911	Syac.g_02470
OG0001001	Prbn.g_00908	Syac.g_02475
OG0001002	Prbn.g_00291	Syac.g_02481
OG0001003	Prbn.g_00292	Syac.g_02483
OG0001004	Prbn.g_00293	Syac.g_02484
OG0001005	Prbn.g_00294	Syac.g_02485
OG0001006	Prbn.g_00298	Syac.g_02492
OG0001007	Prbn.g_00300	Syac.g_02494
OG0001008	Prbn.g_00676	Syac.g_00693
OG0001009	Prbn.g_00755	Syac.g_00030
OG0001010	Prbn.g_00754	Syac.g_00031
OG0001011	Prbn.g_00752	Syac.g_00032
OG0001012	Prbn.g_00738	Syac.g_02351
OG0001013	Prbn.g_00731	Syac.g_02337
OG0001014	Prbn.g_00728	Syac.g_02333
OG0001015	Prbn.g_00726	Syac.g_02332
OG0001016	Prbn.g_00704	Syac.g_00446
OG0001017	Prbn.g_01343	Syac.g_00440
OG0001018	Prbn.g_01341	Syac.g_00438
OG0001019	Prbn.g_01332	Syac.g_00422
OG0001020	Prbn.g_01331	Syac.g_00417
OG0001021	Prbn.g_01330	Syac.g_00413
OG0001022	Prbn.g_01327	Syac.g_00410
OG0001023	Prbn.g_01326	Syac.g_00409
OG0001024	Prbn.g_01322	Syac.g_00405
OG0001025	Prbn.g_01315	Syac.g_00399
OG0001026	Prbn.g_01306	Syac.g_00386
OG0001027	Prbn.g_01305	Syac.g_00380
OG0001028	Prbn.g_01303	Syac.g_00378
OG0001029	Prbn.g_01302	Syac.g_00376
OG0001030	Prbn.g_01286	Syac.g_00356
OG0001031	Prbn.g_00367	Syac.g_02266
OG0001032	Prbn.g_00366	Syac.g_02268
OG0001033	Prbn.g_00345	Syac.g_02298
OG0001034	Prbn.g_00314	Syac.g_01968
OG0001036	Prbn.g_00025	Syac.g_02221
OG0001037	Prbn.g_00026	Syac.g_02223
OG0001038	Prbn.g_00045	Syac.g_02251
OG0001039	Prbn.g_00048	Syac.g_02254
OG0001040	Prbn.g_00050	Syac.g_00292
OG0001041	Prbn.g_00055	Syac.g_00287
OG0001042	Prbn.g_00072	Syac.g_00258
OG0001043	Prbn.g_00073	Syac.g_00254
OG0001044	Prbn.g_00104	Syac.g_02021
OG0001045	Prbn.g_00113	Syac.g_02008
OG0001046	Prbn.g_01697	Syac.g_01207
OG0001047	Prbn.g_00674	Syac.g_00695
OG0001048	Prbn.g_00673	Syac.g_00696
OG0001049	Prbn.g_00671	Syac.g_00703
OG0001050	Prbn.g_00670	Syac.g_00704
OG0001051	Prbn.g_00669	Syac.g_00705
OG0001052	Prbn.g_00643	Syac.g_01704
OG0001053	Prbn.g_00631	Syac.g_01901
OG0001054	Prbn.g_00616	Syac.g_01884
OG0001055	Prbn.g_00597	Syac.g_01863
OG0001056	Prbn.g_00580	Syac.g_01831
OG0001057	Prbn.g_00575	Syac.g_01825
OG0001058	Prbn.g_00567	Syac.g_01810
OG0001059	Prbn.g_00563	Syac.g_01806
OG0001060	Prbn.g_00557	Syac.g_01799
OG0001061	Prbn.g_00542	Syac.g_01779
OG0001062	Prbn.g_00540	Syac.g_01777
OG0001063	Prbn.g_00538	Syac.g_01773
OG0001064	Prbn.g_00537	Syac.g_01772
OG0001065	Prbn.g_00536	Syac.g_01771
OG0001066	Prbn.g_00535	Syac.g_01770
OG0001067	Prbn.g_00534	Syac.g_01769
OG0001068	Prbn.g_00533	Syac.g_01768
OG0001069	Prbn.g_00532	Syac.g_01767
OG0001070	Prbn.g_00528	Syac.g_01764
OG0001071	Prbn.g_00527	Syac.g_01763
OG0001072	Prbn.g_00525	Syac.g_01758
OG0001074	Prbn.g_00499	Syac.g_00945
OG0001075	Prbn.g_00498	Syac.g_00946
OG0001076	Prbn.g_00491	Syac.g_00956
OG0001077	Prbn.g_00485	Syac.g_00967
OG0001078	Prbn.g_00427	Syac.g_00980
OG0001079	Prbn.g_00439	Syac.g_00993
OG0001080	Prbn.g_00445	Syac.g_01092
OG0001081	Prbn.g_00447	Syac.g_01432
OG0001082	Prbn.g_00448	Syac.g_01431
OG0001083	Prbn.g_00836	Syac.g_01424
OG0001084	Prbn.g_00837	Syac.g_01423
OG0001085	Prbn.g_01594	Syac.g_01412
OG0001086	Prbn.g_01593	Syac.g_01410
OG0001087	Prbn.g_01575	Syac.g_00923
OG0001088	Prbn.g_01574	Syac.g_00920
OG0001089	Prbn.g_01563	Syac.g_00896
OG0001090	Prbn.g_01553	Syac.g_01286
OG0001091	Prbn.g_00857	Syac.g_01284
OG0001092	Prbn.g_00858	Syac.g_01282
OG0001093	Prbn.g_00863	Syac.g_01276
OG0001094	Prbn.g_00856	Syac.g_01347
OG0001095	Prbn.g_01533	Syac.g_01326
OG0001096	Prbn.g_01519	Syac.g_01310
OG0001097	Prbn.g_01499	Syac.g_00834
OG0001098	Prbn.g_01480	Syac.g_01096
OG0001099	Prbn.g_01925	Syac.g_00377
OG0001100	Prbn.g_01630	Syac.g_01402
OG0001101	Prbn.g_01627	Syac.g_01401
OG0001102	Prbn.g_01624	Syac.g_01398
OG0001103	Prbn.g_01622	Syac.g_01395
OG0001104	Prbn.g_01599	Syac.g_01364
OG0001105	Prbn.g_01595	Syac.g_01360
OG0001106	Prbn.g_01427	Syac.g_01166
OG0001107	Prbn.g_01420	Syac.g_01180
OG0001108	Prbn.g_01416	Syac.g_01188
OG0001109	Prbn.g_01415	Syac.g_01190
OG0001110	Prbn.g_01413	Syac.g_01192
OG0001111	Prbn.g_01412	Syac.g_01194
OG0001112	Prbn.g_01411	Syac.g_01196
OG0001113	Prbn.g_01410	Syac.g_01197
OG0001114	Prbn.g_01409	Syac.g_01198
OG0001115	Prbn.g_01407	Syac.g_01202
OG0001116	Prbn.g_01406	Syac.g_01204
OG0001117	Prbn.g_01405	Syac.g_01205
OG0001118	Prbn.g_01404	Syac.g_01206
OG0001119	Prbn.g_01403	Syac.g_01208
OG0001120	Prbn.g_01401	Syac.g_01213
OG0001122	Prbn.g_01381	Syac.g_01238
OG0001123	Prbn.g_01375	Syac.g_01245
OG0001124	Prbn.g_01373	Syac.g_01247
OG0001125	Prbn.g_01371	Syac.g_01249
OG0001126	Prbn.g_01460	Syac.g_00870
OG0001127	Prbn.g_01461	Syac.g_00871
OG0001128	Prbn.g_01463	Syac.g_00875
OG0001129	Prbn.g_01464	Syac.g_00877
OG0001130	Prbn.g_01465	Syac.g_00878
OG0001131	Prbn.g_00692	Syac.g_01382
OG0001132	Prbn.g_01039	Syac.g_01062
OG0001133	Prbn.g_01239	Syac.g_00958
OG0001134	Prbn.g_01650	Syac.g_01466
OG0001136	Prbn.g_01186	Syac.g_00767
OG0001137	Prbn.g_01198	Syac.g_00786
OG0001138	Prbn.g_00392	Syac.g_01486
OG0001139	Prbn.g_00394	Syac.g_01488
OG0001140	Prbn.g_00395	Syac.g_01489
OG0001141	Prbn.g_00396	Syac.g_01490
OG0001142	Prbn.g_00397	Syac.g_01491
OG0001143	Prbn.g_00404	Syac.g_01499
OG0001144	Prbn.g_00409	Syac.g_01508
OG0001145	Prbn.g_01092	Syac.g_00740
OG0001146	Prbn.g_01080	Syac.g_00722
OG0001147	Prbn.g_01060	Syac.g_01689
OG0001148	Prbn.g_01242	Syac.g_01918
OG0001149	Prbn.g_00153	Syac.g_01919
OG0001150	Prbn.g_00154	Syac.g_01920
OG0001151	Prbn.g_00165	Syac.g_01932
OG0001152	Prbn.g_00166	Syac.g_01933
OG0001153	Prbn.g_00244	Syac.g_01670
OG0001154	Prbn.g_00245	Syac.g_01671
OG0001155	Prbn.g_00262	Syac.g_00621
OG0001156	Prbn.g_00265	Syac.g_00618
OG0001157	Prbn.g_00266	Syac.g_00617
OG0001158	Prbn.g_00267	Syac.g_00616
OG0001159	Prbn.g_00268	Syac.g_00615
OG0001160	Prbn.g_00900	Syac.g_00570
OG0001161	Prbn.g_01688	Syac.g_02385
OG0001162	Prbn.g_00134	Syac.g_01307
OG0001163	Prbn.g_01736	Syac.g_00562
OG0001164	Prbn.g_01740	Syac.g_00556
OG0001165	Prbn.g_01743	Syac.g_00551
OG0001166	Prbn.g_01764	Syac.g_00520
OG0001167	Prbn.g_01782	Syac.g_00667
OG0001168	Prbn.g_01784	Syac.g_00665
OG0001169	Prbn.g_01786	Syac.g_00663
OG0001170	Prbn.g_01788	Syac.g_00661
OG0001171	Prbn.g_01798	Syac.g_00650
OG0001172	Prbn.g_01814	Syac.g_02187
OG0001173	Prbn.g_01815	Syac.g_02186
OG0001174	Prbn.g_01823	Syac.g_02178
OG0001175	Prbn.g_01824	Syac.g_02177
OG0001176	Prbn.g_01832	Syac.g_02141
OG0001177	Prbn.g_01834	Syac.g_02143
OG0001178	Prbn.g_01750	Syac.g_00539
OG0001179	Prbn.g_01864	Syac.g_02112
OG0001180	Prbn.g_01887	Syac.g_02087
OG0001181	Prbn.g_01891	Syac.g_02083
OG0001182	Prbn.g_01899	Syac.g_02074
OG0001183	Prbn.g_01904	Syac.g_02070
OG0001184	Prbn.g_01017	Syac.g_00186
OG0001185	Prbn.g_01001	Syac.g_00162
OG0001186	Prbn.g_00977	Syac.g_00082
OG0001187	Prbn.g_00974	Syac.g_00085
OG0001188	Prbn.g_00972	Syac.g_00076
OG0001189	Prbn.g_00956	Syac.g_00054
OG0001190	Prbn.g_00951	Syac.g_02353
OG0001191	Prbn.g_00941	Syac.g_02368
OG0001192	Prbn.g_00936	Syac.g_02374
OG0001193	Prbn.g_00924	Syac.g_02406
OG0001194	Prbn.g_00923	Syac.g_02408
OG0001195	Prbn.g_00922	Syac.g_02409
OG0001196	Prbn.g_00906	Syac.g_02477
OG0001198	Prbn.g_00297	Syac.g_02491
OG0001199	Prbn.g_00703	Syac.g_00445
OG0001201	Prbn.g_01311	Syac.g_00395
OG0001202	Prbn.g_00354	Syac.g_02285
OG0001203	Prbn.g_00312	Syac.g_01967
OG0001204	Prbn.g_00306	Syac.g_02200
OG0001205	Prbn.g_00668	Syac.g_00706
OG0001206	Prbn.g_00648	Syac.g_01715
OG0001207	Prbn.g_00637	Syac.g_01915
OG0001208	Prbn.g_00632	Syac.g_01902
OG0001209	Prbn.g_00581	Syac.g_01833
OG0001210	Prbn.g_00576	Syac.g_01826
OG0001211	Prbn.g_00566	Syac.g_01809
OG0001212	Prbn.g_00519	Syac.g_01751
OG0001213	Prbn.g_00484	Syac.g_00968
OG0001214	Prbn.g_00428	Syac.g_00981
OG0001215	Prbn.g_01573	Syac.g_00919
OG0001216	Prbn.g_01552	Syac.g_01285
OG0001217	Prbn.g_01023	Syac.g_01043
OG0001218	Prbn.g_01126	Syac.g_01679
OG0001220	Prbn.g_01490	Syac.g_00813
OG0001221	Prbn.g_01610	Syac.g_01379
OG0001223	Prbn.g_01400	Syac.g_01215
OG0001224	Prbn.g_01467	Syac.g_00880
OG0001225	Prbn.g_01469	Syac.g_00882
OG0001226	Prbn.g_00476	Syac.g_01026
OG0001227	Prbn.g_01141	Syac.g_02387
OG0001228	Prbn.g_00412	Syac.g_00700
OG0001229	Prbn.g_01127	Syac.g_00906
OG0001230	Prbn.g_00205	Syac.g_01621
OG0001231	Prbn.g_00691	Syac.g_00017
OG0001233	Prbn.g_01789	Syac.g_00660
OG0001234	Prbn.g_01826	Syac.g_02173
OG0001235	Prbn.g_01830	Syac.g_02147
OG0001236	Prbn.g_01919	Syac.g_00189
OG0001237	Prbn.g_01016	Syac.g_00184
OG0001238	Prbn.g_00940	Syac.g_02369
OG0001240	Prbn.g_01328	Syac.g_00411
OG0001241	Prbn.g_01318	Syac.g_00402
OG0001242	Prbn.g_01298	Syac.g_00370
OG0001243	Prbn.g_01291	Syac.g_00363
OG0001244	Prbn.g_01276	Syac.g_00333
OG0001245	Prbn.g_01150	Syac.g_01064
OG0001247	Prbn.g_01580	Syac.g_01303
OG0001248	Prbn.g_01578	Syac.g_01306
OG0001249	Prbn.g_00102	Syac.g_02029
OG0001250	Prbn.g_01503	Syac.g_00838
OG0001251	Prbn.g_01929	Syac.g_02415
OG0001252	Prbn.g_01462	Syac.g_00874
OG0001253	Prbn.g_00473	Syac.g_01063
OG0001254	Prbn.g_01652	Syac.g_01465
OG0001255	Prbn.g_01171	Syac.g_01957
OG0001256	Prbn.g_00893	Syac.g_00563
OG0001258	Prbn.g_01741	Syac.g_00553
OG0001259	Prbn.g_01787	Syac.g_00662
OG0001260	Prbn.g_01804	Syac.g_00640
OG0001263	Prbn.g_01289	Syac.g_00360
OG0001265	Prbn.g_01299	Syac.g_00372
OG0001266	Prbn.g_00350	Syac.g_02289
OG0001267	Prbn.g_00047	Syac.g_02253
OG0001268	Prbn.g_00110	Syac.g_02014
OG0001269	Prbn.g_01491	Syac.g_01960
OG0001270	Prbn.g_00679	Syac.g_00690
OG0001271	Prbn.g_00642	Syac.g_01703
OG0001272	Prbn.g_00628	Syac.g_01898
OG0001273	Prbn.g_00422	Syac.g_00974
OG0001274	Prbn.g_00326	Syac.g_02323
OG0001275	Prbn.g_01390	Syac.g_01228
OG0001276	Prbn.g_01376	Syac.g_01244
OG0001277	Prbn.g_00918	Syac.g_02463
OG0001278	Prbn.g_00416	Syac.g_01517
OG0001279	Prbn.g_00810	Syac.g_01605
OG0001280	Prbn.g_01085	Syac.g_00731
OG0001281	Prbn.g_01079	Syac.g_00721
OG0001282	Prbn.g_01241	Syac.g_01917
OG0001283	Prbn.g_00909	Syac.g_02472
OG0001284	Prbn.g_00287	Syac.g_00586
OG0001285	Prbn.g_01772	Syac.g_01060
OG0001286	Prbn.g_01885	Syac.g_02089
OG0001287	Prbn.g_00994	Syac.g_00154
OG0001288	Prbn.g_00984	Syac.g_00141
OG0001289	Prbn.g_01334	Syac.g_00426
OG0001291	Prbn.g_01281	Syac.g_00349
OG0001292	Prbn.g_00014	Syac.g_02205
OG0001293	Prbn.g_00027	Syac.g_02226
OG0001295	Prbn.g_00146	Syac.g_01824
OG0001296	Prbn.g_00605	Syac.g_01870
OG0001297	Prbn.g_00600	Syac.g_01866
OG0001298	Prbn.g_00539	Syac.g_01774
OG0001299	Prbn.g_00842	Syac.g_01417
OG0001300	Prbn.g_01569	Syac.g_00910
OG0001301	Prbn.g_01564	Syac.g_00897
OG0001302	Prbn.g_01451	Syac.g_01012
OG0001303	Prbn.g_01707	Syac.g_01137
OG0001304	Prbn.g_01363	Syac.g_01257
OG0001305	Prbn.g_01475	Syac.g_00890
OG0001306	Prbn.g_01174	Syac.g_00749
OG0001307	Prbn.g_01215	Syac.g_02156
OG0001309	Prbn.g_00865	Syac.g_01860
OG0001310	Prbn.g_01758	Syac.g_00528
OG0001311	Prbn.g_01374	Syac.g_01246
OG0001312	Prbn.g_01438	Syac.g_01147
OG0001314	Prbn.g_00777	Syac.g_00809, Syac.g_00460
OG0001315	Prbn.g_01136	Syac.g_02072
OG0001316	Prbn.g_01277	Syac.g_00342
OG0001317	Prbn.g_00316	Syac.g_01971
OG0001318	Prbn.g_00023	Syac.g_02218
OG0001319	Prbn.g_00040	Syac.g_02242
OG0001321	Prbn.g_00662	Syac.g_00712
OG0001322	Prbn.g_00661	Syac.g_00713
OG0001323	Prbn.g_00595	Syac.g_01857
OG0001324	Prbn.g_01568	Syac.g_00909
OG0001325	Prbn.g_00859	Syac.g_01281
OG0001328	Prbn.g_01103	Syac.g_01385
OG0001329	Prbn.g_01704	Syac.g_01007
OG0001330	Prbn.g_00876	Syac.g_00738
OG0001332	Prbn.g_00258	Syac.g_00625
OG0001333	Prbn.g_01783	Syac.g_00666
OG0001334	Prbn.g_01907	Syac.g_02061
OG0001335	Prbn.g_01908	Syac.g_02060
OG0001337	Prbn.g_00097	Syac.g_02064, Syac.g_02040
OG0001338	Prbn.g_00100	Syac.g_02048, Syac.g_02022, Syac.g_00474, Syac.g_02037
OG0001339	Prbn.g_01316	Syac.g_00400
OG0001340	Prbn.g_00098	Syac.g_02039
OG0001341	Prbn.g_01134	Syac.g_00904
OG0001343	Prbn.g_01932	Syac.g_02413
OG0001344	Prbn.g_01193	Syac.g_00774
OG0001345	Prbn.g_01209	Syac.g_00803
OG0001346	Prbn.g_01083	Syac.g_00728
OG0001348	Prbn.g_00148	Syac.g_00857
OG0001349	Prbn.g_00174	Syac.g_00504
OG0001352	Prbn.g_01584	Syac.g_01842
OG0001353	Prbn.g_01513	Syac.g_00850
OG0001354	Prbn.g_01408	Syac.g_01201
OG0001355	Prbn.g_01354	Syac.g_01823
OG0001359	Prbn.g_01931	Syac.g_02412
OG0001362	Prbn.g_00226	Syac.g_01649
OG0001363	Prbn.g_00228	Syac.g_01651
OG0001364	Prbn.g_01910	Syac.g_00204
OG0001370	Prbn.g_00651	Syac.g_02438, Syac.g_01294
OG0001372	Prbn.g_00475	Syac.g_01845
OG0001375	Prbn.g_01933	Syac.g_02414
OG0001379	Prbn.g_01090	Syac.g_00736
OG0001380	Prbn.g_01124	Syac.g_01589
OG0001381	Prbn.g_01164	Syac.g_02162
OG0001382	Prbn.g_01121	Syac.g_00148
OG0001394	Prbn.g_01606	Syac.g_01373
OG0001398	Prbn.g_01637	Syac.g_01120
OG0001401	Prbn.g_01508	Syac.g_00844, Syac.g_00845
OG0001402	Prbn.g_00490	Syac.g_00957
OG0001403	Prbn.g_00751	Syac.g_00033
OG0001404	Prbn.g_00709	Syac.g_00451
OG0001407	Prbn.g_01117	Syac.g_01841
OG0001410	Prbn.g_01214	Syac.g_02155
OG0001411	Prbn.g_00716	Syac.g_00180
OG0001414	Prbn.g_00321	Syac.g_02161
OG0001419	Prbn.g_01118	Syac.g_01840
OG0001423	Prbn.g_00787	Syac.g_00457
OG0001425	Prbn.g_00937	Syac.g_02373
OG0001428	Prbn.g_00382	Syac.g_00301
OG0001430	Prbn.g_01125	Syac.g_02345
OG0001434	Prbn.g_01601	Syac.g_01368
OG0001435	Prbn.g_01625	Syac.g_01399
OG0001443	Prbn.g_01128	Syac.g_02382
OG0001446	Prbn.g_01034	Syac.g_01293
OG0001448	Prbn.g_00658	Syac.g_01094
OG0001461	Prbn.g_00725	Syac.g_02168
OG0001465	Prbn.g_01557	Syac.g_01299
OG0001468	Prbn.g_01941	Syac.g_01014
OG0001476	Prbn.g_01196	Syac.g_00782
OG0001477	Prbn.g_00833	Syac.g_00900
OG0001481	Prbn.g_01104	Syac.g_01260
OG0001487	Prbn.g_00252	Syac.g_01678
OG0001488	Prbn.g_01202	Syac.g_00791
OG0001489	Prbn.g_01896	Syac.g_02078
OG0001496	Prbn.g_00831	Syac.g_00902
OG0001497	Prbn.g_00832	Syac.g_00901
OG0001498	Prbn.g_00695	Syac.g_01987
OG0001505	Prbn.g_01056	Syac.g_00105
OG0001510	Prbn.g_00990	Syac.g_00150
OG0001511	Prbn.g_01307	Syac.g_00387
OG0001512	Prbn.g_01132	Syac.g_01966
OG0001514	Prbn.g_00830	Syac.g_00903
OG0001515	Prbn.g_01571	Syac.g_00914
OG0001516	Prbn.g_00839	Syac.g_01420
OG0001517	Prbn.g_00106	Syac.g_02019
OG0001518	Prbn.g_00938	Syac.g_02371
OG0001519	Prbn.g_00933	Syac.g_02384
OG0001522	Prbn.g_01512	Syac.g_00849
OG0001527	Prbn.g_00553	Syac.g_01794
OG0001529	Prbn.g_00741	Syac.g_00047
OG0001530	Prbn.g_01308	Syac.g_00389
OG0001531	Prbn.g_00311	Syac.g_01965
OG0001532	Prbn.g_00393	Syac.g_01487
OG0001534	Prbn.g_01362	Syac.g_01258
OG0001535	Prbn.g_01378	Syac.g_01242
OG0001536	Prbn.g_01422	Syac.g_01177
OG0001537	Prbn.g_01609	Syac.g_01378
OG0001538	Prbn.g_01541	Syac.g_01336
OG0001539	Prbn.g_01631	Syac.g_01403
OG0001540	Prbn.g_01287	Syac.g_00358
OG0001541	Prbn.g_00374	Syac.g_02256
OG0001542	Prbn.g_00368	Syac.g_02265
OG0001543	Prbn.g_01098	Syac.g_02307
OG0001544	Prbn.g_00934	Syac.g_02383
OG0001545	Prbn.g_00919	Syac.g_02462
OG0001557	Prbn.g_01605	Syac.g_01372
OG0001559	Prbn.g_01309	Syac.g_00390
OG0001560	Prbn.g_01320	Syac.g_00403
OG0001561	Prbn.g_01372	Syac.g_01248
OG0001562	Prbn.g_01385	Syac.g_01234
OG0001563	Prbn.g_01880	Syac.g_02095
OG0001564	Prbn.g_00722	Syac.g_02430
OG0001572	Prbn.g_00811	Syac.g_01584
OG0001574	Prbn.g_00555	Syac.g_01796
OG0001575	Prbn.g_00550	Syac.g_01791
OG0001576	Prbn.g_01070	Syac.g_01729
OG0001577	Prbn.g_01184	Syac.g_00765
OG0001579	Prbn.g_00095	Syac.g_02054, Syac.g_02049
OG0001580	Prbn.g_00734	Syac.g_02341
OG0001588	Prbn.g_00688	Syac.g_00200
OG0001589	Prbn.g_01791	Syac.g_00657
OG0001591	Prbn.g_01592	Syac.g_01409
OG0001592	Prbn.g_00735	Syac.g_02342
OG0001614	Prbn.g_01002	Syac.g_00164
OG0001616	Prbn.g_00385	Syac.g_01472
OG0001617	Prbn.g_01567	Syac.g_00907
OG0001619	Prbn.g_01429	Syac.g_01164
OG0001620	Prbn.g_00114	Syac.g_02007
OG0001621	Prbn.g_00019	Syac.g_02215
OG0001622	Prbn.g_00910	Syac.g_02471
OG0001636	Prbn.g_00747	Syac.g_00038
OG0001639	Prbn.g_00261	Syac.g_00622
OG0001640	Prbn.g_01459	Syac.g_00868
OG0001641	Prbn.g_01397	Syac.g_01219
OG0001643	Prbn.g_00431	Syac.g_00984
OG0001644	Prbn.g_01951	Syac.g_01266
OG0001654	Prbn.g_00259	Syac.g_00624
OG0001656	Prbn.g_00094	Syac.g_02050
OG0001657	Prbn.g_01258	Syac.g_00319
OG0001658	Prbn.g_00739	Syac.g_02352
OG0001659	Prbn.g_00143	Syac.g_01478
OG0001676	Prbn.g_00096	Syac.g_02051
OG0001678	Prbn.g_01813	Syac.g_02188
OG0001679	Prbn.g_00101	Syac.g_01788
OG0001691	Prbn.g_01457	Syac.g_00950
OG0001693	Prbn.g_01689	Syac.g_00885
OG0001717	Prbn.g_00826	Syac.g_00306
OG0001747	Prbn.g_00687	Syac.g_00337
OG0001758	Prbn.g_01723	Syac.g_01440
OG0001769	Prbn.g_01137	Syac.g_00998
OG0001770	Prbn.g_01660	Syac.g_01454
OG0001771	Prbn.g_01672	Syac.g_00851
OG0001795	Prbn.g_01712, Prbn.g_01943	Syac.g_01443
OG0001807	Prbn.g_00723	Syac.g_00208
OG0001842	Prbn.g_01037	Syac.g_00630
OG0001875	Prbn.g_01722	Syac.g_01439
OG0001876	Prbn.g_01721	Syac.g_01438
OG0001916	Prbn.g_00618	Syac.g_01887
OG0001917	Prbn.g_01377	Syac.g_01243
OG0001923	Prbn.g_00187	Syac.g_00128
OG0001930	Prbn.g_01036	Syac.g_00629
OG0001931	Prbn.g_01035	Syac.g_00628
OG0001965	Prbn.g_01679	Syac.g_01011
OG0002106	Prbn.g_01112	Syac.g_02391
OG0002340	Prbn.g_00344	Syac.g_02299
