Orthogroup	Prai	Syaf
OG0000001	Prai.g_01235, Prai.g_01356	Syaf.g_01640, Syaf.g_00846, Syaf.g_00845, Syaf.g_01634
OG0000004	Prai.g_00724	Syaf.g_01455
OG0000004	Prai.g_00243	Syaf.g_02351, Syaf.g_02794
OG0000005	Prai.g_01651	Syaf.g_01017
OG0000005	Prai.g_01538	Syaf.g_01057
OG0000006	Prai.g_00252, Prai.g_00254	Syaf.g_02288, Syaf.g_00179, Syaf.g_02778
OG0000007	Prai.g_00527	Syaf.g_02702
OG0000007	Prai.g_01638	Syaf.g_01033
OG0000008	Prai.g_00701	Syaf.g_01479, Syaf.g_01480
OG0000009	Prai.g_00105	Syaf.g_00905
OG0000010	Prai.g_01292, Prai.g_01067	Syaf.g_02499
OG0000012	Prai.g_00652	Syaf.g_01353, Syaf.g_01833, Syaf.g_01462, Syaf.g_01693
OG0000013	Prai.g_00340	Syaf.g_00056, Syaf.g_00044, Syaf.g_00061
OG0000014	Prai.g_00319	Syaf.g_00280
OG0000015	Prai.g_01243	Syaf.g_02120, Syaf.g_02121
OG0000016	Prai.g_00013	Syaf.g_00484
OG0000016	Prai.g_01573	Syaf.g_01713
OG0000017	Prai.g_00626	Syaf.g_02561, Syaf.g_02554
OG0000018	Prai.g_01153	Syaf.g_02451
OG0000019	Prai.g_00262, Prai.g_00867	Syaf.g_00193
OG0000020	Prai.g_01125, Prai.g_01248, Prai.g_00400	Syaf.g_02187
OG0000021	Prai.g_00378	Syaf.g_01726, Syaf.g_02773
OG0000022	Prai.g_01139	Syaf.g_02256
OG0000023	Prai.g_00373	Syaf.g_01765, Syaf.g_01987, Syaf.g_01731, Syaf.g_01995
OG0000024	Prai.g_00899, Prai.g_00704	Syaf.g_01484
OG0000025	Prai.g_00344, Prai.g_00812	Syaf.g_01385
OG0000026	Prai.g_00031, Prai.g_01074	Syaf.g_00461
OG0000027	Prai.g_00904	Syaf.g_02284, Syaf.g_01688
OG0000028	Prai.g_01297, Prai.g_00333	Syaf.g_00297
OG0000029	Prai.g_00890	Syaf.g_01761
OG0000030	Prai.g_01848	Syaf.g_00406, Syaf.g_00407
OG0000031	Prai.g_01444	Syaf.g_01143
OG0000034	Prai.g_01345	Syaf.g_01241, Syaf.g_00837
OG0000035	Prai.g_01463	Syaf.g_02412
OG0000037	Prai.g_00109	Syaf.g_00899
OG0000038	Prai.g_01890	Syaf.g_00642
OG0000039	Prai.g_00715	Syaf.g_01395
OG0000041	Prai.g_01684	Syaf.g_01171, Syaf.g_01414
OG0000042	Prai.g_01845	Syaf.g_00403
OG0000045	Prai.g_00384	Syaf.g_00979
OG0000047	Prai.g_00343, Prai.g_00424	Syaf.g_00030
OG0000048	Prai.g_00387	Syaf.g_00230
OG0000050	Prai.g_01233	Syaf.g_01770
OG0000053	Prai.g_01483	Syaf.g_02447
OG0000054	Prai.g_00634	Syaf.g_02376
OG0000055	Prai.g_00866	Syaf.g_01402
OG0000057	Prai.g_00727	Syaf.g_01665, Syaf.g_01452
OG0000059	Prai.g_01725	Syaf.g_00143
OG0000061	Prai.g_01171	Syaf.g_01288
OG0000062	Prai.g_01540	Syaf.g_01055
OG0000063	Prai.g_00033, Prai.g_01261	Syaf.g_00457
OG0000065	Prai.g_00107	Syaf.g_00903
OG0000066	Prai.g_00567	Syaf.g_02643
OG0000067	Prai.g_00848	Syaf.g_02049
OG0000068	Prai.g_01370	Syaf.g_02733
OG0000070	Prai.g_00481	Syaf.g_01237
OG0000071	Prai.g_01335	Syaf.g_01254
OG0000072	Prai.g_00182	Syaf.g_00805
OG0000073	Prai.g_00529	Syaf.g_02700
OG0000075	Prai.g_01814	Syaf.g_00353
OG0000076	Prai.g_01838	Syaf.g_00388
OG0000077	Prai.g_00078	Syaf.g_00951
OG0000078	Prai.g_00250	Syaf.g_02782
OG0000079	Prai.g_00265	Syaf.g_00197
OG0000081	Prai.g_00559	Syaf.g_02776
OG0000082	Prai.g_00613	Syaf.g_02576
OG0000084	Prai.g_01459	Syaf.g_02409
OG0000085	Prai.g_01631	Syaf.g_01048
OG0000086	Prai.g_00088	Syaf.g_00932
OG0000087	Prai.g_00139	Syaf.g_00848
OG0000088	Prai.g_00177	Syaf.g_00811
OG0000089	Prai.g_00368	Syaf.g_02807
OG0000090	Prai.g_00561	Syaf.g_02654
OG0000091	Prai.g_00671	Syaf.g_02302
OG0000093	Prai.g_01021	Syaf.g_02065
OG0000094	Prai.g_00937	Syaf.g_01940
OG0000095	Prai.g_00918	Syaf.g_01442
OG0000097	Prai.g_01214	Syaf.g_01574
OG0000098	Prai.g_01353	Syaf.g_01637
OG0000099	Prai.g_01393	Syaf.g_00312
OG0000100	Prai.g_01536	Syaf.g_02017
OG0000101	Prai.g_01782	Syaf.g_00093
OG0000102	Prai.g_01843	Syaf.g_00393
OG0000103	Prai.g_01923	Syaf.g_00520
OG0000104	Prai.g_01932	Syaf.g_00502
OG0000105	Prai.g_00286, Prai.g_00287	Syaf.g_00235
OG0000106	Prai.g_00383	Syaf.g_01745
OG0000107	Prai.g_00397	Syaf.g_00177, Syaf.g_00758
OG0000108	Prai.g_00510	Syaf.g_02721
OG0000109	Prai.g_00524	Syaf.g_02706
OG0000110	Prai.g_00603	Syaf.g_02589
OG0000111	Prai.g_00728	Syaf.g_01451
OG0000112	Prai.g_00882	Syaf.g_01852
OG0000113	Prai.g_00825	Syaf.g_02022
OG0000114	Prai.g_01046	Syaf.g_02103
OG0000115	Prai.g_01119	Syaf.g_02445
OG0000116	Prai.g_01162	Syaf.g_01276
OG0000117	Prai.g_01273	Syaf.g_01605
OG0000118	Prai.g_01347	Syaf.g_02544
OG0000120	Prai.g_01443	Syaf.g_00313
OG0000121	Prai.g_01465	Syaf.g_02419
OG0000123	Prai.g_01789	Syaf.g_00086
OG0000124	Prai.g_01854	Syaf.g_00414
OG0000125	Prai.g_01892	Syaf.g_00640
OG0000126	Prai.g_01931	Syaf.g_00504
OG0000128	Prai.g_00011	Syaf.g_00486
OG0000129	Prai.g_00051	Syaf.g_00651
OG0000130	Prai.g_00069	Syaf.g_00963
OG0000131	Prai.g_00156	Syaf.g_00833
OG0000132	Prai.g_00175	Syaf.g_00813
OG0000133	Prai.g_00335	Syaf.g_01857
OG0000134	Prai.g_00369	Syaf.g_02804
OG0000135	Prai.g_00393	Syaf.g_00605
OG0000136	Prai.g_00472	Syaf.g_01224
OG0000137	Prai.g_00505	Syaf.g_02498
OG0000138	Prai.g_00525	Syaf.g_02705
OG0000139	Prai.g_00565	Syaf.g_02648
OG0000140	Prai.g_00566	Syaf.g_02646
OG0000141	Prai.g_00635	Syaf.g_02375
OG0000142	Prai.g_00664	Syaf.g_02310
OG0000143	Prai.g_00668	Syaf.g_02306
OG0000144	Prai.g_00681	Syaf.g_01735
OG0000145	Prai.g_00883	Syaf.g_02699
OG0000146	Prai.g_00881	Syaf.g_01851
OG0000147	Prai.g_00880	Syaf.g_01850
OG0000148	Prai.g_00831	Syaf.g_02028
OG0000149	Prai.g_00800	Syaf.g_01371
OG0000150	Prai.g_00792	Syaf.g_02645
OG0000151	Prai.g_01036	Syaf.g_02091
OG0000152	Prai.g_00989	Syaf.g_01861
OG0000153	Prai.g_00970	Syaf.g_01904
OG0000154	Prai.g_00943	Syaf.g_01930
OG0000155	Prai.g_01191	Syaf.g_01324
OG0000156	Prai.g_01323	Syaf.g_01270
OG0000157	Prai.g_01324	Syaf.g_01269
OG0000158	Prai.g_01392	Syaf.g_00364
OG0000160	Prai.g_01464	Syaf.g_02418
OG0000161	Prai.g_01470	Syaf.g_02424
OG0000162	Prai.g_01476	Syaf.g_02431
OG0000163	Prai.g_01509	Syaf.g_01105
OG0000164	Prai.g_01662	Syaf.g_00999
OG0000165	Prai.g_01669	Syaf.g_01197
OG0000166	Prai.g_01740	Syaf.g_00133
OG0000167	Prai.g_01812	Syaf.g_00350
OG0000168	Prai.g_01822	Syaf.g_00365
OG0000169	Prai.g_01832	Syaf.g_00376
OG0000170	Prai.g_01834	Syaf.g_00383
OG0000171	Prai.g_01853	Syaf.g_00413
OG0000172	Prai.g_01863	Syaf.g_00419
OG0000173	Prai.g_01878	Syaf.g_00438
OG0000174	Prai.g_01905	Syaf.g_00603
OG0000175	Prai.g_01915	Syaf.g_00531
OG0000176	Prai.g_00004	Syaf.g_00494
OG0000177	Prai.g_00005	Syaf.g_00493
OG0000178	Prai.g_00006	Syaf.g_00492
OG0000179	Prai.g_00016	Syaf.g_00477
OG0000180	Prai.g_00017	Syaf.g_00476
OG0000181	Prai.g_00018	Syaf.g_00475
OG0000182	Prai.g_00019	Syaf.g_00474
OG0000183	Prai.g_00023	Syaf.g_00470
OG0000184	Prai.g_00053	Syaf.g_00664
OG0000185	Prai.g_00056	Syaf.g_00684
OG0000186	Prai.g_00064	Syaf.g_00968
OG0000187	Prai.g_00065	Syaf.g_00966
OG0000188	Prai.g_00082	Syaf.g_00944
OG0000189	Prai.g_00096	Syaf.g_00916
OG0000190	Prai.g_00097	Syaf.g_00914
OG0000191	Prai.g_00117	Syaf.g_00877
OG0000192	Prai.g_00121	Syaf.g_00871
OG0000193	Prai.g_00157	Syaf.g_00832
OG0000194	Prai.g_00160	Syaf.g_00829
OG0000195	Prai.g_00162	Syaf.g_00827
OG0000196	Prai.g_00172	Syaf.g_00816
OG0000197	Prai.g_00173	Syaf.g_00815
OG0000198	Prai.g_00174	Syaf.g_00814
OG0000199	Prai.g_00181	Syaf.g_00806
OG0000200	Prai.g_00195	Syaf.g_00789
OG0000201	Prai.g_00203	Syaf.g_00771
OG0000202	Prai.g_00204	Syaf.g_00770
OG0000203	Prai.g_00205	Syaf.g_00769
OG0000204	Prai.g_00206	Syaf.g_00768
OG0000205	Prai.g_00213	Syaf.g_00761
OG0000206	Prai.g_00218	Syaf.g_00736
OG0000207	Prai.g_00220	Syaf.g_00735
OG0000208	Prai.g_00221	Syaf.g_00734
OG0000209	Prai.g_00230	Syaf.g_00714
OG0000210	Prai.g_00231	Syaf.g_00713
OG0000211	Prai.g_00244	Syaf.g_02791
OG0000212	Prai.g_00251	Syaf.g_02781
OG0000213	Prai.g_00270	Syaf.g_00210
OG0000214	Prai.g_00280	Syaf.g_00226
OG0000215	Prai.g_00305	Syaf.g_00258
OG0000216	Prai.g_00307	Syaf.g_00262
OG0000217	Prai.g_00310	Syaf.g_00266
OG0000218	Prai.g_00312	Syaf.g_00268
OG0000219	Prai.g_00313	Syaf.g_00269
OG0000220	Prai.g_00314	Syaf.g_00270
OG0000221	Prai.g_00315	Syaf.g_02597, Syaf.g_00273
OG0000222	Prai.g_00323	Syaf.g_00287
OG0000223	Prai.g_00336	Syaf.g_00317
OG0000224	Prai.g_00338	Syaf.g_00324
OG0000225	Prai.g_00358	Syaf.g_00007
OG0000226	Prai.g_00362	Syaf.g_00003
OG0000227	Prai.g_00364	Syaf.g_00001
OG0000228	Prai.g_00367	Syaf.g_02808
OG0000229	Prai.g_00467	Syaf.g_01214
OG0000230	Prai.g_00469	Syaf.g_01216
OG0000231	Prai.g_00480	Syaf.g_01236
OG0000232	Prai.g_00489	Syaf.g_02536
OG0000233	Prai.g_00494	Syaf.g_02528
OG0000234	Prai.g_00506	Syaf.g_02497
OG0000235	Prai.g_00509	Syaf.g_02722
OG0000236	Prai.g_00523	Syaf.g_02707
OG0000237	Prai.g_00536	Syaf.g_02690
OG0000238	Prai.g_00542	Syaf.g_02685
OG0000239	Prai.g_00553	Syaf.g_02669
OG0000240	Prai.g_00554	Syaf.g_02668
OG0000241	Prai.g_00558	Syaf.g_02322
OG0000242	Prai.g_00560	Syaf.g_02656
OG0000243	Prai.g_00571	Syaf.g_02634
OG0000244	Prai.g_00574	Syaf.g_02627
OG0000245	Prai.g_00576	Syaf.g_02625
OG0000246	Prai.g_00580	Syaf.g_02621
OG0000247	Prai.g_00590	Syaf.g_02610
OG0000248	Prai.g_00593	Syaf.g_02607
OG0000249	Prai.g_00595	Syaf.g_02605
OG0000250	Prai.g_00600	Syaf.g_02593
OG0000251	Prai.g_00619	Syaf.g_02568
OG0000252	Prai.g_00622	Syaf.g_02565
OG0000253	Prai.g_00623	Syaf.g_02564
OG0000254	Prai.g_00639	Syaf.g_02371
OG0000255	Prai.g_00645	Syaf.g_02352
OG0000256	Prai.g_00656	Syaf.g_02329
OG0000257	Prai.g_00659	Syaf.g_02323
OG0000258	Prai.g_00672	Syaf.g_02301
OG0000259	Prai.g_00689	Syaf.g_02137
OG0000260	Prai.g_00692	Syaf.g_02134
OG0000261	Prai.g_00694	Syaf.g_02131
OG0000262	Prai.g_00698	Syaf.g_02126
OG0000263	Prai.g_00710	Syaf.g_01585
OG0000264	Prai.g_00720	Syaf.g_01473
OG0000265	Prai.g_00748	Syaf.g_01196
OG0000266	Prai.g_00758	Syaf.g_01967
OG0000267	Prai.g_00769	Syaf.g_01787
OG0000268	Prai.g_00770	Syaf.g_00307, Syaf.g_01788
OG0000269	Prai.g_00853	Syaf.g_02054
OG0000270	Prai.g_00850	Syaf.g_02051
OG0000271	Prai.g_00842	Syaf.g_02043
OG0000272	Prai.g_00840, Prai.g_00841	Syaf.g_02042
OG0000273	Prai.g_00817	Syaf.g_01392
OG0000274	Prai.g_00816	Syaf.g_01391
OG0000275	Prai.g_00741, Prai.g_00813	Syaf.g_01386
OG0000276	Prai.g_00808	Syaf.g_01379
OG0000277	Prai.g_00807	Syaf.g_01378
OG0000278	Prai.g_00804	Syaf.g_01375
OG0000279	Prai.g_00797	Syaf.g_01367
OG0000280	Prai.g_00796	Syaf.g_01337
OG0000281	Prai.g_00791	Syaf.g_01636
OG0000282	Prai.g_01044	Syaf.g_02101
OG0000283	Prai.g_01012	Syaf.g_01804
OG0000284	Prai.g_01007	Syaf.g_01810
OG0000285	Prai.g_01002	Syaf.g_01842
OG0000286	Prai.g_00990	Syaf.g_01860
OG0000287	Prai.g_00973	Syaf.g_01896
OG0000288	Prai.g_00944	Syaf.g_01929
OG0000289	Prai.g_00934	Syaf.g_01943
OG0000290	Prai.g_00921	Syaf.g_01439
OG0000291	Prai.g_00919	Syaf.g_01441
OG0000292	Prai.g_01107	Syaf.g_00505
OG0000293	Prai.g_01163	Syaf.g_01277
OG0000294	Prai.g_01164	Syaf.g_01278
OG0000295	Prai.g_01183	Syaf.g_01316
OG0000296	Prai.g_01185	Syaf.g_01318
OG0000297	Prai.g_01193	Syaf.g_01607
OG0000298	Prai.g_01194	Syaf.g_01606
OG0000299	Prai.g_01213	Syaf.g_01578
OG0000300	Prai.g_01216	Syaf.g_01571
OG0000301	Prai.g_01217	Syaf.g_01570
OG0000302	Prai.g_01219	Syaf.g_01568
OG0000303	Prai.g_01226	Syaf.g_01559
OG0000304	Prai.g_01230	Syaf.g_01551
OG0000305	Prai.g_01362	Syaf.g_01444
OG0000306	Prai.g_01365	Syaf.g_01332
OG0000307	Prai.g_01379	Syaf.g_02742
OG0000308	Prai.g_01380	Syaf.g_02744
OG0000309	Prai.g_01384	Syaf.g_02749
OG0000310	Prai.g_01448	Syaf.g_02387
OG0000311	Prai.g_01450	Syaf.g_02391
OG0000312	Prai.g_01453	Syaf.g_02397
OG0000313	Prai.g_01467	Syaf.g_02421
OG0000314	Prai.g_01489	Syaf.g_02458
OG0000315	Prai.g_01499	Syaf.g_02468
OG0000316	Prai.g_01519	Syaf.g_01088
OG0000317	Prai.g_01636	Syaf.g_01040
OG0000318	Prai.g_01639	Syaf.g_01032
OG0000319	Prai.g_01652	Syaf.g_01015
OG0000320	Prai.g_01654	Syaf.g_01013
OG0000321	Prai.g_01655	Syaf.g_01012
OG0000322	Prai.g_01656	Syaf.g_01011
OG0000323	Prai.g_01665	Syaf.g_00997
OG0000324	Prai.g_01691	Syaf.g_01164
OG0000325	Prai.g_01702	Syaf.g_00176
OG0000326	Prai.g_01708	Syaf.g_00169
OG0000327	Prai.g_01735	Syaf.g_00138
OG0000328	Prai.g_01736	Syaf.g_00137
OG0000329	Prai.g_01754	Syaf.g_00119
OG0000330	Prai.g_01755	Syaf.g_00118
OG0000331	Prai.g_01756	Syaf.g_00117
OG0000332	Prai.g_01770	Syaf.g_00102
OG0000333	Prai.g_01777	Syaf.g_00099
OG0000334	Prai.g_01785	Syaf.g_00090
OG0000335	Prai.g_01790	Syaf.g_00085
OG0000336	Prai.g_01794	Syaf.g_00081
OG0000337	Prai.g_01810	Syaf.g_00344
OG0000338	Prai.g_01811	Syaf.g_00348
OG0000339	Prai.g_01815	Syaf.g_00355
OG0000340	Prai.g_01823	Syaf.g_00366
OG0000341	Prai.g_01825	Syaf.g_00368
OG0000342	Prai.g_01826	Syaf.g_00369
OG0000343	Prai.g_01827	Syaf.g_00370
OG0000344	Prai.g_01830	Syaf.g_00374
OG0000345	Prai.g_01835	Syaf.g_00384
OG0000346	Prai.g_01839	Syaf.g_00389
OG0000347	Prai.g_01855	Syaf.g_00415
OG0000348	Prai.g_01866	Syaf.g_00427
OG0000349	Prai.g_01883	Syaf.g_00445
OG0000350	Prai.g_01901	Syaf.g_00162
OG0000351	Prai.g_01918	Syaf.g_00528
OG0000352	Prai.g_01919	Syaf.g_00527
OG0000353	Prai.g_01935	Syaf.g_00499
OG0000355	Prai.g_00001	Syaf.g_00497
OG0000356	Prai.g_00002	Syaf.g_00496
OG0000357	Prai.g_00003	Syaf.g_00495
OG0000358	Prai.g_00007	Syaf.g_00491
OG0000359	Prai.g_00008	Syaf.g_00489
OG0000360	Prai.g_00009	Syaf.g_00488
OG0000361	Prai.g_00010	Syaf.g_00487
OG0000362	Prai.g_00012	Syaf.g_00485
OG0000363	Prai.g_00014	Syaf.g_00483
OG0000364	Prai.g_00015	Syaf.g_00482
OG0000365	Prai.g_00020	Syaf.g_00473
OG0000366	Prai.g_00021	Syaf.g_00472
OG0000367	Prai.g_00022	Syaf.g_00471
OG0000368	Prai.g_00024	Syaf.g_00469
OG0000369	Prai.g_00025	Syaf.g_00468
OG0000370	Prai.g_00026	Syaf.g_00467
OG0000371	Prai.g_00032	Syaf.g_00458
OG0000372	Prai.g_00035	Syaf.g_00453
OG0000373	Prai.g_00036	Syaf.g_00452
OG0000374	Prai.g_00037	Syaf.g_00451
OG0000375	Prai.g_00047	Syaf.g_00449
OG0000376	Prai.g_00049	Syaf.g_00447
OG0000377	Prai.g_00052	Syaf.g_00654
OG0000378	Prai.g_00054	Syaf.g_00668
OG0000379	Prai.g_00057	Syaf.g_00686
OG0000380	Prai.g_00066	Syaf.g_00965
OG0000381	Prai.g_00070	Syaf.g_00962
OG0000382	Prai.g_00081	Syaf.g_00945
OG0000383	Prai.g_00083	Syaf.g_00941
OG0000384	Prai.g_00084	Syaf.g_00940
OG0000385	Prai.g_00085	Syaf.g_00939
OG0000386	Prai.g_00086	Syaf.g_00938
OG0000387	Prai.g_00099	Syaf.g_00912
OG0000388	Prai.g_00102	Syaf.g_00908
OG0000389	Prai.g_00106	Syaf.g_00904
OG0000390	Prai.g_00113	Syaf.g_00883
OG0000391	Prai.g_00116	Syaf.g_00878
OG0000392	Prai.g_00120	Syaf.g_00872
OG0000393	Prai.g_00122	Syaf.g_00870
OG0000394	Prai.g_00123	Syaf.g_00869
OG0000395	Prai.g_00124	Syaf.g_00868
OG0000396	Prai.g_00127	Syaf.g_00865
OG0000397	Prai.g_00129	Syaf.g_00863
OG0000398	Prai.g_00131	Syaf.g_00858
OG0000399	Prai.g_00132	Syaf.g_00857
OG0000400	Prai.g_00133	Syaf.g_00856
OG0000401	Prai.g_00134	Syaf.g_00855
OG0000402	Prai.g_00136	Syaf.g_00852
OG0000403	Prai.g_00137	Syaf.g_00851
OG0000404	Prai.g_00138	Syaf.g_00850
OG0000405	Prai.g_00142	Syaf.g_00835
OG0000406	Prai.g_00158	Syaf.g_00831
OG0000407	Prai.g_00159	Syaf.g_00830
OG0000408	Prai.g_00161	Syaf.g_00828
OG0000409	Prai.g_00163	Syaf.g_00826
OG0000410	Prai.g_00164	Syaf.g_00825
OG0000411	Prai.g_00165	Syaf.g_00824
OG0000412	Prai.g_00166	Syaf.g_00823
OG0000413	Prai.g_00167	Syaf.g_00821
OG0000414	Prai.g_01288, Prai.g_00168	Syaf.g_00820
OG0000415	Prai.g_00169	Syaf.g_00819
OG0000416	Prai.g_00170	Syaf.g_00818
OG0000417	Prai.g_00171	Syaf.g_00817
OG0000418	Prai.g_00176	Syaf.g_00812
OG0000419	Prai.g_00178	Syaf.g_00810
OG0000420	Prai.g_00179	Syaf.g_00808
OG0000421	Prai.g_00184	Syaf.g_00803
OG0000422	Prai.g_00185	Syaf.g_00802
OG0000423	Prai.g_00186	Syaf.g_00801
OG0000424	Prai.g_00187	Syaf.g_00800
OG0000425	Prai.g_00188	Syaf.g_00799
OG0000426	Prai.g_00189	Syaf.g_00798
OG0000427	Prai.g_00190	Syaf.g_00797
OG0000428	Prai.g_00192	Syaf.g_00794
OG0000429	Prai.g_00193	Syaf.g_00792
OG0000430	Prai.g_00194	Syaf.g_00790
OG0000431	Prai.g_00196	Syaf.g_00786
OG0000432	Prai.g_00199	Syaf.g_00779
OG0000433	Prai.g_00200	Syaf.g_00777
OG0000434	Prai.g_00201	Syaf.g_00776
OG0000435	Prai.g_00202	Syaf.g_00772
OG0000436	Prai.g_00207	Syaf.g_00767
OG0000437	Prai.g_00208	Syaf.g_00766
OG0000438	Prai.g_00209	Syaf.g_00765
OG0000439	Prai.g_00211	Syaf.g_00763
OG0000440	Prai.g_00212	Syaf.g_00762
OG0000441	Prai.g_00215	Syaf.g_00756
OG0000442	Prai.g_00216	Syaf.g_00743
OG0000443	Prai.g_00217	Syaf.g_00739
OG0000444	Prai.g_00222	Syaf.g_00733
OG0000445	Prai.g_00223	Syaf.g_00729
OG0000446	Prai.g_00224	Syaf.g_00728
OG0000447	Prai.g_00225	Syaf.g_00725
OG0000448	Prai.g_00226	Syaf.g_00724
OG0000449	Prai.g_00227	Syaf.g_00723
OG0000450	Prai.g_00228	Syaf.g_00717
OG0000451	Prai.g_00229	Syaf.g_00716
OG0000452	Prai.g_00232	Syaf.g_00712
OG0000453	Prai.g_00233	Syaf.g_00711
OG0000454	Prai.g_00234	Syaf.g_00710
OG0000455	Prai.g_00235	Syaf.g_00709
OG0000456	Prai.g_00236	Syaf.g_00708
OG0000457	Prai.g_00237	Syaf.g_00706
OG0000458	Prai.g_00238	Syaf.g_00705
OG0000459	Prai.g_00239	Syaf.g_00704
OG0000460	Prai.g_00246	Syaf.g_02789
OG0000461	Prai.g_00255	Syaf.g_00183
OG0000462	Prai.g_00257	Syaf.g_00186
OG0000463	Prai.g_00258	Syaf.g_00187
OG0000464	Prai.g_00259	Syaf.g_00188
OG0000465	Prai.g_00260	Syaf.g_00190
OG0000466	Prai.g_00263	Syaf.g_00194
OG0000467	Prai.g_00264	Syaf.g_00196
OG0000468	Prai.g_00266	Syaf.g_00206
OG0000469	Prai.g_00275	Syaf.g_00220
OG0000470	Prai.g_00277	Syaf.g_00222
OG0000471	Prai.g_00278	Syaf.g_00223
OG0000472	Prai.g_00279	Syaf.g_00225
OG0000473	Prai.g_00281	Syaf.g_00227
OG0000474	Prai.g_00282	Syaf.g_00228
OG0000475	Prai.g_00283	Syaf.g_00229
OG0000476	Prai.g_00284	Syaf.g_00231
OG0000477	Prai.g_00288	Syaf.g_00237
OG0000478	Prai.g_00289	Syaf.g_00238
OG0000479	Prai.g_00290	Syaf.g_00239
OG0000480	Prai.g_00295	Syaf.g_00247
OG0000481	Prai.g_00297	Syaf.g_00249
OG0000482	Prai.g_00298	Syaf.g_00250
OG0000483	Prai.g_00301	Syaf.g_00254
OG0000484	Prai.g_00302	Syaf.g_00255
OG0000485	Prai.g_00303	Syaf.g_00256
OG0000486	Prai.g_00304	Syaf.g_00257
OG0000487	Prai.g_00308	Syaf.g_00263
OG0000488	Prai.g_00311	Syaf.g_00267
OG0000489	Prai.g_00316	Syaf.g_00274
OG0000490	Prai.g_00321	Syaf.g_00284
OG0000491	Prai.g_00322	Syaf.g_00285
OG0000492	Prai.g_00324	Syaf.g_00288
OG0000493	Prai.g_00325	Syaf.g_00289
OG0000494	Prai.g_00326	Syaf.g_00290
OG0000495	Prai.g_00327	Syaf.g_00291
OG0000496	Prai.g_00328	Syaf.g_00292
OG0000497	Prai.g_00329	Syaf.g_00293
OG0000498	Prai.g_00330	Syaf.g_00294
OG0000499	Prai.g_00331	Syaf.g_00295
OG0000500	Prai.g_00332	Syaf.g_00296
OG0000501	Prai.g_00334	Syaf.g_00299
OG0000502	Prai.g_00337	Syaf.g_00319
OG0000503	Prai.g_00347	Syaf.g_00023
OG0000504	Prai.g_00348	Syaf.g_00021
OG0000505	Prai.g_00349	Syaf.g_00020
OG0000506	Prai.g_00351	Syaf.g_00018
OG0000507	Prai.g_00354	Syaf.g_00012
OG0000508	Prai.g_00357	Syaf.g_00008
OG0000509	Prai.g_00359	Syaf.g_00006
OG0000510	Prai.g_00360	Syaf.g_00005
OG0000511	Prai.g_00361	Syaf.g_00004
OG0000512	Prai.g_00363	Syaf.g_00002
OG0000513	Prai.g_00370	Syaf.g_02803
OG0000514	Prai.g_00462	Syaf.g_02796
OG0000515	Prai.g_00463	Syaf.g_02795
OG0000516	Prai.g_00464	Syaf.g_01219
OG0000517	Prai.g_00466	Syaf.g_01213
OG0000518	Prai.g_00477	Syaf.g_01230
OG0000519	Prai.g_00478	Syaf.g_01231
OG0000520	Prai.g_00479	Syaf.g_01235
OG0000521	Prai.g_00484	Syaf.g_02542
OG0000522	Prai.g_00486	Syaf.g_02538
OG0000523	Prai.g_00487	Syaf.g_02537
OG0000524	Prai.g_00492	Syaf.g_02531
OG0000525	Prai.g_00495	Syaf.g_02507
OG0000526	Prai.g_00496	Syaf.g_02504
OG0000527	Prai.g_00503	Syaf.g_02500
OG0000528	Prai.g_00508	Syaf.g_02728
OG0000529	Prai.g_00511	Syaf.g_02720
OG0000530	Prai.g_00514	Syaf.g_02717
OG0000531	Prai.g_00515	Syaf.g_02716
OG0000532	Prai.g_00517	Syaf.g_02713
OG0000533	Prai.g_00518	Syaf.g_02712
OG0000534	Prai.g_00519	Syaf.g_02711
OG0000535	Prai.g_00520	Syaf.g_02710
OG0000536	Prai.g_00521	Syaf.g_02709
OG0000537	Prai.g_00522	Syaf.g_02708
OG0000538	Prai.g_00530	Syaf.g_02697
OG0000539	Prai.g_00531	Syaf.g_02696
OG0000540	Prai.g_00532	Syaf.g_02695
OG0000541	Prai.g_00533	Syaf.g_02694
OG0000542	Prai.g_00535	Syaf.g_02691
OG0000543	Prai.g_00537	Syaf.g_02689
OG0000544	Prai.g_00538	Syaf.g_02688
OG0000545	Prai.g_00540	Syaf.g_02686
OG0000546	Prai.g_00543	Syaf.g_02684
OG0000547	Prai.g_00544	Syaf.g_02682
OG0000548	Prai.g_00545	Syaf.g_02681
OG0000549	Prai.g_00547	Syaf.g_02676
OG0000550	Prai.g_00552	Syaf.g_02671
OG0000551	Prai.g_00555	Syaf.g_02666
OG0000552	Prai.g_00556	Syaf.g_02665
OG0000553	Prai.g_00557	Syaf.g_02663
OG0000554	Prai.g_00562	Syaf.g_02653
OG0000555	Prai.g_00570	Syaf.g_02635
OG0000556	Prai.g_00572	Syaf.g_02630
OG0000557	Prai.g_00573	Syaf.g_02628
OG0000558	Prai.g_00575	Syaf.g_02626
OG0000559	Prai.g_00579	Syaf.g_02622
OG0000560	Prai.g_00582	Syaf.g_02619
OG0000561	Prai.g_00583	Syaf.g_02618
OG0000562	Prai.g_00584	Syaf.g_02617
OG0000563	Prai.g_00585	Syaf.g_02616
OG0000564	Prai.g_00586	Syaf.g_02615
OG0000565	Prai.g_00589	Syaf.g_02612
OG0000566	Prai.g_00592	Syaf.g_02608
OG0000567	Prai.g_00596	Syaf.g_02604
OG0000568	Prai.g_00597	Syaf.g_02599
OG0000569	Prai.g_00598	Syaf.g_02596
OG0000570	Prai.g_00599	Syaf.g_02595
OG0000571	Prai.g_00601	Syaf.g_02591
OG0000572	Prai.g_00614	Syaf.g_02575
OG0000573	Prai.g_00620	Syaf.g_02567
OG0000574	Prai.g_00621	Syaf.g_02566
OG0000575	Prai.g_00625	Syaf.g_02562
OG0000576	Prai.g_00627	Syaf.g_02560
OG0000577	Prai.g_00628	Syaf.g_02559
OG0000578	Prai.g_00629	Syaf.g_02558
OG0000579	Prai.g_00630	Syaf.g_02557
OG0000580	Prai.g_00631	Syaf.g_02556
OG0000581	Prai.g_00633	Syaf.g_02550
OG0000582	Prai.g_00636	Syaf.g_02374
OG0000583	Prai.g_00637	Syaf.g_02373
OG0000584	Prai.g_00638	Syaf.g_02372
OG0000585	Prai.g_00640	Syaf.g_02370
OG0000586	Prai.g_00641	Syaf.g_02369
OG0000587	Prai.g_00642	Syaf.g_02367
OG0000588	Prai.g_00646	Syaf.g_02350
OG0000589	Prai.g_00650	Syaf.g_02340
OG0000590	Prai.g_00651	Syaf.g_02339
OG0000591	Prai.g_00654	Syaf.g_02331
OG0000592	Prai.g_00655	Syaf.g_02330
OG0000593	Prai.g_00661	Syaf.g_02314
OG0000594	Prai.g_00662	Syaf.g_02313
OG0000595	Prai.g_00663	Syaf.g_02312
OG0000596	Prai.g_00667	Syaf.g_02307
OG0000597	Prai.g_00669	Syaf.g_02304
OG0000598	Prai.g_00670	Syaf.g_02303
OG0000599	Prai.g_00673	Syaf.g_02300
OG0000600	Prai.g_00674	Syaf.g_02299
OG0000601	Prai.g_00675	Syaf.g_02298
OG0000602	Prai.g_00677	Syaf.g_02293
OG0000603	Prai.g_00678	Syaf.g_02292
OG0000604	Prai.g_00679	Syaf.g_02289
OG0000605	Prai.g_00680	Syaf.g_01734
OG0000606	Prai.g_00683	Syaf.g_02145
OG0000607	Prai.g_00686	Syaf.g_02142
OG0000608	Prai.g_00687	Syaf.g_02141
OG0000609	Prai.g_00688	Syaf.g_02139
OG0000610	Prai.g_00693	Syaf.g_02132
OG0000611	Prai.g_00696	Syaf.g_02129
OG0000612	Prai.g_00697	Syaf.g_02128
OG0000613	Prai.g_00702	Syaf.g_00315
OG0000614	Prai.g_00721	Syaf.g_01469
OG0000615	Prai.g_00729	Syaf.g_02085
OG0000616	Prai.g_00732	Syaf.g_00518
OG0000617	Prai.g_00754	Syaf.g_01975
OG0000618	Prai.g_00755	Syaf.g_01974
OG0000619	Prai.g_00756	Syaf.g_01973
OG0000620	Prai.g_00759	Syaf.g_01966
OG0000621	Prai.g_00760	Syaf.g_01965
OG0000622	Prai.g_00761	Syaf.g_01964
OG0000623	Prai.g_00762	Syaf.g_01963
OG0000624	Prai.g_00763	Syaf.g_01961
OG0000625	Prai.g_00764	Syaf.g_01960
OG0000626	Prai.g_00765	Syaf.g_01959
OG0000627	Prai.g_00766	Syaf.g_01782
OG0000628	Prai.g_00767	Syaf.g_01783
OG0000629	Prai.g_00768	Syaf.g_01786
OG0000630	Prai.g_00771	Syaf.g_01790
OG0000631	Prai.g_00857	Syaf.g_01801
OG0000632	Prai.g_00856	Syaf.g_01802
OG0000633	Prai.g_00855	Syaf.g_01803
OG0000634	Prai.g_00852	Syaf.g_02053
OG0000635	Prai.g_00851	Syaf.g_02052
OG0000636	Prai.g_00849	Syaf.g_02050
OG0000637	Prai.g_00847	Syaf.g_02048
OG0000638	Prai.g_00846	Syaf.g_02047
OG0000639	Prai.g_00845	Syaf.g_02046
OG0000640	Prai.g_00844	Syaf.g_02045
OG0000641	Prai.g_00839	Syaf.g_02041
OG0000642	Prai.g_00838	Syaf.g_02040
OG0000643	Prai.g_00837	Syaf.g_02038
OG0000644	Prai.g_00836	Syaf.g_02037
OG0000645	Prai.g_00835	Syaf.g_02035
OG0000646	Prai.g_00833	Syaf.g_02032
OG0000647	Prai.g_00832	Syaf.g_02030
OG0000648	Prai.g_00830	Syaf.g_02027
OG0000649	Prai.g_00829	Syaf.g_02026
OG0000650	Prai.g_00828	Syaf.g_02025
OG0000651	Prai.g_00827	Syaf.g_02024
OG0000652	Prai.g_00826	Syaf.g_02023
OG0000653	Prai.g_00824	Syaf.g_02021
OG0000654	Prai.g_00823	Syaf.g_02020
OG0000655	Prai.g_00822	Syaf.g_02019
OG0000656	Prai.g_00819	Syaf.g_02016
OG0000657	Prai.g_00811	Syaf.g_01384
OG0000658	Prai.g_00810	Syaf.g_01381
OG0000659	Prai.g_00809	Syaf.g_01380
OG0000660	Prai.g_00805	Syaf.g_01376
OG0000661	Prai.g_00803	Syaf.g_01374
OG0000662	Prai.g_00801	Syaf.g_01372
OG0000663	Prai.g_00799	Syaf.g_01369
OG0000664	Prai.g_00798	Syaf.g_01368
OG0000665	Prai.g_00794	Syaf.g_00980
OG0000666	Prai.g_00793	Syaf.g_01733
OG0000667	Prai.g_00789	Syaf.g_01635
OG0000668	Prai.g_01060	Syaf.g_01928
OG0000669	Prai.g_01054	Syaf.g_02112
OG0000670	Prai.g_01052	Syaf.g_02769
OG0000671	Prai.g_01050	Syaf.g_02108
OG0000672	Prai.g_01048	Syaf.g_02105
OG0000673	Prai.g_01045	Syaf.g_02102
OG0000674	Prai.g_01043	Syaf.g_02100
OG0000675	Prai.g_01042	Syaf.g_02099
OG0000676	Prai.g_01040	Syaf.g_02097
OG0000677	Prai.g_01039	Syaf.g_02096
OG0000678	Prai.g_01037	Syaf.g_02092
OG0000679	Prai.g_01033	Syaf.g_02083
OG0000680	Prai.g_01032	Syaf.g_02082
OG0000681	Prai.g_01030	Syaf.g_02079
OG0000682	Prai.g_01029	Syaf.g_02078
OG0000683	Prai.g_01028	Syaf.g_02077
OG0000684	Prai.g_01027	Syaf.g_02072
OG0000685	Prai.g_01025	Syaf.g_02070
OG0000686	Prai.g_01024	Syaf.g_02069
OG0000687	Prai.g_01023	Syaf.g_02068
OG0000688	Prai.g_01020	Syaf.g_02063
OG0000689	Prai.g_01019	Syaf.g_02061
OG0000690	Prai.g_01018	Syaf.g_02060
OG0000691	Prai.g_01017	Syaf.g_02059
OG0000692	Prai.g_01015	Syaf.g_02058
OG0000693	Prai.g_01014	Syaf.g_02057
OG0000694	Prai.g_01013	Syaf.g_02056
OG0000695	Prai.g_01011	Syaf.g_01805
OG0000696	Prai.g_01010	Syaf.g_01806
OG0000697	Prai.g_01009	Syaf.g_01808
OG0000698	Prai.g_01006	Syaf.g_01811
OG0000699	Prai.g_01005	Syaf.g_01813
OG0000700	Prai.g_01004	Syaf.g_01814
OG0000701	Prai.g_01003	Syaf.g_01815
OG0000702	Prai.g_01001	Syaf.g_01843
OG0000703	Prai.g_01000	Syaf.g_01844
OG0000704	Prai.g_00999	Syaf.g_01846
OG0000705	Prai.g_00995	Syaf.g_01853
OG0000706	Prai.g_00994	Syaf.g_01854
OG0000707	Prai.g_00993	Syaf.g_01855
OG0000708	Prai.g_00992	Syaf.g_01858
OG0000709	Prai.g_00988	Syaf.g_01867
OG0000710	Prai.g_00985	Syaf.g_01878
OG0000711	Prai.g_00968	Syaf.g_01908
OG0000712	Prai.g_00966	Syaf.g_01910
OG0000713	Prai.g_00965	Syaf.g_01911
OG0000714	Prai.g_00964	Syaf.g_01913
OG0000715	Prai.g_00962	Syaf.g_01915
OG0000716	Prai.g_00960	Syaf.g_01919
OG0000717	Prai.g_00959	Syaf.g_01920
OG0000718	Prai.g_00948	Syaf.g_01924
OG0000719	Prai.g_00946	Syaf.g_01926
OG0000720	Prai.g_00938	Syaf.g_01939
OG0000721	Prai.g_00936	Syaf.g_01941
OG0000722	Prai.g_00935	Syaf.g_01942
OG0000723	Prai.g_00932	Syaf.g_01957
OG0000724	Prai.g_00923	Syaf.g_01418
OG0000725	Prai.g_00917	Syaf.g_01445
OG0000726	Prai.g_00916	Syaf.g_01446
OG0000727	Prai.g_00915	Syaf.g_01447
OG0000728	Prai.g_00913	Syaf.g_01449
OG0000729	Prai.g_01109	Syaf.g_00405
OG0000730	Prai.g_01113	Syaf.g_00026
OG0000731	Prai.g_01117	Syaf.g_00014
OG0000732	Prai.g_01126	Syaf.g_00444
OG0000733	Prai.g_01144	Syaf.g_00615
OG0000734	Prai.g_01157	Syaf.g_00895
OG0000735	Prai.g_01159	Syaf.g_01273
OG0000736	Prai.g_01160	Syaf.g_01274
OG0000737	Prai.g_01161	Syaf.g_01275
OG0000738	Prai.g_01165	Syaf.g_01280
OG0000739	Prai.g_01166	Syaf.g_01281
OG0000740	Prai.g_01167	Syaf.g_01282
OG0000741	Prai.g_01168	Syaf.g_01285
OG0000742	Prai.g_01170	Syaf.g_01287
OG0000743	Prai.g_01172	Syaf.g_01289
OG0000744	Prai.g_01173	Syaf.g_01290
OG0000745	Prai.g_01174	Syaf.g_01293
OG0000746	Prai.g_01176	Syaf.g_01295
OG0000747	Prai.g_01177	Syaf.g_01296
OG0000748	Prai.g_01180	Syaf.g_01307
OG0000749	Prai.g_01181	Syaf.g_01309
OG0000750	Prai.g_01182	Syaf.g_01310
OG0000751	Prai.g_01184	Syaf.g_01317
OG0000752	Prai.g_01186	Syaf.g_01319
OG0000753	Prai.g_01189	Syaf.g_01322
OG0000754	Prai.g_01192	Syaf.g_01611
OG0000755	Prai.g_01196	Syaf.g_01599
OG0000756	Prai.g_01197	Syaf.g_01598
OG0000757	Prai.g_01204	Syaf.g_01590
OG0000758	Prai.g_01205	Syaf.g_01589
OG0000759	Prai.g_01206	Syaf.g_01588
OG0000760	Prai.g_01207	Syaf.g_01587
OG0000761	Prai.g_01208	Syaf.g_01586
OG0000762	Prai.g_01209	Syaf.g_01584
OG0000763	Prai.g_01211	Syaf.g_01582
OG0000764	Prai.g_01212	Syaf.g_01581
OG0000765	Prai.g_01221	Syaf.g_01564
OG0000766	Prai.g_01222	Syaf.g_01563
OG0000767	Prai.g_01224	Syaf.g_01561
OG0000768	Prai.g_01225	Syaf.g_01560
OG0000769	Prai.g_01227	Syaf.g_01558
OG0000770	Prai.g_01229	Syaf.g_01553
OG0000771	Prai.g_01238	Syaf.g_01411
OG0000772	Prai.g_01310	Syaf.g_01705
OG0000773	Prai.g_01325	Syaf.g_01268
OG0000774	Prai.g_01327	Syaf.g_01263
OG0000775	Prai.g_01330	Syaf.g_01261
OG0000776	Prai.g_01331	Syaf.g_01260
OG0000777	Prai.g_01332	Syaf.g_01259
OG0000778	Prai.g_01333	Syaf.g_01258
OG0000779	Prai.g_01337	Syaf.g_01252
OG0000780	Prai.g_01338	Syaf.g_01249
OG0000781	Prai.g_01341	Syaf.g_01245
OG0000782	Prai.g_01342	Syaf.g_01244
OG0000783	Prai.g_01343	Syaf.g_01243
OG0000784	Prai.g_01344	Syaf.g_01242
OG0000785	Prai.g_01346	Syaf.g_01240
OG0000786	Prai.g_01348	Syaf.g_02546
OG0000787	Prai.g_01349	Syaf.g_02547
OG0000788	Prai.g_01358	Syaf.g_02297
OG0000789	Prai.g_01360	Syaf.g_01750
OG0000790	Prai.g_01375	Syaf.g_02738
OG0000791	Prai.g_01377	Syaf.g_02740
OG0000792	Prai.g_01378	Syaf.g_02741
OG0000793	Prai.g_01381	Syaf.g_02746
OG0000794	Prai.g_01382	Syaf.g_02747
OG0000795	Prai.g_01383	Syaf.g_02748
OG0000796	Prai.g_01387	Syaf.g_02752
OG0000797	Prai.g_01388	Syaf.g_02753
OG0000799	Prai.g_01445	Syaf.g_02380
OG0000800	Prai.g_01446	Syaf.g_02383
OG0000801	Prai.g_01447	Syaf.g_02384
OG0000802	Prai.g_01449	Syaf.g_02388
OG0000803	Prai.g_01451	Syaf.g_02393
OG0000804	Prai.g_01452	Syaf.g_02396
OG0000805	Prai.g_01454	Syaf.g_02398
OG0000806	Prai.g_01456	Syaf.g_02405
OG0000807	Prai.g_01457	Syaf.g_02406
OG0000808	Prai.g_01458	Syaf.g_02407
OG0000809	Prai.g_01461	Syaf.g_02410
OG0000810	Prai.g_01462	Syaf.g_02411
OG0000811	Prai.g_01466	Syaf.g_02420
OG0000812	Prai.g_01468	Syaf.g_02422
OG0000813	Prai.g_01469	Syaf.g_02423
OG0000814	Prai.g_01471	Syaf.g_02425
OG0000815	Prai.g_01472	Syaf.g_02426
OG0000816	Prai.g_01474	Syaf.g_02428
OG0000817	Prai.g_01475	Syaf.g_02429
OG0000818	Prai.g_01480	Syaf.g_02442
OG0000819	Prai.g_01481	Syaf.g_02443
OG0000820	Prai.g_01482	Syaf.g_02444
OG0000821	Prai.g_01485	Syaf.g_02450
OG0000822	Prai.g_01486	Syaf.g_02452
OG0000823	Prai.g_01487	Syaf.g_02453
OG0000824	Prai.g_01490	Syaf.g_02459
OG0000825	Prai.g_01491	Syaf.g_02460
OG0000826	Prai.g_01492	Syaf.g_02461
OG0000827	Prai.g_01493	Syaf.g_02462
OG0000828	Prai.g_01496	Syaf.g_02465
OG0000829	Prai.g_01497	Syaf.g_02466
OG0000830	Prai.g_01498	Syaf.g_02467
OG0000831	Prai.g_01500	Syaf.g_02470
OG0000832	Prai.g_01505	Syaf.g_01109
OG0000833	Prai.g_01514	Syaf.g_01100
OG0000834	Prai.g_01515	Syaf.g_01098
OG0000835	Prai.g_01516	Syaf.g_01097
OG0000836	Prai.g_01517	Syaf.g_01093
OG0000837	Prai.g_01518	Syaf.g_01091
OG0000838	Prai.g_01520	Syaf.g_01087
OG0000839	Prai.g_01521	Syaf.g_01086
OG0000840	Prai.g_01522	Syaf.g_01085
OG0000841	Prai.g_01523	Syaf.g_01084
OG0000842	Prai.g_01524	Syaf.g_01083
OG0000843	Prai.g_01525	Syaf.g_01082
OG0000844	Prai.g_01526	Syaf.g_01080
OG0000845	Prai.g_01527	Syaf.g_01079
OG0000846	Prai.g_01528	Syaf.g_01078
OG0000847	Prai.g_01529	Syaf.g_01077
OG0000848	Prai.g_01530	Syaf.g_01075
OG0000849	Prai.g_01531	Syaf.g_01074
OG0000850	Prai.g_01533	Syaf.g_01072
OG0000851	Prai.g_01534	Syaf.g_01061
OG0000852	Prai.g_01535	Syaf.g_01060
OG0000853	Prai.g_01539	Syaf.g_01056
OG0000854	Prai.g_01541	Syaf.g_01054
OG0000855	Prai.g_01542	Syaf.g_01053
OG0000856	Prai.g_01558	Syaf.g_02328
OG0000857	Prai.g_01597	Syaf.g_02031
OG0000858	Prai.g_01632	Syaf.g_01047
OG0000859	Prai.g_01633	Syaf.g_01046
OG0000860	Prai.g_01640	Syaf.g_01031
OG0000861	Prai.g_01641	Syaf.g_01030
OG0000862	Prai.g_01642	Syaf.g_01029
OG0000863	Prai.g_01644	Syaf.g_01026
OG0000864	Prai.g_01645	Syaf.g_01025
OG0000865	Prai.g_01646	Syaf.g_01024
OG0000866	Prai.g_01647	Syaf.g_01023
OG0000867	Prai.g_01648	Syaf.g_01022
OG0000868	Prai.g_01649	Syaf.g_01019
OG0000869	Prai.g_01653	Syaf.g_01014
OG0000870	Prai.g_01658	Syaf.g_01009
OG0000871	Prai.g_01659	Syaf.g_01008
OG0000872	Prai.g_01660	Syaf.g_01001
OG0000873	Prai.g_01663	Syaf.g_00998
OG0000874	Prai.g_01666	Syaf.g_01002
OG0000875	Prai.g_01667	Syaf.g_00996
OG0000876	Prai.g_01668	Syaf.g_01198
OG0000877	Prai.g_01670	Syaf.g_01188
OG0000878	Prai.g_01671	Syaf.g_01187
OG0000879	Prai.g_01672	Syaf.g_01186
OG0000880	Prai.g_01673	Syaf.g_01185
OG0000881	Prai.g_01677	Syaf.g_01179
OG0000882	Prai.g_01682	Syaf.g_01174
OG0000883	Prai.g_01683	Syaf.g_01172
OG0000884	Prai.g_01685	Syaf.g_01170
OG0000885	Prai.g_01686	Syaf.g_01169
OG0000886	Prai.g_01687	Syaf.g_01168
OG0000887	Prai.g_01688	Syaf.g_01167
OG0000888	Prai.g_01690	Syaf.g_01165
OG0000889	Prai.g_01692	Syaf.g_01163
OG0000890	Prai.g_01693	Syaf.g_01157
OG0000891	Prai.g_01694	Syaf.g_01156
OG0000892	Prai.g_01696	Syaf.g_01154
OG0000893	Prai.g_01701	Syaf.g_00178
OG0000894	Prai.g_01703	Syaf.g_00175
OG0000895	Prai.g_01706	Syaf.g_00171
OG0000896	Prai.g_01707	Syaf.g_00170
OG0000897	Prai.g_01709	Syaf.g_00168
OG0000898	Prai.g_01710	Syaf.g_00167
OG0000899	Prai.g_01711	Syaf.g_00166
OG0000900	Prai.g_01712	Syaf.g_00165
OG0000901	Prai.g_01715	Syaf.g_00160
OG0000902	Prai.g_01717	Syaf.g_00158
OG0000903	Prai.g_01720	Syaf.g_00141
OG0000904	Prai.g_01722	Syaf.g_00146
OG0000905	Prai.g_01727	Syaf.g_00151
OG0000906	Prai.g_01728	Syaf.g_00154
OG0000907	Prai.g_01734	Syaf.g_00139
OG0000908	Prai.g_01737	Syaf.g_00136
OG0000909	Prai.g_01738	Syaf.g_00135
OG0000910	Prai.g_01739	Syaf.g_00134
OG0000911	Prai.g_01741	Syaf.g_00132
OG0000912	Prai.g_01742	Syaf.g_00131
OG0000913	Prai.g_01743	Syaf.g_00130
OG0000914	Prai.g_01744	Syaf.g_00129
OG0000915	Prai.g_01746	Syaf.g_00127
OG0000916	Prai.g_01747	Syaf.g_00126
OG0000917	Prai.g_01748	Syaf.g_00125
OG0000918	Prai.g_01749	Syaf.g_00124
OG0000919	Prai.g_01750	Syaf.g_00123
OG0000920	Prai.g_01751	Syaf.g_00122
OG0000921	Prai.g_01752	Syaf.g_00121
OG0000922	Prai.g_01753	Syaf.g_00120
OG0000923	Prai.g_01757	Syaf.g_00116
OG0000924	Prai.g_01758	Syaf.g_00115
OG0000925	Prai.g_01759	Syaf.g_00114
OG0000926	Prai.g_01760	Syaf.g_00113
OG0000927	Prai.g_01762	Syaf.g_00111
OG0000928	Prai.g_01763	Syaf.g_00110
OG0000929	Prai.g_01764	Syaf.g_00109
OG0000930	Prai.g_01765	Syaf.g_00108
OG0000931	Prai.g_01766	Syaf.g_00107
OG0000932	Prai.g_01767	Syaf.g_00106
OG0000933	Prai.g_01776	Syaf.g_00100
OG0000934	Prai.g_01778	Syaf.g_00098
OG0000935	Prai.g_01779	Syaf.g_00097
OG0000936	Prai.g_01780	Syaf.g_00096
OG0000937	Prai.g_01781	Syaf.g_00095
OG0000938	Prai.g_01783	Syaf.g_00092
OG0000939	Prai.g_01784	Syaf.g_00091
OG0000940	Prai.g_01791	Syaf.g_00084
OG0000941	Prai.g_01793	Syaf.g_00082
OG0000942	Prai.g_01795	Syaf.g_00080
OG0000943	Prai.g_01796	Syaf.g_00079
OG0000944	Prai.g_01797	Syaf.g_00077
OG0000945	Prai.g_01798	Syaf.g_00075
OG0000946	Prai.g_01802	Syaf.g_00070
OG0000947	Prai.g_01804	Syaf.g_00067
OG0000948	Prai.g_01805	Syaf.g_00066
OG0000949	Prai.g_01808	Syaf.g_00337
OG0000950	Prai.g_01813	Syaf.g_00351
OG0000951	Prai.g_01817	Syaf.g_00358
OG0000952	Prai.g_01821	Syaf.g_00363
OG0000953	Prai.g_01824	Syaf.g_00367
OG0000954	Prai.g_01828	Syaf.g_00372
OG0000955	Prai.g_01829	Syaf.g_00373
OG0000956	Prai.g_01831	Syaf.g_00375
OG0000957	Prai.g_01836	Syaf.g_00386
OG0000958	Prai.g_01837	Syaf.g_00387
OG0000959	Prai.g_01841	Syaf.g_00391
OG0000960	Prai.g_01842	Syaf.g_00392
OG0000961	Prai.g_01844	Syaf.g_00402
OG0000962	Prai.g_01846	Syaf.g_00404
OG0000963	Prai.g_01850	Syaf.g_00409
OG0000964	Prai.g_01851	Syaf.g_00410
OG0000965	Prai.g_01852	Syaf.g_00411
OG0000966	Prai.g_01861	Syaf.g_00421
OG0000967	Prai.g_01865	Syaf.g_00426
OG0000968	Prai.g_01867	Syaf.g_00417
OG0000969	Prai.g_01868	Syaf.g_00423
OG0000970	Prai.g_01869	Syaf.g_00424
OG0000971	Prai.g_01870	Syaf.g_00429
OG0000972	Prai.g_01871	Syaf.g_00430
OG0000973	Prai.g_01872	Syaf.g_00431
OG0000974	Prai.g_01873	Syaf.g_00432
OG0000975	Prai.g_01874	Syaf.g_00433
OG0000976	Prai.g_01875	Syaf.g_00434
OG0000977	Prai.g_01876	Syaf.g_00436
OG0000978	Prai.g_01877	Syaf.g_00437
OG0000979	Prai.g_01880	Syaf.g_00440
OG0000980	Prai.g_01882	Syaf.g_00443
OG0000981	Prai.g_01884	Syaf.g_00446
OG0000982	Prai.g_01886	Syaf.g_00645
OG0000983	Prai.g_01887	Syaf.g_00644
OG0000984	Prai.g_01888	Syaf.g_00643
OG0000985	Prai.g_01891	Syaf.g_00641
OG0000986	Prai.g_01893	Syaf.g_00639
OG0000987	Prai.g_01894	Syaf.g_00637
OG0000988	Prai.g_01897	Syaf.g_00633
OG0000989	Prai.g_01900	Syaf.g_00624
OG0000990	Prai.g_01903	Syaf.g_00606
OG0000991	Prai.g_01904	Syaf.g_00604
OG0000992	Prai.g_01906	Syaf.g_00601
OG0000993	Prai.g_01907	Syaf.g_00600
OG0000994	Prai.g_01908	Syaf.g_00597
OG0000995	Prai.g_01912	Syaf.g_00592
OG0000996	Prai.g_01913	Syaf.g_00543
OG0000997	Prai.g_01914	Syaf.g_00532
OG0000998	Prai.g_01916	Syaf.g_00530
OG0000999	Prai.g_01917	Syaf.g_00529
OG0001000	Prai.g_01920	Syaf.g_00526
OG0001001	Prai.g_01922	Syaf.g_00521
OG0001002	Prai.g_01926	Syaf.g_00515
OG0001003	Prai.g_01928	Syaf.g_00514
OG0001004	Prai.g_01929	Syaf.g_00513
OG0001005	Prai.g_01930	Syaf.g_00510
OG0001006	Prai.g_01934	Syaf.g_00500
OG0001007	Prai.g_01936	Syaf.g_00498
OG0001008	Prai.g_00468	Syaf.g_01215
OG0001009	Prai.g_00027	Syaf.g_00466
OG0001010	Prai.g_00028	Syaf.g_00465
OG0001011	Prai.g_00029	Syaf.g_00463
OG0001012	Prai.g_00050	Syaf.g_00649
OG0001013	Prai.g_00055	Syaf.g_00669
OG0001014	Prai.g_00058	Syaf.g_00691
OG0001015	Prai.g_00059	Syaf.g_00692
OG0001016	Prai.g_00073	Syaf.g_00958
OG0001017	Prai.g_00077	Syaf.g_00952
OG0001018	Prai.g_00080	Syaf.g_00950
OG0001019	Prai.g_00089	Syaf.g_00931
OG0001020	Prai.g_00090	Syaf.g_00926
OG0001021	Prai.g_00091	Syaf.g_00922
OG0001022	Prai.g_00094	Syaf.g_00918
OG0001023	Prai.g_00095	Syaf.g_00917
OG0001024	Prai.g_00098	Syaf.g_00913
OG0001025	Prai.g_00104	Syaf.g_00906
OG0001026	Prai.g_00111	Syaf.g_00893
OG0001027	Prai.g_00112	Syaf.g_00884
OG0001028	Prai.g_00114	Syaf.g_00882
OG0001029	Prai.g_00115	Syaf.g_00880
OG0001030	Prai.g_00130	Syaf.g_00860
OG0001031	Prai.g_00197	Syaf.g_00784
OG0001032	Prai.g_00198	Syaf.g_00781
OG0001034	Prai.g_00247	Syaf.g_02787
OG0001035	Prai.g_00267	Syaf.g_00207
OG0001036	Prai.g_00272	Syaf.g_00212
OG0001037	Prai.g_00273	Syaf.g_00214
OG0001038	Prai.g_00291	Syaf.g_00242
OG0001039	Prai.g_00294	Syaf.g_00245
OG0001040	Prai.g_00296	Syaf.g_00248
OG0001041	Prai.g_00300	Syaf.g_00253
OG0001042	Prai.g_00317	Syaf.g_00275
OG0001043	Prai.g_00318	Syaf.g_00279
OG0001045	Prai.g_00355	Syaf.g_00011
OG0001046	Prai.g_00390	Syaf.g_01894
OG0001047	Prai.g_00470	Syaf.g_01217
OG0001048	Prai.g_00471	Syaf.g_01218
OG0001049	Prai.g_00473	Syaf.g_01226
OG0001050	Prai.g_00474	Syaf.g_01227
OG0001051	Prai.g_00475	Syaf.g_01228
OG0001052	Prai.g_00501	Syaf.g_02502
OG0001053	Prai.g_00513	Syaf.g_02718
OG0001054	Prai.g_00528	Syaf.g_02701
OG0001056	Prai.g_00564	Syaf.g_02649
OG0001057	Prai.g_00569	Syaf.g_02638
OG0001058	Prai.g_00577	Syaf.g_02624
OG0001059	Prai.g_00581	Syaf.g_02620
OG0001060	Prai.g_00588	Syaf.g_02614
OG0001061	Prai.g_00602	Syaf.g_02590
OG0001062	Prai.g_00604	Syaf.g_02588
OG0001063	Prai.g_00606	Syaf.g_02583
OG0001064	Prai.g_00607	Syaf.g_02582
OG0001065	Prai.g_00608	Syaf.g_02581
OG0001066	Prai.g_00609	Syaf.g_02580
OG0001067	Prai.g_00610	Syaf.g_02579
OG0001068	Prai.g_00611	Syaf.g_02578
OG0001069	Prai.g_00612	Syaf.g_02577
OG0001070	Prai.g_00615	Syaf.g_02574
OG0001071	Prai.g_00616	Syaf.g_02573
OG0001072	Prai.g_00618	Syaf.g_02569
OG0001073	Prai.g_00632	Syaf.g_02555
OG0001074	Prai.g_00643	Syaf.g_02365
OG0001075	Prai.g_00644	Syaf.g_02363
OG0001076	Prai.g_00653	Syaf.g_02337
OG0001077	Prai.g_00657	Syaf.g_02325
OG0001078	Prai.g_00665	Syaf.g_02309
OG0001079	Prai.g_00676	Syaf.g_02296
OG0001080	Prai.g_00682	Syaf.g_01740
OG0001081	Prai.g_00684	Syaf.g_02144
OG0001082	Prai.g_00685	Syaf.g_02143
OG0001083	Prai.g_00690	Syaf.g_02136
OG0001084	Prai.g_00691	Syaf.g_02135
OG0001085	Prai.g_00699	Syaf.g_02125
OG0001086	Prai.g_00700	Syaf.g_02123
OG0001087	Prai.g_00717	Syaf.g_01482
OG0001088	Prai.g_00718	Syaf.g_01478
OG0001089	Prai.g_00726	Syaf.g_01453
OG0001090	Prai.g_00749	Syaf.g_01981
OG0001091	Prai.g_00751	Syaf.g_01979
OG0001092	Prai.g_00752	Syaf.g_01977
OG0001093	Prai.g_00757	Syaf.g_01971
OG0001094	Prai.g_00854	Syaf.g_02055
OG0001095	Prai.g_00834	Syaf.g_02034
OG0001096	Prai.g_00821	Syaf.g_02018
OG0001097	Prai.g_00802	Syaf.g_01373
OG0001098	Prai.g_00787	Syaf.g_01743
OG0001099	Prai.g_01057	Syaf.g_00881
OG0001100	Prai.g_01053	Syaf.g_02110
OG0001101	Prai.g_01051	Syaf.g_02109
OG0001102	Prai.g_01049	Syaf.g_02106
OG0001103	Prai.g_01047	Syaf.g_02104
OG0001104	Prai.g_01026	Syaf.g_02071
OG0001105	Prai.g_01022	Syaf.g_02067
OG0001106	Prai.g_00998	Syaf.g_01847
OG0001107	Prai.g_00991	Syaf.g_01859
OG0001108	Prai.g_00987	Syaf.g_01868
OG0001109	Prai.g_00986	Syaf.g_01877
OG0001110	Prai.g_00984	Syaf.g_01879
OG0001111	Prai.g_00983	Syaf.g_01881
OG0001112	Prai.g_00982	Syaf.g_01883
OG0001113	Prai.g_00981	Syaf.g_01884
OG0001114	Prai.g_00980	Syaf.g_01885
OG0001115	Prai.g_00978	Syaf.g_01889
OG0001116	Prai.g_00977	Syaf.g_01891
OG0001117	Prai.g_00976	Syaf.g_01892
OG0001118	Prai.g_00975	Syaf.g_01893
OG0001119	Prai.g_00974	Syaf.g_01895
OG0001120	Prai.g_00972	Syaf.g_01899
OG0001122	Prai.g_00945	Syaf.g_01927
OG0001124	Prai.g_00940	Syaf.g_01936
OG0001125	Prai.g_00939	Syaf.g_01938
OG0001126	Prai.g_00929	Syaf.g_01409
OG0001127	Prai.g_00928	Syaf.g_01410
OG0001128	Prai.g_00926	Syaf.g_01413
OG0001129	Prai.g_00925	Syaf.g_01415
OG0001130	Prai.g_00924	Syaf.g_01416
OG0001131	Prai.g_01088	Syaf.g_02090
OG0001132	Prai.g_01098	Syaf.g_01722
OG0001133	Prai.g_01130	Syaf.g_02334
OG0001134	Prai.g_01143	Syaf.g_01616
OG0001135	Prai.g_01146	Syaf.g_01618
OG0001137	Prai.g_01179	Syaf.g_01306
OG0001138	Prai.g_01198	Syaf.g_01596
OG0001139	Prai.g_01200	Syaf.g_01594
OG0001140	Prai.g_01201	Syaf.g_01593
OG0001141	Prai.g_01202	Syaf.g_01592
OG0001142	Prai.g_01203	Syaf.g_01591
OG0001143	Prai.g_01210	Syaf.g_01583
OG0001144	Prai.g_01215	Syaf.g_01573
OG0001145	Prai.g_01326	Syaf.g_01267
OG0001146	Prai.g_01339	Syaf.g_01248
OG0001147	Prai.g_01357	Syaf.g_02489
OG0001148	Prai.g_01372	Syaf.g_02735
OG0001149	Prai.g_01373	Syaf.g_02736
OG0001150	Prai.g_01374	Syaf.g_02737
OG0001151	Prai.g_01385	Syaf.g_02750
OG0001152	Prai.g_01386	Syaf.g_02751
OG0001153	Prai.g_01494	Syaf.g_02463
OG0001154	Prai.g_01495	Syaf.g_02464
OG0001155	Prai.g_01507	Syaf.g_01107
OG0001156	Prai.g_01510	Syaf.g_01104
OG0001157	Prai.g_01511	Syaf.g_01103
OG0001158	Prai.g_01512	Syaf.g_01102
OG0001159	Prai.g_01513	Syaf.g_01101
OG0001160	Prai.g_01537	Syaf.g_01058
OG0001161	Prai.g_01550	Syaf.g_00617
OG0001162	Prai.g_01563	Syaf.g_02015
OG0001163	Prai.g_01630	Syaf.g_01050
OG0001164	Prai.g_01634	Syaf.g_01044
OG0001165	Prai.g_01637	Syaf.g_01039
OG0001166	Prai.g_01657	Syaf.g_01010
OG0001167	Prai.g_01674	Syaf.g_01182
OG0001168	Prai.g_01676	Syaf.g_01180
OG0001169	Prai.g_01678	Syaf.g_01178
OG0001170	Prai.g_01680	Syaf.g_01176
OG0001171	Prai.g_01689	Syaf.g_01166
OG0001172	Prai.g_01704	Syaf.g_00173
OG0001173	Prai.g_01705	Syaf.g_00172
OG0001174	Prai.g_01713	Syaf.g_00164
OG0001175	Prai.g_01714	Syaf.g_00163
OG0001176	Prai.g_01721	Syaf.g_00142
OG0001177	Prai.g_01724	Syaf.g_00144
OG0001178	Prai.g_01729	Syaf.g_01028
OG0001179	Prai.g_01761	Syaf.g_00112
OG0001180	Prai.g_01788	Syaf.g_00087
OG0001181	Prai.g_01792	Syaf.g_00083
OG0001182	Prai.g_01799	Syaf.g_00074
OG0001184	Prai.g_01819	Syaf.g_00360
OG0001185	Prai.g_01833	Syaf.g_00382
OG0001186	Prai.g_01856	Syaf.g_00418
OG0001187	Prai.g_01862	Syaf.g_00422
OG0001188	Prai.g_01864	Syaf.g_00425
OG0001189	Prai.g_01881	Syaf.g_00441
OG0001190	Prai.g_01885	Syaf.g_00646
OG0001191	Prai.g_01895	Syaf.g_00635
OG0001192	Prai.g_01899	Syaf.g_00630
OG0001193	Prai.g_01909	Syaf.g_00596
OG0001194	Prai.g_01910	Syaf.g_00594
OG0001195	Prai.g_01911	Syaf.g_00593
OG0001196	Prai.g_01924	Syaf.g_00519
OG0001197	Prai.g_01925	Syaf.g_00517
OG0001198	Prai.g_01933	Syaf.g_00501
OG0001199	Prai.g_00074	Syaf.g_00957
OG0001200	Prai.g_00076	Syaf.g_00955
OG0001201	Prai.g_00108	Syaf.g_00902
OG0001202	Prai.g_00210	Syaf.g_00764
OG0001203	Prai.g_00249	Syaf.g_02785
OG0001204	Prai.g_00256	Syaf.g_00185
OG0001205	Prai.g_00476	Syaf.g_01229
OG0001206	Prai.g_00493	Syaf.g_02530
OG0001207	Prai.g_00507	Syaf.g_02732
OG0001208	Prai.g_00512	Syaf.g_02719
OG0001209	Prai.g_00563	Syaf.g_02651
OG0001210	Prai.g_00568	Syaf.g_02642
OG0001211	Prai.g_00578	Syaf.g_02623
OG0001212	Prai.g_00624	Syaf.g_02563
OG0001213	Prai.g_00658	Syaf.g_02324
OG0001214	Prai.g_00666	Syaf.g_02308
OG0001215	Prai.g_00719	Syaf.g_01477
OG0001216	Prai.g_00750	Syaf.g_01980
OG0001217	Prai.g_00894	Syaf.g_02237
OG0001218	Prai.g_00887	Syaf.g_02473
OG0001219	Prai.g_00858	Syaf.g_01796
OG0001220	Prai.g_00795	Syaf.g_01335
OG0001221	Prai.g_01035	Syaf.g_02087
OG0001222	Prai.g_00997	Syaf.g_01848
OG0001223	Prai.g_00971	Syaf.g_01902
OG0001224	Prai.g_00922	Syaf.g_01438
OG0001225	Prai.g_00920	Syaf.g_01440
OG0001226	Prai.g_01083	Syaf.g_02262
OG0001227	Prai.g_01101	Syaf.g_00614
OG0001228	Prai.g_01218	Syaf.g_01223
OG0001229	Prai.g_01368	Syaf.g_01464
OG0001230	Prai.g_01455	Syaf.g_02404
OG0001231	Prai.g_01560	Syaf.g_00481
OG0001232	Prai.g_01661	Syaf.g_01000
OG0001234	Prai.g_01716	Syaf.g_00159
OG0001235	Prai.g_01726	Syaf.g_00150
OG0001236	Prai.g_01816	Syaf.g_00357
OG0001237	Prai.g_01820	Syaf.g_00362
OG0001238	Prai.g_01896	Syaf.g_00634
OG0001239	Prai.g_00071	Syaf.g_00960
OG0001240	Prai.g_00093	Syaf.g_00919
OG0001241	Prai.g_00101	Syaf.g_00909
OG0001242	Prai.g_00119	Syaf.g_00874
OG0001243	Prai.g_00125	Syaf.g_00867
OG0001244	Prai.g_00141	Syaf.g_00836
OG0001246	Prai.g_00534	Syaf.g_02693
OG0001247	Prai.g_00712	Syaf.g_02004
OG0001248	Prai.g_00714	Syaf.g_02012
OG0001250	Prai.g_00806	Syaf.g_01377
OG0001252	Prai.g_00927	Syaf.g_01412
OG0001254	Prai.g_01145	Syaf.g_01617
OG0001255	Prai.g_01156	Syaf.g_01070
OG0001256	Prai.g_01553	Syaf.g_01051
OG0001257	Prai.g_01559	Syaf.g_02534
OG0001258	Prai.g_01635	Syaf.g_01041
OG0001259	Prai.g_01679	Syaf.g_01177
OG0001260	Prai.g_01695	Syaf.g_01155
OG0001261	Prai.g_01769	Syaf.g_00103
OG0001262	Prai.g_01879	Syaf.g_00439
OG0001263	Prai.g_00128	Syaf.g_00864
OG0001265	Prai.g_00118	Syaf.g_00876
OG0001266	Prai.g_00214	Syaf.g_00760
OG0001267	Prai.g_00293	Syaf.g_00244
OG0001268	Prai.g_00352	Syaf.g_00017
OG0001269	Prai.g_00372	Syaf.g_01653
OG0001270	Prai.g_00465	Syaf.g_01210
OG0001271	Prai.g_00502	Syaf.g_02501
OG0001272	Prai.g_00516	Syaf.g_02715
OG0001273	Prai.g_00660	Syaf.g_02315
OG0001275	Prai.g_00961	Syaf.g_01917
OG0001276	Prai.g_00942	Syaf.g_01933
OG0001277	Prai.g_01090	Syaf.g_00533
OG0001278	Prai.g_01223	Syaf.g_01562
OG0001279	Prai.g_01583	Syaf.g_02385
OG0001280	Prai.g_01334	Syaf.g_01257
OG0001281	Prai.g_01340	Syaf.g_01247
OG0001282	Prai.g_01371	Syaf.g_02734
OG0001284	Prai.g_01532	Syaf.g_01073
OG0001285	Prai.g_01664	Syaf.g_00568
OG0001286	Prai.g_01786	Syaf.g_00089
OG0001287	Prai.g_01840	Syaf.g_00390
OG0001288	Prai.g_01849	Syaf.g_00408
OG0001289	Prai.g_00087	Syaf.g_00935
OG0001290	Prai.g_00100	Syaf.g_00910
OG0001291	Prai.g_00135	Syaf.g_00853
OG0001292	Prai.g_00261	Syaf.g_00191
OG0001293	Prai.g_00274	Syaf.g_00217
OG0001294	Prai.g_00389	Syaf.g_02124
OG0001295	Prai.g_00498	Syaf.g_02637
OG0001296	Prai.g_00539	Syaf.g_02687
OG0001298	Prai.g_00605	Syaf.g_02584
OG0001299	Prai.g_00695	Syaf.g_02130
OG0001300	Prai.g_00722	Syaf.g_01468
OG0001301	Prai.g_00725	Syaf.g_01454
OG0001302	Prai.g_00860	Syaf.g_02279
OG0001304	Prai.g_00933	Syaf.g_01950
OG0001305	Prai.g_00914	Syaf.g_01448
OG0001306	Prai.g_01158	Syaf.g_01272
OG0001307	Prai.g_01354	Syaf.g_01638
OG0001308	Prai.g_01473	Syaf.g_02427
OG0001309	Prai.g_01557	Syaf.g_02678
OG0001310	Prai.g_01650	Syaf.g_01018
OG0001312	Prai.g_01008	Syaf.g_01809
OG0001314	Prai.g_00439	Syaf.g_01531, Syaf.g_01991, Syaf.g_02275
OG0001315	Prai.g_00061	Syaf.g_00071
OG0001316	Prai.g_00140	Syaf.g_00847
OG0001317	Prai.g_00245	Syaf.g_02790
OG0001318	Prai.g_00269	Syaf.g_00209
OG0001321	Prai.g_00482	Syaf.g_01238
OG0001322	Prai.g_00483	Syaf.g_01239
OG0001323	Prai.g_00548	Syaf.g_02675
OG0001324	Prai.g_00723	Syaf.g_01467
OG0001325	Prai.g_00753	Syaf.g_01976
OG0001327	Prai.g_01075	Syaf.g_02116
OG0001328	Prai.g_01100	Syaf.g_02094
OG0001330	Prai.g_01309	Syaf.g_01264
OG0001331	Prai.g_01376	Syaf.g_02739
OG0001333	Prai.g_01675	Syaf.g_01181
OG0001334	Prai.g_01806	Syaf.g_00060
OG0001335	Prai.g_01807	Syaf.g_00059
OG0001336	Prai.g_01921	Syaf.g_00523
OG0001339	Prai.g_00103	Syaf.g_00907
OG0001340	Prai.g_00341	Syaf.g_00039
OG0001341	Prai.g_00897	Syaf.g_01463
OG0001343	Prai.g_01062	Syaf.g_00590
OG0001344	Prai.g_01175	Syaf.g_01294
OG0001345	Prai.g_01190	Syaf.g_01323
OG0001346	Prai.g_01336	Syaf.g_01253
OG0001348	Prai.g_01587	Syaf.g_01396
OG0001349	Prai.g_01407	Syaf.g_00995
OG0001351	Prai.g_00485	Syaf.g_02539
OG0001352	Prai.g_00709	Syaf.g_02661
OG0001353	Prai.g_00815	Syaf.g_01388
OG0001358	Prai.g_00649	Syaf.g_02341
OG0001359	Prai.g_01061	Syaf.g_00591
OG0001360	Prai.g_01103	Syaf.g_01325
OG0001361	Prai.g_01187	Syaf.g_01320
OG0001362	Prai.g_01477	Syaf.g_02432
OG0001363	Prai.g_01479	Syaf.g_02434
OG0001364	Prai.g_01809	Syaf.g_00338
OG0001371	Prai.g_00708	Syaf.g_00397
OG0001372	Prai.g_00909	Syaf.g_01682
OG0001375	Prai.g_01063	Syaf.g_00589
OG0001376	Prai.g_01069	Syaf.g_00626
OG0001377	Prai.g_01070	Syaf.g_00627
OG0001378	Prai.g_01112	Syaf.g_01209
OG0001394	Prai.g_01031	Syaf.g_02081
OG0001395	Prai.g_00931	Syaf.g_01958
OG0001397	Prai.g_01478	Syaf.g_02433
OG0001398	Prai.g_01601	Syaf.g_01758
OG0001399	Prai.g_01718	Syaf.g_00697
OG0001404	Prai.g_00068	Syaf.g_00964
OG0001405	Prai.g_00339	Syaf.g_00057
OG0001406	Prai.g_01068	Syaf.g_00625
OG0001407	Prai.g_01081	Syaf.g_02660
OG0001408	Prai.g_01086	Syaf.g_01546
OG0001410	Prai.g_01355	Syaf.g_01639
OG0001413	Prai.g_01547	Syaf.g_02344, Syaf.g_02267
OG0001416	Prai.g_00490	Syaf.g_01250
OG0001417	Prai.g_00500	Syaf.g_01887
OG0001419	Prai.g_01082	Syaf.g_02659
OG0001420	Prai.g_01122	Syaf.g_02664
OG0001421	Prai.g_01554	Syaf.g_01721
OG0001428	Prai.g_00183	Syaf.g_00804
OG0001432	Prai.g_01545	Syaf.g_01492
OG0001438	Prai.g_00306	Syaf.g_00259
OG0001439	Prai.g_00320	Syaf.g_00283
OG0001441	Prai.g_00550	Syaf.g_02673
OG0001443	Prai.g_01602	Syaf.g_00621
OG0001447	Prai.g_00126	Syaf.g_00866
OG0001448	Prai.g_00380	Syaf.g_00612
OG0001449	Prai.g_00413	Syaf.g_00182
OG0001451	Prai.g_00786	Syaf.g_02183
OG0001452	Prai.g_01058	Syaf.g_00204
OG0001453	Prai.g_00967	Syaf.g_01909
OG0001454	Prai.g_01096	Syaf.g_02263
OG0001459	Prai.g_01552	Syaf.g_01643
OG0001462	Prai.g_00034	Syaf.g_00455
OG0001465	Prai.g_00731	Syaf.g_02000
OG0001467	Prai.g_00868	Syaf.g_02280
OG0001468	Prai.g_01073	Syaf.g_02278
OG0001470	Prai.g_01433	Syaf.g_01206
OG0001471	Prai.g_01548	Syaf.g_00276
OG0001473	Prai.g_01857	Syaf.g_02282
OG0001474	Prai.g_00353	Syaf.g_00016
OG0001475	Prai.g_00152	Syaf.g_01204
OG0001477	Prai.g_01254	Syaf.g_01457
OG0001480	Prai.g_00382	Syaf.g_01334
OG0001482	Prai.g_00488	Syaf.g_01897
OG0001484	Prai.g_00893	Syaf.g_00570
OG0001492	Prai.g_01220	Syaf.g_01565
OG0001493	Prai.g_01228	Syaf.g_01555
OG0001495	Prai.g_01723	Syaf.g_00145
OG0001496	Prai.g_01252	Syaf.g_01459
OG0001497	Prai.g_01253	Syaf.g_01458
OG0001502	Prai.g_00877	Syaf.g_01341
OG0001507	Prai.g_01245	Syaf.g_01664
OG0001508	Prai.g_01432	Syaf.g_01207
OG0001514	Prai.g_01251	Syaf.g_01460
OG0001520	Prai.g_00406	Syaf.g_02600
OG0001522	Prai.g_00814	Syaf.g_01387
OG0001527	Prai.g_00591	Syaf.g_02609
OG0001532	Prai.g_01199	Syaf.g_01595
OG0001547	Prai.g_00875	Syaf.g_01777
OG0001548	Prai.g_00871	Syaf.g_02258
OG0001549	Prai.g_00788	Syaf.g_01326
OG0001552	Prai.g_01237	Syaf.g_02761, Syaf.g_02762
OG0001554	Prai.g_01555	Syaf.g_00648
OG0001555	Prai.g_01569	Syaf.g_01698
OG0001562	Prai.g_00949	Syaf.g_01923
OG0001567	Prai.g_00876	Syaf.g_01776
OG0001568	Prai.g_00874	Syaf.g_01779
OG0001570	Prai.g_01255	Syaf.g_00978
OG0001582	Prai.g_00499	Syaf.g_01865
OG0001602	Prai.g_00730	Syaf.g_02001
OG0001625	Prai.g_00271	Syaf.g_00211
OG0001633	Prai.g_01367	Syaf.g_01528, Syaf.g_02381
OG0001634	Prai.g_01582	Syaf.g_02127
OG0001647	Prai.g_00285	Syaf.g_00234
OG0001712	Prai.g_00427	Syaf.g_01712
OG0001726	Prai.g_00425	Syaf.g_01751
OG0001924	Prai.g_01283	Syaf.g_02355
OG0001925	Prai.g_01284	Syaf.g_02356
OG0001926	Prai.g_01285	Syaf.g_02357
OG0001927	Prai.g_01286	Syaf.g_02362
OG0001993	Prai.g_01281	Syaf.g_02353
OG0001994	Prai.g_01282	Syaf.g_02354
OG0002106	Prai.g_00396	Syaf.g_02774
OG0002244	Prai.g_01244	Syaf.g_01663
OG0002396	Prai.g_01745	Syaf.g_00128
OG0002451	Prai.g_01242	Syaf.g_01674, Syaf.g_02152
OG0002890	Prai.g_01608	Syaf.g_01125, Syaf.g_02006
OG0002916	Prai.g_01413	Syaf.g_00698
