Orthogroup	Syaj	Prav
OG0000001	Syaj.g_02674, Syaj.g_01948, Syaj.g_01947, Syaj.g_01949, Syaj.g_01952, Syaj.g_01950, Syaj.g_02660	Prav.g_01458
OG0000002	Syaj.g_02667	Prav.g_01466, Prav.g_01276
OG0000004	Syaj.g_00441	Prav.g_01293
OG0000004	Syaj.g_01314, Syaj.g_02853	Prav.g_00806
OG0000005	Syaj.g_01736	Prav.g_01774
OG0000005	Syaj.g_01698	Prav.g_01654
OG0000006	Syaj.g_02635	Prav.g_02001
OG0000007	Syaj.g_00091	Prav.g_01095
OG0000007	Syaj.g_01721	Prav.g_01761
OG0000008	Syaj.g_00496	Prav.g_01749
OG0000008	Syaj.g_00497	Prav.g_01750
OG0000009	Syaj.g_01069	Prav.g_01688
OG0000009	Syaj.g_01885	Prav.g_00170
OG0000010	Syaj.g_01445	Prav.g_00218
OG0000011	Syaj.g_01133	Prav.g_01014, Prav.g_01407
OG0000012	Syaj.g_01306, Syaj.g_00003, Syaj.g_01793, Syaj.g_00831, Syaj.g_00172	Prav.g_01221
OG0000013	Syaj.g_02774, Syaj.g_02782, Syaj.g_02769	Prav.g_01973
OG0000014	Syaj.g_02522	Prav.g_01952
OG0000015	Syaj.g_02242, Syaj.g_00725, Syaj.g_02659	Prav.g_00363, Prav.g_00961
OG0000016	Syaj.g_02276	Prav.g_00081
OG0000016	Syaj.g_01191	Prav.g_01385
OG0000017	Syaj.g_00248, Syaj.g_00255	Prav.g_01194
OG0000018	Syaj.g_01413	Prav.g_00046
OG0000019	Syaj.g_02613	Prav.g_01896, Prav.g_00375
OG0000021	Syaj.g_00982, Syaj.g_00042	Prav.g_00984
OG0000022	Syaj.g_01220	Prav.g_00029
OG0000023	Syaj.g_00829, Syaj.g_01791	Prav.g_00979
OG0000024	Syaj.g_00500	Prav.g_00343, Prav.g_01273
OG0000025	Syaj.g_00383	Prav.g_01977, Prav.g_00431
OG0000026	Syaj.g_02298	Prav.g_01324, Prav.g_00099, Prav.g_00226
OG0000027	Syaj.g_00396	Prav.g_01068, Prav.g_01416
OG0000028	Syaj.g_02506	Prav.g_01885, Prav.g_01966
OG0000029	Syaj.g_01229	Prav.g_00350
OG0000030	Syaj.g_02396, Syaj.g_02395	Prav.g_00699
OG0000034	Syaj.g_01959	Prav.g_01448
OG0000035	Syaj.g_01378	Prav.g_01578
OG0000037	Syaj.g_01891, Syaj.g_02902	Prav.g_00174
OG0000038	Syaj.g_02115	Prav.g_00739
OG0000039	Syaj.g_00392, Syaj.g_00275	Prav.g_01284
OG0000040	Syaj.g_02208	Prav.g_00045
OG0000041	Syaj.g_01602, Syaj.g_00418	Prav.g_01808
OG0000042	Syaj.g_02399	Prav.g_00696
OG0000047	Syaj.g_02799	Prav.g_01976
OG0000048	Syaj.g_02578	Prav.g_00993
OG0000050	Syaj.g_01242	Prav.g_01013
OG0000050	Syaj.g_01584	Prav.g_00247
OG0000051	Syaj.g_02898	Prav.g_01410
OG0000053	Syaj.g_01409	Prav.g_01598
OG0000054	Syaj.g_01341	Prav.g_01202
OG0000055	Syaj.g_00394	Prav.g_00376
OG0000056	Syaj.g_01081, Syaj.g_00880, Syaj.g_01082, Syaj.g_00533, Syaj.g_01676, Syaj.g_00546, Syaj.g_00879, Syaj.g_00462, Syaj.g_01088, Syaj.g_00360, Syaj.g_01093, Syaj.g_00962, Syaj.g_00985, Syaj.g_02864, Syaj.g_01794	Prav.g_00106, Prav.g_00107, Prav.g_01421
OG0000057	Syaj.g_00438	Prav.g_01296
OG0000059	Syaj.g_02686	Prav.g_00292
OG0000060	Syaj.g_01469, Syaj.g_00067, Syaj.g_00635	Prav.g_00964
OG0000061	Syaj.g_00302	Prav.g_00065
OG0000062	Syaj.g_01700	Prav.g_01656
OG0000063	Syaj.g_02302	Prav.g_00101
OG0000065	Syaj.g_01887, Syaj.g_00007	Prav.g_00172
OG0000066	Syaj.g_00157	Prav.g_01137
OG0000067	Syaj.g_01023	Prav.g_00397
OG0000068	Syaj.g_00059	Prav.g_01473
OG0000070	Syaj.g_01529	Prav.g_01049
OG0000071	Syaj.g_01511	Prav.g_01438
OG0000072	Syaj.g_01992	Prav.g_00867
OG0000073	Syaj.g_00093	Prav.g_01097
OG0000075	Syaj.g_02457	Prav.g_00665
OG0000076	Syaj.g_02417	Prav.g_00689
OG0000077	Syaj.g_01831	Prav.g_00143
OG0000078	Syaj.g_02880	Prav.g_00799
OG0000079	Syaj.g_02609	Prav.g_01899
OG0000081	Syaj.g_02888	Prav.g_01129
OG0000082	Syaj.g_00229	Prav.g_01182
OG0000084	Syaj.g_01375	Prav.g_01574
OG0000085	Syaj.g_01707	Prav.g_01754
OG0000086	Syaj.g_01848	Prav.g_00153
OG0000087	Syaj.g_01945	Prav.g_00204
OG0000088	Syaj.g_01986	Prav.g_00872
OG0000089	Syaj.g_02829, Syaj.g_01915	Prav.g_00975
OG0000090	Syaj.g_00144	Prav.g_01131
OG0000091	Syaj.g_01275	Prav.g_01240
OG0000092	Syaj.g_00339	Prav.g_01735
OG0000093	Syaj.g_01042	Prav.g_00525
OG0000094	Syaj.g_00804	Prav.g_00914
OG0000095	Syaj.g_00427	Prav.g_00933
OG0000097	Syaj.g_00589	Prav.g_01840
OG0000098	Syaj.g_02671	Prav.g_01455
OG0000099	Syaj.g_02503	Prav.g_01514
OG0000100	Syaj.g_00987	Prav.g_01652
OG0000101	Syaj.g_02738	Prav.g_00632
OG0000102	Syaj.g_02411	Prav.g_00694
OG0000103	Syaj.g_02243	Prav.g_00773
OG0000104	Syaj.g_02258	Prav.g_00782
OG0000105	Syaj.g_02573	Prav.g_01920
OG0000106	Syaj.g_01130	Prav.g_00989
OG0000107	Syaj.g_02637	Prav.g_01001
OG0000108	Syaj.g_00072	Prav.g_01078
OG0000109	Syaj.g_00087	Prav.g_01092
OG0000110	Syaj.g_00215	Prav.g_01172
OG0000111	Syaj.g_00437	Prav.g_01297
OG0000112	Syaj.g_00907	Prav.g_00364
OG0000113	Syaj.g_00992	Prav.g_00419
OG0000114	Syaj.g_00741	Prav.g_00499
OG0000115	Syaj.g_01402	Prav.g_00010
OG0000116	Syaj.g_00289	Prav.g_00055
OG0000117	Syaj.g_00637	Prav.g_01390
OG0000118	Syaj.g_00267	Prav.g_01450
OG0000119	Syaj.g_00317	Prav.g_01469
OG0000120	Syaj.g_02502	Prav.g_01513
OG0000121	Syaj.g_01383	Prav.g_01580
OG0000122	Syaj.g_01250	Prav.g_01618
OG0000123	Syaj.g_02745	Prav.g_00639
OG0000124	Syaj.g_02388	Prav.g_00705
OG0000125	Syaj.g_02117	Prav.g_00741
OG0000126	Syaj.g_02256	Prav.g_00781
OG0000128	Syaj.g_02274	Prav.g_00079
OG0000129	Syaj.g_02106	Prav.g_00115
OG0000130	Syaj.g_01818	Prav.g_00134
OG0000131	Syaj.g_01964	Prav.g_00212
OG0000132	Syaj.g_00688, Syaj.g_01984	Prav.g_00874
OG0000133	Syaj.g_00902	Prav.g_01968
OG0000134	Syaj.g_02832	Prav.g_00976
OG0000135	Syaj.g_02167	Prav.g_00999
OG0000136	Syaj.g_01550	Prav.g_01040
OG0000137	Syaj.g_01444	Prav.g_01073
OG0000138	Syaj.g_00088, Syaj.g_02631	Prav.g_01093
OG0000139	Syaj.g_00150	Prav.g_01135
OG0000140	Syaj.g_00153	Prav.g_01136
OG0000141	Syaj.g_01340	Prav.g_01203
OG0000142	Syaj.g_01283	Prav.g_01233
OG0000143	Syaj.g_01279	Prav.g_01237
OG0000144	Syaj.g_01151	Prav.g_01250
OG0000145	Syaj.g_00094	Prav.g_00362
OG0000146	Syaj.g_00908	Prav.g_00365
OG0000147	Syaj.g_00909	Prav.g_00366
OG0000148	Syaj.g_01003, Syaj.g_01002	Prav.g_00413
OG0000149	Syaj.g_00369	Prav.g_00443
OG0000150	Syaj.g_01339, Syaj.g_00154	Prav.g_00451
OG0000151	Syaj.g_01074	Prav.g_00509
OG0000152	Syaj.g_00898	Prav.g_00556
OG0000153	Syaj.g_00842	Prav.g_00575
OG0000154	Syaj.g_00814	Prav.g_00907
OG0000155	Syaj.g_00338	Prav.g_01861
OG0000156	Syaj.g_00282	Prav.g_01427
OG0000157	Syaj.g_00281	Prav.g_01428
OG0000158	Syaj.g_02445	Prav.g_01505
OG0000160	Syaj.g_01382	Prav.g_01579
OG0000161	Syaj.g_01389	Prav.g_01585
OG0000162	Syaj.g_01395	Prav.g_01591
OG0000163	Syaj.g_01639	Prav.g_01625
OG0000164	Syaj.g_01758	Prav.g_01785
OG0000165	Syaj.g_01582	Prav.g_01792
OG0000166	Syaj.g_02698	Prav.g_00596
OG0000167	Syaj.g_02460	Prav.g_00663
OG0000168	Syaj.g_02444	Prav.g_00673
OG0000169	Syaj.g_02431, Syaj.g_02429	Prav.g_00683
OG0000170	Syaj.g_02422	Prav.g_00685
OG0000171	Syaj.g_02389	Prav.g_00704
OG0000172	Syaj.g_02365	Prav.g_00712
OG0000173	Syaj.g_02321	Prav.g_00727
OG0000174	Syaj.g_02169	Prav.g_00755
OG0000175	Syaj.g_02229	Prav.g_00765
OG0000176	Syaj.g_02266	Prav.g_00790
OG0000177	Syaj.g_02267	Prav.g_00791
OG0000178	Syaj.g_02268	Prav.g_00792
OG0000179	Syaj.g_02283	Prav.g_00084
OG0000180	Syaj.g_02284	Prav.g_00085
OG0000181	Syaj.g_02285	Prav.g_00086
OG0000182	Syaj.g_02286	Prav.g_00087
OG0000183	Syaj.g_02290	Prav.g_00091
OG0000184	Syaj.g_02098	Prav.g_00117
OG0000185	Syaj.g_02087	Prav.g_00120
OG0000186	Syaj.g_01812	Prav.g_00129
OG0000187	Syaj.g_01814	Prav.g_00130
OG0000188	Syaj.g_01837	Prav.g_00147
OG0000189	Syaj.g_01874	Prav.g_00161
OG0000190	Syaj.g_01876	Prav.g_00162
OG0000191	Syaj.g_01910	Prav.g_00182
OG0000192	Syaj.g_01919	Prav.g_00186
OG0000193	Syaj.g_01965	Prav.g_00213
OG0000194	Syaj.g_01968	Prav.g_00216
OG0000195	Syaj.g_01971	Prav.g_00887
OG0000196	Syaj.g_01981	Prav.g_00877
OG0000197	Syaj.g_01982	Prav.g_00876
OG0000198	Syaj.g_01983	Prav.g_00875
OG0000199	Syaj.g_01991	Prav.g_00868
OG0000200	Syaj.g_02008	Prav.g_00854
OG0000201	Syaj.g_02024	Prav.g_00846
OG0000202	Syaj.g_02025	Prav.g_00845
OG0000203	Syaj.g_02026	Prav.g_00844
OG0000204	Syaj.g_02027	Prav.g_00843
OG0000205	Syaj.g_02035	Prav.g_00836
OG0000206	Syaj.g_02043	Prav.g_00831
OG0000207	Syaj.g_02045	Prav.g_00829
OG0000208	Syaj.g_02046	Prav.g_00828
OG0000209	Syaj.g_02070	Prav.g_00819
OG0000210	Syaj.g_02071	Prav.g_00818
OG0000211	Syaj.g_02856	Prav.g_00805
OG0000212	Syaj.g_02881	Prav.g_00798
OG0000213	Syaj.g_02601	Prav.g_01904
OG0000214	Syaj.g_02582	Prav.g_01914
OG0000215	Syaj.g_02551	Prav.g_01938
OG0000216	Syaj.g_02547	Prav.g_01940
OG0000217	Syaj.g_02543	Prav.g_01943
OG0000218	Syaj.g_02541	Prav.g_01945
OG0000219	Syaj.g_02540	Prav.g_01946
OG0000220	Syaj.g_02539	Prav.g_01947
OG0000221	Syaj.g_02530	Prav.g_01948
OG0000222	Syaj.g_02516	Prav.g_01956
OG0000223	Syaj.g_02494	Prav.g_01969
OG0000224	Syaj.g_02487	Prav.g_01971
OG0000225	Syaj.g_02821	Prav.g_01992
OG0000226	Syaj.g_02825	Prav.g_01996
OG0000227	Syaj.g_02827	Prav.g_01998
OG0000228	Syaj.g_02828	Prav.g_00974
OG0000229	Syaj.g_01555	Prav.g_01035
OG0000230	Syaj.g_01553	Prav.g_01037
OG0000231	Syaj.g_01541	Prav.g_01048
OG0000232	Syaj.g_01497	Prav.g_01056
OG0000233	Syaj.g_01481	Prav.g_01061
OG0000234	Syaj.g_01442	Prav.g_01074
OG0000235	Syaj.g_00071	Prav.g_01077
OG0000236	Syaj.g_00086	Prav.g_01091
OG0000237	Syaj.g_00103	Prav.g_01104
OG0000238	Syaj.g_00108	Prav.g_01110
OG0000239	Syaj.g_00125	Prav.g_01123
OG0000240	Syaj.g_00126	Prav.g_01124
OG0000241	Syaj.g_01291	Prav.g_01128
OG0000242	Syaj.g_00142	Prav.g_01130
OG0000243	Syaj.g_00164	Prav.g_01141, Prav.g_00954
OG0000244	Syaj.g_00180	Prav.g_01144
OG0000245	Syaj.g_00182	Prav.g_01146
OG0000246	Syaj.g_00186	Prav.g_01150
OG0000247	Syaj.g_00197	Prav.g_01160
OG0000248	Syaj.g_00200	Prav.g_01162
OG0000249	Syaj.g_00202	Prav.g_01164
OG0000250	Syaj.g_00211	Prav.g_01169
OG0000251	Syaj.g_00237	Prav.g_01187
OG0000252	Syaj.g_00243	Prav.g_01190
OG0000253	Syaj.g_00245	Prav.g_01191
OG0000254	Syaj.g_01335	Prav.g_01207
OG0000255	Syaj.g_01315	Prav.g_01213
OG0000256	Syaj.g_01297	Prav.g_01225
OG0000257	Syaj.g_01292	Prav.g_01228
OG0000258	Syaj.g_01274	Prav.g_01241
OG0000259	Syaj.g_00707	Prav.g_01258
OG0000260	Syaj.g_00712	Prav.g_01261
OG0000261	Syaj.g_00715	Prav.g_01263
OG0000262	Syaj.g_00720	Prav.g_01267
OG0000263	Syaj.g_00605	Prav.g_01279
OG0000264	Syaj.g_00485	Prav.g_01289
OG0000265	Syaj.g_00510	Prav.g_00306
OG0000266	Syaj.g_00946	Prav.g_00316
OG0000267	Syaj.g_00770	Prav.g_00327
OG0000268	Syaj.g_00771	Prav.g_00328
OG0000269	Syaj.g_01031	Prav.g_00392
OG0000270	Syaj.g_01025	Prav.g_00395
OG0000271	Syaj.g_01017	Prav.g_00403
OG0000272	Syaj.g_01016	Prav.g_00404
OG0000273	Syaj.g_00389	Prav.g_00427
OG0000274	Syaj.g_00388	Prav.g_00428
OG0000275	Syaj.g_00384	Prav.g_00430
OG0000276	Syaj.g_00377	Prav.g_00435
OG0000277	Syaj.g_00376	Prav.g_00436
OG0000278	Syaj.g_00373	Prav.g_00439
OG0000279	Syaj.g_00357	Prav.g_00446
OG0000280	Syaj.g_00348	Prav.g_00447
OG0000281	Syaj.g_02670	Prav.g_00452
OG0000282	Syaj.g_00743	Prav.g_00501
OG0000283	Syaj.g_00790	Prav.g_00533
OG0000284	Syaj.g_00930	Prav.g_00538
OG0000285	Syaj.g_00917	Prav.g_00543
OG0000286	Syaj.g_00899	Prav.g_00555
OG0000287	Syaj.g_00849	Prav.g_00572
OG0000288	Syaj.g_00815	Prav.g_00906
OG0000289	Syaj.g_00800	Prav.g_00917
OG0000290	Syaj.g_00424	Prav.g_00930
OG0000291	Syaj.g_00426	Prav.g_00932
OG0000292	Syaj.g_02255	Prav.g_00261
OG0000293	Syaj.g_00290	Prav.g_00056
OG0000294	Syaj.g_00291	Prav.g_00057
OG0000295	Syaj.g_00330	Prav.g_00077
OG0000296	Syaj.g_00332	Prav.g_01867
OG0000297	Syaj.g_00639	Prav.g_01859
OG0000298	Syaj.g_00638	Prav.g_01858
OG0000299	Syaj.g_00592	Prav.g_01841
OG0000300	Syaj.g_00586	Prav.g_01838
OG0000301	Syaj.g_00585	Prav.g_00955, Prav.g_01837
OG0000302	Syaj.g_00582	Prav.g_01835
OG0000303	Syaj.g_00572	Prav.g_01828
OG0000304	Syaj.g_00566	Prav.g_01824
OG0000305	Syaj.g_00429	Prav.g_01465
OG0000306	Syaj.g_01126	Prav.g_01468
OG0000307	Syaj.g_00051	Prav.g_01482
OG0000308	Syaj.g_00049	Prav.g_01483
OG0000309	Syaj.g_00044	Prav.g_01487
OG0000310	Syaj.g_01358	Prav.g_01563
OG0000311	Syaj.g_01362	Prav.g_01565
OG0000312	Syaj.g_01368	Prav.g_01568
OG0000313	Syaj.g_01386	Prav.g_01582
OG0000314	Syaj.g_01420	Prav.g_01605
OG0000315	Syaj.g_01430	Prav.g_01615
OG0000316	Syaj.g_01664	Prav.g_01635
OG0000317	Syaj.g_01715	Prav.g_01759
OG0000318	Syaj.g_01722	Prav.g_01762
OG0000319	Syaj.g_01741	Prav.g_01775
OG0000320	Syaj.g_01743	Prav.g_01777
OG0000321	Syaj.g_01744	Prav.g_01778
OG0000322	Syaj.g_01745	Prav.g_01779
OG0000323	Syaj.g_01760	Prav.g_01788
OG0000324	Syaj.g_01609	Prav.g_01815
OG0000325	Syaj.g_02638	Prav.g_00269
OG0000326	Syaj.g_02645	Prav.g_00275
OG0000327	Syaj.g_02693	Prav.g_00591
OG0000328	Syaj.g_02694	Prav.g_00592
OG0000329	Syaj.g_02712	Prav.g_00609
OG0000330	Syaj.g_02713	Prav.g_00610
OG0000331	Syaj.g_02714	Prav.g_00611
OG0000332	Syaj.g_02729	Prav.g_00625
OG0000333	Syaj.g_02732	Prav.g_00627
OG0000334	Syaj.g_02741	Prav.g_00635
OG0000335	Syaj.g_02746	Prav.g_00640
OG0000336	Syaj.g_02750	Prav.g_00644
OG0000337	Syaj.g_02466	Prav.g_00661
OG0000338	Syaj.g_02462	Prav.g_00662
OG0000339	Syaj.g_02455	Prav.g_00666
OG0000340	Syaj.g_02443	Prav.g_00674
OG0000341	Syaj.g_02441	Prav.g_00676
OG0000342	Syaj.g_02440	Prav.g_00677
OG0000343	Syaj.g_02437	Prav.g_00678
OG0000344	Syaj.g_02433	Prav.g_00681
OG0000345	Syaj.g_02421	Prav.g_00686
OG0000346	Syaj.g_02416	Prav.g_00690
OG0000347	Syaj.g_02383	Prav.g_00706
OG0000348	Syaj.g_02333	Prav.g_00715
OG0000349	Syaj.g_02314	Prav.g_00732
OG0000350	Syaj.g_02652	Prav.g_00751
OG0000351	Syaj.g_02234	Prav.g_00768
OG0000352	Syaj.g_02235	Prav.g_00769
OG0000353	Syaj.g_02261	Prav.g_00785
OG0000354	Syaj.g_02281	Prav.g_01352
OG0000355	Syaj.g_02263	Prav.g_00787
OG0000356	Syaj.g_02264	Prav.g_00788
OG0000357	Syaj.g_02265	Prav.g_00789
OG0000358	Syaj.g_02269	Prav.g_00793
OG0000359	Syaj.g_02271	Prav.g_00794
OG0000360	Syaj.g_02272	Prav.g_00795
OG0000361	Syaj.g_02273	Prav.g_00078
OG0000362	Syaj.g_02275	Prav.g_00080
OG0000363	Syaj.g_02277	Prav.g_00082
OG0000364	Syaj.g_02278	Prav.g_00083
OG0000365	Syaj.g_02287	Prav.g_00088
OG0000366	Syaj.g_02288	Prav.g_00089
OG0000367	Syaj.g_02289	Prav.g_00090
OG0000368	Syaj.g_02291	Prav.g_00092
OG0000369	Syaj.g_02292	Prav.g_00093
OG0000370	Syaj.g_02293	Prav.g_00094
OG0000371	Syaj.g_02301	Prav.g_00100
OG0000372	Syaj.g_02307	Prav.g_00103
OG0000373	Syaj.g_02308	Prav.g_00104
OG0000374	Syaj.g_02309	Prav.g_00105
OG0000375	Syaj.g_02310	Prav.g_00111
OG0000376	Syaj.g_02312	Prav.g_00113
OG0000377	Syaj.g_02105	Prav.g_00116
OG0000378	Syaj.g_02091	Prav.g_00118
OG0000379	Syaj.g_02086	Prav.g_00121
OG0000380	Syaj.g_01815	Prav.g_00131
OG0000381	Syaj.g_01819	Prav.g_00135
OG0000382	Syaj.g_01836	Prav.g_00146
OG0000383	Syaj.g_01839	Prav.g_00148
OG0000384	Syaj.g_01840	Prav.g_00149
OG0000385	Syaj.g_01841	Prav.g_00150
OG0000386	Syaj.g_01842	Prav.g_00151
OG0000387	Syaj.g_01878	Prav.g_00164
OG0000388	Syaj.g_01882	Prav.g_00167
OG0000389	Syaj.g_01886	Prav.g_00171
OG0000390	Syaj.g_01904	Prav.g_00178
OG0000391	Syaj.g_01909	Prav.g_00181
OG0000392	Syaj.g_01918	Prav.g_00185
OG0000393	Syaj.g_01922	Prav.g_00187
OG0000394	Syaj.g_01923	Prav.g_00188
OG0000395	Syaj.g_01924	Prav.g_00189
OG0000396	Syaj.g_01928	Prav.g_00192
OG0000397	Syaj.g_01930	Prav.g_00194
OG0000398	Syaj.g_01935	Prav.g_00196
OG0000399	Syaj.g_01936	Prav.g_00197
OG0000400	Syaj.g_01937	Prav.g_00198
OG0000401	Syaj.g_01938	Prav.g_00199
OG0000402	Syaj.g_01940	Prav.g_00201
OG0000403	Syaj.g_01941	Prav.g_00202
OG0000404	Syaj.g_01943	Prav.g_00203
OG0000405	Syaj.g_01961	Prav.g_00207
OG0000406	Syaj.g_01966	Prav.g_00214
OG0000407	Syaj.g_01967	Prav.g_00215
OG0000409	Syaj.g_01972	Prav.g_00886
OG0000410	Syaj.g_01973	Prav.g_00885
OG0000411	Syaj.g_01974	Prav.g_00884
OG0000412	Syaj.g_01975	Prav.g_00883
OG0000413	Syaj.g_01977	Prav.g_00882
OG0000415	Syaj.g_01978	Prav.g_00880
OG0000416	Syaj.g_01979	Prav.g_00879
OG0000417	Syaj.g_01980	Prav.g_00878
OG0000418	Syaj.g_01985	Prav.g_00873
OG0000419	Syaj.g_01987	Prav.g_00871
OG0000420	Syaj.g_01989	Prav.g_00870
OG0000421	Syaj.g_01994	Prav.g_00865
OG0000422	Syaj.g_01995	Prav.g_00864
OG0000423	Syaj.g_01996	Prav.g_00863
OG0000424	Syaj.g_01997	Prav.g_00862
OG0000425	Syaj.g_01998	Prav.g_00861
OG0000426	Syaj.g_01999	Prav.g_00860
OG0000427	Syaj.g_02000	Prav.g_00859
OG0000428	Syaj.g_02003	Prav.g_00857
OG0000429	Syaj.g_02005	Prav.g_00856
OG0000430	Syaj.g_02007	Prav.g_00855
OG0000431	Syaj.g_02010	Prav.g_00853
OG0000432	Syaj.g_02017	Prav.g_00850
OG0000433	Syaj.g_02020	Prav.g_00849
OG0000434	Syaj.g_02021	Prav.g_00848
OG0000435	Syaj.g_02023	Prav.g_00847
OG0000436	Syaj.g_02029	Prav.g_00842
OG0000437	Syaj.g_02030	Prav.g_00841
OG0000438	Syaj.g_02031	Prav.g_00840
OG0000439	Syaj.g_02033	Prav.g_00838
OG0000440	Syaj.g_02034	Prav.g_00837
OG0000441	Syaj.g_02038	Prav.g_00834
OG0000442	Syaj.g_02039	Prav.g_00833
OG0000443	Syaj.g_02040	Prav.g_00832
OG0000444	Syaj.g_02052	Prav.g_00827
OG0000445	Syaj.g_02053	Prav.g_00826
OG0000446	Syaj.g_02055	Prav.g_00825
OG0000447	Syaj.g_02058	Prav.g_00824
OG0000448	Syaj.g_02059	Prav.g_00823
OG0000449	Syaj.g_02060	Prav.g_00822
OG0000450	Syaj.g_02067	Prav.g_00821
OG0000451	Syaj.g_02068	Prav.g_00820
OG0000452	Syaj.g_02072	Prav.g_00817
OG0000453	Syaj.g_02073	Prav.g_00816
OG0000454	Syaj.g_02074	Prav.g_00815
OG0000455	Syaj.g_02075	Prav.g_00814
OG0000456	Syaj.g_02076	Prav.g_00813
OG0000457	Syaj.g_02078	Prav.g_00812
OG0000458	Syaj.g_02079	Prav.g_00811
OG0000459	Syaj.g_02080	Prav.g_00810
OG0000460	Syaj.g_02858	Prav.g_00803
OG0000461	Syaj.g_02623	Prav.g_01889
OG0000462	Syaj.g_02620	Prav.g_01891
OG0000463	Syaj.g_02619	Prav.g_01892
OG0000464	Syaj.g_02618	Prav.g_01893
OG0000465	Syaj.g_02617	Prav.g_01894
OG0000466	Syaj.g_02612	Prav.g_01897
OG0000467	Syaj.g_02610	Prav.g_01898
OG0000468	Syaj.g_02605	Prav.g_01900
OG0000469	Syaj.g_02590	Prav.g_01909
OG0000470	Syaj.g_02586	Prav.g_01911
OG0000471	Syaj.g_02585	Prav.g_01912
OG0000472	Syaj.g_02583	Prav.g_01913
OG0000473	Syaj.g_02581	Prav.g_01915
OG0000474	Syaj.g_02580	Prav.g_01916
OG0000475	Syaj.g_02579	Prav.g_01917
OG0000476	Syaj.g_02577	Prav.g_01918
OG0000477	Syaj.g_02571	Prav.g_01921
OG0000478	Syaj.g_02570	Prav.g_01922
OG0000479	Syaj.g_02569	Prav.g_01923
OG0000480	Syaj.g_02562	Prav.g_01928
OG0000481	Syaj.g_02560	Prav.g_01930
OG0000482	Syaj.g_02559	Prav.g_01931
OG0000483	Syaj.g_02555	Prav.g_01934
OG0000484	Syaj.g_02554	Prav.g_01935
OG0000485	Syaj.g_02553	Prav.g_01936
OG0000486	Syaj.g_02552	Prav.g_01937
OG0000487	Syaj.g_02546	Prav.g_01941
OG0000488	Syaj.g_02542	Prav.g_01944
OG0000489	Syaj.g_02529	Prav.g_01949
OG0000490	Syaj.g_02519	Prav.g_01954
OG0000491	Syaj.g_02517	Prav.g_01955
OG0000492	Syaj.g_02515	Prav.g_01957
OG0000493	Syaj.g_02514	Prav.g_01958
OG0000494	Syaj.g_02513	Prav.g_01959
OG0000495	Syaj.g_02512	Prav.g_01960
OG0000496	Syaj.g_02511	Prav.g_01961
OG0000497	Syaj.g_02510	Prav.g_01962
OG0000498	Syaj.g_02509	Prav.g_01963
OG0000499	Syaj.g_02508	Prav.g_01964
OG0000500	Syaj.g_02507	Prav.g_01965
OG0000501	Syaj.g_02504	Prav.g_01967
OG0000502	Syaj.g_02492	Prav.g_01970
OG0000503	Syaj.g_02805	Prav.g_01980
OG0000504	Syaj.g_02807	Prav.g_01981
OG0000505	Syaj.g_02808	Prav.g_01982
OG0000506	Syaj.g_02810	Prav.g_01984
OG0000507	Syaj.g_02816	Prav.g_01987
OG0000508	Syaj.g_02820	Prav.g_01991
OG0000509	Syaj.g_02822	Prav.g_01993
OG0000510	Syaj.g_02823	Prav.g_01994
OG0000511	Syaj.g_02824	Prav.g_01995
OG0000512	Syaj.g_02826	Prav.g_01997
OG0000513	Syaj.g_02833	Prav.g_00977
OG0000514	Syaj.g_02839	Prav.g_01030
OG0000515	Syaj.g_02840	Prav.g_01031
OG0000516	Syaj.g_01561	Prav.g_01032
OG0000517	Syaj.g_01556	Prav.g_01034
OG0000518	Syaj.g_01544	Prav.g_01045
OG0000519	Syaj.g_01543	Prav.g_01046
OG0000520	Syaj.g_01542	Prav.g_01047
OG0000521	Syaj.g_00271	Prav.g_01052
OG0000522	Syaj.g_00273	Prav.g_01053
OG0000523	Syaj.g_00274	Prav.g_01054
OG0000524	Syaj.g_01485	Prav.g_01059
OG0000525	Syaj.g_01454	Prav.g_01062
OG0000526	Syaj.g_01451	Prav.g_01063
OG0000527	Syaj.g_01446	Prav.g_01071
OG0000528	Syaj.g_00065	Prav.g_01076
OG0000529	Syaj.g_00073	Prav.g_01079
OG0000530	Syaj.g_00076	Prav.g_01082
OG0000531	Syaj.g_00077	Prav.g_01083
OG0000532	Syaj.g_00080	Prav.g_01085
OG0000533	Syaj.g_00081	Prav.g_01086
OG0000534	Syaj.g_00082	Prav.g_01087
OG0000535	Syaj.g_00083	Prav.g_01088
OG0000536	Syaj.g_00084	Prav.g_01089
OG0000537	Syaj.g_00085	Prav.g_01090
OG0000538	Syaj.g_00096	Prav.g_01098
OG0000539	Syaj.g_00097	Prav.g_01099
OG0000540	Syaj.g_00098	Prav.g_01100
OG0000541	Syaj.g_00099	Prav.g_01101
OG0000542	Syaj.g_00102	Prav.g_01103
OG0000543	Syaj.g_00104	Prav.g_01105
OG0000544	Syaj.g_00105	Prav.g_01106
OG0000545	Syaj.g_00107	Prav.g_01108
OG0000546	Syaj.g_00109	Prav.g_01111
OG0000547	Syaj.g_00111	Prav.g_01113
OG0000548	Syaj.g_00112	Prav.g_01114
OG0000549	Syaj.g_00118	Prav.g_01116
OG0000550	Syaj.g_00123	Prav.g_01121
OG0000551	Syaj.g_00128	Prav.g_01125
OG0000552	Syaj.g_00129	Prav.g_01126
OG0000553	Syaj.g_00133	Prav.g_01127
OG0000554	Syaj.g_00145	Prav.g_01132
OG0000555	Syaj.g_00163	Prav.g_01140
OG0000556	Syaj.g_00167	Prav.g_01142
OG0000557	Syaj.g_00178	Prav.g_01143
OG0000558	Syaj.g_00181	Prav.g_01145
OG0000559	Syaj.g_00185	Prav.g_01149
OG0000560	Syaj.g_00188	Prav.g_01152
OG0000561	Syaj.g_00189	Prav.g_01153
OG0000562	Syaj.g_00190	Prav.g_01154
OG0000563	Syaj.g_00191	Prav.g_01155
OG0000564	Syaj.g_00192	Prav.g_01156
OG0000565	Syaj.g_00195	Prav.g_01159
OG0000566	Syaj.g_00199	Prav.g_01161
OG0000567	Syaj.g_00203	Prav.g_01165
OG0000568	Syaj.g_00207	Prav.g_01166
OG0000569	Syaj.g_00208	Prav.g_01167
OG0000570	Syaj.g_00209	Prav.g_01168
OG0000571	Syaj.g_00213	Prav.g_01170
OG0000572	Syaj.g_00230	Prav.g_01183
OG0000573	Syaj.g_00238	Prav.g_01188
OG0000574	Syaj.g_00242	Prav.g_01189
OG0000575	Syaj.g_00247	Prav.g_01193
OG0000576	Syaj.g_00249	Prav.g_01195
OG0000577	Syaj.g_00250	Prav.g_01196
OG0000578	Syaj.g_00251	Prav.g_01197
OG0000579	Syaj.g_00252	Prav.g_01198
OG0000580	Syaj.g_00253	Prav.g_01199
OG0000581	Syaj.g_00261	Prav.g_01201
OG0000582	Syaj.g_01338	Prav.g_01204
OG0000583	Syaj.g_01337	Prav.g_01205
OG0000584	Syaj.g_01336	Prav.g_01206
OG0000585	Syaj.g_01334	Prav.g_01208
OG0000586	Syaj.g_01333	Prav.g_01209
OG0000587	Syaj.g_01331	Prav.g_01210
OG0000588	Syaj.g_01313	Prav.g_01214
OG0000589	Syaj.g_01308	Prav.g_01219
OG0000590	Syaj.g_01307	Prav.g_01220
OG0000591	Syaj.g_01299	Prav.g_01223
OG0000592	Syaj.g_01298	Prav.g_01224
OG0000593	Syaj.g_01287	Prav.g_01230
OG0000594	Syaj.g_01286	Prav.g_01231
OG0000595	Syaj.g_01285	Prav.g_01232
OG0000596	Syaj.g_01280	Prav.g_01236
OG0000597	Syaj.g_01277	Prav.g_01238
OG0000598	Syaj.g_01276	Prav.g_01239
OG0000599	Syaj.g_01273	Prav.g_01242
OG0000600	Syaj.g_01272	Prav.g_01243
OG0000601	Syaj.g_01271	Prav.g_01244
OG0000602	Syaj.g_01266	Prav.g_01246
OG0000603	Syaj.g_01265	Prav.g_01247
OG0000604	Syaj.g_01262	Prav.g_01248
OG0000605	Syaj.g_01153	Prav.g_01249
OG0000606	Syaj.g_00698	Prav.g_01252
OG0000607	Syaj.g_00702	Prav.g_01255
OG0000608	Syaj.g_00703	Prav.g_01256
OG0000609	Syaj.g_00705	Prav.g_01257
OG0000610	Syaj.g_00714	Prav.g_01262
OG0000611	Syaj.g_00717	Prav.g_01265
OG0000612	Syaj.g_00718	Prav.g_01266
OG0000613	Syaj.g_02500	Prav.g_01271
OG0000614	Syaj.g_00480	Prav.g_01290
OG0000615	Syaj.g_01065	Prav.g_01298
OG0000616	Syaj.g_02245	Prav.g_01312
OG0000617	Syaj.g_00952	Prav.g_00312
OG0000618	Syaj.g_00951	Prav.g_00313
OG0000619	Syaj.g_00950	Prav.g_00314
OG0000620	Syaj.g_00945	Prav.g_00317
OG0000621	Syaj.g_00944	Prav.g_00318
OG0000622	Syaj.g_00943	Prav.g_00319
OG0000623	Syaj.g_00942	Prav.g_00320
OG0000624	Syaj.g_00940	Prav.g_00321
OG0000625	Syaj.g_00939	Prav.g_00322
OG0000626	Syaj.g_00938	Prav.g_00323
OG0000627	Syaj.g_00765	Prav.g_00324
OG0000628	Syaj.g_00766	Prav.g_00325
OG0000629	Syaj.g_00769	Prav.g_00326
OG0000630	Syaj.g_00773	Prav.g_00329
OG0000631	Syaj.g_00786	Prav.g_00388
OG0000632	Syaj.g_00787	Prav.g_00389
OG0000633	Syaj.g_00789	Prav.g_00390
OG0000634	Syaj.g_01030	Prav.g_00393
OG0000635	Syaj.g_01029	Prav.g_00394
OG0000636	Syaj.g_01024	Prav.g_00396
OG0000637	Syaj.g_01022	Prav.g_00398
OG0000638	Syaj.g_01021	Prav.g_00399
OG0000639	Syaj.g_01020	Prav.g_00400
OG0000640	Syaj.g_01019	Prav.g_00401
OG0000641	Syaj.g_01015	Prav.g_00405
OG0000642	Syaj.g_01014	Prav.g_00406
OG0000643	Syaj.g_01012	Prav.g_00407
OG0000644	Syaj.g_01011	Prav.g_00408
OG0000645	Syaj.g_01009	Prav.g_00409
OG0000646	Syaj.g_01006	Prav.g_00411
OG0000647	Syaj.g_01004	Prav.g_00412
OG0000648	Syaj.g_01001	Prav.g_00414
OG0000649	Syaj.g_01000	Prav.g_00415
OG0000650	Syaj.g_00999	Prav.g_00416
OG0000651	Syaj.g_00998	Prav.g_00417
OG0000652	Syaj.g_00997	Prav.g_00418
OG0000653	Syaj.g_00991	Prav.g_00420
OG0000654	Syaj.g_00990	Prav.g_00421
OG0000655	Syaj.g_00989	Prav.g_00422
OG0000656	Syaj.g_00986	Prav.g_00425
OG0000657	Syaj.g_00382	Prav.g_00432
OG0000658	Syaj.g_00379	Prav.g_00433
OG0000659	Syaj.g_00378	Prav.g_00434
OG0000660	Syaj.g_00374	Prav.g_00438
OG0000661	Syaj.g_00372	Prav.g_00440
OG0000662	Syaj.g_00370	Prav.g_00442
OG0000663	Syaj.g_00367	Prav.g_00444
OG0000664	Syaj.g_00358	Prav.g_00445
OG0000665	Syaj.g_01243	Prav.g_00449
OG0000666	Syaj.g_01154	Prav.g_00450
OG0000667	Syaj.g_02661	Prav.g_00454
OG0000668	Syaj.g_00816	Prav.g_00483
OG0000669	Syaj.g_00730	Prav.g_00490
OG0000670	Syaj.g_00733	Prav.g_00492
OG0000671	Syaj.g_00735	Prav.g_00494
OG0000672	Syaj.g_00739	Prav.g_00497
OG0000673	Syaj.g_00742	Prav.g_00500
OG0000674	Syaj.g_00744	Prav.g_00502
OG0000675	Syaj.g_00757	Prav.g_00503
OG0000676	Syaj.g_00759	Prav.g_00505
OG0000677	Syaj.g_00760	Prav.g_00506
OG0000678	Syaj.g_01075	Prav.g_00508
OG0000679	Syaj.g_01061	Prav.g_00512
OG0000680	Syaj.g_01060	Prav.g_00513
OG0000681	Syaj.g_01057	Prav.g_00515
OG0000682	Syaj.g_01056	Prav.g_00516
OG0000683	Syaj.g_01055	Prav.g_00517
OG0000684	Syaj.g_01051	Prav.g_00519
OG0000685	Syaj.g_01049	Prav.g_00521
OG0000686	Syaj.g_01048	Prav.g_00522
OG0000687	Syaj.g_01047	Prav.g_00523
OG0000688	Syaj.g_01041	Prav.g_00526
OG0000689	Syaj.g_01039	Prav.g_00527
OG0000690	Syaj.g_01038	Prav.g_00528
OG0000691	Syaj.g_01037	Prav.g_00529
OG0000692	Syaj.g_01036	Prav.g_00530
OG0000693	Syaj.g_01034	Prav.g_00531
OG0000694	Syaj.g_01033	Prav.g_00532
OG0000695	Syaj.g_00791	Prav.g_00534
OG0000696	Syaj.g_00792	Prav.g_00535
OG0000697	Syaj.g_00932	Prav.g_00536
OG0000698	Syaj.g_00929	Prav.g_00539
OG0000699	Syaj.g_00928	Prav.g_00540
OG0000700	Syaj.g_00927	Prav.g_00541
OG0000701	Syaj.g_00926	Prav.g_00542
OG0000702	Syaj.g_00916	Prav.g_00544
OG0000703	Syaj.g_00915	Prav.g_00545
OG0000704	Syaj.g_00913	Prav.g_00546
OG0000705	Syaj.g_00906	Prav.g_00550
OG0000706	Syaj.g_00905	Prav.g_00551
OG0000707	Syaj.g_00904	Prav.g_00552
OG0000708	Syaj.g_00901	Prav.g_00553
OG0000709	Syaj.g_00872	Prav.g_00557
OG0000710	Syaj.g_00867	Prav.g_00560
OG0000711	Syaj.g_00839	Prav.g_00577
OG0000712	Syaj.g_00837	Prav.g_00579
OG0000713	Syaj.g_00836	Prav.g_00580
OG0000714	Syaj.g_00834	Prav.g_00581
OG0000715	Syaj.g_00832	Prav.g_00583
OG0000716	Syaj.g_00825	Prav.g_00585
OG0000717	Syaj.g_00824	Prav.g_00586
OG0000718	Syaj.g_00820	Prav.g_00902
OG0000719	Syaj.g_00818	Prav.g_00904
OG0000720	Syaj.g_00805	Prav.g_00913
OG0000721	Syaj.g_00803	Prav.g_00915
OG0000722	Syaj.g_00802	Prav.g_00916
OG0000723	Syaj.g_00934	Prav.g_00919
OG0000724	Syaj.g_00421	Prav.g_00928
OG0000725	Syaj.g_00430	Prav.g_00934
OG0000726	Syaj.g_00431	Prav.g_00935
OG0000727	Syaj.g_00432	Prav.g_00936
OG0000728	Syaj.g_00434	Prav.g_00938
OG0000729	Syaj.g_02397	Prav.g_00263
OG0000730	Syaj.g_02802	Prav.g_00004
OG0000731	Syaj.g_02814	Prav.g_00008
OG0000732	Syaj.g_02315	Prav.g_00016
OG0000733	Syaj.g_02151	Prav.g_00034
OG0000734	Syaj.g_01895	Prav.g_00050
OG0000735	Syaj.g_00286	Prav.g_00052
OG0000736	Syaj.g_00287	Prav.g_00053
OG0000737	Syaj.g_00288	Prav.g_00054
OG0000738	Syaj.g_00293	Prav.g_00058
OG0000739	Syaj.g_00295	Prav.g_00059
OG0000740	Syaj.g_00296	Prav.g_00060
OG0000741	Syaj.g_00299	Prav.g_00061
OG0000742	Syaj.g_00301	Prav.g_00064
OG0000743	Syaj.g_00303	Prav.g_00066
OG0000744	Syaj.g_00304	Prav.g_00067
OG0000745	Syaj.g_00306	Prav.g_00068
OG0000746	Syaj.g_00308	Prav.g_00070
OG0000747	Syaj.g_00309	Prav.g_00071
OG0000748	Syaj.g_00319	Prav.g_00074
OG0000749	Syaj.g_00322	Prav.g_00075
OG0000750	Syaj.g_00323	Prav.g_00076
OG0000751	Syaj.g_00331	Prav.g_01868
OG0000752	Syaj.g_00333	Prav.g_01866
OG0000753	Syaj.g_00336	Prav.g_01863
OG0000754	Syaj.g_00643	Prav.g_01860
OG0000755	Syaj.g_00631	Prav.g_01857
OG0000756	Syaj.g_00625	Prav.g_01856
OG0000757	Syaj.g_00614	Prav.g_01850
OG0000758	Syaj.g_00613	Prav.g_01849
OG0000759	Syaj.g_00612	Prav.g_01848
OG0000760	Syaj.g_00611	Prav.g_01847
OG0000761	Syaj.g_00609	Prav.g_01846
OG0000762	Syaj.g_00603	Prav.g_01845
OG0000763	Syaj.g_00597	Prav.g_01843
OG0000764	Syaj.g_00596	Prav.g_01842
OG0000765	Syaj.g_00577	Prav.g_01833
OG0000766	Syaj.g_00576	Prav.g_01832
OG0000767	Syaj.g_00574	Prav.g_01830
OG0000768	Syaj.g_00573	Prav.g_01829
OG0000769	Syaj.g_00571	Prav.g_01827
OG0000770	Syaj.g_00567	Prav.g_01825
OG0000771	Syaj.g_00415	Prav.g_02003
OG0000772	Syaj.g_01208	Prav.g_01409
OG0000773	Syaj.g_00280	Prav.g_01429
OG0000774	Syaj.g_01502	Prav.g_01431
OG0000775	Syaj.g_01504	Prav.g_01433
OG0000776	Syaj.g_01505	Prav.g_01434
OG0000777	Syaj.g_01506	Prav.g_01435
OG0000778	Syaj.g_01507	Prav.g_01436
OG0000779	Syaj.g_01513	Prav.g_01440
OG0000780	Syaj.g_01517	Prav.g_01441
OG0000781	Syaj.g_01521	Prav.g_01444
OG0000782	Syaj.g_01522	Prav.g_01445
OG0000783	Syaj.g_01524	Prav.g_01446
OG0000784	Syaj.g_01525	Prav.g_01447
OG0000785	Syaj.g_01526	Prav.g_01449
OG0000786	Syaj.g_00265	Prav.g_01451
OG0000787	Syaj.g_00264	Prav.g_01452
OG0000788	Syaj.g_01270	Prav.g_01460
OG0000789	Syaj.g_01121	Prav.g_01463
OG0000790	Syaj.g_00054	Prav.g_01478
OG0000791	Syaj.g_00053	Prav.g_01480
OG0000792	Syaj.g_00052	Prav.g_01481
OG0000793	Syaj.g_00047	Prav.g_01484
OG0000794	Syaj.g_00046	Prav.g_01485
OG0000795	Syaj.g_00045	Prav.g_01486
OG0000796	Syaj.g_00039	Prav.g_01490
OG0000797	Syaj.g_00038	Prav.g_01491
OG0000799	Syaj.g_01352	Prav.g_01560
OG0000800	Syaj.g_01354	Prav.g_01561
OG0000801	Syaj.g_01355	Prav.g_01562
OG0000802	Syaj.g_01359	Prav.g_01564
OG0000803	Syaj.g_01363	Prav.g_01566
OG0000804	Syaj.g_01366	Prav.g_01567
OG0000805	Syaj.g_01369	Prav.g_01569
OG0000806	Syaj.g_01370	Prav.g_01571
OG0000807	Syaj.g_01372	Prav.g_01572
OG0000808	Syaj.g_01373	Prav.g_01573
OG0000809	Syaj.g_01376	Prav.g_01576
OG0000810	Syaj.g_01377	Prav.g_01577
OG0000811	Syaj.g_01385	Prav.g_01581
OG0000812	Syaj.g_01387	Prav.g_01583
OG0000813	Syaj.g_01388	Prav.g_01584
OG0000814	Syaj.g_01390	Prav.g_01586
OG0000815	Syaj.g_01391	Prav.g_01587
OG0000816	Syaj.g_01392	Prav.g_01589
OG0000817	Syaj.g_01393	Prav.g_01590
OG0000818	Syaj.g_01399	Prav.g_01595
OG0000819	Syaj.g_01400	Prav.g_01596
OG0000820	Syaj.g_01401	Prav.g_01597
OG0000821	Syaj.g_01412	Prav.g_01601
OG0000822	Syaj.g_01414	Prav.g_01602
OG0000823	Syaj.g_01415	Prav.g_01603
OG0000824	Syaj.g_01421	Prav.g_01606
OG0000825	Syaj.g_01422	Prav.g_01607
OG0000826	Syaj.g_01423	Prav.g_01608
OG0000827	Syaj.g_01424	Prav.g_01609
OG0000828	Syaj.g_01427	Prav.g_01612
OG0000829	Syaj.g_01428	Prav.g_01613
OG0000830	Syaj.g_01429	Prav.g_01614
OG0000831	Syaj.g_01431	Prav.g_01616
OG0000832	Syaj.g_01635	Prav.g_01622
OG0000833	Syaj.g_01647	Prav.g_01630
OG0000834	Syaj.g_01649	Prav.g_01631
OG0000835	Syaj.g_01650	Prav.g_01632
OG0000836	Syaj.g_01654	Prav.g_01633
OG0000837	Syaj.g_01661	Prav.g_01634
OG0000838	Syaj.g_01665	Prav.g_01636
OG0000839	Syaj.g_01666	Prav.g_01637
OG0000840	Syaj.g_01667	Prav.g_01638
OG0000841	Syaj.g_01668	Prav.g_01639
OG0000842	Syaj.g_01669	Prav.g_01640
OG0000843	Syaj.g_01670	Prav.g_01641
OG0000844	Syaj.g_01680	Prav.g_01642
OG0000845	Syaj.g_01681	Prav.g_01643
OG0000846	Syaj.g_01682	Prav.g_01644
OG0000847	Syaj.g_01683	Prav.g_01645
OG0000848	Syaj.g_01685	Prav.g_01646
OG0000849	Syaj.g_01686	Prav.g_01647
OG0000850	Syaj.g_01689	Prav.g_01649
OG0000851	Syaj.g_01694	Prav.g_01650
OG0000852	Syaj.g_01695	Prav.g_01651
OG0000853	Syaj.g_01699	Prav.g_01655
OG0000854	Syaj.g_01701	Prav.g_01657
OG0000855	Syaj.g_01702	Prav.g_01658
OG0000856	Syaj.g_01296	Prav.g_01671
OG0000857	Syaj.g_01005	Prav.g_01699
OG0000858	Syaj.g_01708	Prav.g_01755
OG0000859	Syaj.g_01709	Prav.g_01756
OG0000860	Syaj.g_01723	Prav.g_01763
OG0000861	Syaj.g_01724	Prav.g_01764
OG0000862	Syaj.g_01725	Prav.g_01765
OG0000863	Syaj.g_01728	Prav.g_01767
OG0000864	Syaj.g_01729	Prav.g_01768
OG0000865	Syaj.g_01730	Prav.g_01769
OG0000866	Syaj.g_01731	Prav.g_01770
OG0000867	Syaj.g_01732	Prav.g_01771
OG0000868	Syaj.g_01734	Prav.g_01772
OG0000869	Syaj.g_01742	Prav.g_01776
OG0000870	Syaj.g_01747	Prav.g_01781
OG0000871	Syaj.g_01748	Prav.g_01782
OG0000872	Syaj.g_01756	Prav.g_01783
OG0000873	Syaj.g_01759	Prav.g_01786
OG0000874	Syaj.g_01754	Prav.g_01789
OG0000875	Syaj.g_01762	Prav.g_01790
OG0000876	Syaj.g_02084	Prav.g_01791
OG0000877	Syaj.g_01586	Prav.g_01793
OG0000878	Syaj.g_01587	Prav.g_01794
OG0000879	Syaj.g_01588	Prav.g_01795
OG0000880	Syaj.g_01589	Prav.g_01796
OG0000881	Syaj.g_01595	Prav.g_01800
OG0000882	Syaj.g_01599	Prav.g_01805
OG0000883	Syaj.g_01601	Prav.g_01807
OG0000884	Syaj.g_01603	Prav.g_01809
OG0000885	Syaj.g_01604	Prav.g_01810
OG0000886	Syaj.g_01605	Prav.g_01811
OG0000887	Syaj.g_01606	Prav.g_01812
OG0000888	Syaj.g_01608	Prav.g_01814
OG0000889	Syaj.g_01610	Prav.g_01816
OG0000890	Syaj.g_01615	Prav.g_01817
OG0000891	Syaj.g_01616	Prav.g_01818
OG0000892	Syaj.g_01620	Prav.g_00264
OG0000893	Syaj.g_02636	Prav.g_00268
OG0000894	Syaj.g_02639	Prav.g_00270
OG0000895	Syaj.g_02643	Prav.g_00273
OG0000896	Syaj.g_02644	Prav.g_00274
OG0000897	Syaj.g_02646	Prav.g_00276
OG0000898	Syaj.g_02647	Prav.g_00277
OG0000899	Syaj.g_02648	Prav.g_00278
OG0000900	Syaj.g_02649	Prav.g_00279
OG0000901	Syaj.g_02654	Prav.g_00282
OG0000902	Syaj.g_02656	Prav.g_00284
OG0000903	Syaj.g_02689	Prav.g_00287
OG0000904	Syaj.g_02684	Prav.g_00289
OG0000905	Syaj.g_02678	Prav.g_00294
OG0000906	Syaj.g_02676	Prav.g_00295
OG0000907	Syaj.g_02692	Prav.g_00590
OG0000908	Syaj.g_02695	Prav.g_00593
OG0000909	Syaj.g_02696	Prav.g_00594
OG0000910	Syaj.g_02697	Prav.g_00595
OG0000911	Syaj.g_02699	Prav.g_00597
OG0000912	Syaj.g_02700	Prav.g_00598
OG0000913	Syaj.g_02701	Prav.g_00599
OG0000914	Syaj.g_02702	Prav.g_00600
OG0000915	Syaj.g_02704	Prav.g_00601
OG0000916	Syaj.g_02705	Prav.g_00602
OG0000917	Syaj.g_02706	Prav.g_00603
OG0000918	Syaj.g_02707	Prav.g_00604
OG0000919	Syaj.g_02708	Prav.g_00605
OG0000920	Syaj.g_02709	Prav.g_00606
OG0000921	Syaj.g_02710	Prav.g_00607
OG0000922	Syaj.g_02711	Prav.g_00608
OG0000923	Syaj.g_02715	Prav.g_00612
OG0000924	Syaj.g_02716	Prav.g_00613
OG0000925	Syaj.g_02717	Prav.g_00614
OG0000926	Syaj.g_02718	Prav.g_00615
OG0000927	Syaj.g_02720	Prav.g_00617
OG0000928	Syaj.g_02721	Prav.g_00618
OG0000929	Syaj.g_02722	Prav.g_00619
OG0000930	Syaj.g_02723	Prav.g_00620
OG0000931	Syaj.g_02724	Prav.g_00621
OG0000932	Syaj.g_02725	Prav.g_00622
OG0000933	Syaj.g_02731	Prav.g_00626
OG0000934	Syaj.g_02733	Prav.g_00628
OG0000935	Syaj.g_02734	Prav.g_00629
OG0000936	Syaj.g_02735	Prav.g_00630
OG0000937	Syaj.g_02736	Prav.g_00631
OG0000938	Syaj.g_02739	Prav.g_00633
OG0000939	Syaj.g_02740	Prav.g_00634
OG0000940	Syaj.g_02747	Prav.g_00641
OG0000941	Syaj.g_02749	Prav.g_00643
OG0000942	Syaj.g_02751	Prav.g_00645
OG0000943	Syaj.g_02752	Prav.g_00646
OG0000944	Syaj.g_02754	Prav.g_00647
OG0000945	Syaj.g_02756	Prav.g_00648
OG0000946	Syaj.g_02761	Prav.g_00653
OG0000947	Syaj.g_02764	Prav.g_00655
OG0000948	Syaj.g_02765	Prav.g_00656
OG0000949	Syaj.g_02474	Prav.g_00659
OG0000950	Syaj.g_02459	Prav.g_00664
OG0000951	Syaj.g_02452	Prav.g_00668
OG0000952	Syaj.g_02446	Prav.g_00672
OG0000953	Syaj.g_02442	Prav.g_00675
OG0000954	Syaj.g_02435	Prav.g_00679
OG0000955	Syaj.g_02434	Prav.g_00680
OG0000956	Syaj.g_02432	Prav.g_00682
OG0000957	Syaj.g_02419	Prav.g_00687
OG0000958	Syaj.g_02418	Prav.g_00688
OG0000959	Syaj.g_02413	Prav.g_00692
OG0000960	Syaj.g_02412	Prav.g_00693
OG0000961	Syaj.g_02402	Prav.g_00695
OG0000962	Syaj.g_02398	Prav.g_00697
OG0000963	Syaj.g_02393	Prav.g_00701
OG0000964	Syaj.g_02392	Prav.g_00702
OG0000965	Syaj.g_02391	Prav.g_00703
OG0000966	Syaj.g_02370	Prav.g_00710
OG0000967	Syaj.g_02334	Prav.g_00714
OG0000968	Syaj.g_02363	Prav.g_00716
OG0000969	Syaj.g_02338	Prav.g_00717
OG0000970	Syaj.g_02337	Prav.g_00718
OG0000971	Syaj.g_02331	Prav.g_00719
OG0000972	Syaj.g_02330	Prav.g_00720
OG0000973	Syaj.g_02329	Prav.g_00721
OG0000974	Syaj.g_02328	Prav.g_00722
OG0000975	Syaj.g_02327	Prav.g_00723
OG0000976	Syaj.g_02326	Prav.g_00724
OG0000977	Syaj.g_02324	Prav.g_00725
OG0000978	Syaj.g_02322	Prav.g_00726
OG0000979	Syaj.g_02319	Prav.g_00729
OG0000980	Syaj.g_02316	Prav.g_00731
OG0000981	Syaj.g_02313	Prav.g_00733
OG0000982	Syaj.g_02112	Prav.g_00735
OG0000983	Syaj.g_02113	Prav.g_00736
OG0000984	Syaj.g_02114	Prav.g_00737
OG0000985	Syaj.g_02116	Prav.g_00740
OG0000986	Syaj.g_02123	Prav.g_00742
OG0000987	Syaj.g_02125	Prav.g_00743
OG0000988	Syaj.g_02131	Prav.g_00746
OG0000989	Syaj.g_02142	Prav.g_00750
OG0000990	Syaj.g_02165	Prav.g_00753
OG0000991	Syaj.g_02168	Prav.g_00754
OG0000992	Syaj.g_02171	Prav.g_00756
OG0000993	Syaj.g_02173	Prav.g_00757
OG0000994	Syaj.g_02177	Prav.g_00758
OG0000995	Syaj.g_02182	Prav.g_00762
OG0000996	Syaj.g_02221	Prav.g_00763
OG0000997	Syaj.g_02228	Prav.g_00764
OG0000998	Syaj.g_02230	Prav.g_00766
OG0000999	Syaj.g_02231	Prav.g_00767
OG0001000	Syaj.g_02236	Prav.g_00770
OG0001001	Syaj.g_02241	Prav.g_00772
OG0001002	Syaj.g_02248	Prav.g_00776
OG0001003	Syaj.g_02250	Prav.g_00778
OG0001004	Syaj.g_02251	Prav.g_00779
OG0001005	Syaj.g_02252	Prav.g_00780
OG0001006	Syaj.g_02260	Prav.g_00784
OG0001007	Syaj.g_02262	Prav.g_00786
OG0001008	Syaj.g_01554	Prav.g_01036
OG0001009	Syaj.g_02294	Prav.g_00095
OG0001010	Syaj.g_02295	Prav.g_00096
OG0001011	Syaj.g_02296	Prav.g_00097
OG0001012	Syaj.g_02108	Prav.g_00114
OG0001014	Syaj.g_02083	Prav.g_00122
OG0001015	Syaj.g_02082	Prav.g_00123
OG0001016	Syaj.g_01824	Prav.g_00138
OG0001017	Syaj.g_01830	Prav.g_00142
OG0001018	Syaj.g_01832	Prav.g_00145
OG0001019	Syaj.g_01849	Prav.g_00154
OG0001020	Syaj.g_01862	Prav.g_00155
OG0001021	Syaj.g_01867	Prav.g_00156
OG0001022	Syaj.g_01872	Prav.g_00159
OG0001023	Syaj.g_01873	Prav.g_00160
OG0001024	Syaj.g_01877	Prav.g_00163
OG0001025	Syaj.g_01884	Prav.g_00169
OG0001026	Syaj.g_01897	Prav.g_00176
OG0001027	Syaj.g_01903	Prav.g_00177
OG0001028	Syaj.g_01905	Prav.g_00179
OG0001029	Syaj.g_01907	Prav.g_00180
OG0001030	Syaj.g_01933	Prav.g_00195
OG0001031	Syaj.g_02012	Prav.g_00852
OG0001032	Syaj.g_02015	Prav.g_00851
OG0001033	Syaj.g_02044	Prav.g_00830
OG0001034	Syaj.g_02875	Prav.g_00802
OG0001035	Syaj.g_02603	Prav.g_01901
OG0001036	Syaj.g_02599	Prav.g_01906
OG0001037	Syaj.g_02597	Prav.g_01907
OG0001038	Syaj.g_02567	Prav.g_01924
OG0001039	Syaj.g_02564	Prav.g_01927
OG0001040	Syaj.g_02561	Prav.g_01929
OG0001041	Syaj.g_02556	Prav.g_01933
OG0001042	Syaj.g_02527	Prav.g_01950
OG0001043	Syaj.g_02523	Prav.g_01951
OG0001044	Syaj.g_02804	Prav.g_01979
OG0001045	Syaj.g_02817	Prav.g_01988
OG0001046	Syaj.g_00851	Prav.g_00996
OG0001047	Syaj.g_01552	Prav.g_01038
OG0001048	Syaj.g_01551	Prav.g_01039
OG0001049	Syaj.g_01548	Prav.g_01041
OG0001050	Syaj.g_01547	Prav.g_01042
OG0001051	Syaj.g_01546	Prav.g_01043
OG0001052	Syaj.g_01448	Prav.g_01069
OG0001053	Syaj.g_00075	Prav.g_01081
OG0001054	Syaj.g_00092	Prav.g_01096
OG0001055	Syaj.g_00113	Prav.g_01115
OG0001056	Syaj.g_00149	Prav.g_01134
OG0001057	Syaj.g_00160	Prav.g_01139
OG0001058	Syaj.g_00183	Prav.g_01147
OG0001059	Syaj.g_00187	Prav.g_01151
OG0001060	Syaj.g_00193	Prav.g_01158
OG0001061	Syaj.g_00214	Prav.g_01171
OG0001062	Syaj.g_00216	Prav.g_01173
OG0001063	Syaj.g_00222	Prav.g_01175
OG0001064	Syaj.g_00223	Prav.g_01176
OG0001065	Syaj.g_00224	Prav.g_01177
OG0001066	Syaj.g_00225	Prav.g_01178
OG0001067	Syaj.g_00226	Prav.g_01179
OG0001068	Syaj.g_00227	Prav.g_01180
OG0001069	Syaj.g_00228	Prav.g_01181
OG0001070	Syaj.g_00231	Prav.g_01184
OG0001071	Syaj.g_00232	Prav.g_01185
OG0001072	Syaj.g_00236	Prav.g_01186
OG0001073	Syaj.g_00254	Prav.g_01200
OG0001074	Syaj.g_01327	Prav.g_01211
OG0001075	Syaj.g_01325	Prav.g_01212
OG0001076	Syaj.g_01305	Prav.g_01222
OG0001077	Syaj.g_01294	Prav.g_01226
OG0001078	Syaj.g_01282	Prav.g_01234
OG0001079	Syaj.g_01269	Prav.g_01245
OG0001080	Syaj.g_01135	Prav.g_01251
OG0001081	Syaj.g_00699	Prav.g_01253
OG0001082	Syaj.g_00700	Prav.g_01254
OG0001083	Syaj.g_00709	Prav.g_01259
OG0001084	Syaj.g_00711	Prav.g_01260
OG0001085	Syaj.g_00721	Prav.g_01268
OG0001086	Syaj.g_00723	Prav.g_01269
OG0001087	Syaj.g_00498	Prav.g_01286
OG0001088	Syaj.g_00494	Prav.g_01287
OG0001089	Syaj.g_00439	Prav.g_01295
OG0001090	Syaj.g_00959	Prav.g_00307
OG0001091	Syaj.g_00957	Prav.g_00309
OG0001092	Syaj.g_00954	Prav.g_00310
OG0001093	Syaj.g_00948	Prav.g_00315
OG0001094	Syaj.g_01032	Prav.g_00391
OG0001095	Syaj.g_01008	Prav.g_00410
OG0001096	Syaj.g_00988	Prav.g_00423
OG0001097	Syaj.g_00371	Prav.g_00441
OG0001098	Syaj.g_01132	Prav.g_00456
OG0001099	Syaj.g_01906	Prav.g_00487
OG0001100	Syaj.g_00732	Prav.g_00491
OG0001101	Syaj.g_00734	Prav.g_00493
OG0001102	Syaj.g_00737	Prav.g_00496
OG0001103	Syaj.g_00740	Prav.g_00498
OG0001104	Syaj.g_01050	Prav.g_00520
OG0001105	Syaj.g_01046	Prav.g_00524
OG0001106	Syaj.g_00912	Prav.g_00547
OG0001107	Syaj.g_00900	Prav.g_00554
OG0001108	Syaj.g_00870	Prav.g_00558
OG0001109	Syaj.g_00868	Prav.g_00559
OG0001110	Syaj.g_00866	Prav.g_00561
OG0001111	Syaj.g_00864	Prav.g_00562
OG0001112	Syaj.g_00862	Prav.g_00563
OG0001113	Syaj.g_00861	Prav.g_00564
OG0001114	Syaj.g_00860	Prav.g_00565
OG0001115	Syaj.g_00856	Prav.g_00567
OG0001116	Syaj.g_00854	Prav.g_00568
OG0001117	Syaj.g_00853	Prav.g_00569
OG0001118	Syaj.g_00852	Prav.g_00570
OG0001119	Syaj.g_00850	Prav.g_00571
OG0001120	Syaj.g_00846	Prav.g_00573
OG0001121	Syaj.g_00630	Prav.g_00031, Prav.g_00576
OG0001122	Syaj.g_00817	Prav.g_00905
OG0001123	Syaj.g_00810	Prav.g_00909
OG0001124	Syaj.g_00808	Prav.g_00911
OG0001125	Syaj.g_00806	Prav.g_00912
OG0001126	Syaj.g_00413	Prav.g_00922
OG0001127	Syaj.g_00414	Prav.g_00923
OG0001128	Syaj.g_00417	Prav.g_00925
OG0001129	Syaj.g_00419	Prav.g_00926
OG0001130	Syaj.g_00420	Prav.g_00927
OG0001131	Syaj.g_01070	Prav.g_00242
OG0001132	Syaj.g_01166	Prav.g_00252
OG0001133	Syaj.g_01302	Prav.g_00019
OG0001134	Syaj.g_00645	Prav.g_00033
OG0001135	Syaj.g_00647	Prav.g_00036
OG0001136	Syaj.g_00300	Prav.g_00062
OG0001137	Syaj.g_00318	Prav.g_00073
OG0001138	Syaj.g_00620	Prav.g_01855
OG0001139	Syaj.g_00618	Prav.g_01854
OG0001140	Syaj.g_00617	Prav.g_01853
OG0001141	Syaj.g_00616	Prav.g_01852
OG0001142	Syaj.g_00615	Prav.g_01851
OG0001143	Syaj.g_00602	Prav.g_01844
OG0001144	Syaj.g_00588	Prav.g_01839
OG0001145	Syaj.g_00276	Prav.g_01430
OG0001146	Syaj.g_01518	Prav.g_01442
OG0001147	Syaj.g_01438	Prav.g_01459
OG0001148	Syaj.g_00057	Prav.g_01475
OG0001149	Syaj.g_00056	Prav.g_01476
OG0001150	Syaj.g_00055	Prav.g_01477
OG0001151	Syaj.g_00043	Prav.g_01488
OG0001152	Syaj.g_00040	Prav.g_01489
OG0001153	Syaj.g_01425	Prav.g_01610
OG0001154	Syaj.g_01426	Prav.g_01611
OG0001155	Syaj.g_01637	Prav.g_01623
OG0001156	Syaj.g_01640	Prav.g_01626
OG0001157	Syaj.g_01641	Prav.g_01627
OG0001158	Syaj.g_01643	Prav.g_01628
OG0001159	Syaj.g_01644	Prav.g_01629
OG0001160	Syaj.g_01697	Prav.g_01653
OG0001161	Syaj.g_02148	Prav.g_01664
OG0001162	Syaj.g_00979	Prav.g_01675
OG0001163	Syaj.g_01705	Prav.g_01753
OG0001164	Syaj.g_01711	Prav.g_01757
OG0001165	Syaj.g_01716	Prav.g_01760
OG0001166	Syaj.g_01746	Prav.g_01780
OG0001167	Syaj.g_01592	Prav.g_01797
OG0001168	Syaj.g_01594	Prav.g_01799
OG0001169	Syaj.g_01596	Prav.g_01801
OG0001170	Syaj.g_01597	Prav.g_01803
OG0001171	Syaj.g_01607	Prav.g_01813
OG0001172	Syaj.g_02641	Prav.g_00271
OG0001173	Syaj.g_02642	Prav.g_00272
OG0001174	Syaj.g_02650	Prav.g_00280
OG0001175	Syaj.g_02651	Prav.g_00281
OG0001176	Syaj.g_02688	Prav.g_00288
OG0001177	Syaj.g_02685	Prav.g_00291
OG0001178	Syaj.g_01726	Prav.g_00296
OG0001179	Syaj.g_02719	Prav.g_00616
OG0001180	Syaj.g_02744	Prav.g_00638
OG0001181	Syaj.g_02748	Prav.g_00642
OG0001182	Syaj.g_02757	Prav.g_00649
OG0001183	Syaj.g_02762	Prav.g_00654
OG0001184	Syaj.g_02449	Prav.g_00670
OG0001185	Syaj.g_02423	Prav.g_00684
OG0001186	Syaj.g_02339	Prav.g_00707
OG0001187	Syaj.g_02369	Prav.g_00711
OG0001188	Syaj.g_02336	Prav.g_00713
OG0001189	Syaj.g_02318	Prav.g_00730
OG0001190	Syaj.g_02111	Prav.g_00734
OG0001191	Syaj.g_02128	Prav.g_00744
OG0001192	Syaj.g_02138	Prav.g_00749
OG0001193	Syaj.g_02178	Prav.g_00759
OG0001194	Syaj.g_02180	Prav.g_00760
OG0001195	Syaj.g_02181	Prav.g_00761
OG0001196	Syaj.g_02244	Prav.g_00774
OG0001197	Syaj.g_02246	Prav.g_00775
OG0001198	Syaj.g_02259	Prav.g_00783
OG0001199	Syaj.g_01825	Prav.g_00139
OG0001200	Syaj.g_01827	Prav.g_00141
OG0001201	Syaj.g_01888	Prav.g_00173
OG0001202	Syaj.g_02032	Prav.g_00839
OG0001203	Syaj.g_02877	Prav.g_00800
OG0001204	Syaj.g_02621	Prav.g_01890
OG0001205	Syaj.g_01545	Prav.g_01044
OG0001206	Syaj.g_01484	Prav.g_01060
OG0001207	Syaj.g_00061	Prav.g_01075
OG0001208	Syaj.g_00074	Prav.g_01080
OG0001209	Syaj.g_00147	Prav.g_01133
OG0001210	Syaj.g_00158	Prav.g_01138
OG0001211	Syaj.g_00184	Prav.g_01148
OG0001212	Syaj.g_00246	Prav.g_01192
OG0001214	Syaj.g_01281	Prav.g_01235
OG0001215	Syaj.g_00492	Prav.g_01288
OG0001216	Syaj.g_00958	Prav.g_00308
OG0001218	Syaj.g_01434	Prav.g_00355
OG0001219	Syaj.g_00782	Prav.g_00385
OG0001220	Syaj.g_00345	Prav.g_00448
OG0001221	Syaj.g_01067	Prav.g_00510
OG0001222	Syaj.g_00911	Prav.g_00548
OG0001223	Syaj.g_00844	Prav.g_00574
OG0001224	Syaj.g_00423	Prav.g_00929
OG0001225	Syaj.g_00425	Prav.g_00931
OG0001227	Syaj.g_02152	Prav.g_00255
OG0001228	Syaj.g_01565	Prav.g_01836
OG0001229	Syaj.g_00451	Prav.g_01471
OG0001231	Syaj.g_02279	Prav.g_01673
OG0001232	Syaj.g_01757	Prav.g_01784
OG0001233	Syaj.g_01598	Prav.g_01804
OG0001234	Syaj.g_02655	Prav.g_00283
OG0001235	Syaj.g_02679	Prav.g_00293
OG0001236	Syaj.g_02453	Prav.g_00667
OG0001237	Syaj.g_02447	Prav.g_00671
OG0001239	Syaj.g_01822	Prav.g_00136
OG0001240	Syaj.g_01871	Prav.g_00158
OG0001242	Syaj.g_01913	Prav.g_00184
OG0001243	Syaj.g_01926	Prav.g_00190
OG0001244	Syaj.g_01960	Prav.g_00206
OG0001246	Syaj.g_00100	Prav.g_01102
OG0001247	Syaj.g_00973	Prav.g_01281
OG0001248	Syaj.g_00978	Prav.g_01283
OG0001250	Syaj.g_00375	Prav.g_00437
OG0001251	Syaj.g_02187	Prav.g_00484
OG0001252	Syaj.g_00416	Prav.g_00924
OG0001253	Syaj.g_01165	Prav.g_00256
OG0001254	Syaj.g_00646	Prav.g_00035
OG0001256	Syaj.g_01704	Prav.g_01666
OG0001257	Syaj.g_01342	Prav.g_01672
OG0001258	Syaj.g_01714	Prav.g_01758
OG0001260	Syaj.g_01617	Prav.g_01819
OG0001261	Syaj.g_02728	Prav.g_00624
OG0001262	Syaj.g_02320	Prav.g_00728
OG0001263	Syaj.g_01929	Prav.g_00193
OG0001265	Syaj.g_01911	Prav.g_00183
OG0001266	Syaj.g_02036	Prav.g_00835
OG0001267	Syaj.g_02565	Prav.g_01926
OG0001268	Syaj.g_02811	Prav.g_01985
OG0001270	Syaj.g_01558	Prav.g_01033
OG0001271	Syaj.g_01447	Prav.g_01070
OG0001272	Syaj.g_00078	Prav.g_01084
OG0001273	Syaj.g_01288	Prav.g_01229
OG0001274	Syaj.g_02077	Prav.g_01308, Prav.g_01311
OG0001275	Syaj.g_00827	Prav.g_00584
OG0001276	Syaj.g_00811	Prav.g_00908
OG0001277	Syaj.g_02227	Prav.g_00244
OG0001278	Syaj.g_00575	Prav.g_01831
OG0001279	Syaj.g_01356	Prav.g_01392
OG0001280	Syaj.g_01508	Prav.g_01437
OG0001281	Syaj.g_01519	Prav.g_01443
OG0001282	Syaj.g_00058	Prav.g_01474
OG0001283	Syaj.g_02238	Prav.g_01493
OG0001284	Syaj.g_01688	Prav.g_01648
OG0001285	Syaj.g_01170	Prav.g_01787
OG0001286	Syaj.g_02742	Prav.g_00636
OG0001287	Syaj.g_02415	Prav.g_00691
OG0001288	Syaj.g_02394	Prav.g_00700
OG0001289	Syaj.g_01845	Prav.g_00152
OG0001290	Syaj.g_01880	Prav.g_00165
OG0001291	Syaj.g_01939	Prav.g_00200
OG0001292	Syaj.g_02616	Prav.g_01895
OG0001293	Syaj.g_02594	Prav.g_01908
OG0001294	Syaj.g_00722	Prav.g_00995
OG0001295	Syaj.g_00161	Prav.g_01065
OG0001296	Syaj.g_00106	Prav.g_01107
OG0001297	Syaj.g_00110	Prav.g_01112
OG0001298	Syaj.g_00221	Prav.g_01174
OG0001299	Syaj.g_00716	Prav.g_01264
OG0001300	Syaj.g_00479	Prav.g_01291
OG0001301	Syaj.g_00440	Prav.g_01294
OG0001302	Syaj.g_01251	Prav.g_00383
OG0001303	Syaj.g_00784	Prav.g_00946
OG0001304	Syaj.g_00795	Prav.g_00918
OG0001305	Syaj.g_00433	Prav.g_00937
OG0001306	Syaj.g_00285	Prav.g_00051
OG0001307	Syaj.g_02672	Prav.g_01456
OG0001309	Syaj.g_00116	Prav.g_01670
OG0001310	Syaj.g_01735	Prav.g_01773
OG0001311	Syaj.g_00809	Prav.g_00910
OG0001313	Syaj.g_01471, Syaj.g_01472	Prav.g_00971, Prav.g_01872, Prav.g_01873, Prav.g_01362, Prav.g_01373, Prav.g_00970, Prav.g_01453, Prav.g_01871
OG0001315	Syaj.g_02760	Prav.g_00126
OG0001316	Syaj.g_01946	Prav.g_00205
OG0001317	Syaj.g_02857	Prav.g_00804
OG0001319	Syaj.g_02576	Prav.g_01919
OG0001321	Syaj.g_01528	Prav.g_01050
OG0001322	Syaj.g_01527	Prav.g_01051
OG0001323	Syaj.g_00119	Prav.g_01117
OG0001324	Syaj.g_00478	Prav.g_01292
OG0001325	Syaj.g_00953	Prav.g_00311
OG0001326	Syaj.g_02196	Prav.g_00472
OG0001327	Syaj.g_00729	Prav.g_00227
OG0001328	Syaj.g_00764	Prav.g_00254
OG0001329	Syaj.g_00028	Prav.g_00026
OG0001330	Syaj.g_01501	Prav.g_01408
OG0001332	Syaj.g_01631	Prav.g_01621
OG0001333	Syaj.g_01593	Prav.g_01798
OG0001334	Syaj.g_02770	Prav.g_00657
OG0001335	Syaj.g_02771	Prav.g_00658
OG0001336	Syaj.g_02239	Prav.g_00771
OG0001339	Syaj.g_01883	Prav.g_00168
OG0001340	Syaj.g_02787	Prav.g_01974
OG0001341	Syaj.g_00449	Prav.g_00344
OG0001343	Syaj.g_02184	Prav.g_00481
OG0001344	Syaj.g_00307	Prav.g_00069
OG0001345	Syaj.g_00337	Prav.g_01862
OG0001346	Syaj.g_01512	Prav.g_01439
OG0001347	Syaj.g_02374	Prav.g_00299
OG0001348	Syaj.g_00393	Prav.g_01693
OG0001352	Syaj.g_00136	Prav.g_01278
OG0001353	Syaj.g_00386	Prav.g_00429
OG0001354	Syaj.g_00857	Prav.g_00566
OG0001355	Syaj.g_01244	Prav.g_01704, Prav.g_00969
OG0001358	Syaj.g_01309	Prav.g_01218
OG0001359	Syaj.g_02183	Prav.g_00482
OG0001360	Syaj.g_00340	Prav.g_00257
OG0001361	Syaj.g_00334	Prav.g_01865
OG0001362	Syaj.g_01396	Prav.g_01592
OG0001363	Syaj.g_01398	Prav.g_01594
OG0001364	Syaj.g_02473	Prav.g_00660
OG0001369	Syaj.g_01870	Prav.g_00157
OG0001373	Syaj.g_02195	Prav.g_00471
OG0001374	Syaj.g_02203	Prav.g_00479
OG0001375	Syaj.g_02185	Prav.g_00480
OG0001376	Syaj.g_02140	Prav.g_00220
OG0001377	Syaj.g_02139	Prav.g_00221
OG0001378	Syaj.g_01559	Prav.g_00003
OG0001379	Syaj.g_01503	Prav.g_01432
OG0001381	Syaj.g_00405, Syaj.g_02663	Prav.g_01467
OG0001382	Syaj.g_00685	Prav.g_01686
OG0001385	Syaj.g_02192	Prav.g_00468
OG0001386	Syaj.g_02193	Prav.g_00469
OG0001387	Syaj.g_02194	Prav.g_00470
OG0001388	Syaj.g_02197	Prav.g_00473
OG0001389	Syaj.g_02198	Prav.g_00474
OG0001390	Syaj.g_02199	Prav.g_00475
OG0001391	Syaj.g_02200	Prav.g_00476
OG0001392	Syaj.g_02201	Prav.g_00477
OG0001393	Syaj.g_02202	Prav.g_00478
OG0001395	Syaj.g_00935	Prav.g_00920
OG0001396	Syaj.g_02372, Syaj.g_02498	Prav.g_00300
OG0001397	Syaj.g_01397	Prav.g_01593
OG0001398	Syaj.g_01116	Prav.g_01700
OG0001401	Syaj.g_00381	Prav.g_01365
OG0001402	Syaj.g_01304	Prav.g_01328
OG0001403	Syaj.g_02297	Prav.g_00098
OG0001404	Syaj.g_01817	Prav.g_00133
OG0001405	Syaj.g_02773	Prav.g_01972
OG0001406	Syaj.g_02141	Prav.g_00219
OG0001407	Syaj.g_00137	Prav.g_00234
OG0001408	Syaj.g_00561	Prav.g_00239
OG0001410	Syaj.g_02673	Prav.g_01457
OG0001413	Syaj.g_01241	Prav.g_01662
OG0001414	Syaj.g_02664	Prav.g_00809
OG0001416	Syaj.g_01516	Prav.g_01057
OG0001417	Syaj.g_00858	Prav.g_01067
OG0001419	Syaj.g_00138	Prav.g_00235
OG0001420	Syaj.g_00131	Prav.g_00012
OG0001421	Syaj.g_01235, Syaj.g_01167	Prav.g_01667
OG0001425	Syaj.g_02137	Prav.g_00748
OG0001428	Syaj.g_01993	Prav.g_00866
OG0001430	Syaj.g_02104	Prav.g_01403
OG0001432	Syaj.g_00509	Prav.g_01661
OG0001434	Syaj.g_01054	Prav.g_00518
OG0001435	Syaj.g_00736	Prav.g_00495
OG0001438	Syaj.g_02550	Prav.g_01939
OG0001439	Syaj.g_02520	Prav.g_01953
OG0001443	Syaj.g_02145	Prav.g_01744
OG0001446	Syaj.g_00527	Prav.g_00144
OG0001447	Syaj.g_01927	Prav.g_00191
OG0001448	Syaj.g_01813	Prav.g_00986
OG0001449	Syaj.g_02625	Prav.g_01010
OG0001452	Syaj.g_02607	Prav.g_00485
OG0001453	Syaj.g_00838	Prav.g_00578
OG0001454	Syaj.g_01231	Prav.g_00250
OG0001456	Syaj.g_02205	Prav.g_00042
OG0001457	Syaj.g_02206	Prav.g_00043
OG0001458	Syaj.g_02207	Prav.g_00044
OG0001459	Syaj.g_00653	Prav.g_01377
OG0001462	Syaj.g_02304	Prav.g_00102
OG0001463	Syaj.g_00403	Prav.g_01932
OG0001464	Syaj.g_02788	Prav.g_01975
OG0001465	Syaj.g_00968	Prav.g_01300
OG0001470	Syaj.g_01567, Syaj.g_02342	Prav.g_01509
OG0001471	Syaj.g_02526	Prav.g_01663
OG0001473	Syaj.g_01255	Prav.g_00708
OG0001474	Syaj.g_02812	Prav.g_01986
OG0001475	Syaj.g_01569	Prav.g_01511
OG0001479	Syaj.g_02809	Prav.g_01983
OG0001480	Syaj.g_00343	Prav.g_00988
OG0001482	Syaj.g_00848	Prav.g_01055
OG0001492	Syaj.g_00578	Prav.g_01834
OG0001493	Syaj.g_00569	Prav.g_01826
OG0001494	Syaj.g_02353	Prav.g_01553
OG0001499	Syaj.g_01211	Prav.g_00125
OG0001504	Syaj.g_00652	Prav.g_01378
OG0001505	Syaj.g_02359	Prav.g_01503
OG0001508	Syaj.g_01566	Prav.g_01508
OG0001523	Syaj.g_00673	Prav.g_00037
OG0001524	Syaj.g_00672	Prav.g_00038
OG0001525	Syaj.g_02159	Prav.g_01678
OG0001528	Syaj.g_01568	Prav.g_01510
OG0001546	Syaj.g_00124	Prav.g_01122
OG0001548	Syaj.g_01222	Prav.g_00371
OG0001551	Syaj.g_00395	Prav.g_00041
OG0001554	Syaj.g_02109	Prav.g_01668
OG0001556	Syaj.g_00636	Prav.g_00963
OG0001558	Syaj.g_02282	Prav.g_01353
OG0001582	Syaj.g_01215	Prav.g_01066
OG0001585	Syaj.g_01778	Prav.g_01395
OG0001602	Syaj.g_00969	Prav.g_01299
OG0001625	Syaj.g_02600	Prav.g_01905
OG0001627	Syaj.g_01633	Prav.g_00351
OG0001633	Syaj.g_01347	Prav.g_01470
OG0001652	Syaj.g_02280	Prav.g_01351
OG0001666	Syaj.g_00654	Prav.g_01376
OG0001671	Syaj.g_02062	Prav.g_01358
OG0001700	Syaj.g_01115	Prav.g_00960
OG0001737	Syaj.g_02544	Prav.g_01364
OG0001749	Syaj.g_02489	Prav.g_01554
OG0001782	Syaj.g_02355	Prav.g_01425
OG0001842	Syaj.g_01627	Prav.g_00966
OG0001930	Syaj.g_01628	Prav.g_00967
OG0001931	Syaj.g_01629	Prav.g_00968
OG0001991	Syaj.g_00761, Syaj.g_00762	Prav.g_01343
OG0002015	Syaj.g_02486	Prav.g_01525
OG0002369	Syaj.g_02343	Prav.g_01532
OG0002374	Syaj.g_00607	Prav.g_00956
OG0002380	Syaj.g_01781	Prav.g_01880
OG0002590	Syaj.g_01260	Prav.g_01870, Prav.g_01888
OG0002708	Syaj.g_00551	Prav.g_01303
OG0003246	Syaj.g_02890	Prav.g_00301
OG0004269	Syaj.g_02352	Prav.g_01547
OG0005669	Syaj.g_01720	Prav.g_01495
