Orthogroup	Pral	Prbl
OG0000000	Pral.g_00037	Prbl.g_00116
OG0000001	Pral.g_01236, Pral.g_01671, Pral.g_01296	Prbl.g_00725, Prbl.g_00121, Prbl.g_02599
OG0000002	Pral.g_01549, Pral.g_01554	Prbl.g_01582
OG0000002	Pral.g_01340, Pral.g_00430, Pral.g_01342, Pral.g_01337, Pral.g_01052, Pral.g_01764	Prbl.g_01092
OG0000004	Pral.g_01743	Prbl.g_00021
OG0000004	Pral.g_00809	Prbl.g_01771
OG0000005	Pral.g_01075	Prbl.g_00419
OG0000006	Pral.g_00797	Prbl.g_02601
OG0000007	Pral.g_00593	Prbl.g_00531
OG0000007	Pral.g_00107	Prbl.g_00394
OG0000008	Pral.g_00020	Prbl.g_01855
OG0000008	Pral.g_00021	Prbl.g_01854
OG0000010	Pral.g_01832, Pral.g_01848, Pral.g_00618	Prbl.g_01341
OG0000013	Pral.g_00712	Prbl.g_01183
OG0000014	Pral.g_00732	Prbl.g_01416
OG0000015	Pral.g_01813	Prbl.g_01566
OG0000017	Pral.g_00484	Prbl.g_01755
OG0000017	Pral.g_00491	Prbl.g_01763
OG0000018	Pral.g_01346, Pral.g_01516	Prbl.g_00694
OG0000019	Pral.g_00790, Pral.g_01344	Prbl.g_01097
OG0000020	Pral.g_01038	Prbl.g_01076
OG0000020	Pral.g_01891	Prbl.g_01026, Prbl.g_01386
OG0000021	Pral.g_01667	Prbl.g_01531
OG0000021	Pral.g_01738	Prbl.g_01768
OG0000022	Pral.g_00044	Prbl.g_01310
OG0000023	Pral.g_01687	Prbl.g_02355
OG0000024	Pral.g_01895	Prbl.g_00040
OG0000025	Pral.g_01523	Prbl.g_01539
OG0000026	Pral.g_01012	Prbl.g_01977
OG0000028	Pral.g_00719	Prbl.g_00900
OG0000029	Pral.g_01890	Prbl.g_01163
OG0000030	Pral.g_00316	Prbl.g_02061, Prbl.g_02060
OG0000032	Pral.g_01121	Prbl.g_00712
OG0000033	Pral.g_00874	Prbl.g_00278
OG0000034	Pral.g_01271	Prbl.g_01734
OG0000035	Pral.g_01165, Pral.g_01161	Prbl.g_00242
OG0000037	Pral.g_00938	Prbl.g_00548
OG0000038	Pral.g_00356	Prbl.g_02235, Prbl.g_02233
OG0000039	Pral.g_01755	Prbl.g_00318, Prbl.g_01272
OG0000041	Pral.g_00155	Prbl.g_00339
OG0000042	Pral.g_00313	Prbl.g_01236, Prbl.g_01121
OG0000045	Pral.g_01322	Prbl.g_00609
OG0000046	Pral.g_00711	Prbl.g_01184
OG0000047	Pral.g_00672	Prbl.g_01574
OG0000048	Pral.g_00768	Prbl.g_01465
OG0000051	Pral.g_00095	Prbl.g_01677
OG0000053	Pral.g_00066, Pral.g_01139	Prbl.g_00691
OG0000054	Pral.g_00482	Prbl.g_01752
OG0000056	Pral.g_01041	Prbl.g_01599
OG0000057	Pral.g_01740	Prbl.g_00025
OG0000059	Pral.g_00195	Prbl.g_00836
OG0000062	Pral.g_01073	Prbl.g_00417
OG0000063	Pral.g_00435	Prbl.g_01981
OG0000065	Pral.g_00940	Prbl.g_00552
OG0000066	Pral.g_00551	Prbl.g_00752
OG0000067	Pral.g_01488	Prbl.g_02335
OG0000068	Pral.g_01222	Prbl.g_00502
OG0000070	Pral.g_00643	Prbl.g_00634
OG0000071	Pral.g_01281	Prbl.g_01722
OG0000072	Pral.g_00872	Prbl.g_00276
OG0000073	Pral.g_00591	Prbl.g_00533
OG0000075	Pral.g_00279	Prbl.g_00855
OG0000076	Pral.g_00305	Prbl.g_01285
OG0000077	Pral.g_00969	Prbl.g_00596
OG0000078	Pral.g_00800	Prbl.g_00193
OG0000079	Pral.g_00787	Prbl.g_01505
OG0000081	Pral.g_00559	Prbl.g_00032
OG0000082	Pral.g_00057	Prbl.g_01783
OG0000084	Pral.g_01169	Prbl.g_00246
OG0000085	Pral.g_00099	Prbl.g_00405
OG0000086	Pral.g_00959	Prbl.g_00583
OG0000087	Pral.g_00906	Prbl.g_00810
OG0000088	Pral.g_00878	Prbl.g_00281
OG0000089	Pral.g_00676	Prbl.g_02674
OG0000090	Pral.g_00557	Prbl.g_00766
OG0000091	Pral.g_01443	Prbl.g_01647
OG0000093	Pral.g_01472	Prbl.g_02359
OG0000094	Pral.g_01604	Prbl.g_02209
OG0000097	Pral.g_01416	Prbl.g_02579
OG0000098	Pral.g_01239	Prbl.g_00722
OG0000099	Pral.g_01201	Prbl.g_00893
OG0000100	Pral.g_01078	Prbl.g_01914, Prbl.g_02305
OG0000101	Pral.g_00243	Prbl.g_01126, Prbl.g_01000
OG0000102	Pral.g_00310	Prbl.g_02636
OG0000103	Pral.g_00397	Prbl.g_02139
OG0000104	Pral.g_00406	Prbl.g_02125
OG0000105	Pral.g_00765	Prbl.g_01461
OG0000106	Pral.g_01859	Prbl.g_00411
OG0000108	Pral.g_00611	Prbl.g_00511
OG0000109	Pral.g_00596	Prbl.g_00527
OG0000110	Pral.g_00513	Prbl.g_01795
OG0000111	Pral.g_01739	Prbl.g_00026
OG0000112	Pral.g_01635	Prbl.g_02470
OG0000113	Pral.g_01511	Prbl.g_02310
OG0000114	Pral.g_01799	Prbl.g_02407
OG0000115	Pral.g_01141	Prbl.g_00687
OG0000116	Pral.g_01356	Prbl.g_02069
OG0000117	Pral.g_01398, Pral.g_01397, Pral.g_01396, Pral.g_01881	Prbl.g_01384
OG0000118	Pral.g_01269	Prbl.g_01736
OG0000119	Pral.g_01861	Prbl.g_00007
OG0000119	Pral.g_01063	Prbl.g_00046
OG0000120	Pral.g_00702	Prbl.g_00892
OG0000121	Pral.g_01159	Prbl.g_00234, Prbl.g_00240
OG0000122	Pral.g_01116	Prbl.g_01808
OG0000123	Pral.g_00250	Prbl.g_01135
OG0000124	Pral.g_00322	Prbl.g_02054
OG0000125	Pral.g_00358	Prbl.g_02231
OG0000126	Pral.g_00405	Prbl.g_02127
OG0000128	Pral.g_00421	Prbl.g_02109
OG0000129	Pral.g_01000	Prbl.g_02243
OG0000130	Pral.g_00978	Prbl.g_00608
OG0000131	Pral.g_00900	Prbl.g_00303
OG0000132	Pral.g_00880	Prbl.g_00283
OG0000133	Pral.g_00717	Prbl.g_00897
OG0000134	Pral.g_00674	Prbl.g_02677
OG0000135	Pral.g_01034	Prbl.g_02190
OG0000136	Pral.g_00653	Prbl.g_00647
OG0000137	Pral.g_00617	Prbl.g_01340
OG0000138	Pral.g_00595	Prbl.g_00528
OG0000139	Pral.g_00553	Prbl.g_00760
OG0000140	Pral.g_00552	Prbl.g_00754
OG0000141	Pral.g_00481	Prbl.g_01751
OG0000142	Pral.g_01436	Prbl.g_01639
OG0000143	Pral.g_01440	Prbl.g_01643
OG0000144	Pral.g_01453	Prbl.g_01042
OG0000145	Pral.g_01037	Prbl.g_00534
OG0000146	Pral.g_01636	Prbl.g_02469
OG0000147	Pral.g_01637	Prbl.g_02468
OG0000148	Pral.g_01505	Prbl.g_02316
OG0000149	Pral.g_01535	Prbl.g_01552
OG0000150	Pral.g_01545	Prbl.g_01576
OG0000151	Pral.g_01789	Prbl.g_02386
OG0000152	Pral.g_01627	Prbl.g_02478
OG0000153	Pral.g_01578	Prbl.g_02505
OG0000154	Pral.g_01595	Prbl.g_02532
OG0000155	Pral.g_01390	Prbl.g_00185
OG0000156	Pral.g_01292	Prbl.g_00115
OG0000157	Pral.g_01291	Prbl.g_00114
OG0000158	Pral.g_00287	Prbl.g_00843
OG0000160	Pral.g_01160	Prbl.g_00241
OG0000161	Pral.g_01154	Prbl.g_00227
OG0000162	Pral.g_01148	Prbl.g_00221
OG0000163	Pral.g_01106	Prbl.g_00452
OG0000164	Pral.g_00131	Prbl.g_00365
OG0000165	Pral.g_00138	Prbl.g_00356
OG0000166	Pral.g_00206	Prbl.g_00962
OG0000167	Pral.g_00277	Prbl.g_00857
OG0000168	Pral.g_00288	Prbl.g_00842
OG0000169	Pral.g_00298	Prbl.g_01302
OG0000170	Pral.g_00301	Prbl.g_01290
OG0000171	Pral.g_00321	Prbl.g_02055
OG0000172	Pral.g_00328	Prbl.g_02021
OG0000173	Pral.g_00343	Prbl.g_02000
OG0000174	Pral.g_00375	Prbl.g_02188
OG0000175	Pral.g_00387	Prbl.g_02150
OG0000176	Pral.g_00414	Prbl.g_02117
OG0000177	Pral.g_00415	Prbl.g_02116
OG0000178	Pral.g_00416	Prbl.g_02115
OG0000179	Pral.g_01028	Prbl.g_01961
OG0000180	Pral.g_01027	Prbl.g_01962
OG0000181	Pral.g_01026	Prbl.g_01963
OG0000182	Pral.g_01025	Prbl.g_01964
OG0000183	Pral.g_01021	Prbl.g_01968
OG0000184	Pral.g_00996	Prbl.g_02251
OG0000185	Pral.g_00993	Prbl.g_02273
OG0000186	Pral.g_00984	Prbl.g_00614
OG0000187	Pral.g_00983	Prbl.g_00613
OG0000188	Pral.g_00965	Prbl.g_00591
OG0000189	Pral.g_00951	Prbl.g_00565
OG0000190	Pral.g_00950	Prbl.g_00563
OG0000191	Pral.g_00928	Prbl.g_01325
OG0000192	Pral.g_00923	Prbl.g_01316
OG0000193	Pral.g_00899	Prbl.g_00302
OG0000194	Pral.g_00896	Prbl.g_00299
OG0000195	Pral.g_00894	Prbl.g_00297
OG0000196	Pral.g_00883	Prbl.g_00286
OG0000197	Pral.g_00882	Prbl.g_00285
OG0000198	Pral.g_00881	Prbl.g_00284
OG0000199	Pral.g_00873	Prbl.g_00277
OG0000201	Pral.g_00851	Prbl.g_00088
OG0000202	Pral.g_00850	Prbl.g_00089
OG0000203	Pral.g_00849	Prbl.g_00090
OG0000204	Pral.g_00848	Prbl.g_00091
OG0000205	Pral.g_00842	Prbl.g_00098
OG0000206	Pral.g_00837	Prbl.g_01282
OG0000207	Pral.g_00835	Prbl.g_00130
OG0000208	Pral.g_00834	Prbl.g_00129
OG0000209	Pral.g_00825	Prbl.g_01256
OG0000210	Pral.g_00824	Prbl.g_01257
OG0000211	Pral.g_00807	Prbl.g_01922
OG0000212	Pral.g_00799	Prbl.g_00192
OG0000213	Pral.g_00781	Prbl.g_01496
OG0000214	Pral.g_00772	Prbl.g_01469
OG0000215	Pral.g_00746	Prbl.g_01439
OG0000216	Pral.g_00744	Prbl.g_01436
OG0000217	Pral.g_00741	Prbl.g_01432
OG0000218	Pral.g_00739	Prbl.g_01428
OG0000219	Pral.g_00738	Prbl.g_01427
OG0000220	Pral.g_00737	Prbl.g_01426
OG0000221	Pral.g_00736	Prbl.g_01421
OG0000222	Pral.g_00729	Prbl.g_00911
OG0000223	Pral.g_00716	Prbl.g_00888
OG0000224	Pral.g_00714	Prbl.g_00877
OG0000225	Pral.g_00686	Prbl.g_01218
OG0000226	Pral.g_00682	Prbl.g_01222
OG0000227	Pral.g_00680	Prbl.g_01224
OG0000228	Pral.g_00677	Prbl.g_02673
OG0000229	Pral.g_00658	Prbl.g_00652
OG0000230	Pral.g_00656	Prbl.g_00650
OG0000231	Pral.g_00644	Prbl.g_00635
OG0000232	Pral.g_00631	Prbl.g_00619
OG0000233	Pral.g_00625	Prbl.g_01360
OG0000234	Pral.g_00616	Prbl.g_01339
OG0000235	Pral.g_00612	Prbl.g_00510
OG0000236	Pral.g_00597	Prbl.g_00526
OG0000237	Pral.g_00584	Prbl.g_00800
OG0000238	Pral.g_00578	Prbl.g_00795
OG0000239	Pral.g_00565	Prbl.g_00779
OG0000240	Pral.g_00564	Prbl.g_00778
OG0000241	Pral.g_00560	Prbl.g_01526
OG0000242	Pral.g_00558	Prbl.g_00768
OG0000243	Pral.g_00547	Prbl.g_02647
OG0000244	Pral.g_00544	Prbl.g_01879
OG0000245	Pral.g_00542	Prbl.g_01882
OG0000246	Pral.g_00538	Prbl.g_01886
OG0000247	Pral.g_00527	Prbl.g_01897
OG0000248	Pral.g_00524	Prbl.g_01900
OG0000249	Pral.g_00522	Prbl.g_01902
OG0000250	Pral.g_00516	Prbl.g_01799
OG0000251	Pral.g_00498	Prbl.g_01775
OG0000252	Pral.g_00495	Prbl.g_01772
OG0000253	Pral.g_00494	Prbl.g_01766
OG0000254	Pral.g_00477	Prbl.g_01747
OG0000255	Pral.g_00470	Prbl.g_01612
OG0000256	Pral.g_00460	Prbl.g_01626
OG0000257	Pral.g_01430	Prbl.g_01632
OG0000258	Pral.g_01444	Prbl.g_01655
OG0000259	Pral.g_01461	Prbl.g_01406
OG0000260	Pral.g_01464	Prbl.g_01403
OG0000261	Pral.g_01467	Prbl.g_01400
OG0000262	Pral.g_01471	Prbl.g_01395
OG0000263	Pral.g_01761	Prbl.g_01242
OG0000264	Pral.g_01750	Prbl.g_01859
OG0000265	Pral.g_01729	Prbl.g_02567, Prbl.g_01839
OG0000266	Pral.g_01719	Prbl.g_02556
OG0000267	Pral.g_01706	Prbl.g_02431
OG0000268	Pral.g_01705	Prbl.g_02432
OG0000269	Pral.g_01483	Prbl.g_02340
OG0000270	Pral.g_01486	Prbl.g_02337
OG0000271	Pral.g_01494	Prbl.g_02329
OG0000272	Pral.g_01495	Prbl.g_02328
OG0000273	Pral.g_01518	Prbl.g_01534
OG0000274	Pral.g_01519	Prbl.g_01535
OG0000275	Pral.g_01522	Prbl.g_01538
OG0000276	Pral.g_01527	Prbl.g_01544
OG0000277	Pral.g_01528	Prbl.g_01545
OG0000278	Pral.g_01531	Prbl.g_01548
OG0000279	Pral.g_01538	Prbl.g_01556
OG0000280	Pral.g_01539	Prbl.g_01562
OG0000281	Pral.g_01546	Prbl.g_01577
OG0000282	Pral.g_01797	Prbl.g_02405
OG0000283	Pral.g_01655	Prbl.g_02443
OG0000284	Pral.g_01650	Prbl.g_02449
OG0000285	Pral.g_01644	Prbl.g_01688
OG0000286	Pral.g_01628	Prbl.g_02477
OG0000287	Pral.g_00050	Prbl.g_02608
OG0000288	Pral.g_01594	Prbl.g_02531
OG0000289	Pral.g_01609	Prbl.g_02544
OG0000290	Pral.g_01564	Prbl.g_00930
OG0000291	Pral.g_01562	Prbl.g_00928
OG0000292	Pral.g_01316	Prbl.g_02128
OG0000293	Pral.g_01357	Prbl.g_02071
OG0000294	Pral.g_01358	Prbl.g_02072
OG0000295	Pral.g_01382	Prbl.g_00178
OG0000296	Pral.g_01384	Prbl.g_00180
OG0000297	Pral.g_01394	Prbl.g_01382
OG0000298	Pral.g_01395	Prbl.g_01383
OG0000299	Pral.g_01415	Prbl.g_01372
OG0000300	Pral.g_01419	Prbl.g_02582
OG0000301	Pral.g_01420	Prbl.g_02583
OG0000302	Pral.g_01422	Prbl.g_02586
OG0000303	Pral.g_01428	Prbl.g_00187
OG0000304	Pral.g_00455	Prbl.g_01102
OG0000305	Pral.g_01323	Prbl.g_00926
OG0000306	Pral.g_01550	Prbl.g_01586
OG0000307	Pral.g_01213	Prbl.g_00494
OG0000308	Pral.g_01212	Prbl.g_00492
OG0000309	Pral.g_01208	Prbl.g_00488
OG0000310	Pral.g_01181	Prbl.g_00160
OG0000311	Pral.g_01179	Prbl.g_00258
OG0000312	Pral.g_01176	Prbl.g_00254
OG0000313	Pral.g_01157	Prbl.g_00230
OG0000314	Pral.g_01133	Prbl.g_00699
OG0000315	Pral.g_01123	Prbl.g_00709
OG0000316	Pral.g_01095	Prbl.g_00441
OG0000317	Pral.g_00104	Prbl.g_00399
OG0000318	Pral.g_00108	Prbl.g_00393
OG0000319	Pral.g_00121	Prbl.g_00376
OG0000320	Pral.g_00123	Prbl.g_00374
OG0000321	Pral.g_00124	Prbl.g_00373
OG0000322	Pral.g_00125	Prbl.g_00372
OG0000323	Pral.g_00134	Prbl.g_00361
OG0000324	Pral.g_00162	Prbl.g_00332
OG0000325	Pral.g_00172	Prbl.g_02683
OG0000326	Pral.g_00179	Prbl.g_01059
OG0000327	Pral.g_00201	Prbl.g_00957
OG0000328	Pral.g_00202	Prbl.g_00958
OG0000329	Pral.g_00219	Prbl.g_00975
OG0000330	Pral.g_00220	Prbl.g_00976
OG0000331	Pral.g_00221	Prbl.g_00977
OG0000332	Pral.g_00235	Prbl.g_00992
OG0000333	Pral.g_00237	Prbl.g_00994
OG0000334	Pral.g_00246	Prbl.g_01131
OG0000335	Pral.g_00251	Prbl.g_01136
OG0000336	Pral.g_00255	Prbl.g_01140
OG0000337	Pral.g_00274	Prbl.g_00863
OG0000338	Pral.g_00275	Prbl.g_00859
OG0000339	Pral.g_00280	Prbl.g_00853
OG0000340	Pral.g_00289	Prbl.g_00841
OG0000341	Pral.g_00291	Prbl.g_00839
OG0000342	Pral.g_00292	Prbl.g_00838
OG0000343	Pral.g_00293	Prbl.g_01307
OG0000344	Pral.g_00296	Prbl.g_01304
OG0000345	Pral.g_00302	Prbl.g_01289
OG0000346	Pral.g_00306	Prbl.g_01284
OG0000347	Pral.g_00323	Prbl.g_02053
OG0000348	Pral.g_00331	Prbl.g_02016
OG0000349	Pral.g_00349	Prbl.g_01992
OG0000350	Pral.g_00370	Prbl.g_02195
OG0000351	Pral.g_00390	Prbl.g_02147
OG0000352	Pral.g_00391	Prbl.g_02146
OG0000353	Pral.g_00409	Prbl.g_02122
OG0000354	Pral.g_01677	Prbl.g_01959
OG0000355	Pral.g_00411	Prbl.g_02120
OG0000356	Pral.g_00412	Prbl.g_02119
OG0000357	Pral.g_00413	Prbl.g_02118
OG0000358	Pral.g_00417	Prbl.g_02114
OG0000359	Pral.g_00418	Prbl.g_02112
OG0000360	Pral.g_00419	Prbl.g_02111
OG0000361	Pral.g_00420	Prbl.g_02110
OG0000362	Pral.g_00422	Prbl.g_02108
OG0000363	Pral.g_01030	Prbl.g_01955
OG0000364	Pral.g_01029	Prbl.g_01956
OG0000365	Pral.g_01024	Prbl.g_01965
OG0000366	Pral.g_01023	Prbl.g_01966
OG0000367	Pral.g_01022	Prbl.g_01967
OG0000368	Pral.g_01020	Prbl.g_01969
OG0000369	Pral.g_01019	Prbl.g_01970
OG0000370	Pral.g_01018	Prbl.g_01971
OG0000371	Pral.g_01011	Prbl.g_01980
OG0000372	Pral.g_01009	Prbl.g_01985
OG0000373	Pral.g_01008	Prbl.g_01986
OG0000374	Pral.g_01007	Prbl.g_01987
OG0000375	Pral.g_01005	Prbl.g_01988
OG0000376	Pral.g_01003	Prbl.g_01990
OG0000377	Pral.g_00999	Prbl.g_02244
OG0000378	Pral.g_00995	Prbl.g_02258
OG0000379	Pral.g_00992	Prbl.g_02274
OG0000380	Pral.g_00982	Prbl.g_00612
OG0000381	Pral.g_00977	Prbl.g_00607
OG0000382	Pral.g_00966	Prbl.g_00592
OG0000383	Pral.g_00964	Prbl.g_00590
OG0000384	Pral.g_00963	Prbl.g_00589
OG0000385	Pral.g_00962	Prbl.g_00588
OG0000386	Pral.g_00961	Prbl.g_00587
OG0000387	Pral.g_00948	Prbl.g_00561
OG0000388	Pral.g_00944	Prbl.g_00557
OG0000389	Pral.g_00941	Prbl.g_00553
OG0000390	Pral.g_00932	Prbl.g_01331
OG0000391	Pral.g_00929	Prbl.g_01326
OG0000392	Pral.g_00925	Prbl.g_01320
OG0000393	Pral.g_00922	Prbl.g_01315
OG0000394	Pral.g_00921	Prbl.g_01314
OG0000395	Pral.g_00920	Prbl.g_01313
OG0000396	Pral.g_00918	Prbl.g_00827
OG0000397	Pral.g_00916	Prbl.g_00825
OG0000398	Pral.g_00913	Prbl.g_00820
OG0000399	Pral.g_00912	Prbl.g_00819
OG0000400	Pral.g_00911	Prbl.g_00818
OG0000401	Pral.g_00910	Prbl.g_00817
OG0000402	Pral.g_00450	Prbl.g_00815
OG0000403	Pral.g_00908	Prbl.g_00814
OG0000404	Pral.g_00907	Prbl.g_00812
OG0000405	Pral.g_00903	Prbl.g_00305
OG0000406	Pral.g_00898	Prbl.g_00301
OG0000407	Pral.g_00897	Prbl.g_00300
OG0000408	Pral.g_00895	Prbl.g_00298
OG0000409	Pral.g_00893	Prbl.g_00296
OG0000410	Pral.g_00892	Prbl.g_00295
OG0000411	Pral.g_00891	Prbl.g_00294
OG0000412	Pral.g_00890	Prbl.g_00293
OG0000413	Pral.g_00888	Prbl.g_00291
OG0000414	Pral.g_00887	Prbl.g_00290
OG0000415	Pral.g_00886	Prbl.g_00289
OG0000416	Pral.g_00885	Prbl.g_00288
OG0000417	Pral.g_00884	Prbl.g_00287
OG0000418	Pral.g_00879	Prbl.g_00282
OG0000419	Pral.g_00877	Prbl.g_00280
OG0000420	Pral.g_00875	Prbl.g_00279
OG0000421	Pral.g_00871	Prbl.g_00275
OG0000422	Pral.g_00870	Prbl.g_00274
OG0000423	Pral.g_00869	Prbl.g_00273
OG0000424	Pral.g_00868	Prbl.g_00272
OG0000425	Pral.g_00867	Prbl.g_00271
OG0000426	Pral.g_00866	Prbl.g_00270
OG0000427	Pral.g_00865	Prbl.g_00269
OG0000428	Pral.g_00863	Prbl.g_02377
OG0000429	Pral.g_00862	Prbl.g_00066
OG0000430	Pral.g_00861	Prbl.g_00068
OG0000431	Pral.g_00859	Prbl.g_00072
OG0000432	Pral.g_00855	Prbl.g_00079
OG0000433	Pral.g_00854	Prbl.g_00082
OG0000434	Pral.g_00853	Prbl.g_00083
OG0000435	Pral.g_00852	Prbl.g_00086
OG0000436	Pral.g_00847	Prbl.g_00092
OG0000437	Pral.g_00846	Prbl.g_00093
OG0000438	Pral.g_00845	Prbl.g_00094
OG0000439	Pral.g_00844	Prbl.g_00096
OG0000440	Pral.g_00843	Prbl.g_00097
OG0000441	Pral.g_00840	Prbl.g_00104
OG0000442	Pral.g_00839	Prbl.g_00105
OG0000443	Pral.g_00838	Prbl.g_01283
OG0000444	Pral.g_00833	Prbl.g_00127
OG0000445	Pral.g_00832	Prbl.g_00126
OG0000446	Pral.g_00831	Prbl.g_00124
OG0000447	Pral.g_00830	Prbl.g_01244
OG0000448	Pral.g_00829	Prbl.g_01245
OG0000449	Pral.g_00828	Prbl.g_01246
OG0000450	Pral.g_00827	Prbl.g_01252
OG0000451	Pral.g_00826	Prbl.g_01253
OG0000452	Pral.g_00823	Prbl.g_01258
OG0000453	Pral.g_00822	Prbl.g_01259
OG0000454	Pral.g_00821	Prbl.g_01260
OG0000455	Pral.g_00820	Prbl.g_01261
OG0000456	Pral.g_00819	Prbl.g_01262
OG0000457	Pral.g_00817	Prbl.g_01264
OG0000458	Pral.g_00816	Prbl.g_01265
OG0000459	Pral.g_00815	Prbl.g_01266
OG0000460	Pral.g_00805	Prbl.g_01923
OG0000461	Pral.g_00796	Prbl.g_02679
OG0000462	Pral.g_00795	Prbl.g_02666
OG0000463	Pral.g_00794	Prbl.g_01516
OG0000464	Pral.g_00793	Prbl.g_01515
OG0000465	Pral.g_00792	Prbl.g_01513
OG0000466	Pral.g_00789	Prbl.g_01508
OG0000467	Pral.g_00788	Prbl.g_01506
OG0000468	Pral.g_00785	Prbl.g_01499
OG0000469	Pral.g_00777	Prbl.g_01486
OG0000470	Pral.g_00775	Prbl.g_01473
OG0000471	Pral.g_00774	Prbl.g_01472
OG0000472	Pral.g_00773	Prbl.g_01470
OG0000473	Pral.g_00771	Prbl.g_01468
OG0000474	Pral.g_00770	Prbl.g_01467
OG0000475	Pral.g_00769	Prbl.g_01466
OG0000476	Pral.g_00767	Prbl.g_01464
OG0000477	Pral.g_00764	Prbl.g_01459
OG0000478	Pral.g_00763	Prbl.g_01458
OG0000479	Pral.g_00762	Prbl.g_01457
OG0000480	Pral.g_00756	Prbl.g_01450
OG0000481	Pral.g_00754	Prbl.g_01448
OG0000482	Pral.g_00753	Prbl.g_01447
OG0000483	Pral.g_00750	Prbl.g_01443
OG0000484	Pral.g_00749	Prbl.g_01442
OG0000485	Pral.g_00748	Prbl.g_01441
OG0000486	Pral.g_00747	Prbl.g_01440
OG0000487	Pral.g_00743	Prbl.g_01435
OG0000488	Pral.g_00740	Prbl.g_01431
OG0000489	Pral.g_00735	Prbl.g_01420
OG0000490	Pral.g_00731	Prbl.g_01414
OG0000491	Pral.g_00730	Prbl.g_01413
OG0000492	Pral.g_00728	Prbl.g_00909
OG0000493	Pral.g_00727	Prbl.g_00908
OG0000494	Pral.g_00726	Prbl.g_00907
OG0000495	Pral.g_00725	Prbl.g_00906
OG0000496	Pral.g_00724	Prbl.g_00905
OG0000497	Pral.g_00723	Prbl.g_00904
OG0000498	Pral.g_00722	Prbl.g_00903
OG0000499	Pral.g_00721	Prbl.g_00902
OG0000500	Pral.g_00720	Prbl.g_00901
OG0000501	Pral.g_00718	Prbl.g_00898
OG0000502	Pral.g_00715	Prbl.g_00886
OG0000503	Pral.g_00698	Prbl.g_01201
OG0000504	Pral.g_00696	Prbl.g_01203
OG0000505	Pral.g_00695	Prbl.g_01204
OG0000506	Pral.g_00694	Prbl.g_01206
OG0000507	Pral.g_00691	Prbl.g_01210
OG0000508	Pral.g_00687	Prbl.g_01217
OG0000509	Pral.g_00685	Prbl.g_01219
OG0000510	Pral.g_00684	Prbl.g_01220
OG0000511	Pral.g_00683	Prbl.g_01221
OG0000512	Pral.g_00681	Prbl.g_01223
OG0000513	Pral.g_00673	Prbl.g_02678
OG0000514	Pral.g_00663	Prbl.g_00676
OG0000515	Pral.g_00662	Prbl.g_00675
OG0000516	Pral.g_00661	Prbl.g_00663
OG0000517	Pral.g_00659	Prbl.g_00653
OG0000518	Pral.g_00647	Prbl.g_00641
OG0000519	Pral.g_00646	Prbl.g_00640
OG0000520	Pral.g_00645	Prbl.g_00639
OG0000521	Pral.g_00635	Prbl.g_00625
OG0000522	Pral.g_00633	Prbl.g_00623
OG0000523	Pral.g_00632	Prbl.g_00622
OG0000524	Pral.g_00627	Prbl.g_01364
OG0000525	Pral.g_00623	Prbl.g_01348
OG0000526	Pral.g_00622	Prbl.g_01346
OG0000527	Pral.g_00619	Prbl.g_01342
OG0000528	Pral.g_00613	Prbl.g_00506
OG0000529	Pral.g_00610	Prbl.g_00512
OG0000530	Pral.g_00607	Prbl.g_00515
OG0000531	Pral.g_00606	Prbl.g_00516
OG0000532	Pral.g_00603	Prbl.g_00519
OG0000533	Pral.g_00602	Prbl.g_00521
OG0000534	Pral.g_00601	Prbl.g_00522
OG0000535	Pral.g_00600	Prbl.g_00523
OG0000536	Pral.g_00599	Prbl.g_00524
OG0000537	Pral.g_00598	Prbl.g_00525
OG0000538	Pral.g_00590	Prbl.g_00536
OG0000539	Pral.g_00589	Prbl.g_00806
OG0000540	Pral.g_00588	Prbl.g_00805
OG0000541	Pral.g_00587	Prbl.g_00804
OG0000542	Pral.g_00585	Prbl.g_00801
OG0000543	Pral.g_00583	Prbl.g_00799
OG0000544	Pral.g_00582	Prbl.g_00798
OG0000545	Pral.g_00580	Prbl.g_00797
OG0000546	Pral.g_00577	Prbl.g_00794
OG0000547	Pral.g_00575	Prbl.g_00792
OG0000548	Pral.g_00574	Prbl.g_00791
OG0000549	Pral.g_00571	Prbl.g_00785
OG0000550	Pral.g_00566	Prbl.g_00780
OG0000551	Pral.g_00563	Prbl.g_00776
OG0000552	Pral.g_00562	Prbl.g_00775
OG0000553	Pral.g_00561	Prbl.g_00770
OG0000554	Pral.g_00556	Prbl.g_00765
OG0000555	Pral.g_00548	Prbl.g_00747
OG0000556	Pral.g_00546	Prbl.g_02645
OG0000557	Pral.g_00545	Prbl.g_01878
OG0000558	Pral.g_00543	Prbl.g_01881
OG0000559	Pral.g_00539	Prbl.g_01885
OG0000560	Pral.g_00536	Prbl.g_01888
OG0000561	Pral.g_00535	Prbl.g_01889
OG0000562	Pral.g_00534	Prbl.g_01890
OG0000563	Pral.g_00533	Prbl.g_01891
OG0000564	Pral.g_00532	Prbl.g_01892
OG0000565	Pral.g_00529	Prbl.g_01895
OG0000566	Pral.g_00525	Prbl.g_01899
OG0000567	Pral.g_00521	Prbl.g_01903
OG0000568	Pral.g_00520	Prbl.g_01905
OG0000569	Pral.g_00519	Prbl.g_01801
OG0000570	Pral.g_00518	Prbl.g_01800
OG0000571	Pral.g_00515	Prbl.g_01797
OG0000572	Pral.g_00503	Prbl.g_01781
OG0000573	Pral.g_00497	Prbl.g_01774
OG0000574	Pral.g_00496	Prbl.g_01773
OG0000575	Pral.g_00492	Prbl.g_01764
OG0000576	Pral.g_00490	Prbl.g_01762
OG0000577	Pral.g_00489	Prbl.g_01761
OG0000578	Pral.g_00488	Prbl.g_01760
OG0000579	Pral.g_00487	Prbl.g_01759
OG0000580	Pral.g_00486	Prbl.g_01758
OG0000581	Pral.g_00483	Prbl.g_01754
OG0000582	Pral.g_00480	Prbl.g_01750
OG0000583	Pral.g_00479	Prbl.g_01749
OG0000584	Pral.g_00478	Prbl.g_01748
OG0000585	Pral.g_00476	Prbl.g_01746
OG0000586	Pral.g_00475	Prbl.g_01744
OG0000587	Pral.g_00474	Prbl.g_01742
OG0000588	Pral.g_00469	Prbl.g_01613
OG0000589	Pral.g_00466	Prbl.g_01616
OG0000590	Pral.g_00465	Prbl.g_01617
OG0000591	Pral.g_00462	Prbl.g_01624
OG0000592	Pral.g_00461	Prbl.g_01625
OG0000593	Pral.g_01433	Prbl.g_01635
OG0000594	Pral.g_01434	Prbl.g_01636
OG0000595	Pral.g_01435	Prbl.g_01637
OG0000596	Pral.g_01439	Prbl.g_01642
OG0000597	Pral.g_01441	Prbl.g_01645
OG0000598	Pral.g_01442	Prbl.g_01646
OG0000599	Pral.g_01445	Prbl.g_01656
OG0000600	Pral.g_01446	Prbl.g_01657
OG0000601	Pral.g_01447	Prbl.g_01658
OG0000602	Pral.g_01449	Prbl.g_01662
OG0000603	Pral.g_01450	Prbl.g_01663
OG0000604	Pral.g_01451	Prbl.g_01664
OG0000605	Pral.g_01452	Prbl.g_01043
OG0000606	Pral.g_01455	Prbl.g_01032
OG0000607	Pral.g_01458	Prbl.g_01412
OG0000608	Pral.g_01459	Prbl.g_01411
OG0000609	Pral.g_01460	Prbl.g_01409
OG0000610	Pral.g_01466	Prbl.g_01401
OG0000611	Pral.g_01469	Prbl.g_01398
OG0000612	Pral.g_01470	Prbl.g_01397
OG0000613	Pral.g_01769	Prbl.g_00891
OG0000614	Pral.g_01748	Prbl.g_01872
OG0000615	Pral.g_01737	Prbl.g_02373
OG0000616	Pral.g_00399	Prbl.g_02137
OG0000617	Pral.g_01723	Prbl.g_02561
OG0000618	Pral.g_01722	Prbl.g_02560
OG0000619	Pral.g_01721	Prbl.g_02559
OG0000620	Pral.g_01718	Prbl.g_02555
OG0000621	Pral.g_01717	Prbl.g_02554
OG0000622	Pral.g_01716	Prbl.g_02553
OG0000623	Pral.g_01715	Prbl.g_02552
OG0000624	Pral.g_01713	Prbl.g_02551
OG0000625	Pral.g_01712	Prbl.g_02550
OG0000626	Pral.g_01711	Prbl.g_02549
OG0000627	Pral.g_01709	Prbl.g_02426
OG0000628	Pral.g_01708	Prbl.g_02427
OG0000629	Pral.g_01707	Prbl.g_02430
OG0000630	Pral.g_01704	Prbl.g_02434
OG0000631	Pral.g_01658	Prbl.g_02440
OG0000632	Pral.g_01657	Prbl.g_02441
OG0000633	Pral.g_01656	Prbl.g_02442
OG0000634	Pral.g_01484	Prbl.g_02339
OG0000635	Pral.g_01485	Prbl.g_02338
OG0000636	Pral.g_01487	Prbl.g_02336
OG0000637	Pral.g_01489	Prbl.g_02334
OG0000638	Pral.g_01490	Prbl.g_02333
OG0000639	Pral.g_01491	Prbl.g_02332
OG0000640	Pral.g_01492	Prbl.g_02331
OG0000641	Pral.g_01496	Prbl.g_02327
OG0000642	Pral.g_01497	Prbl.g_02326
OG0000643	Pral.g_01498	Prbl.g_02325
OG0000644	Pral.g_01499	Prbl.g_02324
OG0000645	Pral.g_01500	Prbl.g_02323
OG0000646	Pral.g_01502	Prbl.g_02320
OG0000647	Pral.g_01504	Prbl.g_02317
OG0000648	Pral.g_01506	Prbl.g_02315
OG0000649	Pral.g_01507	Prbl.g_02314
OG0000650	Pral.g_01508	Prbl.g_02313
OG0000651	Pral.g_01509	Prbl.g_02312
OG0000652	Pral.g_01510	Prbl.g_02311
OG0000653	Pral.g_01512	Prbl.g_02309
OG0000654	Pral.g_01513	Prbl.g_02308
OG0000655	Pral.g_01514	Prbl.g_02307
OG0000656	Pral.g_01517	Prbl.g_02304
OG0000657	Pral.g_01524	Prbl.g_01540
OG0000658	Pral.g_01525	Prbl.g_01542
OG0000659	Pral.g_01526	Prbl.g_01543
OG0000660	Pral.g_01530	Prbl.g_01547
OG0000661	Pral.g_01532	Prbl.g_01549
OG0000662	Pral.g_01534	Prbl.g_01551
OG0000663	Pral.g_01536	Prbl.g_01554
OG0000664	Pral.g_01537	Prbl.g_01555
OG0000665	Pral.g_01543	Prbl.g_01568
OG0000666	Pral.g_01544	Prbl.g_01571
OG0000667	Pral.g_01548	Prbl.g_01579
OG0000668	Pral.g_01820	Prbl.g_02530
OG0000669	Pral.g_01809	Prbl.g_01588
OG0000670	Pral.g_01806	Prbl.g_01078
OG0000671	Pral.g_01804	Prbl.g_02412
OG0000672	Pral.g_01801	Prbl.g_02409
OG0000673	Pral.g_01798	Prbl.g_02406
OG0000674	Pral.g_01796	Prbl.g_02404
OG0000675	Pral.g_01795	Prbl.g_02403
OG0000676	Pral.g_01793	Prbl.g_02395
OG0000677	Pral.g_01792	Prbl.g_02393
OG0000678	Pral.g_01790	Prbl.g_02388
OG0000679	Pral.g_01786	Prbl.g_02368
OG0000680	Pral.g_01785	Prbl.g_02367
OG0000681	Pral.g_01782	Prbl.g_02365
OG0000682	Pral.g_01781	Prbl.g_02364
OG0000683	Pral.g_01780	Prbl.g_02363
OG0000684	Pral.g_01778	Prbl.g_02350
OG0000685	Pral.g_01776	Prbl.g_02352
OG0000686	Pral.g_01775	Prbl.g_02353
OG0000687	Pral.g_01774	Prbl.g_02354
OG0000688	Pral.g_01474	Prbl.g_02348
OG0000689	Pral.g_01475	Prbl.g_02347
OG0000690	Pral.g_01476	Prbl.g_02346
OG0000691	Pral.g_01477	Prbl.g_02345
OG0000692	Pral.g_01479	Prbl.g_02344
OG0000693	Pral.g_01480	Prbl.g_02343
OG0000694	Pral.g_01481	Prbl.g_02342
OG0000695	Pral.g_01654	Prbl.g_02444
OG0000696	Pral.g_01653	Prbl.g_02445
OG0000697	Pral.g_01652	Prbl.g_02447
OG0000698	Pral.g_01649	Prbl.g_02450
OG0000699	Pral.g_01647	Prbl.g_02452
OG0000700	Pral.g_01646	Prbl.g_02453
OG0000701	Pral.g_01645	Prbl.g_02454
OG0000702	Pral.g_01643	Prbl.g_02462
OG0000703	Pral.g_01642	Prbl.g_02463
OG0000704	Pral.g_01640	Prbl.g_02465
OG0000705	Pral.g_01634	Prbl.g_02471
OG0000706	Pral.g_01633	Prbl.g_02472
OG0000707	Pral.g_01632	Prbl.g_02473
OG0000708	Pral.g_01630	Prbl.g_02475
OG0000709	Pral.g_01626	Prbl.g_02482
OG0000710	Pral.g_01623	Prbl.g_02486
OG0000711	Pral.g_01579	Prbl.g_02508
OG0000712	Pral.g_01580	Prbl.g_02509
OG0000713	Pral.g_01581	Prbl.g_02510
OG0000714	Pral.g_01582	Prbl.g_02514
OG0000715	Pral.g_01584	Prbl.g_02516
OG0000716	Pral.g_01586	Prbl.g_02520
OG0000717	Pral.g_01587	Prbl.g_02521
OG0000718	Pral.g_01590	Prbl.g_02526
OG0000719	Pral.g_01592	Prbl.g_02528
OG0000720	Pral.g_01603	Prbl.g_02541
OG0000721	Pral.g_01607	Prbl.g_02542
OG0000722	Pral.g_01608	Prbl.g_02543
OG0000723	Pral.g_01575	Prbl.g_02547
OG0000724	Pral.g_01566	Prbl.g_00932
OG0000725	Pral.g_01560	Prbl.g_00925
OG0000726	Pral.g_01559	Prbl.g_00924
OG0000727	Pral.g_01558	Prbl.g_00923
OG0000728	Pral.g_01556	Prbl.g_00922
OG0000729	Pral.g_01311	Prbl.g_02062
OG0000730	Pral.g_01324	Prbl.g_01199
OG0000731	Pral.g_00692	Prbl.g_01208
OG0000732	Pral.g_00348	Prbl.g_01993
OG0000733	Pral.g_00077	Prbl.g_02197
OG0000734	Pral.g_01351	Prbl.g_00545
OG0000735	Pral.g_01353	Prbl.g_02066
OG0000736	Pral.g_01354	Prbl.g_02067
OG0000737	Pral.g_01355	Prbl.g_02068
OG0000738	Pral.g_01359	Prbl.g_02075
OG0000739	Pral.g_01360	Prbl.g_02077
OG0000740	Pral.g_01361	Prbl.g_02078
OG0000741	Pral.g_01363	Prbl.g_02081
OG0000742	Pral.g_01366	Prbl.g_02083
OG0000743	Pral.g_01368	Prbl.g_02085
OG0000744	Pral.g_01369	Prbl.g_02086
OG0000745	Pral.g_01370	Prbl.g_02088
OG0000746	Pral.g_01372	Prbl.g_02090
OG0000747	Pral.g_01373	Prbl.g_02091
OG0000748	Pral.g_01378	Prbl.g_02103
OG0000749	Pral.g_01379	Prbl.g_02104
OG0000750	Pral.g_01380	Prbl.g_02105
OG0000751	Pral.g_01383	Prbl.g_00179
OG0000752	Pral.g_01385	Prbl.g_00181
OG0000753	Pral.g_01388	Prbl.g_00184
OG0000754	Pral.g_01391	Prbl.g_01379
OG0000755	Pral.g_01399	Prbl.g_01120
OG0000756	Pral.g_01400	Prbl.g_01119
OG0000757	Pral.g_01406	Prbl.g_01112
OG0000758	Pral.g_01407	Prbl.g_01111
OG0000759	Pral.g_01408	Prbl.g_01110
OG0000760	Pral.g_01409	Prbl.g_01109
OG0000761	Pral.g_01410	Prbl.g_01108
OG0000762	Pral.g_01411	Prbl.g_01377
OG0000763	Pral.g_01413	Prbl.g_01375
OG0000764	Pral.g_01414	Prbl.g_01374
OG0000765	Pral.g_01423	Prbl.g_02590
OG0000766	Pral.g_01424	Prbl.g_02591
OG0000767	Pral.g_01426	Prbl.g_02593
OG0000768	Pral.g_01427	Prbl.g_02594
OG0000769	Pral.g_01429	Prbl.g_00186
OG0000770	Pral.g_00456	Prbl.g_01103
OG0000771	Pral.g_01064	Prbl.g_00937
OG0000772	Pral.g_01893	Prbl.g_00461
OG0000773	Pral.g_01290	Prbl.g_00113
OG0000774	Pral.g_01288	Prbl.g_01713
OG0000775	Pral.g_01286	Prbl.g_01715
OG0000776	Pral.g_01285	Prbl.g_01716
OG0000777	Pral.g_01284	Prbl.g_01717
OG0000778	Pral.g_01283	Prbl.g_01718
OG0000779	Pral.g_01279	Prbl.g_01723
OG0000780	Pral.g_01278	Prbl.g_01726
OG0000781	Pral.g_01275	Prbl.g_01730
OG0000782	Pral.g_01274	Prbl.g_01731
OG0000783	Pral.g_01273	Prbl.g_01732
OG0000784	Pral.g_01272	Prbl.g_01733
OG0000785	Pral.g_01270	Prbl.g_01735
OG0000786	Pral.g_01267	Prbl.g_01738
OG0000787	Pral.g_01266	Prbl.g_01739
OG0000788	Pral.g_00440	Prbl.g_00658
OG0000789	Pral.g_01060	Prbl.g_01695
OG0000790	Pral.g_01217	Prbl.g_00498
OG0000791	Pral.g_01215	Prbl.g_00496
OG0000792	Pral.g_01214	Prbl.g_00495
OG0000793	Pral.g_01211	Prbl.g_00491
OG0000794	Pral.g_01210	Prbl.g_00490
OG0000795	Pral.g_01209	Prbl.g_00489
OG0000796	Pral.g_01205	Prbl.g_00485
OG0000797	Pral.g_01204	Prbl.g_00484
OG0000799	Pral.g_01184	Prbl.g_00152
OG0000800	Pral.g_01183	Prbl.g_00153
OG0000801	Pral.g_01182	Prbl.g_00154
OG0000802	Pral.g_01180	Prbl.g_00161
OG0000803	Pral.g_01178	Prbl.g_00257
OG0000804	Pral.g_01177	Prbl.g_00255
OG0000805	Pral.g_01175	Prbl.g_00253
OG0000806	Pral.g_01173	Prbl.g_00251
OG0000807	Pral.g_01172	Prbl.g_00249
OG0000808	Pral.g_01171	Prbl.g_00248
OG0000809	Pral.g_01167	Prbl.g_00244
OG0000810	Pral.g_01166	Prbl.g_00243
OG0000811	Pral.g_01158	Prbl.g_00231
OG0000812	Pral.g_01156	Prbl.g_00229
OG0000813	Pral.g_01155	Prbl.g_00228
OG0000814	Pral.g_01153	Prbl.g_00226
OG0000815	Pral.g_01152	Prbl.g_00225
OG0000816	Pral.g_01150	Prbl.g_00223
OG0000817	Pral.g_01149	Prbl.g_00222
OG0000818	Pral.g_01144	Prbl.g_00684
OG0000819	Pral.g_01143	Prbl.g_00685
OG0000820	Pral.g_01142	Prbl.g_00686
OG0000821	Pral.g_01137	Prbl.g_00693
OG0000822	Pral.g_01136	Prbl.g_00695
OG0000823	Pral.g_01135	Prbl.g_00696
OG0000824	Pral.g_01132	Prbl.g_00700
OG0000825	Pral.g_01131	Prbl.g_00701
OG0000826	Pral.g_01130	Prbl.g_00702
OG0000827	Pral.g_01129	Prbl.g_00703
OG0000828	Pral.g_01126	Prbl.g_00706
OG0000829	Pral.g_01125	Prbl.g_00707
OG0000830	Pral.g_01124	Prbl.g_00708
OG0000831	Pral.g_01122	Prbl.g_00710
OG0000832	Pral.g_01110	Prbl.g_00456
OG0000833	Pral.g_01101	Prbl.g_00448
OG0000834	Pral.g_01100	Prbl.g_00447
OG0000835	Pral.g_01099	Prbl.g_00446
OG0000836	Pral.g_01098	Prbl.g_00444
OG0000837	Pral.g_01097	Prbl.g_00443
OG0000838	Pral.g_01094	Prbl.g_00440
OG0000839	Pral.g_01093	Prbl.g_00439
OG0000840	Pral.g_01092	Prbl.g_00438
OG0000841	Pral.g_01091	Prbl.g_00437
OG0000842	Pral.g_01090	Prbl.g_00436
OG0000843	Pral.g_01089	Prbl.g_00435
OG0000844	Pral.g_01088	Prbl.g_00433
OG0000845	Pral.g_01087	Prbl.g_00432
OG0000846	Pral.g_01086	Prbl.g_00431
OG0000847	Pral.g_01085	Prbl.g_00430
OG0000848	Pral.g_01084	Prbl.g_00429
OG0000849	Pral.g_01083	Prbl.g_00428
OG0000850	Pral.g_01081	Prbl.g_00427
OG0000851	Pral.g_01080	Prbl.g_00423
OG0000852	Pral.g_01079	Prbl.g_00422
OG0000853	Pral.g_01074	Prbl.g_00418
OG0000854	Pral.g_01072	Prbl.g_00416
OG0000855	Pral.g_01071	Prbl.g_00415
OG0000856	Pral.g_01058	Prbl.g_01627
OG0000857	Pral.g_01503	Prbl.g_02318
OG0000858	Pral.g_00100	Prbl.g_00404
OG0000859	Pral.g_00101	Prbl.g_00403
OG0000860	Pral.g_00109	Prbl.g_00392
OG0000861	Pral.g_00110	Prbl.g_00391
OG0000862	Pral.g_00111	Prbl.g_00389
OG0000863	Pral.g_00113	Prbl.g_00385
OG0000864	Pral.g_00114	Prbl.g_00383
OG0000865	Pral.g_00115	Prbl.g_00382
OG0000866	Pral.g_00116	Prbl.g_00381
OG0000867	Pral.g_00117	Prbl.g_00380
OG0000868	Pral.g_00119	Prbl.g_00378
OG0000869	Pral.g_00122	Prbl.g_00375
OG0000870	Pral.g_00127	Prbl.g_00370
OG0000871	Pral.g_00128	Prbl.g_00369
OG0000872	Pral.g_00129	Prbl.g_00367
OG0000873	Pral.g_00132	Prbl.g_00364
OG0000874	Pral.g_00135	Prbl.g_00360
OG0000875	Pral.g_00136	Prbl.g_00359
OG0000876	Pral.g_00137	Prbl.g_00358
OG0000877	Pral.g_00139	Prbl.g_00355
OG0000878	Pral.g_00140	Prbl.g_00354
OG0000879	Pral.g_00141	Prbl.g_00353
OG0000880	Pral.g_00142	Prbl.g_00352
OG0000881	Pral.g_00146	Prbl.g_00347
OG0000882	Pral.g_00151	Prbl.g_00342
OG0000883	Pral.g_00154	Prbl.g_00340
OG0000884	Pral.g_00156	Prbl.g_00338
OG0000885	Pral.g_00157	Prbl.g_00337
OG0000886	Pral.g_00158	Prbl.g_00336
OG0000887	Pral.g_00159	Prbl.g_00335
OG0000888	Pral.g_00161	Prbl.g_00333
OG0000889	Pral.g_00163	Prbl.g_00331
OG0000890	Pral.g_00164	Prbl.g_00317
OG0000891	Pral.g_00165	Prbl.g_00316
OG0000892	Pral.g_00167	Prbl.g_02620
OG0000893	Pral.g_00170	Prbl.g_02680
OG0000894	Pral.g_00173	Prbl.g_02684
OG0000895	Pral.g_00177	Prbl.g_01061
OG0000896	Pral.g_00178	Prbl.g_01060
OG0000897	Pral.g_00180	Prbl.g_01058
OG0000898	Pral.g_00181	Prbl.g_01057
OG0000899	Pral.g_00182	Prbl.g_01056
OG0000900	Pral.g_00183	Prbl.g_01055
OG0000901	Pral.g_00187	Prbl.g_01051
OG0000902	Pral.g_00189	Prbl.g_01049
OG0000903	Pral.g_00193	Prbl.g_00954
OG0000904	Pral.g_00198	Prbl.g_00949
OG0000905	Pral.g_00191	Prbl.g_00947
OG0000906	Pral.g_00190	Prbl.g_01045
OG0000907	Pral.g_00200	Prbl.g_00956
OG0000908	Pral.g_00203	Prbl.g_00959
OG0000909	Pral.g_00204	Prbl.g_00960
OG0000910	Pral.g_00205	Prbl.g_00961
OG0000911	Pral.g_00207	Prbl.g_00963
OG0000912	Pral.g_00208	Prbl.g_00964
OG0000913	Pral.g_00209	Prbl.g_00965
OG0000914	Pral.g_00210	Prbl.g_00966
OG0000915	Pral.g_00211	Prbl.g_00967
OG0000916	Pral.g_00212	Prbl.g_00968
OG0000917	Pral.g_00213	Prbl.g_00969
OG0000918	Pral.g_00214	Prbl.g_00970
OG0000919	Pral.g_00215	Prbl.g_00971
OG0000920	Pral.g_00216	Prbl.g_00972
OG0000921	Pral.g_00217	Prbl.g_00973
OG0000922	Pral.g_00218	Prbl.g_00974
OG0000923	Pral.g_00222	Prbl.g_00978
OG0000924	Pral.g_00223	Prbl.g_00979
OG0000925	Pral.g_00224	Prbl.g_00980
OG0000926	Pral.g_00225	Prbl.g_00981
OG0000927	Pral.g_00227	Prbl.g_00983
OG0000928	Pral.g_00228	Prbl.g_00984
OG0000929	Pral.g_00229	Prbl.g_00985
OG0000930	Pral.g_00230	Prbl.g_00986
OG0000931	Pral.g_00232	Prbl.g_00987
OG0000932	Pral.g_01190	Prbl.g_00988
OG0000933	Pral.g_00236	Prbl.g_00993
OG0000934	Pral.g_00238	Prbl.g_00995
OG0000935	Pral.g_00239	Prbl.g_00996
OG0000936	Pral.g_00240	Prbl.g_00997
OG0000937	Pral.g_00241	Prbl.g_00998
OG0000938	Pral.g_00244	Prbl.g_01127
OG0000939	Pral.g_00245	Prbl.g_01128
OG0000940	Pral.g_00252	Prbl.g_01137
OG0000941	Pral.g_00254	Prbl.g_01139
OG0000942	Pral.g_00256	Prbl.g_01141
OG0000943	Pral.g_00257	Prbl.g_01142
OG0000944	Pral.g_00259	Prbl.g_01144
OG0000945	Pral.g_00260	Prbl.g_01146
OG0000946	Pral.g_00266	Prbl.g_01174
OG0000947	Pral.g_00268	Prbl.g_01177
OG0000948	Pral.g_00269	Prbl.g_01178
OG0000949	Pral.g_00272	Prbl.g_01181
OG0000950	Pral.g_00278	Prbl.g_00856
OG0000951	Pral.g_00282	Prbl.g_00851
OG0000952	Pral.g_00286	Prbl.g_00844
OG0000953	Pral.g_00290	Prbl.g_00840
OG0000954	Pral.g_00294	Prbl.g_01306
OG0000955	Pral.g_00295	Prbl.g_01305
OG0000956	Pral.g_00297	Prbl.g_01303
OG0000957	Pral.g_00303	Prbl.g_01287
OG0000958	Pral.g_00304	Prbl.g_01286
OG0000959	Pral.g_00308	Prbl.g_02638
OG0000960	Pral.g_00309	Prbl.g_02637
OG0000961	Pral.g_00312	Prbl.g_01235
OG0000962	Pral.g_00314	Prbl.g_02063
OG0000963	Pral.g_00318	Prbl.g_02058
OG0000964	Pral.g_00319	Prbl.g_02057
OG0000965	Pral.g_00320	Prbl.g_02056
OG0000966	Pral.g_00326	Prbl.g_02023
OG0000967	Pral.g_00330	Prbl.g_02017
OG0000968	Pral.g_00332	Prbl.g_02014
OG0000969	Pral.g_00333	Prbl.g_02012
OG0000970	Pral.g_00334	Prbl.g_02011
OG0000971	Pral.g_00335	Prbl.g_02009
OG0000972	Pral.g_00336	Prbl.g_02008
OG0000973	Pral.g_00337	Prbl.g_02007
OG0000974	Pral.g_00338	Prbl.g_02006
OG0000975	Pral.g_00339	Prbl.g_02005
OG0000976	Pral.g_00340	Prbl.g_02004
OG0000977	Pral.g_00341	Prbl.g_02002
OG0000978	Pral.g_00342	Prbl.g_02001
OG0000979	Pral.g_00345	Prbl.g_01998
OG0000980	Pral.g_00347	Prbl.g_01994
OG0000981	Pral.g_00350	Prbl.g_01991
OG0000982	Pral.g_00352	Prbl.g_02238
OG0000983	Pral.g_00353	Prbl.g_02237
OG0000984	Pral.g_00354	Prbl.g_02236
OG0000985	Pral.g_00357	Prbl.g_02232
OG0000986	Pral.g_00359	Prbl.g_02230
OG0000987	Pral.g_00360	Prbl.g_02228
OG0000988	Pral.g_00363	Prbl.g_02224
OG0000989	Pral.g_00367	Prbl.g_02214
OG0000990	Pral.g_00373	Prbl.g_02192
OG0000991	Pral.g_00374	Prbl.g_02189
OG0000992	Pral.g_00377	Prbl.g_02186
OG0000993	Pral.g_00378	Prbl.g_02185
OG0000994	Pral.g_00379	Prbl.g_02182
OG0000995	Pral.g_00383	Prbl.g_02173
OG0000996	Pral.g_00384	Prbl.g_02160
OG0000997	Pral.g_00386	Prbl.g_02151
OG0000998	Pral.g_00388	Prbl.g_02149
OG0000999	Pral.g_00389	Prbl.g_02148
OG0001000	Pral.g_00392	Prbl.g_02145
OG0001001	Pral.g_00396	Prbl.g_02141
OG0001002	Pral.g_00401	Prbl.g_02134
OG0001003	Pral.g_00402	Prbl.g_02132
OG0001004	Pral.g_00403	Prbl.g_02131
OG0001005	Pral.g_00404	Prbl.g_02129
OG0001006	Pral.g_00408	Prbl.g_02123
OG0001007	Pral.g_00410	Prbl.g_02121
OG0001008	Pral.g_00657	Prbl.g_00651
OG0001009	Pral.g_01017	Prbl.g_01972
OG0001010	Pral.g_01016	Prbl.g_01973
OG0001011	Pral.g_01014	Prbl.g_01975
OG0001012	Pral.g_01001	Prbl.g_02241
OG0001013	Pral.g_00994	Prbl.g_02266
OG0001014	Pral.g_00991	Prbl.g_02275
OG0001015	Pral.g_00990	Prbl.g_02276
OG0001016	Pral.g_00974	Prbl.g_00603
OG0001017	Pral.g_00970	Prbl.g_00597
OG0001018	Pral.g_00968	Prbl.g_00595
OG0001019	Pral.g_00958	Prbl.g_00582
OG0001020	Pral.g_00957	Prbl.g_00576
OG0001021	Pral.g_00956	Prbl.g_00572
OG0001022	Pral.g_00953	Prbl.g_00567
OG0001023	Pral.g_00952	Prbl.g_00566
OG0001024	Pral.g_00949	Prbl.g_00562
OG0001025	Pral.g_00942	Prbl.g_00555
OG0001026	Pral.g_00934	Prbl.g_00542
OG0001027	Pral.g_00933	Prbl.g_01332
OG0001028	Pral.g_00931	Prbl.g_01330
OG0001029	Pral.g_00930	Prbl.g_01328
OG0001030	Pral.g_00914	Prbl.g_00822
OG0001031	Pral.g_00857	Prbl.g_00074
OG0001032	Pral.g_00856	Prbl.g_00077
OG0001033	Pral.g_00836	Prbl.g_01281
OG0001034	Pral.g_00804	Prbl.g_00199
OG0001035	Pral.g_00784	Prbl.g_01498
OG0001036	Pral.g_00780	Prbl.g_01494
OG0001037	Pral.g_00779	Prbl.g_01492
OG0001038	Pral.g_00761	Prbl.g_01455
OG0001039	Pral.g_00758	Prbl.g_01452
OG0001040	Pral.g_00755	Prbl.g_01449
OG0001041	Pral.g_00751	Prbl.g_01444
OG0001042	Pral.g_00734	Prbl.g_01419
OG0001043	Pral.g_00733	Prbl.g_01417
OG0001044	Pral.g_00699	Prbl.g_01200
OG0001045	Pral.g_00690	Prbl.g_01211
OG0001046	Pral.g_01039	Prbl.g_00410
OG0001047	Pral.g_00655	Prbl.g_00649
OG0001048	Pral.g_00654	Prbl.g_00648
OG0001049	Pral.g_00651	Prbl.g_00645
OG0001050	Pral.g_00650	Prbl.g_00644
OG0001051	Pral.g_00649	Prbl.g_00643
OG0001052	Pral.g_00621	Prbl.g_01344
OG0001053	Pral.g_00608	Prbl.g_00514
OG0001055	Pral.g_00573	Prbl.g_00790
OG0001056	Pral.g_00554	Prbl.g_00761
OG0001057	Pral.g_00549	Prbl.g_00749
OG0001058	Pral.g_00541	Prbl.g_01883
OG0001059	Pral.g_00537	Prbl.g_01887
OG0001060	Pral.g_00530	Prbl.g_01894
OG0001061	Pral.g_00514	Prbl.g_01796
OG0001062	Pral.g_00512	Prbl.g_01794
OG0001063	Pral.g_00510	Prbl.g_01790
OG0001064	Pral.g_00509	Prbl.g_01789
OG0001065	Pral.g_00508	Prbl.g_01788
OG0001066	Pral.g_00507	Prbl.g_01787
OG0001067	Pral.g_00506	Prbl.g_01786
OG0001068	Pral.g_00505	Prbl.g_01785
OG0001069	Pral.g_00504	Prbl.g_01784
OG0001070	Pral.g_00502	Prbl.g_01780
OG0001071	Pral.g_00501	Prbl.g_01779
OG0001072	Pral.g_00499	Prbl.g_01776
OG0001073	Pral.g_00485	Prbl.g_01757
OG0001074	Pral.g_00472	Prbl.g_01610
OG0001075	Pral.g_00471	Prbl.g_01611
OG0001076	Pral.g_00464	Prbl.g_01619
OG0001077	Pral.g_00459	Prbl.g_01629
OG0001078	Pral.g_01437	Prbl.g_01640
OG0001079	Pral.g_01448	Prbl.g_01659
OG0001080	Pral.g_01454	Prbl.g_01041
OG0001081	Pral.g_01456	Prbl.g_01031
OG0001082	Pral.g_01457	Prbl.g_01030
OG0001083	Pral.g_01462	Prbl.g_01405
OG0001084	Pral.g_01463	Prbl.g_01404
OG0001085	Pral.g_01772	Prbl.g_01394
OG0001086	Pral.g_01771	Prbl.g_01392
OG0001087	Pral.g_01753	Prbl.g_01853
OG0001088	Pral.g_01752	Prbl.g_01857
OG0001089	Pral.g_01741	Prbl.g_00024
OG0001090	Pral.g_01728	Prbl.g_02565
OG0001091	Pral.g_01726	Prbl.g_02563
OG0001092	Pral.g_01725	Prbl.g_02562
OG0001093	Pral.g_01720	Prbl.g_02558
OG0001094	Pral.g_01482	Prbl.g_02341
OG0001095	Pral.g_01501	Prbl.g_02322
OG0001096	Pral.g_01515	Prbl.g_02306
OG0001097	Pral.g_01533	Prbl.g_01550
OG0001098	Pral.g_01552	Prbl.g_02423
OG0001099	Pral.g_01815	Prbl.g_01329
OG0001100	Pral.g_01807	Prbl.g_02414
OG0001101	Pral.g_01805	Prbl.g_02413
OG0001102	Pral.g_01802	Prbl.g_02410
OG0001103	Pral.g_01800	Prbl.g_02408
OG0001104	Pral.g_01777	Prbl.g_02351
OG0001105	Pral.g_01773	Prbl.g_02356
OG0001106	Pral.g_01639	Prbl.g_02466
OG0001107	Pral.g_01629	Prbl.g_02476
OG0001108	Pral.g_01625	Prbl.g_02483
OG0001109	Pral.g_01624	Prbl.g_02485
OG0001110	Pral.g_01622	Prbl.g_02487
OG0001111	Pral.g_01621	Prbl.g_02489
OG0001112	Pral.g_01620	Prbl.g_02491
OG0001113	Pral.g_01619	Prbl.g_02492
OG0001114	Pral.g_01618	Prbl.g_02493
OG0001115	Pral.g_01616	Prbl.g_02495
OG0001116	Pral.g_01615	Prbl.g_02496
OG0001117	Pral.g_01614	Prbl.g_02497
OG0001118	Pral.g_01613	Prbl.g_02498
OG0001119	Pral.g_01612	Prbl.g_02499
OG0001120	Pral.g_01611	Prbl.g_02501
OG0001122	Pral.g_01593	Prbl.g_02529
OG0001123	Pral.g_01598	Prbl.g_02536
OG0001124	Pral.g_01600	Prbl.g_02538
OG0001125	Pral.g_01602	Prbl.g_02540
OG0001126	Pral.g_01571	Prbl.g_00939
OG0001127	Pral.g_01570	Prbl.g_00938
OG0001128	Pral.g_01569	Prbl.g_00935
OG0001129	Pral.g_01568	Prbl.g_00934
OG0001130	Pral.g_01567	Prbl.g_00933
OG0001131	Pral.g_01321	Prbl.g_02575
OG0001132	Pral.g_01033	Prbl.g_01603
OG0001133	Pral.g_01314	Prbl.g_01621
OG0001134	Pral.g_00056, Pral.g_00078	Prbl.g_02204
OG0001136	Pral.g_01364	Prbl.g_02082
OG0001137	Pral.g_01377	Prbl.g_02102
OG0001138	Pral.g_01401	Prbl.g_01118
OG0001139	Pral.g_01403	Prbl.g_01116
OG0001141	Pral.g_01404	Prbl.g_01114
OG0001142	Pral.g_01405	Prbl.g_01113
OG0001143	Pral.g_01412	Prbl.g_01376
OG0001144	Pral.g_01417	Prbl.g_02580
OG0001145	Pral.g_01289	Prbl.g_01711
OG0001146	Pral.g_01277	Prbl.g_01727
OG0001147	Pral.g_01235	Prbl.g_01333
OG0001148	Pral.g_01220	Prbl.g_00501
OG0001149	Pral.g_01219	Prbl.g_00500
OG0001150	Pral.g_01218	Prbl.g_00499
OG0001151	Pral.g_01207	Prbl.g_00487
OG0001152	Pral.g_01206	Prbl.g_00486
OG0001153	Pral.g_01128	Prbl.g_00704
OG0001154	Pral.g_01127	Prbl.g_00705
OG0001155	Pral.g_01108	Prbl.g_00454
OG0001156	Pral.g_01105	Prbl.g_00451
OG0001157	Pral.g_01104	Prbl.g_01604
OG0001158	Pral.g_01103	Prbl.g_00450
OG0001159	Pral.g_01102	Prbl.g_00449
OG0001160	Pral.g_01076	Prbl.g_00420
OG0001161	Pral.g_00045	Prbl.g_01601
OG0001163	Pral.g_00098	Prbl.g_00406
OG0001164	Pral.g_00102	Prbl.g_00401
OG0001165	Pral.g_00105	Prbl.g_00398
OG0001166	Pral.g_00126	Prbl.g_00371
OG0001167	Pral.g_00143	Prbl.g_00350
OG0001168	Pral.g_00145	Prbl.g_00348
OG0001169	Pral.g_00147	Prbl.g_00346
OG0001170	Pral.g_00149	Prbl.g_00344
OG0001171	Pral.g_00160	Prbl.g_00334
OG0001173	Pral.g_00176	Prbl.g_01062
OG0001174	Pral.g_00184	Prbl.g_01054
OG0001175	Pral.g_00185	Prbl.g_01053
OG0001176	Pral.g_00194	Prbl.g_00953
OG0001177	Pral.g_00196	Prbl.g_00951
OG0001179	Pral.g_00226	Prbl.g_00982
OG0001180	Pral.g_00249	Prbl.g_01134
OG0001181	Pral.g_00253	Prbl.g_01138
OG0001182	Pral.g_00261	Prbl.g_01147
OG0001183	Pral.g_00267	Prbl.g_01175
OG0001184	Pral.g_00284	Prbl.g_00848
OG0001185	Pral.g_00300	Prbl.g_01291
OG0001186	Pral.g_00324	Prbl.g_02026
OG0001187	Pral.g_00327	Prbl.g_02022
OG0001188	Pral.g_00329	Prbl.g_02018
OG0001189	Pral.g_00346	Prbl.g_01996
OG0001190	Pral.g_00351	Prbl.g_02239
OG0001191	Pral.g_00361	Prbl.g_02226
OG0001192	Pral.g_00366	Prbl.g_02219
OG0001193	Pral.g_00380	Prbl.g_02181
OG0001194	Pral.g_00381	Prbl.g_02175
OG0001195	Pral.g_00382	Prbl.g_02174
OG0001196	Pral.g_00398	Prbl.g_02138
OG0001197	Pral.g_00400	Prbl.g_02136
OG0001198	Pral.g_00407	Prbl.g_02124
OG0001200	Pral.g_00971	Prbl.g_00600
OG0001201	Pral.g_00939	Prbl.g_00551
OG0001203	Pral.g_00802	Prbl.g_00197
OG0001205	Pral.g_00648	Prbl.g_00642
OG0001206	Pral.g_00626	Prbl.g_01363
OG0001207	Pral.g_00615	Prbl.g_00503
OG0001208	Pral.g_00609	Prbl.g_00513
OG0001209	Pral.g_00555	Prbl.g_00763
OG0001210	Pral.g_00550	Prbl.g_00751
OG0001211	Pral.g_00540	Prbl.g_01884
OG0001212	Pral.g_00493	Prbl.g_01765
OG0001213	Pral.g_00458	Prbl.g_01631
OG0001214	Pral.g_01438	Prbl.g_01641
OG0001215	Pral.g_01751	Prbl.g_01858
OG0001216	Pral.g_01727	Prbl.g_02564
OG0001217	Pral.g_00023	Prbl.g_01904
OG0001218	Pral.g_01308	Prbl.g_00716
OG0001219	Pral.g_01660	Prbl.g_02435
OG0001220	Pral.g_01542	Prbl.g_01567
OG0001221	Pral.g_01788	Prbl.g_02383
OG0001222	Pral.g_01605	Prbl.g_02210
OG0001223	Pral.g_01610	Prbl.g_02503
OG0001224	Pral.g_01565	Prbl.g_00931
OG0001225	Pral.g_01563	Prbl.g_00929
OG0001226	Pral.g_01320	Prbl.g_01704
OG0001227	Pral.g_01327	Prbl.g_00472
OG0001228	Pral.g_01421	Prbl.g_02585
OG0001229	Pral.g_01299	Prbl.g_00409
OG0001230	Pral.g_01174	Prbl.g_00252
OG0001232	Pral.g_00130	Prbl.g_00366
OG0001233	Pral.g_00150	Prbl.g_00343
OG0001234	Pral.g_00188	Prbl.g_01050
OG0001235	Pral.g_00192	Prbl.g_00948
OG0001236	Pral.g_00281	Prbl.g_00852
OG0001237	Pral.g_00285	Prbl.g_00845
OG0001238	Pral.g_00362	Prbl.g_02225
OG0001239	Pral.g_00976	Prbl.g_00605
OG0001240	Pral.g_00954	Prbl.g_00568
OG0001241	Pral.g_00945	Prbl.g_00558
OG0001242	Pral.g_00926	Prbl.g_01322
OG0001243	Pral.g_00919	Prbl.g_00828
OG0001245	Pral.g_01840	Prbl.g_01693
OG0001246	Pral.g_00016, Pral.g_00586	Prbl.g_00803
OG0001247	Pral.g_01758	Prbl.g_02295
OG0001248	Pral.g_01756	Prbl.g_01869
OG0001249	Pral.g_00701	Prbl.g_01195
OG0001250	Pral.g_01529	Prbl.g_01546
OG0001253	Pral.g_01032	Prbl.g_01686
OG0001254	Pral.g_00076	Prbl.g_02203
OG0001258	Pral.g_00103	Prbl.g_00400
OG0001259	Pral.g_00148	Prbl.g_00345
OG0001260	Pral.g_00166	Prbl.g_00315
OG0001261	Pral.g_00234	Prbl.g_00991
OG0001262	Pral.g_00344	Prbl.g_01999
OG0001263	Pral.g_00917	Prbl.g_00826
OG0001265	Pral.g_00927	Prbl.g_01324
OG0001266	Pral.g_00841	Prbl.g_00099
OG0001267	Pral.g_00759	Prbl.g_01453
OG0001268	Pral.g_00693	Prbl.g_01207
OG0001269	Pral.g_01541	Prbl.g_01564
OG0001270	Pral.g_00660	Prbl.g_00654
OG0001271	Pral.g_00620	Prbl.g_01343
OG0001272	Pral.g_00605	Prbl.g_00517
OG0001273	Pral.g_01432	Prbl.g_01634
OG0001274	Pral.g_00818	Prbl.g_01263
OG0001275	Pral.g_01585	Prbl.g_02518
OG0001276	Pral.g_01597	Prbl.g_02535
OG0001277	Pral.g_01703	Prbl.g_02152
OG0001278	Pral.g_01425	Prbl.g_02592
OG0001279	Pral.g_00024	Prbl.g_00156
OG0001280	Pral.g_01282	Prbl.g_01719
OG0001281	Pral.g_01276	Prbl.g_01728
OG0001283	Pral.g_00394	Prbl.g_02143
OG0001285	Pral.g_00133	Prbl.g_00362
OG0001286	Pral.g_00247	Prbl.g_01132
OG0001288	Pral.g_00317	Prbl.g_02059
OG0001290	Pral.g_00946	Prbl.g_00559
OG0001291	Pral.g_00909	Prbl.g_00816
OG0001292	Pral.g_00791	Prbl.g_01512
OG0001293	Pral.g_00778	Prbl.g_01489
OG0001294	Pral.g_00025	Prbl.g_01393
OG0001297	Pral.g_00576	Prbl.g_00793
OG0001298	Pral.g_00511	Prbl.g_01791
OG0001300	Pral.g_01747	Prbl.g_01873
OG0001301	Pral.g_01742	Prbl.g_00022
OG0001302	Pral.g_01663	Prbl.g_01930
OG0001307	Pral.g_01238	Prbl.g_00723
OG0001308	Pral.g_01151	Prbl.g_00224
OG0001309	Pral.g_00572	Prbl.g_00787
OG0001310	Pral.g_00120	Prbl.g_00377
OG0001311	Pral.g_01599	Prbl.g_02537
OG0001312	Pral.g_01651	Prbl.g_02448
OG0001313	Pral.g_01673	Prbl.g_01354, Prbl.g_01355
OG0001316	Pral.g_00905	Prbl.g_00809
OG0001319	Pral.g_00766	Prbl.g_01463
OG0001321	Pral.g_00642	Prbl.g_00633
OG0001322	Pral.g_00641	Prbl.g_00632
OG0001323	Pral.g_00570	Prbl.g_00784
OG0001324	Pral.g_01746	Prbl.g_01874
OG0001330	Pral.g_01047	Prbl.g_01712
OG0001331	Pral.g_01216	Prbl.g_00497
OG0001332	Pral.g_01112	Prbl.g_00466
OG0001333	Pral.g_00144	Prbl.g_00349
OG0001334	Pral.g_00270	Prbl.g_01179
OG0001335	Pral.g_00271	Prbl.g_01180
OG0001336	Pral.g_00395	Prbl.g_02142
OG0001337	Pral.g_00707	Prbl.g_01189
OG0001339	Pral.g_00943	Prbl.g_00556
OG0001340	Pral.g_00706	Prbl.g_01190
OG0001341	Pral.g_01304	Prbl.g_02285
OG0001344	Pral.g_01371	Prbl.g_02089
OG0001348	Pral.g_01303	Prbl.g_01243
OG0001351	Pral.g_00634	Prbl.g_00624
OG0001352	Pral.g_01762	Prbl.g_00027
OG0001353	Pral.g_01520	Prbl.g_01537
OG0001354	Pral.g_01617	Prbl.g_02494
OG0001355	Pral.g_01040	Prbl.g_02379
OG0001358	Pral.g_00467	Prbl.g_01615
OG0001361	Pral.g_01386	Prbl.g_00182
OG0001362	Pral.g_01147	Prbl.g_00220
OG0001363	Pral.g_01145	Prbl.g_00218
OG0001365	Pral.g_00355	Prbl.g_02234
OG0001369	Pral.g_00955	Prbl.g_00569
OG0001371	Pral.g_01763	Prbl.g_01915
OG0001372	Pral.g_00043	Prbl.g_01943
OG0001379	Pral.g_01287	Prbl.g_01714
OG0001380	Pral.g_01345	Prbl.g_01572
OG0001381	Pral.g_01343	Prbl.g_02577
OG0001394	Pral.g_01784	Prbl.g_02366
OG0001397	Pral.g_01146	Prbl.g_00219
OG0001398	Pral.g_01710	Prbl.g_01692
OG0001400	Pral.g_01057	Prbl.g_00307
OG0001401	Pral.g_01672	Prbl.g_01541
OG0001402	Pral.g_00463	Prbl.g_01620
OG0001403	Pral.g_01013	Prbl.g_01976
OG0001405	Pral.g_00713	Prbl.g_01182
OG0001409	Pral.g_01376	Prbl.g_02100
OG0001410	Pral.g_01237	Prbl.g_00724
OG0001414	Pral.g_00812	Prbl.g_01918
OG0001415	Pral.g_00810	Prbl.g_01770
OG0001418	Pral.g_01757	Prbl.g_01046
OG0001425	Pral.g_00365	Prbl.g_02222
OG0001431	Pral.g_00046	Prbl.g_02617
OG0001434	Pral.g_01779	Prbl.g_02362
OG0001435	Pral.g_01803	Prbl.g_02411
OG0001437	Pral.g_00811	Prbl.g_01769
OG0001438	Pral.g_00745	Prbl.g_01438
OG0001441	Pral.g_00568	Prbl.g_00782
OG0001443	Pral.g_01300	Prbl.g_00408
OG0001446	Pral.g_00048	Prbl.g_01075
OG0001450	Pral.g_01754	Prbl.g_01847
OG0001451	Pral.g_01553	Prbl.g_02546
OG0001455	Pral.g_00019	Prbl.g_00138
OG0001461	Pral.g_00457	Prbl.g_00620
OG0001463	Pral.g_00752	Prbl.g_01445
OG0001464	Pral.g_00705	Prbl.g_01191
OG0001476	Pral.g_01374	Prbl.g_02095
OG0001481	Pral.g_00671	Prbl.g_00627
OG0001484	Pral.g_01053	Prbl.g_02573
OG0001485	Pral.g_00065	Prbl.g_00462
OG0001487	Pral.g_01120	Prbl.g_00715, Prbl.g_00714, Prbl.g_00713
OG0001488	Pral.g_01381	Prbl.g_02106
OG0001489	Pral.g_00258	Prbl.g_01143
OG0001491	Pral.g_01665	Prbl.g_01099
OG0001495	Pral.g_00197	Prbl.g_00950
OG0001498	Pral.g_00675	Prbl.g_02675
OG0001500	Pral.g_00776	Prbl.g_01919
OG0001501	Pral.g_01691	Prbl.g_00120
OG0001503	Pral.g_01902	Prbl.g_01931
OG0001506	Pral.g_01115	Prbl.g_01086
OG0001510	Pral.g_00311	Prbl.g_02635
OG0001511	Pral.g_00935	Prbl.g_00544
OG0001512	Pral.g_01297	Prbl.g_00195
OG0001515	Pral.g_01749	Prbl.g_01865
OG0001516	Pral.g_01465	Prbl.g_01402
OG0001517	Pral.g_00697	Prbl.g_01202
OG0001518	Pral.g_00364	Prbl.g_02223
OG0001519	Pral.g_00369	Prbl.g_02212
OG0001527	Pral.g_00526	Prbl.g_01898
OG0001529	Pral.g_01004	Prbl.g_01989
OG0001530	Pral.g_00936	Prbl.g_00546
OG0001531	Pral.g_00801	Prbl.g_00194
OG0001532	Pral.g_01402	Prbl.g_01117
OG0001534	Pral.g_01576	Prbl.g_02545
OG0001535	Pral.g_01596	Prbl.g_02533
OG0001536	Pral.g_01631	Prbl.g_02474
OG0001537	Pral.g_01787	Prbl.g_02374
OG0001538	Pral.g_01493	Prbl.g_02330
OG0001539	Pral.g_01808	Prbl.g_01587
OG0001540	Pral.g_00915	Prbl.g_00824
OG0001541	Pral.g_00864	Prbl.g_00267
OG0001542	Pral.g_00858	Prbl.g_00073
OG0001543	Pral.g_01305	Prbl.g_01241
OG0001544	Pral.g_00368	Prbl.g_02213
OG0001545	Pral.g_00385	Prbl.g_02153
OG0001550	Pral.g_01701	Prbl.g_01694
OG0001553	Pral.g_01168	Prbl.g_00245
OG0001558	Pral.g_00667, Pral.g_01676	Prbl.g_01960
OG0001559	Pral.g_00937	Prbl.g_00547
OG0001560	Pral.g_00947	Prbl.g_00560
OG0001561	Pral.g_01601	Prbl.g_02539
OG0001562	Pral.g_01589	Prbl.g_02525
OG0001563	Pral.g_00242	Prbl.g_00999
OG0001565	Pral.g_01872	Prbl.g_02291
OG0001574	Pral.g_00528	Prbl.g_01896
OG0001575	Pral.g_00523	Prbl.g_01901
OG0001576	Pral.g_01268	Prbl.g_01737
OG0001577	Pral.g_01362	Prbl.g_02080
OG0001579	Pral.g_00709	Prbl.g_01186
OG0001580	Pral.g_00997	Prbl.g_02250
OG0001588	Pral.g_01229	Prbl.g_00865
OG0001589	Pral.g_00153	Prbl.g_00341
OG0001591	Pral.g_01770	Prbl.g_01591
OG0001592	Pral.g_00998	Prbl.g_02249
OG0001598	Pral.g_01744	Prbl.g_02064
OG0001605	Pral.g_01844	Prbl.g_01084
OG0001614	Pral.g_00299	Prbl.g_01293
OG0001616	Pral.g_01392	Prbl.g_01380
OG0001617	Pral.g_01745	Prbl.g_00728
OG0001619	Pral.g_01641	Prbl.g_02464
OG0001620	Pral.g_00689	Prbl.g_01215
OG0001621	Pral.g_00786	Prbl.g_01500
OG0001622	Pral.g_00393	Prbl.g_02144
OG0001636	Pral.g_01010	Prbl.g_01982
OG0001638	Pral.g_00118	Prbl.g_00379
OG0001639	Pral.g_01109	Prbl.g_00455
OG0001640	Pral.g_01572	Prbl.g_00940
OG0001642	Pral.g_01540	Prbl.g_01563
OG0001652	Pral.g_01678	Prbl.g_01958
OG0001654	Pral.g_01111	Prbl.g_00457
OG0001655	Pral.g_01302	Prbl.g_00136, Prbl.g_00680
OG0001656	Pral.g_00710	Prbl.g_01185
OG0001657	Pral.g_00889	Prbl.g_00292
OG0001658	Pral.g_01002	Prbl.g_02240
OG0001661	Pral.g_01865	Prbl.g_01077, Prbl.g_01071
OG0001670	Pral.g_00070	Prbl.g_00003
OG0001671	Pral.g_01685	Prbl.g_01248
OG0001673	Pral.g_00808	Prbl.g_01921
OG0001676	Pral.g_00708	Prbl.g_01188
OG0001684	Pral.g_00500	Prbl.g_01777
OG0001691	Pral.g_01574	Prbl.g_02422
OG0001692	Pral.g_01170	Prbl.g_00247
OG0001694	Pral.g_00757	Prbl.g_01451
OG0001703	Pral.g_00614	Prbl.g_00504
OG0001729	Pral.g_00798	Prbl.g_00189
OG0001731	Pral.g_01096	Prbl.g_00442
OG0001737	Pral.g_01686	Prbl.g_01433
OG0001746	Pral.g_00434	Prbl.g_00681
OG0001748	Pral.g_01684	Prbl.g_01250
OG0001757	Pral.g_01900	Prbl.g_02597, Prbl.g_01709
OG0001761	Pral.g_00473	Prbl.g_01826
OG0001793	Pral.g_00423	Prbl.g_01684
OG0001795	Pral.g_01836	Prbl.g_00047
OG0001802	Pral.g_00030	Prbl.g_01337
OG0001803	Pral.g_00652	Prbl.g_00646
OG0001810	Pral.g_01688	Prbl.g_00811
OG0001813	Pral.g_00372	Prbl.g_02193
OG0001837	Pral.g_01683	Prbl.g_01249
OG0001907	Pral.g_01056	Prbl.g_00311
OG0001936	Pral.g_00069	Prbl.g_01944
OG0001955	Pral.g_01307	Prbl.g_01560
OG0001956	Pral.g_01547	Prbl.g_01578
OG0001963	Pral.g_01049	Prbl.g_01167, Prbl.g_01168
OG0001974	Pral.g_00014	Prbl.g_02242
OG0001977	Pral.g_00376	Prbl.g_02187
OG0002036	Pral.g_01048	Prbl.g_00395
OG0002052	Pral.g_01606	Prbl.g_02211
OG0002111	Pral.g_01869	Prbl.g_02632
OG0002154	Pral.g_01224	Prbl.g_00829
OG0002164	Pral.g_01310, Pral.g_01827	Prbl.g_01089
OG0002165	Pral.g_01835	Prbl.g_01082
OG0002232	Pral.g_01759	Prbl.g_01834
OG0002237	Pral.g_01431	Prbl.g_01633
OG0002240	Pral.g_00924	Prbl.g_01334
OG0002282	Pral.g_01066	Prbl.g_01093
OG0002283	Pral.g_01317	Prbl.g_01705
OG0002284	Pral.g_00442	Prbl.g_01868
OG0002285	Pral.g_01648	Prbl.g_02451
OG0002397	Pral.g_01668	Prbl.g_01015
OG0002434	Pral.g_00531	Prbl.g_01893
OG0002436	Pral.g_00071	Prbl.g_01674
OG0002439	Pral.g_01306	Prbl.g_00407
OG0002442	Pral.g_01894	Prbl.g_01593
OG0002500	Pral.g_01847	Prbl.g_00476
OG0002579	Pral.g_01225	Prbl.g_00310
OG0002837	Pral.g_00002, Pral.g_00097	Prbl.g_00538
OG0003187	Pral.g_01059	Prbl.g_00119
OG0003399	Pral.g_00003	Prbl.g_01011
OG0003406	Pral.g_00013	Prbl.g_01074
OG0004132	Pral.g_00986	Prbl.g_00616
