Orthogroup	Prbl	Prah
OG0000000	Prbl.g_01582	Prah.g_00562
OG0000000	Prbl.g_01092	Prah.g_01226
OG0000001	Prbl.g_00118	Prah.g_01346
OG0000001	Prbl.g_00116	Prah.g_01348
OG0000002	Prbl.g_00725	Prah.g_00324
OG0000002	Prbl.g_00808, Prbl.g_02598	Prah.g_02270
OG0000002	Prbl.g_00121, Prbl.g_02578	Prah.g_00896
OG0000003	Prbl.g_00117	Prah.g_01347
OG0000004	Prbl.g_01685	Prah.g_01175
OG0000004	Prbl.g_00628, Prbl.g_00679	Prah.g_00215
OG0000006	Prbl.g_00531	Prah.g_01546
OG0000006	Prbl.g_00394	Prah.g_01676
OG0000007	Prbl.g_01855	Prah.g_00970
OG0000007	Prbl.g_01854	Prah.g_00969
OG0000009	Prbl.g_01509	Prah.g_02086
OG0000011	Prbl.g_01574	Prah.g_00321, Prah.g_00322
OG0000011	Prbl.g_00719	Prah.g_00353
OG0000012	Prbl.g_01755	Prah.g_01397
OG0000013	Prbl.g_01566	Prah.g_01155, Prah.g_00576
OG0000016	Prbl.g_00007	Prah.g_01007
OG0000016	Prbl.g_00046	Prah.g_01048
OG0000017	Prbl.g_00691	Prah.g_00381
OG0000018	Prbl.g_02601	Prah.g_00475, Prah.g_01767
OG0000019	Prbl.g_01768	Prah.g_01410
OG0000020	Prbl.g_01465	Prah.g_02122
OG0000024	Prbl.g_01416	Prah.g_02171
OG0000026	Prbl.g_01981	Prah.g_00042
OG0000028	Prbl.g_00242	Prah.g_00408
OG0000031	Prbl.g_01677	Prah.g_01166
OG0000032	Prbl.g_00835, Prbl.g_00830	Prah.g_02248
OG0000034	Prbl.g_00870	Prah.g_02219
OG0000036	Prbl.g_01783	Prah.g_01427
OG0000037	Prbl.g_01618	Prah.g_00524
OG0000038	Prbl.g_01072	Prah.g_01209
OG0000038	Prbl.g_01310	Prah.g_00170
OG0000039	Prbl.g_01838	Prah.g_00957
OG0000039	Prbl.g_00281	Prah.g_02304
OG0000040	Prbl.g_02355	Prah.g_00688
OG0000042	Prbl.g_01839	Prah.g_00958
OG0000042	Prbl.g_02567	Prah.g_00887
OG0000043	Prbl.g_01097	Prah.g_01231
OG0000043	Prbl.g_01099	Prah.g_01233
OG0000044	Prbl.g_02084	Prah.g_01322
OG0000045	Prbl.g_00890	Prah.g_02195
OG0000046	Prbl.g_00405	Prah.g_01666
OG0000047	Prbl.g_01285	Prah.g_00150
OG0000048	Prbl.g_01121	Prah.g_01256
OG0000048	Prbl.g_01236	Prah.g_00135
OG0000049	Prbl.g_00265	Prah.g_02367
OG0000049	Prbl.g_00106	Prah.g_01110, Prah.g_01114
OG0000049	Prbl.g_00064	Prah.g_00551
OG0000049	Prbl.g_00740, Prbl.g_00261	Prah.g_00274
OG0000049	Prbl.g_00746	Prah.g_01080, Prah.g_00925
OG0000050	Prbl.g_01977	Prah.g_00038
OG0000051	Prbl.g_00290	Prah.g_02295
OG0000052	Prbl.g_00411	Prah.g_01660
OG0000053	Prbl.g_00752	Prah.g_01485
OG0000054	Prbl.g_01943	Prah.g_01812
OG0000055	Prbl.g_02310	Prah.g_00641
OG0000056	Prbl.g_00138	Prah.g_02425
OG0000058	Prbl.g_01340	Prah.g_00312
OG0000059	Prbl.g_00025	Prah.g_01027
OG0000062	Prbl.g_02204	Prah.g_02524
OG0000063	Prbl.g_01384	Prah.g_01257
OG0000065	Prbl.g_01722	Prah.g_01364
OG0000066	Prbl.g_00892	Prah.g_02192
OG0000068	Prbl.g_01126, Prbl.g_01000	Prah.g_01995
OG0000069	Prbl.g_00889	Prah.g_02196
OG0000069	Prbl.g_00712	Prah.g_00358
OG0000070	Prbl.g_01171	Prah.g_01968
OG0000070	Prbl.g_01599	Prah.g_00543
OG0000071	Prbl.g_02109	Prah.g_00013
OG0000072	Prbl.g_00897	Prah.g_02187
OG0000073	Prbl.g_01395	Prah.g_00445
OG0000074	Prbl.g_01859	Prah.g_00974
OG0000075	Prbl.g_02328	Prah.g_00660
OG0000076	Prbl.g_00927	Prah.g_00915
OG0000078	Prbl.g_00893	Prah.g_02191
OG0000079	Prbl.g_00417	Prah.g_01654
OG0000080	Prbl.g_00462	Prah.g_01609
OG0000081	Prbl.g_00857	Prah.g_02230
OG0000082	Prbl.g_02195	Prah.g_02533
OG0000083	Prbl.g_02118	Prah.g_00004
OG0000084	Prbl.g_02115	Prah.g_00007
OG0000085	Prbl.g_01968	Prah.g_00029
OG0000087	Prbl.g_02273	Prah.g_02458
OG0000088	Prbl.g_01331	Prah.g_00194
OG0000089	Prbl.g_01316	Prah.g_00176, Prah.g_00180
OG0000090	Prbl.g_00810	Prah.g_02268
OG0000091	Prbl.g_00278	Prah.g_02307
OG0000092	Prbl.g_00277	Prah.g_02308
OG0000093	Prbl.g_00069	Prah.g_02324
OG0000094	Prbl.g_00098	Prah.g_02362
OG0000095	Prbl.g_01282	Prah.g_02371
OG0000096	Prbl.g_01506	Prah.g_02089
OG0000097	Prbl.g_01461	Prah.g_02126
OG0000098	Prbl.g_01448	Prah.g_02139
OG0000099	Prbl.g_01436	Prah.g_02151
OG0000100	Prbl.g_01432	Prah.g_02155
OG0000101	Prbl.g_02677	Prah.g_00208
OG0000102	Prbl.g_02190	Prah.g_02538
OG0000103	Prbl.g_01339	Prah.g_00313, Prah.g_00314
OG0000104	Prbl.g_00511	Prah.g_01566
OG0000105	Prbl.g_00533	Prah.g_01544
OG0000106	Prbl.g_00768	Prah.g_01503
OG0000107	Prbl.g_00766	Prah.g_01501
OG0000108	Prbl.g_02647	Prah.g_01476
OG0000109	Prbl.g_01886	Prah.g_01465
OG0000110	Prbl.g_01905	Prah.g_01446
OG0000111	Prbl.g_01043	Prah.g_00474
OG0000112	Prbl.g_01042	Prah.g_00473
OG0000113	Prbl.g_02432	Prah.g_00752
OG0000114	Prbl.g_02337	Prah.g_00669, Prah.g_01823
OG0000115	Prbl.g_02478	Prah.g_00796
OG0000116	Prbl.g_02486	Prah.g_00805
OG0000117	Prbl.g_00930	Prah.g_00912
OG0000118	Prbl.g_02128	Prah.g_02597
OG0000119	Prbl.g_02202	Prah.g_02526
OG0000120	Prbl.g_02091	Prah.g_01315
OG0000121	Prbl.g_01119	Prah.g_01254
OG0000122	Prbl.g_02583	Prah.g_01276
OG0000123	Prbl.g_01102	Prah.g_01237, Prah.g_01238
OG0000124	Prbl.g_00937	Prah.g_00905
OG0000125	Prbl.g_01736	Prah.g_01378
OG0000126	Prbl.g_00502	Prah.g_01576
OG0000127	Prbl.g_00258	Prah.g_00424
OG0000128	Prbl.g_00241	Prah.g_00407
OG0000129	Prbl.g_00709	Prah.g_00361
OG0000130	Prbl.g_00399	Prah.g_01672
OG0000131	Prbl.g_00350	Prah.g_01725
OG0000132	Prbl.g_00347	Prah.g_01728
OG0000133	Prbl.g_00957	Prah.g_02038
OG0000134	Prbl.g_00994	Prah.g_02001
OG0000135	Prbl.g_00996	Prah.g_01999
OG0000136	Prbl.g_00841	Prah.g_02244
OG0000137	Prbl.g_02053	Prah.g_00089
OG0000138	Prbl.g_02231	Prah.g_02498
OG0000139	Prbl.g_02147	Prah.g_02578
OG0000140	Prbl.g_02120	Prah.g_00002
OG0000141	Prbl.g_02119	Prah.g_00003
OG0000142	Prbl.g_02117	Prah.g_00005
OG0000143	Prbl.g_02116	Prah.g_00006
OG0000144	Prbl.g_02114	Prah.g_00008
OG0000145	Prbl.g_02112	Prah.g_00010
OG0000146	Prbl.g_02111	Prah.g_00011
OG0000147	Prbl.g_02110	Prah.g_00012
OG0000148	Prbl.g_02108	Prah.g_00014
OG0000149	Prbl.g_01955	Prah.g_00016
OG0000150	Prbl.g_01956	Prah.g_00017
OG0000151	Prbl.g_01961	Prah.g_00022
OG0000152	Prbl.g_01962	Prah.g_00023
OG0000153	Prbl.g_01963	Prah.g_00024
OG0000154	Prbl.g_01964	Prah.g_00025
OG0000155	Prbl.g_01965	Prah.g_00026
OG0000156	Prbl.g_01966	Prah.g_00027
OG0000157	Prbl.g_01967	Prah.g_00028
OG0000158	Prbl.g_01969	Prah.g_00030
OG0000159	Prbl.g_01970	Prah.g_00031
OG0000160	Prbl.g_01971	Prah.g_00032
OG0000161	Prbl.g_01972	Prah.g_00033
OG0000162	Prbl.g_01973	Prah.g_00034
OG0000163	Prbl.g_01975	Prah.g_00036
OG0000164	Prbl.g_01980	Prah.g_00041
OG0000165	Prbl.g_01985	Prah.g_00046
OG0000166	Prbl.g_01986	Prah.g_00047
OG0000167	Prbl.g_01987	Prah.g_00048
OG0000168	Prbl.g_01988	Prah.g_00049
OG0000169	Prbl.g_01990	Prah.g_00051
OG0000170	Prbl.g_02241	Prah.g_02488
OG0000171	Prbl.g_02243	Prah.g_02486
OG0000172	Prbl.g_02244	Prah.g_02485
OG0000173	Prbl.g_02251	Prah.g_02478
OG0000174	Prbl.g_02258	Prah.g_02471
OG0000175	Prbl.g_02266	Prah.g_02466
OG0000176	Prbl.g_02274	Prah.g_02457
OG0000177	Prbl.g_02275	Prah.g_02454
OG0000178	Prbl.g_02276	Prah.g_02453
OG0000179	Prbl.g_00614	Prah.g_01830
OG0000180	Prbl.g_00613	Prah.g_01833
OG0000181	Prbl.g_00612	Prah.g_01834
OG0000182	Prbl.g_00608	Prah.g_01838
OG0000183	Prbl.g_00607	Prah.g_01839
OG0000184	Prbl.g_00603	Prah.g_01843
OG0000185	Prbl.g_00597	Prah.g_01849
OG0000186	Prbl.g_00596	Prah.g_01850
OG0000187	Prbl.g_01075	Prah.g_01211
OG0000188	Prbl.g_00595	Prah.g_01851
OG0000189	Prbl.g_00592	Prah.g_01859
OG0000190	Prbl.g_00591	Prah.g_01860
OG0000191	Prbl.g_00590	Prah.g_01861
OG0000192	Prbl.g_00589	Prah.g_01862
OG0000193	Prbl.g_00588	Prah.g_01863
OG0000194	Prbl.g_00587	Prah.g_01864
OG0000195	Prbl.g_00583	Prah.g_01866
OG0000196	Prbl.g_00582	Prah.g_01867
OG0000197	Prbl.g_00576	Prah.g_01873
OG0000198	Prbl.g_00572	Prah.g_01877
OG0000199	Prbl.g_00567	Prah.g_01882
OG0000200	Prbl.g_00566	Prah.g_01883
OG0000201	Prbl.g_00565	Prah.g_01884
OG0000202	Prbl.g_00563	Prah.g_01886
OG0000203	Prbl.g_00562	Prah.g_01887
OG0000204	Prbl.g_00561	Prah.g_01888
OG0000205	Prbl.g_00559	Prah.g_01890
OG0000206	Prbl.g_00558	Prah.g_01891
OG0000207	Prbl.g_00557	Prah.g_01892
OG0000208	Prbl.g_00556	Prah.g_01893
OG0000209	Prbl.g_00555	Prah.g_01894
OG0000210	Prbl.g_00553	Prah.g_01896
OG0000211	Prbl.g_00552	Prah.g_01897
OG0000212	Prbl.g_00551	Prah.g_01898
OG0000213	Prbl.g_00548	Prah.g_01901
OG0000214	Prbl.g_00542	Prah.g_01908
OG0000215	Prbl.g_01332	Prah.g_00195
OG0000216	Prbl.g_01330	Prah.g_00193
OG0000217	Prbl.g_01328	Prah.g_00191
OG0000218	Prbl.g_01326	Prah.g_00189
OG0000219	Prbl.g_01325	Prah.g_00188
OG0000220	Prbl.g_01320	Prah.g_00183
OG0000221	Prbl.g_01315	Prah.g_00175
OG0000222	Prbl.g_01314	Prah.g_00174
OG0000223	Prbl.g_01313	Prah.g_00173
OG0000224	Prbl.g_00827	Prah.g_02252
OG0000225	Prbl.g_00825	Prah.g_02254
OG0000226	Prbl.g_00822	Prah.g_02257
OG0000227	Prbl.g_00820	Prah.g_02259
OG0000228	Prbl.g_00819	Prah.g_02260
OG0000229	Prbl.g_00818	Prah.g_02261
OG0000230	Prbl.g_00817	Prah.g_02262
OG0000231	Prbl.g_00815	Prah.g_02264
OG0000232	Prbl.g_00814	Prah.g_02265
OG0000233	Prbl.g_00809	Prah.g_02269
OG0000234	Prbl.g_00305	Prah.g_02280
OG0000235	Prbl.g_00303	Prah.g_02282
OG0000236	Prbl.g_00302	Prah.g_02283
OG0000237	Prbl.g_00301	Prah.g_02284
OG0000238	Prbl.g_00300	Prah.g_02285
OG0000239	Prbl.g_00299	Prah.g_02286
OG0000240	Prbl.g_00297	Prah.g_02288
OG0000241	Prbl.g_00296	Prah.g_02289
OG0000242	Prbl.g_00295	Prah.g_02290
OG0000243	Prbl.g_00294	Prah.g_02291
OG0000244	Prbl.g_00293	Prah.g_02292
OG0000245	Prbl.g_00291	Prah.g_02294
OG0000246	Prbl.g_00289	Prah.g_02296
OG0000247	Prbl.g_00288	Prah.g_02297
OG0000248	Prbl.g_00287	Prah.g_02298
OG0000249	Prbl.g_00286	Prah.g_02299
OG0000250	Prbl.g_00285	Prah.g_02300
OG0000251	Prbl.g_00284	Prah.g_02301
OG0000252	Prbl.g_00283	Prah.g_02302
OG0000253	Prbl.g_00282	Prah.g_02303
OG0000254	Prbl.g_00280	Prah.g_02305
OG0000255	Prbl.g_00279	Prah.g_02306
OG0000256	Prbl.g_00276	Prah.g_02309
OG0000257	Prbl.g_00275	Prah.g_02310
OG0000258	Prbl.g_00274	Prah.g_02311
OG0000259	Prbl.g_00273	Prah.g_02312
OG0000260	Prbl.g_00272	Prah.g_02313
OG0000261	Prbl.g_00271	Prah.g_02314
OG0000262	Prbl.g_00270	Prah.g_02315
OG0000263	Prbl.g_00269	Prah.g_02316
OG0000264	Prbl.g_02377	Prah.g_00709
OG0000265	Prbl.g_00066	Prah.g_02321
OG0000266	Prbl.g_00068	Prah.g_02323
OG0000267	Prbl.g_00072	Prah.g_02334
OG0000268	Prbl.g_00074	Prah.g_02336
OG0000269	Prbl.g_00077	Prah.g_02339
OG0000270	Prbl.g_00079	Prah.g_02341
OG0000271	Prbl.g_00082	Prah.g_02344
OG0000272	Prbl.g_00083	Prah.g_02345
OG0000273	Prbl.g_00086	Prah.g_02350
OG0000274	Prbl.g_00088	Prah.g_02352
OG0000275	Prbl.g_00089	Prah.g_02353
OG0000276	Prbl.g_00090	Prah.g_02354
OG0000277	Prbl.g_00091	Prah.g_02355
OG0000278	Prbl.g_00092	Prah.g_02356
OG0000279	Prbl.g_00093	Prah.g_02357
OG0000280	Prbl.g_00094	Prah.g_02358
OG0000281	Prbl.g_00096	Prah.g_02360
OG0000282	Prbl.g_00097	Prah.g_02361
OG0000283	Prbl.g_00104	Prah.g_02364
OG0000284	Prbl.g_00105	Prah.g_02365
OG0000285	Prbl.g_01283	Prah.g_02370
OG0000286	Prbl.g_01281	Prah.g_02372
OG0000287	Prbl.g_00130	Prah.g_02420
OG0000288	Prbl.g_00129	Prah.g_02419
OG0000289	Prbl.g_00127	Prah.g_02418
OG0000290	Prbl.g_00126	Prah.g_02417
OG0000291	Prbl.g_00124	Prah.g_02415
OG0000292	Prbl.g_01244	Prah.g_02411
OG0000293	Prbl.g_01245	Prah.g_02410
OG0000294	Prbl.g_01246	Prah.g_02409
OG0000295	Prbl.g_01252	Prah.g_02403
OG0000296	Prbl.g_01253	Prah.g_02402
OG0000297	Prbl.g_01256	Prah.g_02400
OG0000298	Prbl.g_01257	Prah.g_02399
OG0000299	Prbl.g_01258	Prah.g_02398
OG0000300	Prbl.g_01259	Prah.g_02397
OG0000301	Prbl.g_01260	Prah.g_02396
OG0000302	Prbl.g_01261	Prah.g_02395
OG0000303	Prbl.g_01262	Prah.g_02394
OG0000304	Prbl.g_01264	Prah.g_02392
OG0000305	Prbl.g_01265	Prah.g_02391
OG0000306	Prbl.g_01266	Prah.g_02390
OG0000307	Prbl.g_01918	Prah.g_01786
OG0000308	Prbl.g_01769	Prah.g_01411
OG0000309	Prbl.g_01770	Prah.g_01412
OG0000310	Prbl.g_01771	Prah.g_01413
OG0000311	Prbl.g_01922	Prah.g_01782
OG0000312	Prbl.g_01923	Prah.g_01781
OG0000313	Prbl.g_00199	Prah.g_01779
OG0000314	Prbl.g_00193	Prah.g_01773
OG0000315	Prbl.g_00192	Prah.g_01772
OG0000316	Prbl.g_02679	Prah.g_02074
OG0000317	Prbl.g_02666	Prah.g_02078
OG0000318	Prbl.g_01516	Prah.g_02079
OG0000319	Prbl.g_01515	Prah.g_02080
OG0000320	Prbl.g_01513	Prah.g_02082
OG0000321	Prbl.g_01508	Prah.g_02087
OG0000322	Prbl.g_01499	Prah.g_02098
OG0000323	Prbl.g_01498	Prah.g_02099
OG0000324	Prbl.g_01496	Prah.g_02101
OG0000325	Prbl.g_01494	Prah.g_02103
OG0000326	Prbl.g_01492	Prah.g_02105
OG0000327	Prbl.g_01486	Prah.g_02111
OG0000328	Prbl.g_01919	Prah.g_01785
OG0000329	Prbl.g_01473	Prah.g_02114
OG0000330	Prbl.g_01472	Prah.g_02115
OG0000331	Prbl.g_01470	Prah.g_02117
OG0000332	Prbl.g_01469	Prah.g_02118
OG0000333	Prbl.g_01468	Prah.g_02119
OG0000334	Prbl.g_01467	Prah.g_02120
OG0000335	Prbl.g_01466	Prah.g_02121
OG0000336	Prbl.g_01464	Prah.g_02123
OG0000337	Prbl.g_01459	Prah.g_02128
OG0000338	Prbl.g_01458	Prah.g_02129
OG0000339	Prbl.g_01457	Prah.g_02130
OG0000340	Prbl.g_01455	Prah.g_02132
OG0000341	Prbl.g_01450	Prah.g_02137
OG0000342	Prbl.g_01449	Prah.g_02138
OG0000343	Prbl.g_01447	Prah.g_02140
OG0000344	Prbl.g_01445	Prah.g_02142
OG0000345	Prbl.g_01444	Prah.g_02143
OG0000346	Prbl.g_01443	Prah.g_02144
OG0000347	Prbl.g_01442	Prah.g_02145
OG0000348	Prbl.g_01441	Prah.g_02146
OG0000349	Prbl.g_01440	Prah.g_02147
OG0000350	Prbl.g_01439	Prah.g_02148
OG0000351	Prbl.g_01435	Prah.g_02152
OG0000352	Prbl.g_01431	Prah.g_02156
OG0000353	Prbl.g_01428	Prah.g_02157
OG0000354	Prbl.g_01427	Prah.g_02158
OG0000355	Prbl.g_01426	Prah.g_02159
OG0000356	Prbl.g_01421	Prah.g_02166
OG0000357	Prbl.g_01420	Prah.g_02167
OG0000358	Prbl.g_01419	Prah.g_02168
OG0000359	Prbl.g_01417	Prah.g_02170
OG0000360	Prbl.g_01414	Prah.g_02172
OG0000361	Prbl.g_01413	Prah.g_02173
OG0000362	Prbl.g_00911	Prah.g_02174
OG0000363	Prbl.g_00909	Prah.g_02175
OG0000364	Prbl.g_00908	Prah.g_02176
OG0000365	Prbl.g_00907	Prah.g_02177
OG0000366	Prbl.g_00906	Prah.g_02178
OG0000367	Prbl.g_00905	Prah.g_02179
OG0000368	Prbl.g_00904	Prah.g_02180
OG0000369	Prbl.g_00903	Prah.g_02181
OG0000370	Prbl.g_00902	Prah.g_02182
OG0000371	Prbl.g_00901	Prah.g_02183
OG0000372	Prbl.g_00898	Prah.g_02186
OG0000373	Prbl.g_00888	Prah.g_02197
OG0000374	Prbl.g_00886	Prah.g_02199
OG0000375	Prbl.g_00877	Prah.g_02207
OG0000376	Prbl.g_01183	Prah.g_01956
OG0000377	Prbl.g_01190	Prah.g_01949
OG0000378	Prbl.g_01191	Prah.g_01948
OG0000379	Prbl.g_01201	Prah.g_01940
OG0000380	Prbl.g_01203	Prah.g_01938
OG0000381	Prbl.g_01204	Prah.g_01937
OG0000382	Prbl.g_01206	Prah.g_01935
OG0000383	Prbl.g_01210	Prah.g_01930
OG0000384	Prbl.g_01211	Prah.g_01929
OG0000385	Prbl.g_01217	Prah.g_01922
OG0000386	Prbl.g_01218	Prah.g_01921
OG0000387	Prbl.g_01219	Prah.g_01920
OG0000388	Prbl.g_01220	Prah.g_01919
OG0000389	Prbl.g_01221	Prah.g_01918
OG0000390	Prbl.g_01222	Prah.g_01917
OG0000391	Prbl.g_01223	Prah.g_01916
OG0000392	Prbl.g_01224	Prah.g_01915
OG0000393	Prbl.g_02673	Prah.g_00204
OG0000394	Prbl.g_02674	Prah.g_00205
OG0000395	Prbl.g_02678	Prah.g_00209
OG0000396	Prbl.g_01564	Prah.g_00579
OG0000397	Prbl.g_00609	Prah.g_01837
OG0000398	Prbl.g_00410	Prah.g_01661
OG0000399	Prbl.g_01693	Prah.g_01181
OG0000400	Prbl.g_02681	Prah.g_02072
OG0000401	Prbl.g_00676	Prah.g_00218
OG0000402	Prbl.g_00675	Prah.g_00219
OG0000403	Prbl.g_00663	Prah.g_00221
OG0000404	Prbl.g_00653	Prah.g_00229
OG0000405	Prbl.g_00652	Prah.g_00230
OG0000406	Prbl.g_00650	Prah.g_00232
OG0000407	Prbl.g_00649	Prah.g_00233
OG0000408	Prbl.g_00648	Prah.g_00234
OG0000409	Prbl.g_00647	Prah.g_00235
OG0000410	Prbl.g_00645	Prah.g_00237
OG0000411	Prbl.g_00644	Prah.g_00238
OG0000412	Prbl.g_00643	Prah.g_00239
OG0000413	Prbl.g_00642	Prah.g_00240
OG0000414	Prbl.g_00641	Prah.g_00241
OG0000415	Prbl.g_00640	Prah.g_00242
OG0000416	Prbl.g_00639	Prah.g_00247
OG0000417	Prbl.g_00635	Prah.g_00251
OG0000418	Prbl.g_00634	Prah.g_00252
OG0000419	Prbl.g_00633	Prah.g_00253
OG0000420	Prbl.g_00632	Prah.g_00254
OG0000421	Prbl.g_00625	Prah.g_00255
OG0000422	Prbl.g_00623	Prah.g_00257
OG0000423	Prbl.g_00622	Prah.g_00258
OG0000424	Prbl.g_00619	Prah.g_00261
OG0000425	Prbl.g_01364	Prah.g_00290
OG0000426	Prbl.g_01363	Prah.g_00291
OG0000427	Prbl.g_01360	Prah.g_00294
OG0000428	Prbl.g_01348	Prah.g_00304
OG0000429	Prbl.g_01346	Prah.g_00306
OG0000430	Prbl.g_01344	Prah.g_00308
OG0000431	Prbl.g_01342	Prah.g_00310
OG0000432	Prbl.g_01341	Prah.g_00311
OG0000433	Prbl.g_00503	Prah.g_01575
OG0000434	Prbl.g_00506	Prah.g_01572
OG0000435	Prbl.g_00510	Prah.g_01567
OG0000436	Prbl.g_00512	Prah.g_01565
OG0000437	Prbl.g_00514	Prah.g_01563
OG0000438	Prbl.g_00515	Prah.g_01562
OG0000439	Prbl.g_00516	Prah.g_01561
OG0000440	Prbl.g_00519	Prah.g_01558
OG0000441	Prbl.g_00521	Prah.g_01556
OG0000442	Prbl.g_00522	Prah.g_01555
OG0000443	Prbl.g_00523	Prah.g_01554
OG0000444	Prbl.g_00524	Prah.g_01553
OG0000445	Prbl.g_00525	Prah.g_01552
OG0000446	Prbl.g_00526	Prah.g_01551
OG0000447	Prbl.g_00527	Prah.g_01550
OG0000448	Prbl.g_00528	Prah.g_01549
OG0000449	Prbl.g_00536	Prah.g_01541
OG0000450	Prbl.g_00806	Prah.g_01540
OG0000451	Prbl.g_00805	Prah.g_01539
OG0000452	Prbl.g_00804	Prah.g_01538
OG0000453	Prbl.g_00801	Prah.g_01535
OG0000454	Prbl.g_00800	Prah.g_01534
OG0000455	Prbl.g_00799	Prah.g_01533
OG0000456	Prbl.g_00798	Prah.g_01532
OG0000457	Prbl.g_00797	Prah.g_01530
OG0000458	Prbl.g_00795	Prah.g_01529
OG0000459	Prbl.g_00794	Prah.g_01528
OG0000460	Prbl.g_00792	Prah.g_01526
OG0000461	Prbl.g_00791	Prah.g_01525
OG0000462	Prbl.g_00790	Prah.g_01524
OG0000463	Prbl.g_00785	Prah.g_01519
OG0000464	Prbl.g_00780	Prah.g_01514
OG0000465	Prbl.g_00779	Prah.g_01513
OG0000466	Prbl.g_00778	Prah.g_01512
OG0000467	Prbl.g_00776	Prah.g_01510
OG0000468	Prbl.g_00775	Prah.g_01509
OG0000469	Prbl.g_00770	Prah.g_01505
OG0000470	Prbl.g_01526	Prah.g_01094
OG0000471	Prbl.g_00032	Prah.g_01035
OG0000472	Prbl.g_00765	Prah.g_01500
OG0000473	Prbl.g_00763	Prah.g_01498
OG0000474	Prbl.g_00761	Prah.g_01496
OG0000475	Prbl.g_00760	Prah.g_01495
OG0000476	Prbl.g_00754	Prah.g_01489
OG0000477	Prbl.g_00751	Prah.g_01484
OG0000478	Prbl.g_00749	Prah.g_01482
OG0000479	Prbl.g_00747	Prah.g_01480
OG0000480	Prbl.g_02645	Prah.g_01474
OG0000481	Prbl.g_01878	Prah.g_01473
OG0000482	Prbl.g_01879	Prah.g_01472
OG0000483	Prbl.g_01881	Prah.g_01470
OG0000484	Prbl.g_01882	Prah.g_01469
OG0000485	Prbl.g_01883	Prah.g_01468
OG0000486	Prbl.g_01884	Prah.g_01467
OG0000487	Prbl.g_01885	Prah.g_01466
OG0000488	Prbl.g_01887	Prah.g_01464
OG0000489	Prbl.g_01888	Prah.g_01463
OG0000490	Prbl.g_01889	Prah.g_01462
OG0000491	Prbl.g_01890	Prah.g_01461
OG0000492	Prbl.g_01891	Prah.g_01460
OG0000493	Prbl.g_01892	Prah.g_01459
OG0000494	Prbl.g_01894	Prah.g_01458
OG0000495	Prbl.g_01895	Prah.g_01457
OG0000496	Prbl.g_01897	Prah.g_01454
OG0000497	Prbl.g_01899	Prah.g_01452
OG0000498	Prbl.g_01900	Prah.g_01451
OG0000499	Prbl.g_01902	Prah.g_01449
OG0000500	Prbl.g_01903	Prah.g_01448
OG0000501	Prbl.g_01801	Prah.g_01445
OG0000502	Prbl.g_01800	Prah.g_01444
OG0000503	Prbl.g_01799	Prah.g_01443
OG0000504	Prbl.g_01797	Prah.g_01441
OG0000505	Prbl.g_01796	Prah.g_01440
OG0000506	Prbl.g_01795	Prah.g_01439
OG0000507	Prbl.g_01794	Prah.g_01438
OG0000508	Prbl.g_01790	Prah.g_01434
OG0000509	Prbl.g_01789	Prah.g_01433
OG0000510	Prbl.g_01788	Prah.g_01432
OG0000511	Prbl.g_01787	Prah.g_01431
OG0000512	Prbl.g_01786	Prah.g_01430
OG0000513	Prbl.g_01785	Prah.g_01429
OG0000514	Prbl.g_01784	Prah.g_01428
OG0000515	Prbl.g_01781	Prah.g_01425
OG0000516	Prbl.g_01780	Prah.g_01424
OG0000517	Prbl.g_01779	Prah.g_01423
OG0000518	Prbl.g_01775	Prah.g_01417
OG0000519	Prbl.g_01774	Prah.g_01416
OG0000520	Prbl.g_01773	Prah.g_01415
OG0000521	Prbl.g_01772	Prah.g_01414
OG0000522	Prbl.g_01766	Prah.g_01408
OG0000523	Prbl.g_01765	Prah.g_01407
OG0000524	Prbl.g_01764	Prah.g_01406
OG0000525	Prbl.g_01762	Prah.g_01404
OG0000526	Prbl.g_01761	Prah.g_01403
OG0000527	Prbl.g_01760	Prah.g_01402
OG0000528	Prbl.g_01759	Prah.g_01401
OG0000529	Prbl.g_01758	Prah.g_01400
OG0000530	Prbl.g_01757	Prah.g_01399
OG0000531	Prbl.g_01754	Prah.g_01396
OG0000532	Prbl.g_01752	Prah.g_01394
OG0000533	Prbl.g_01751	Prah.g_01393
OG0000534	Prbl.g_01750	Prah.g_01392
OG0000535	Prbl.g_01749	Prah.g_01391
OG0000536	Prbl.g_01748	Prah.g_01390
OG0000537	Prbl.g_01747	Prah.g_01389
OG0000538	Prbl.g_01746	Prah.g_01388
OG0000539	Prbl.g_01744	Prah.g_01387
OG0000540	Prbl.g_01742	Prah.g_01385
OG0000541	Prbl.g_01610	Prah.g_00532
OG0000542	Prbl.g_01611	Prah.g_00531
OG0000543	Prbl.g_01612	Prah.g_00530
OG0000544	Prbl.g_01613	Prah.g_00529
OG0000545	Prbl.g_01616	Prah.g_00526
OG0000546	Prbl.g_01617	Prah.g_00525
OG0000547	Prbl.g_01619	Prah.g_00523
OG0000548	Prbl.g_01624	Prah.g_00518
OG0000549	Prbl.g_01625	Prah.g_00517
OG0000550	Prbl.g_01626	Prah.g_00516
OG0000551	Prbl.g_01629	Prah.g_00513
OG0000552	Prbl.g_01631	Prah.g_00510
OG0000553	Prbl.g_01632	Prah.g_00509
OG0000554	Prbl.g_01634	Prah.g_00506
OG0000555	Prbl.g_01635	Prah.g_00505
OG0000556	Prbl.g_01636	Prah.g_00504
OG0000557	Prbl.g_01637	Prah.g_00503
OG0000558	Prbl.g_01639	Prah.g_00501
OG0000559	Prbl.g_01640	Prah.g_00500
OG0000560	Prbl.g_01642	Prah.g_00498
OG0000561	Prbl.g_01643	Prah.g_00497
OG0000562	Prbl.g_01645	Prah.g_00495
OG0000563	Prbl.g_01646	Prah.g_00494
OG0000564	Prbl.g_01647	Prah.g_00493
OG0000565	Prbl.g_01655	Prah.g_00486
OG0000566	Prbl.g_01656	Prah.g_00485
OG0000567	Prbl.g_01657	Prah.g_00484
OG0000568	Prbl.g_01658	Prah.g_00483
OG0000569	Prbl.g_01659	Prah.g_00482
OG0000570	Prbl.g_01662	Prah.g_00478
OG0000571	Prbl.g_01663	Prah.g_00477
OG0000572	Prbl.g_01664	Prah.g_00476
OG0000573	Prbl.g_01041	Prah.g_00472
OG0000574	Prbl.g_01032	Prah.g_00466
OG0000575	Prbl.g_01031	Prah.g_00465
OG0000576	Prbl.g_01030	Prah.g_00464
OG0000577	Prbl.g_01412	Prah.g_00463
OG0000578	Prbl.g_01411	Prah.g_00462
OG0000579	Prbl.g_01409	Prah.g_00460
OG0000580	Prbl.g_01406	Prah.g_00457
OG0000581	Prbl.g_01405	Prah.g_00456
OG0000582	Prbl.g_01404	Prah.g_00455
OG0000583	Prbl.g_01403	Prah.g_00454
OG0000584	Prbl.g_01401	Prah.g_00452
OG0000585	Prbl.g_01400	Prah.g_00451
OG0000586	Prbl.g_01398	Prah.g_00449
OG0000587	Prbl.g_01397	Prah.g_00448
OG0000588	Prbl.g_01394	Prah.g_00444
OG0000589	Prbl.g_01392	Prah.g_00442
OG0000590	Prbl.g_00891	Prah.g_02193
OG0000591	Prbl.g_01915	Prah.g_01789
OG0000592	Prbl.g_00027	Prah.g_01029
OG0000593	Prbl.g_01242	Prah.g_02413
OG0000594	Prbl.g_02295	Prah.g_00625
OG0000595	Prbl.g_01046	Prah.g_02051
OG0000596	Prbl.g_01869	Prah.g_00981
OG0000597	Prbl.g_01847	Prah.g_00965
OG0000598	Prbl.g_01853	Prah.g_00968
OG0000599	Prbl.g_01857	Prah.g_00972
OG0000600	Prbl.g_01858	Prah.g_00973
OG0000601	Prbl.g_01872	Prah.g_00985
OG0000602	Prbl.g_01873	Prah.g_00986
OG0000603	Prbl.g_01874	Prah.g_00987
OG0000604	Prbl.g_00021	Prah.g_01022
OG0000605	Prbl.g_00022	Prah.g_01023
OG0000606	Prbl.g_00024	Prah.g_01025
OG0000607	Prbl.g_00026	Prah.g_01028
OG0000608	Prbl.g_02373	Prah.g_00706
OG0000609	Prbl.g_02137	Prah.g_02588
OG0000610	Prbl.g_00120	Prah.g_01344
OG0000611	Prbl.g_02565	Prah.g_00886
OG0000612	Prbl.g_02564	Prah.g_00885
OG0000613	Prbl.g_02563	Prah.g_00884
OG0000614	Prbl.g_02562	Prah.g_00882
OG0000615	Prbl.g_02561	Prah.g_00881
OG0000616	Prbl.g_02560	Prah.g_00880
OG0000617	Prbl.g_02559	Prah.g_00879
OG0000618	Prbl.g_02558	Prah.g_00878
OG0000619	Prbl.g_02556	Prah.g_00876
OG0000620	Prbl.g_02555	Prah.g_00875
OG0000621	Prbl.g_02554	Prah.g_00874
OG0000622	Prbl.g_02553	Prah.g_00873
OG0000623	Prbl.g_02552	Prah.g_00872
OG0000624	Prbl.g_02551	Prah.g_00871
OG0000625	Prbl.g_02550	Prah.g_00870
OG0000626	Prbl.g_02549	Prah.g_00869
OG0000627	Prbl.g_02426	Prah.g_00746
OG0000628	Prbl.g_02427	Prah.g_00747
OG0000629	Prbl.g_02430	Prah.g_00750
OG0000630	Prbl.g_02431	Prah.g_00751
OG0000631	Prbl.g_02434	Prah.g_00754
OG0000632	Prbl.g_00040	Prah.g_01043
OG0000633	Prbl.g_01904	Prah.g_01447
OG0000634	Prbl.g_00534	Prah.g_01543
OG0000635	Prbl.g_02470	Prah.g_00788
OG0000636	Prbl.g_02469	Prah.g_00787
OG0000637	Prbl.g_02468	Prah.g_00786
OG0000638	Prbl.g_01195	Prah.g_01946
OG0000639	Prbl.g_01930	Prah.g_01802
OG0000640	Prbl.g_02435	Prah.g_00755
OG0000641	Prbl.g_02440	Prah.g_00758
OG0000642	Prbl.g_02441	Prah.g_00759
OG0000643	Prbl.g_02442	Prah.g_00760
OG0000644	Prbl.g_02341	Prah.g_00673
OG0000645	Prbl.g_02340	Prah.g_00672
OG0000646	Prbl.g_02339	Prah.g_00671
OG0000647	Prbl.g_02338	Prah.g_00670
OG0000648	Prbl.g_02336	Prah.g_00668
OG0000649	Prbl.g_02335	Prah.g_00667
OG0000650	Prbl.g_02334	Prah.g_00666
OG0000651	Prbl.g_02333	Prah.g_00665
OG0000652	Prbl.g_02332	Prah.g_00664
OG0000653	Prbl.g_02331	Prah.g_00663
OG0000654	Prbl.g_02329	Prah.g_00661
OG0000655	Prbl.g_02327	Prah.g_00659
OG0000656	Prbl.g_02326	Prah.g_00658
OG0000657	Prbl.g_02325	Prah.g_00657
OG0000658	Prbl.g_02324	Prah.g_00656
OG0000659	Prbl.g_02323	Prah.g_00655
OG0000660	Prbl.g_02322	Prah.g_00654
OG0000661	Prbl.g_02320	Prah.g_00652
OG0000662	Prbl.g_02317	Prah.g_00650
OG0000663	Prbl.g_02316	Prah.g_00649
OG0000664	Prbl.g_02315	Prah.g_00648
OG0000665	Prbl.g_02314	Prah.g_00647
OG0000666	Prbl.g_02313	Prah.g_00646
OG0000667	Prbl.g_02312	Prah.g_00645
OG0000668	Prbl.g_02311	Prah.g_00644
OG0000669	Prbl.g_02309	Prah.g_00640
OG0000670	Prbl.g_02308	Prah.g_00639
OG0000671	Prbl.g_02307	Prah.g_00638
OG0000672	Prbl.g_02306	Prah.g_00637
OG0000673	Prbl.g_02305	Prah.g_00636
OG0000674	Prbl.g_02304	Prah.g_00635
OG0000675	Prbl.g_01534	Prah.g_00609
OG0000676	Prbl.g_01535	Prah.g_00608
OG0000677	Prbl.g_01538	Prah.g_00605
OG0000678	Prbl.g_01540	Prah.g_00603
OG0000679	Prbl.g_01542	Prah.g_00601
OG0000680	Prbl.g_01543	Prah.g_00600
OG0000681	Prbl.g_01544	Prah.g_00599
OG0000682	Prbl.g_01545	Prah.g_00598
OG0000683	Prbl.g_01547	Prah.g_00596
OG0000684	Prbl.g_01548	Prah.g_00595
OG0000685	Prbl.g_01549	Prah.g_00594
OG0000686	Prbl.g_01550	Prah.g_00593
OG0000687	Prbl.g_01551	Prah.g_00592
OG0000688	Prbl.g_01552	Prah.g_00591
OG0000689	Prbl.g_01554	Prah.g_00589
OG0000690	Prbl.g_01555	Prah.g_00588
OG0000691	Prbl.g_01556	Prah.g_00587
OG0000692	Prbl.g_01567	Prah.g_00575
OG0000693	Prbl.g_01568	Prah.g_00574
OG0000694	Prbl.g_01571	Prah.g_00572
OG0000695	Prbl.g_01576	Prah.g_00568
OG0000696	Prbl.g_01577	Prah.g_00566
OG0000697	Prbl.g_01579	Prah.g_00564
OG0000698	Prbl.g_02423	Prah.g_00743
OG0000699	Prbl.g_02546	Prah.g_00866
OG0000700	Prbl.g_02530	Prah.g_00850
OG0000701	Prbl.g_01329	Prah.g_00192
OG0000702	Prbl.g_01588	Prah.g_00558
OG0000703	Prbl.g_02414	Prah.g_00740
OG0000704	Prbl.g_01078	Prah.g_01212
OG0000705	Prbl.g_02413	Prah.g_00739
OG0000706	Prbl.g_02412	Prah.g_00738
OG0000707	Prbl.g_02410	Prah.g_00736
OG0000708	Prbl.g_02409	Prah.g_00735
OG0000709	Prbl.g_02407	Prah.g_00733
OG0000710	Prbl.g_02406	Prah.g_00732
OG0000711	Prbl.g_02405	Prah.g_00731
OG0000712	Prbl.g_02404	Prah.g_00730
OG0000713	Prbl.g_02403	Prah.g_00729
OG0000714	Prbl.g_02395	Prah.g_00726
OG0000715	Prbl.g_02393	Prah.g_00724
OG0000716	Prbl.g_02388	Prah.g_00721
OG0000717	Prbl.g_02386	Prah.g_00718
OG0000718	Prbl.g_02383	Prah.g_00715
OG0000719	Prbl.g_02368	Prah.g_00702
OG0000720	Prbl.g_02367	Prah.g_00701
OG0000721	Prbl.g_02365	Prah.g_00699
OG0000722	Prbl.g_02364	Prah.g_00698
OG0000723	Prbl.g_02363	Prah.g_00697
OG0000724	Prbl.g_02350	Prah.g_00683
OG0000725	Prbl.g_02351	Prah.g_00684
OG0000726	Prbl.g_02352	Prah.g_00685
OG0000727	Prbl.g_02353	Prah.g_00686
OG0000728	Prbl.g_02354	Prah.g_00687
OG0000729	Prbl.g_02356	Prah.g_00689
OG0000730	Prbl.g_02359	Prah.g_00692
OG0000731	Prbl.g_02348	Prah.g_00681
OG0000732	Prbl.g_02347	Prah.g_00680
OG0000733	Prbl.g_02346	Prah.g_00679
OG0000734	Prbl.g_02345	Prah.g_00678
OG0000735	Prbl.g_02344	Prah.g_00677
OG0000736	Prbl.g_02343	Prah.g_00675
OG0000737	Prbl.g_02342	Prah.g_00674
OG0000738	Prbl.g_02443	Prah.g_00761
OG0000739	Prbl.g_02444	Prah.g_00762
OG0000740	Prbl.g_02445	Prah.g_00763
OG0000741	Prbl.g_02447	Prah.g_00765
OG0000742	Prbl.g_02449	Prah.g_00767
OG0000743	Prbl.g_02450	Prah.g_00768
OG0000744	Prbl.g_02452	Prah.g_00770
OG0000745	Prbl.g_02453	Prah.g_00771
OG0000746	Prbl.g_02454	Prah.g_00772
OG0000747	Prbl.g_01688	Prah.g_01178
OG0000748	Prbl.g_02462	Prah.g_00780
OG0000749	Prbl.g_02463	Prah.g_00781
OG0000750	Prbl.g_02465	Prah.g_00783
OG0000751	Prbl.g_02466	Prah.g_00784
OG0000752	Prbl.g_02210	Prah.g_02517
OG0000753	Prbl.g_02471	Prah.g_00789
OG0000754	Prbl.g_02472	Prah.g_00790
OG0000755	Prbl.g_02473	Prah.g_00791
OG0000756	Prbl.g_02475	Prah.g_00793
OG0000757	Prbl.g_02476	Prah.g_00794
OG0000758	Prbl.g_02477	Prah.g_00795
OG0000759	Prbl.g_02482	Prah.g_00800
OG0000760	Prbl.g_02483	Prah.g_00801
OG0000761	Prbl.g_02485	Prah.g_00803
OG0000762	Prbl.g_02487	Prah.g_00806
OG0000763	Prbl.g_02489	Prah.g_00808
OG0000764	Prbl.g_02491	Prah.g_00810
OG0000765	Prbl.g_02492	Prah.g_00811
OG0000766	Prbl.g_02493	Prah.g_00812
OG0000767	Prbl.g_02495	Prah.g_00814
OG0000768	Prbl.g_02496	Prah.g_00815
OG0000769	Prbl.g_02497	Prah.g_00816
OG0000770	Prbl.g_02498	Prah.g_00817
OG0000771	Prbl.g_02499	Prah.g_00818
OG0000772	Prbl.g_02608	Prah.g_01131
OG0000773	Prbl.g_02501	Prah.g_00821
OG0000774	Prbl.g_02503	Prah.g_00824
OG0000775	Prbl.g_02505	Prah.g_00826
OG0000776	Prbl.g_02508	Prah.g_00828
OG0000777	Prbl.g_02509	Prah.g_00829
OG0000778	Prbl.g_02510	Prah.g_00830
OG0000779	Prbl.g_02514	Prah.g_00833
OG0000780	Prbl.g_02516	Prah.g_00835
OG0000781	Prbl.g_02520	Prah.g_00839
OG0000782	Prbl.g_02521	Prah.g_00840
OG0000783	Prbl.g_02526	Prah.g_00846
OG0000784	Prbl.g_02528	Prah.g_00848
OG0000785	Prbl.g_02529	Prah.g_00849
OG0000786	Prbl.g_02531	Prah.g_00851
OG0000787	Prbl.g_02532	Prah.g_00852
OG0000788	Prbl.g_02538	Prah.g_00858
OG0000789	Prbl.g_02541	Prah.g_00861
OG0000790	Prbl.g_02209	Prah.g_02518
OG0000791	Prbl.g_02542	Prah.g_00862
OG0000792	Prbl.g_02543	Prah.g_00863
OG0000793	Prbl.g_02544	Prah.g_00864
OG0000794	Prbl.g_02547	Prah.g_00867
OG0000795	Prbl.g_00939	Prah.g_00903
OG0000796	Prbl.g_00938	Prah.g_00904
OG0000797	Prbl.g_00935	Prah.g_00907
OG0000798	Prbl.g_00934	Prah.g_00908
OG0000799	Prbl.g_00933	Prah.g_00909
OG0000800	Prbl.g_00932	Prah.g_00910
OG0000801	Prbl.g_00929	Prah.g_00913
OG0000802	Prbl.g_00928	Prah.g_00914
OG0000803	Prbl.g_00925	Prah.g_00919
OG0000804	Prbl.g_00924	Prah.g_00920
OG0000805	Prbl.g_00923	Prah.g_00921
OG0000806	Prbl.g_00922	Prah.g_00922
OG0000807	Prbl.g_02575	Prah.g_00893
OG0000808	Prbl.g_01603	Prah.g_00539
OG0000809	Prbl.g_00472	Prah.g_01601
OG0000810	Prbl.g_01686	Prah.g_01176
OG0000811	Prbl.g_02062	Prah.g_00133
OG0000812	Prbl.g_01199	Prah.g_01942
OG0000813	Prbl.g_01208	Prah.g_01932
OG0000814	Prbl.g_00687	Prah.g_00383
OG0000815	Prbl.g_01621	Prah.g_00521
OG0000816	Prbl.g_02197	Prah.g_02532
OG0000817	Prbl.g_02203	Prah.g_02525
OG0000818	Prbl.g_01931	Prah.g_01803
OG0000819	Prbl.g_00694	Prah.g_00378
OG0000820	Prbl.g_00545	Prah.g_01905
OG0000821	Prbl.g_02066	Prah.g_01340
OG0000822	Prbl.g_02067	Prah.g_01339
OG0000823	Prbl.g_02068	Prah.g_01338
OG0000824	Prbl.g_02069	Prah.g_01337
OG0000825	Prbl.g_02071	Prah.g_01336
OG0000826	Prbl.g_02072	Prah.g_01335
OG0000827	Prbl.g_02075	Prah.g_01331
OG0000828	Prbl.g_02077	Prah.g_01329
OG0000829	Prbl.g_02078	Prah.g_01328
OG0000830	Prbl.g_02081	Prah.g_01325
OG0000831	Prbl.g_02083	Prah.g_01323
OG0000832	Prbl.g_02085	Prah.g_01321
OG0000833	Prbl.g_02086	Prah.g_01320
OG0000834	Prbl.g_02088	Prah.g_01318
OG0000835	Prbl.g_02089	Prah.g_01317
OG0000836	Prbl.g_02090	Prah.g_01316
OG0000837	Prbl.g_02100	Prah.g_01307
OG0000838	Prbl.g_02102	Prah.g_01305
OG0000839	Prbl.g_02103	Prah.g_01304
OG0000840	Prbl.g_02104	Prah.g_01303
OG0000841	Prbl.g_02105	Prah.g_01302
OG0000842	Prbl.g_00178	Prah.g_01298
OG0000843	Prbl.g_00179	Prah.g_01297
OG0000844	Prbl.g_00180	Prah.g_01296
OG0000845	Prbl.g_00181	Prah.g_01295
OG0000846	Prbl.g_00184	Prah.g_01292
OG0000847	Prbl.g_00185	Prah.g_01291
OG0000848	Prbl.g_01379	Prah.g_01262
OG0000849	Prbl.g_01382	Prah.g_01259
OG0000850	Prbl.g_01383	Prah.g_01258
OG0000851	Prbl.g_01120	Prah.g_01255
OG0000852	Prbl.g_01118	Prah.g_01253
OG0000853	Prbl.g_01116	Prah.g_01251
OG0000854	Prbl.g_01114	Prah.g_01249
OG0000855	Prbl.g_01113	Prah.g_01248
OG0000856	Prbl.g_01112	Prah.g_01247
OG0000857	Prbl.g_01111	Prah.g_01246
OG0000858	Prbl.g_01110	Prah.g_01245
OG0000859	Prbl.g_01109	Prah.g_01244
OG0000860	Prbl.g_01108	Prah.g_01243
OG0000861	Prbl.g_01377	Prah.g_01263
OG0000862	Prbl.g_01376	Prah.g_01264
OG0000863	Prbl.g_01375	Prah.g_01265
OG0000864	Prbl.g_01374	Prah.g_01266
OG0000865	Prbl.g_01372	Prah.g_01268
OG0000866	Prbl.g_02579	Prah.g_01272
OG0000867	Prbl.g_02580	Prah.g_01273
OG0000868	Prbl.g_02582	Prah.g_01275
OG0000869	Prbl.g_02585	Prah.g_01278
OG0000870	Prbl.g_02586	Prah.g_01279
OG0000871	Prbl.g_02590	Prah.g_01282
OG0000872	Prbl.g_02591	Prah.g_01283
OG0000873	Prbl.g_02593	Prah.g_01285
OG0000874	Prbl.g_02594	Prah.g_01286
OG0000875	Prbl.g_00187	Prah.g_01289
OG0000876	Prbl.g_00186	Prah.g_01290
OG0000877	Prbl.g_01103	Prah.g_01239
OG0000878	Prbl.g_00461	Prah.g_01610
OG0000879	Prbl.g_00115	Prah.g_01349
OG0000880	Prbl.g_00114	Prah.g_01350
OG0000881	Prbl.g_00113	Prah.g_01351
OG0000882	Prbl.g_01711	Prah.g_01353
OG0000883	Prbl.g_01713	Prah.g_01355
OG0000884	Prbl.g_01715	Prah.g_01357
OG0000885	Prbl.g_01716	Prah.g_01358
OG0000886	Prbl.g_01717	Prah.g_01359
OG0000887	Prbl.g_01718	Prah.g_01360
OG0000888	Prbl.g_01719	Prah.g_01361
OG0000889	Prbl.g_01723	Prah.g_01365
OG0000890	Prbl.g_01726	Prah.g_01368
OG0000891	Prbl.g_01727	Prah.g_01369
OG0000892	Prbl.g_01730	Prah.g_01372
OG0000893	Prbl.g_01731	Prah.g_01373
OG0000894	Prbl.g_01732	Prah.g_01374
OG0000895	Prbl.g_01733	Prah.g_01375
OG0000896	Prbl.g_01734	Prah.g_01376
OG0000897	Prbl.g_01735	Prah.g_01377
OG0000898	Prbl.g_01738	Prah.g_01380
OG0000899	Prbl.g_01739	Prah.g_01381
OG0000900	Prbl.g_00722	Prah.g_00327
OG0000901	Prbl.g_01333	Prah.g_00323
OG0000902	Prbl.g_00658	Prah.g_00224
OG0000903	Prbl.g_01572	Prah.g_00571
OG0000904	Prbl.g_01695	Prah.g_01183
OG0000905	Prbl.g_00926	Prah.g_00918
OG0000906	Prbl.g_02577	Prah.g_00895
OG0000907	Prbl.g_01586	Prah.g_00560
OG0000908	Prbl.g_00409	Prah.g_01663
OG0000909	Prbl.g_00501	Prah.g_01577
OG0000910	Prbl.g_00500	Prah.g_01578
OG0000911	Prbl.g_00499	Prah.g_01579
OG0000912	Prbl.g_00498	Prah.g_01580
OG0000913	Prbl.g_00497	Prah.g_01581
OG0000914	Prbl.g_00496	Prah.g_01582
OG0000915	Prbl.g_00495	Prah.g_01583
OG0000916	Prbl.g_00494	Prah.g_01584
OG0000917	Prbl.g_00492	Prah.g_01586
OG0000918	Prbl.g_00491	Prah.g_01587
OG0000919	Prbl.g_00490	Prah.g_01588
OG0000920	Prbl.g_00489	Prah.g_01589
OG0000921	Prbl.g_00488	Prah.g_01590
OG0000922	Prbl.g_00487	Prah.g_01591
OG0000923	Prbl.g_00486	Prah.g_01592
OG0000924	Prbl.g_00485	Prah.g_01593
OG0000925	Prbl.g_00484	Prah.g_01594
OG0000926	Prbl.g_00843	Prah.g_02242
OG0000927	Prbl.g_00152	Prah.g_00435
OG0000928	Prbl.g_00153	Prah.g_00434
OG0000929	Prbl.g_00154	Prah.g_00433
OG0000930	Prbl.g_00160	Prah.g_00428
OG0000931	Prbl.g_00161	Prah.g_00427
OG0000932	Prbl.g_00257	Prah.g_00423
OG0000933	Prbl.g_00255	Prah.g_00421
OG0000934	Prbl.g_00254	Prah.g_00420
OG0000935	Prbl.g_00253	Prah.g_00419
OG0000936	Prbl.g_00252	Prah.g_00418
OG0000937	Prbl.g_00251	Prah.g_00417
OG0000938	Prbl.g_00249	Prah.g_00415
OG0000939	Prbl.g_00248	Prah.g_00414
OG0000940	Prbl.g_00246	Prah.g_00412
OG0000941	Prbl.g_00244	Prah.g_00410
OG0000942	Prbl.g_00243	Prah.g_00409
OG0000943	Prbl.g_00240	Prah.g_00406
OG0000944	Prbl.g_00231	Prah.g_00403
OG0000945	Prbl.g_00230	Prah.g_00402
OG0000946	Prbl.g_00229	Prah.g_00401
OG0000947	Prbl.g_00228	Prah.g_00400
OG0000948	Prbl.g_00227	Prah.g_00399
OG0000949	Prbl.g_00226	Prah.g_00398
OG0000950	Prbl.g_00225	Prah.g_00397
OG0000951	Prbl.g_00224	Prah.g_00396
OG0000952	Prbl.g_00223	Prah.g_00395
OG0000953	Prbl.g_00222	Prah.g_00394
OG0000954	Prbl.g_00221	Prah.g_00391
OG0000955	Prbl.g_00220	Prah.g_00390
OG0000956	Prbl.g_00219	Prah.g_00389
OG0000957	Prbl.g_00218	Prah.g_00388
OG0000958	Prbl.g_00684	Prah.g_00386
OG0000959	Prbl.g_00685	Prah.g_00385
OG0000960	Prbl.g_00686	Prah.g_00384
OG0000961	Prbl.g_00693	Prah.g_00379
OG0000962	Prbl.g_00695	Prah.g_00376
OG0000963	Prbl.g_00696	Prah.g_00374
OG0000964	Prbl.g_00699	Prah.g_00371
OG0000965	Prbl.g_00700	Prah.g_00370
OG0000966	Prbl.g_00701	Prah.g_00369
OG0000967	Prbl.g_00702	Prah.g_00368
OG0000968	Prbl.g_00703	Prah.g_00367
OG0000969	Prbl.g_00704	Prah.g_00366
OG0000970	Prbl.g_00705	Prah.g_00365
OG0000971	Prbl.g_00706	Prah.g_00364
OG0000972	Prbl.g_00707	Prah.g_00363
OG0000973	Prbl.g_00708	Prah.g_00362
OG0000974	Prbl.g_00710	Prah.g_00360
OG0000975	Prbl.g_01086	Prah.g_01217
OG0000976	Prbl.g_00466	Prah.g_01605
OG0000977	Prbl.g_00456	Prah.g_01615
OG0000978	Prbl.g_00454	Prah.g_01617
OG0000979	Prbl.g_00452	Prah.g_01619
OG0000980	Prbl.g_00451	Prah.g_01620
OG0000981	Prbl.g_01604	Prah.g_00538
OG0000982	Prbl.g_00450	Prah.g_01621
OG0000983	Prbl.g_00448	Prah.g_01623
OG0000984	Prbl.g_00447	Prah.g_01624
OG0000985	Prbl.g_00446	Prah.g_01625
OG0000986	Prbl.g_00444	Prah.g_01627
OG0000987	Prbl.g_00443	Prah.g_01628
OG0000988	Prbl.g_00441	Prah.g_01631
OG0000989	Prbl.g_00440	Prah.g_01632
OG0000990	Prbl.g_00439	Prah.g_01633
OG0000991	Prbl.g_00438	Prah.g_01634
OG0000992	Prbl.g_00437	Prah.g_01635
OG0000993	Prbl.g_00436	Prah.g_01636
OG0000994	Prbl.g_00435	Prah.g_01637
OG0000995	Prbl.g_00433	Prah.g_01639
OG0000996	Prbl.g_00432	Prah.g_01640
OG0000997	Prbl.g_00431	Prah.g_01641
OG0000998	Prbl.g_00430	Prah.g_01642
OG0000999	Prbl.g_00429	Prah.g_01643
OG0001000	Prbl.g_00428	Prah.g_01644
OG0001001	Prbl.g_00427	Prah.g_01645
OG0001002	Prbl.g_00423	Prah.g_01648
OG0001003	Prbl.g_00422	Prah.g_01649
OG0001004	Prbl.g_01914	Prah.g_01791
OG0001005	Prbl.g_00420	Prah.g_01651
OG0001006	Prbl.g_00419	Prah.g_01652
OG0001007	Prbl.g_00418	Prah.g_01653
OG0001008	Prbl.g_00416	Prah.g_01655
OG0001009	Prbl.g_00415	Prah.g_01656
OG0001010	Prbl.g_01601	Prah.g_00541
OG0001011	Prbl.g_01627	Prah.g_00515
OG0001012	Prbl.g_02318	Prah.g_00651
OG0001013	Prbl.g_00404	Prah.g_01667
OG0001014	Prbl.g_00403	Prah.g_01668
OG0001015	Prbl.g_00393	Prah.g_01677
OG0001016	Prbl.g_00392	Prah.g_01678
OG0001017	Prbl.g_00391	Prah.g_01679
OG0001018	Prbl.g_00389	Prah.g_01681
OG0001019	Prbl.g_00385	Prah.g_01685
OG0001020	Prbl.g_00383	Prah.g_01687
OG0001021	Prbl.g_00382	Prah.g_01688
OG0001022	Prbl.g_00381	Prah.g_01689
OG0001023	Prbl.g_00380	Prah.g_01690
OG0001024	Prbl.g_00378	Prah.g_01692
OG0001025	Prbl.g_00377	Prah.g_01693
OG0001026	Prbl.g_00376	Prah.g_01694
OG0001027	Prbl.g_00375	Prah.g_01695
OG0001028	Prbl.g_00374	Prah.g_01696
OG0001029	Prbl.g_00373	Prah.g_01697
OG0001030	Prbl.g_00372	Prah.g_01698
OG0001031	Prbl.g_00371	Prah.g_01699
OG0001032	Prbl.g_00370	Prah.g_01700
OG0001033	Prbl.g_00369	Prah.g_01701
OG0001034	Prbl.g_00367	Prah.g_01703
OG0001035	Prbl.g_00365	Prah.g_01705
OG0001036	Prbl.g_00364	Prah.g_01707
OG0001037	Prbl.g_00362	Prah.g_01709
OG0001038	Prbl.g_00361	Prah.g_01710
OG0001039	Prbl.g_00360	Prah.g_01711
OG0001040	Prbl.g_00359	Prah.g_01713
OG0001041	Prbl.g_00358	Prah.g_01714
OG0001042	Prbl.g_00356	Prah.g_01716
OG0001043	Prbl.g_00355	Prah.g_01717
OG0001044	Prbl.g_00354	Prah.g_01718
OG0001045	Prbl.g_00353	Prah.g_01719
OG0001046	Prbl.g_00352	Prah.g_01720
OG0001047	Prbl.g_00348	Prah.g_01727
OG0001048	Prbl.g_00346	Prah.g_01729
OG0001049	Prbl.g_00345	Prah.g_01730
OG0001050	Prbl.g_00344	Prah.g_01731
OG0001051	Prbl.g_00343	Prah.g_01732
OG0001052	Prbl.g_00342	Prah.g_01733
OG0001053	Prbl.g_00340	Prah.g_01736
OG0001054	Prbl.g_00338	Prah.g_01738
OG0001055	Prbl.g_00337	Prah.g_01739
OG0001056	Prbl.g_00336	Prah.g_01740
OG0001057	Prbl.g_00335	Prah.g_01741
OG0001058	Prbl.g_00334	Prah.g_01742
OG0001059	Prbl.g_00333	Prah.g_01743
OG0001060	Prbl.g_00332	Prah.g_01744
OG0001061	Prbl.g_00331	Prah.g_01745
OG0001062	Prbl.g_00317	Prah.g_01759
OG0001063	Prbl.g_00316	Prah.g_01760
OG0001064	Prbl.g_02620	Prah.g_01762
OG0001065	Prbl.g_02680	Prah.g_02073
OG0001066	Prbl.g_02683	Prah.g_02071
OG0001067	Prbl.g_02684	Prah.g_02070
OG0001068	Prbl.g_01062	Prah.g_02067
OG0001069	Prbl.g_01061	Prah.g_02066
OG0001070	Prbl.g_01060	Prah.g_02065
OG0001071	Prbl.g_01059	Prah.g_02064
OG0001072	Prbl.g_01058	Prah.g_02063
OG0001073	Prbl.g_01057	Prah.g_02062
OG0001074	Prbl.g_01056	Prah.g_02061
OG0001075	Prbl.g_01055	Prah.g_02060
OG0001076	Prbl.g_01054	Prah.g_02059
OG0001077	Prbl.g_01053	Prah.g_02058
OG0001078	Prbl.g_01051	Prah.g_02056
OG0001079	Prbl.g_01050	Prah.g_02055
OG0001080	Prbl.g_01049	Prah.g_02054
OG0001081	Prbl.g_00954	Prah.g_02041
OG0001082	Prbl.g_00953	Prah.g_02042
OG0001083	Prbl.g_00949	Prah.g_02046
OG0001084	Prbl.g_00951	Prah.g_02044
OG0001085	Prbl.g_00952	Prah.g_02043
OG0001086	Prbl.g_00948	Prah.g_02047
OG0001087	Prbl.g_00947	Prah.g_02048
OG0001088	Prbl.g_01045	Prah.g_02050
OG0001089	Prbl.g_00956	Prah.g_02039
OG0001090	Prbl.g_00958	Prah.g_02037
OG0001091	Prbl.g_00959	Prah.g_02036
OG0001092	Prbl.g_00960	Prah.g_02035
OG0001093	Prbl.g_00961	Prah.g_02034
OG0001094	Prbl.g_00962	Prah.g_02033
OG0001095	Prbl.g_00963	Prah.g_02032
OG0001096	Prbl.g_00964	Prah.g_02031
OG0001097	Prbl.g_00965	Prah.g_02030
OG0001098	Prbl.g_00966	Prah.g_02029
OG0001099	Prbl.g_00967	Prah.g_02028
OG0001100	Prbl.g_00968	Prah.g_02027
OG0001101	Prbl.g_00969	Prah.g_02026
OG0001102	Prbl.g_00970	Prah.g_02025
OG0001103	Prbl.g_00971	Prah.g_02024
OG0001104	Prbl.g_00972	Prah.g_02023
OG0001105	Prbl.g_00973	Prah.g_02022
OG0001106	Prbl.g_00974	Prah.g_02021
OG0001107	Prbl.g_00975	Prah.g_02020
OG0001108	Prbl.g_00976	Prah.g_02019
OG0001109	Prbl.g_00977	Prah.g_02018
OG0001110	Prbl.g_00978	Prah.g_02017
OG0001111	Prbl.g_00979	Prah.g_02016
OG0001112	Prbl.g_00980	Prah.g_02015
OG0001113	Prbl.g_00981	Prah.g_02014
OG0001114	Prbl.g_00982	Prah.g_02013
OG0001115	Prbl.g_00983	Prah.g_02012
OG0001116	Prbl.g_00984	Prah.g_02011
OG0001117	Prbl.g_00985	Prah.g_02010
OG0001118	Prbl.g_00986	Prah.g_02009
OG0001119	Prbl.g_00987	Prah.g_02008
OG0001120	Prbl.g_00988	Prah.g_02007
OG0001121	Prbl.g_00991	Prah.g_02004
OG0001122	Prbl.g_00992	Prah.g_02003
OG0001123	Prbl.g_00993	Prah.g_02002
OG0001124	Prbl.g_00995	Prah.g_02000
OG0001125	Prbl.g_00997	Prah.g_01998
OG0001126	Prbl.g_00998	Prah.g_01997
OG0001127	Prbl.g_01127	Prah.g_01994
OG0001128	Prbl.g_01128	Prah.g_01993
OG0001129	Prbl.g_01131	Prah.g_01991
OG0001130	Prbl.g_01134	Prah.g_01988
OG0001131	Prbl.g_01135	Prah.g_01987
OG0001132	Prbl.g_01136	Prah.g_01986
OG0001133	Prbl.g_01137	Prah.g_01985
OG0001134	Prbl.g_01138	Prah.g_01984
OG0001135	Prbl.g_01139	Prah.g_01983
OG0001136	Prbl.g_01140	Prah.g_01982
OG0001137	Prbl.g_01141	Prah.g_01981
OG0001138	Prbl.g_01142	Prah.g_01980
OG0001139	Prbl.g_01144	Prah.g_01978
OG0001140	Prbl.g_01146	Prah.g_01977
OG0001141	Prbl.g_01147	Prah.g_01976
OG0001142	Prbl.g_01174	Prah.g_01966
OG0001143	Prbl.g_01175	Prah.g_01965
OG0001144	Prbl.g_01177	Prah.g_01963
OG0001145	Prbl.g_01178	Prah.g_01962
OG0001146	Prbl.g_01179	Prah.g_01961
OG0001147	Prbl.g_01180	Prah.g_01960
OG0001148	Prbl.g_01181	Prah.g_01958
OG0001149	Prbl.g_00863	Prah.g_02224
OG0001150	Prbl.g_00859	Prah.g_02227
OG0001151	Prbl.g_00856	Prah.g_02231
OG0001152	Prbl.g_00855	Prah.g_02232
OG0001153	Prbl.g_00853	Prah.g_02234
OG0001154	Prbl.g_00851	Prah.g_02236
OG0001155	Prbl.g_00848	Prah.g_02239
OG0001156	Prbl.g_00844	Prah.g_02241
OG0001157	Prbl.g_00842	Prah.g_02243
OG0001158	Prbl.g_00840	Prah.g_02245
OG0001159	Prbl.g_00839	Prah.g_02246
OG0001160	Prbl.g_00838	Prah.g_02247
OG0001161	Prbl.g_01307	Prah.g_00168
OG0001162	Prbl.g_01306	Prah.g_00167
OG0001163	Prbl.g_01305	Prah.g_00166
OG0001164	Prbl.g_01304	Prah.g_00165
OG0001165	Prbl.g_01303	Prah.g_00164
OG0001166	Prbl.g_01302	Prah.g_00163
OG0001167	Prbl.g_01291	Prah.g_00156
OG0001168	Prbl.g_01290	Prah.g_00155
OG0001169	Prbl.g_01289	Prah.g_00154
OG0001170	Prbl.g_01287	Prah.g_00152
OG0001171	Prbl.g_01286	Prah.g_00151
OG0001172	Prbl.g_01284	Prah.g_00149
OG0001173	Prbl.g_02638	Prah.g_00146
OG0001174	Prbl.g_02637	Prah.g_00145
OG0001175	Prbl.g_02636	Prah.g_00144
OG0001176	Prbl.g_01235	Prah.g_00136
OG0001177	Prbl.g_02063	Prah.g_00134
OG0001178	Prbl.g_02059	Prah.g_00130
OG0001179	Prbl.g_02058	Prah.g_00129
OG0001180	Prbl.g_02057	Prah.g_00128
OG0001181	Prbl.g_02056	Prah.g_00127
OG0001182	Prbl.g_02055	Prah.g_00126
OG0001183	Prbl.g_02054	Prah.g_00125
OG0001184	Prbl.g_02026	Prah.g_00088
OG0001185	Prbl.g_02023	Prah.g_00086
OG0001186	Prbl.g_02022	Prah.g_00085
OG0001187	Prbl.g_02021	Prah.g_00084
OG0001188	Prbl.g_02018	Prah.g_00080
OG0001189	Prbl.g_02017	Prah.g_00079
OG0001190	Prbl.g_02016	Prah.g_00078
OG0001191	Prbl.g_02014	Prah.g_00076
OG0001192	Prbl.g_02012	Prah.g_00074
OG0001193	Prbl.g_02011	Prah.g_00073
OG0001194	Prbl.g_02009	Prah.g_00071
OG0001195	Prbl.g_02008	Prah.g_00070
OG0001196	Prbl.g_02007	Prah.g_00068
OG0001197	Prbl.g_02006	Prah.g_00067
OG0001198	Prbl.g_02005	Prah.g_00066
OG0001199	Prbl.g_02004	Prah.g_00065
OG0001200	Prbl.g_02002	Prah.g_00063
OG0001201	Prbl.g_02001	Prah.g_00062
OG0001202	Prbl.g_02000	Prah.g_00061
OG0001203	Prbl.g_01998	Prah.g_00059
OG0001204	Prbl.g_01994	Prah.g_00055
OG0001205	Prbl.g_01992	Prah.g_00053
OG0001206	Prbl.g_01991	Prah.g_00052
OG0001207	Prbl.g_02239	Prah.g_02490
OG0001208	Prbl.g_02238	Prah.g_02491
OG0001209	Prbl.g_02237	Prah.g_02492
OG0001210	Prbl.g_02236	Prah.g_02493
OG0001211	Prbl.g_02234	Prah.g_02495
OG0001212	Prbl.g_02233	Prah.g_02496
OG0001213	Prbl.g_02232	Prah.g_02497
OG0001214	Prbl.g_02230	Prah.g_02499
OG0001215	Prbl.g_02228	Prah.g_02501
OG0001216	Prbl.g_02226	Prah.g_02503
OG0001217	Prbl.g_02225	Prah.g_02504
OG0001218	Prbl.g_02224	Prah.g_02505
OG0001219	Prbl.g_02219	Prah.g_02508
OG0001220	Prbl.g_02214	Prah.g_02513
OG0001221	Prbl.g_02192	Prah.g_02536
OG0001222	Prbl.g_02189	Prah.g_02540
OG0001223	Prbl.g_02188	Prah.g_02541
OG0001224	Prbl.g_02186	Prah.g_02543
OG0001225	Prbl.g_02185	Prah.g_02544
OG0001226	Prbl.g_02182	Prah.g_02547
OG0001227	Prbl.g_02181	Prah.g_02548
OG0001228	Prbl.g_02175	Prah.g_02550
OG0001229	Prbl.g_02174	Prah.g_02551
OG0001230	Prbl.g_02173	Prah.g_02552
OG0001231	Prbl.g_02160	Prah.g_02565
OG0001232	Prbl.g_02151	Prah.g_02574
OG0001233	Prbl.g_02150	Prah.g_02575
OG0001234	Prbl.g_02149	Prah.g_02576
OG0001235	Prbl.g_02148	Prah.g_02577
OG0001236	Prbl.g_02146	Prah.g_02579
OG0001237	Prbl.g_02145	Prah.g_02580
OG0001238	Prbl.g_02141	Prah.g_02584
OG0001239	Prbl.g_02139	Prah.g_02586
OG0001240	Prbl.g_02138	Prah.g_02587
OG0001241	Prbl.g_02134	Prah.g_02591
OG0001242	Prbl.g_02132	Prah.g_02593
OG0001243	Prbl.g_02131	Prah.g_02594
OG0001244	Prbl.g_02129	Prah.g_02596
OG0001245	Prbl.g_02127	Prah.g_02598
OG0001246	Prbl.g_02125	Prah.g_02600
OG0001247	Prbl.g_02124	Prah.g_02601
OG0001248	Prbl.g_02123	Prah.g_02602
OG0001249	Prbl.g_02122	Prah.g_02603
OG0001250	Prbl.g_02121	Prah.g_02604
OG0001251	Prbl.g_00569	Prah.g_01880
OG0001253	Prbl.g_00298	Prah.g_02287
OG0001254	Prbl.g_01452	Prah.g_02135
OG0001255	Prbl.g_01200	Prah.g_01941
OG0001256	Prbl.g_01822	Prah.g_01084
OG0001257	Prbl.g_00513	Prah.g_01564
OG0001258	Prbl.g_00532	Prah.g_01545
OG0001259	Prbl.g_01776	Prah.g_01418
OG0001261	Prbl.g_01539	Prah.g_00604
OG0001262	Prbl.g_01562	Prah.g_00581
OG0001264	Prbl.g_02408	Prah.g_00734
OG0001265	Prbl.g_02536	Prah.g_00856
OG0001266	Prbl.g_01704	Prah.g_01192
OG0001267	Prbl.g_00036	Prah.g_01037
OG0001268	Prbl.g_02082	Prah.g_01324
OG0001269	Prbl.g_00723	Prah.g_00326
OG0001270	Prbl.g_01808	Prah.g_01203
OG0001271	Prbl.g_00449	Prah.g_01622
OG0001273	Prbl.g_00787	Prah.g_01521
OG0001274	Prbl.g_00048	Prah.g_01050
OG0001275	Prbl.g_01370	Prah.g_00282
OG0001276	Prbl.g_02379	Prah.g_00710
OG0001278	Prbl.g_00406	Prah.g_01665
OG0001279	Prbl.g_00401	Prah.g_01670
OG0001280	Prbl.g_00398	Prah.g_01673
OG0001283	Prbl.g_00845	Prah.g_02240
OG0001284	Prbl.g_02060	Prah.g_00131
OG0001285	Prbl.g_01996	Prah.g_00057
OG0001286	Prbl.g_02136	Prah.g_02589
OG0001287	Prbl.g_01026, Prbl.g_01386	Prah.g_01100
OG0001288	Prbl.g_00651	Prah.g_00231
OG0001290	Prbl.g_01976	Prah.g_00037
OG0001291	Prbl.g_00605	Prah.g_01841
OG0001292	Prbl.g_00602	Prah.g_01844
OG0001293	Prbl.g_00600	Prah.g_01846
OG0001294	Prbl.g_00568	Prah.g_01881
OG0001295	Prbl.g_01322	Prah.g_00185
OG0001296	Prbl.g_00828	Prah.g_02251
OG0001297	Prbl.g_00095	Prah.g_02359
OG0001298	Prbl.g_02667	Prah.g_02077
OG0001299	Prbl.g_01505	Prah.g_01868
OG0001301	Prbl.g_01641	Prah.g_00499
OG0001303	Prbl.g_00716	Prah.g_00356
OG0001304	Prbl.g_00936	Prah.g_00906
OG0001305	Prbl.g_00931	Prah.g_00911
OG0001306	Prbl.g_02152	Prah.g_02573
OG0001307	Prbl.g_02390	Prah.g_00722
OG0001309	Prbl.g_01993	Prah.g_00054
OG0001310	Prbl.g_01694	Prah.g_01182
OG0001311	Prbl.g_01115	Prah.g_01250
OG0001312	Prbl.g_00724	Prah.g_00325
OG0001313	Prbl.g_01957	Prah.g_00018
OG0001314	Prbl.g_00366	Prah.g_01704
OG0001315	Prbl.g_00315	Prah.g_01761
OG0001316	Prbl.g_00852	Prah.g_02235
OG0001317	Prbl.g_01063	Prah.g_02446, Prah.g_00930, Prah.g_02431, Prah.g_01119, Prah.g_00926, Prah.g_00927, Prah.g_00935, Prah.g_00269, Prah.g_01063, Prah.g_00270, Prah.g_01064, Prah.g_02432, Prah.g_00271, Prah.g_00281, Prah.g_02435, Prah.g_02433, Prah.g_02449, Prah.g_01075, Prah.g_02451, Prah.g_00275, Prah.g_00273, Prah.g_00272, Prah.g_02434, Prah.g_02436, Prah.g_02447
OG0001320	Prbl.g_00748	Prah.g_01481
OG0001326	Prbl.g_02617	Prah.g_00998
OG0001327	Prbl.g_01712	Prah.g_01354
OG0001328	Prbl.g_01728	Prah.g_01370
OG0001329	Prbl.g_02143	Prah.g_02582
OG0001331	Prbl.g_00400	Prah.g_01671
OG0001332	Prbl.g_00339	Prah.g_01737
OG0001333	Prbl.g_01132	Prah.g_01990
OG0001335	Prbl.g_01999	Prah.g_00060
OG0001336	Prbl.g_00826	Prah.g_02253
OG0001337	Prbl.g_01324	Prah.g_00187
OG0001339	Prbl.g_00099	Prah.g_02363
OG0001340	Prbl.g_01512	Prah.g_02083
OG0001341	Prbl.g_01489	Prah.g_02108
OG0001342	Prbl.g_01453	Prah.g_02134
OG0001343	Prbl.g_01207	Prah.g_01934
OG0001344	Prbl.g_01393	Prah.g_00443
OG0001345	Prbl.g_00654	Prah.g_00228
OG0001346	Prbl.g_01343	Prah.g_00309
OG0001347	Prbl.g_00517	Prah.g_01560
OG0001348	Prbl.g_00803	Prah.g_01537
OG0001350	Prbl.g_00793	Prah.g_01527
OG0001351	Prbl.g_01791	Prah.g_01435
OG0001353	Prbl.g_01263	Prah.g_02393
OG0001355	Prbl.g_01546	Prah.g_00597
OG0001357	Prbl.g_02518	Prah.g_00837
OG0001358	Prbl.g_02535	Prah.g_00855
OG0001361	Prbl.g_02592	Prah.g_01284
OG0001362	Prbl.g_00156	Prah.g_00431
OG0001366	Prbl.g_00349	Prah.g_01726
OG0001367	Prbl.g_01164	Prah.g_01971
OG0001367	Prbl.g_01151	Prah.g_00340
OG0001368	Prbl.g_02061	Prah.g_00132
OG0001369	Prbl.g_02537	Prah.g_00857
OG0001375	Prbl.g_00816	Prah.g_02263
OG0001378	Prbl.g_01463	Prah.g_02124
OG0001380	Prbl.g_02064	Prah.g_01342
OG0001381	Prbl.g_00624	Prah.g_00256
OG0001384	Prbl.g_00784	Prah.g_01518
OG0001396	Prbl.g_02437	Prah.g_00756
OG0001410	Prbl.g_01243	Prah.g_02412
OG0001412	Prbl.g_02448	Prah.g_00766
OG0001413	Prbl.g_01937, Prbl.g_01006, Prbl.g_02631, Prbl.g_02612	Prah.g_00994, Prah.g_00343
OG0001415	Prbl.g_01182	Prah.g_01957
OG0001416	Prbl.g_00782	Prah.g_01516
OG0001425	Prbl.g_02571	Prah.g_00891
OG0001426	Prbl.g_02142	Prah.g_02583
OG0001429	Prbl.g_02494	Prah.g_00813
OG0001436	Prbl.g_02208	Prah.g_01163, Prah.g_02519
OG0001437	Prbl.g_01354	Prah.g_00300
OG0001437	Prbl.g_01355	Prah.g_00299
OG0001438	Prbl.g_01615	Prah.g_00527
OG0001439	Prbl.g_01537	Prah.g_00606
OG0001442	Prbl.g_01079	Prah.g_01213
OG0001448	Prbl.g_01692	Prah.g_01180
OG0001451	Prbl.g_02629, Prbl.g_00738	Prah.g_01078
OG0001452	Prbl.g_02222	Prah.g_02507
OG0001453	Prbl.g_00003	Prah.g_01003
OG0001455	Prbl.g_01077, Prbl.g_01071	Prah.g_01208
OG0001456	Prbl.g_01777	Prah.g_01419
OG0001466	Prbl.g_02573	Prah.g_00892
OG0001467	Prbl.g_00245	Prah.g_00411
OG0001470	Prbl.g_00900	Prah.g_02184
OG0001471	Prbl.g_02291	Prah.g_00621
OG0001472	Prbl.g_01846	Prah.g_00964
OG0001474	Prbl.g_02172	Prah.g_02553
OG0001475	Prbl.g_02215	Prah.g_02512
OG0001476	Prbl.g_02216	Prah.g_02511
OG0001477	Prbl.g_02217	Prah.g_02510
OG0001478	Prbl.g_00031	Prah.g_01034
OG0001479	Prbl.g_01104	Prah.g_01240
OG0001480	Prbl.g_00661	Prah.g_00223
OG0001481	Prbl.g_00182	Prah.g_01294
OG0001483	Prbl.g_01714	Prah.g_01356
OG0001486	Prbl.g_02362	Prah.g_00696
OG0001487	Prbl.g_01620	Prah.g_00522
OG0001489	Prbl.g_01163	Prah.g_01972
OG0001493	Prbl.g_02171	Prah.g_02554
OG0001494	Prbl.g_02170	Prah.g_02555
OG0001495	Prbl.g_02169	Prah.g_02556
OG0001496	Prbl.g_02168	Prah.g_02557
OG0001497	Prbl.g_02167	Prah.g_02558
OG0001498	Prbl.g_02166	Prah.g_02559
OG0001499	Prbl.g_02165	Prah.g_02560
OG0001500	Prbl.g_02164	Prah.g_02561
OG0001501	Prbl.g_02163	Prah.g_02562
OG0001502	Prbl.g_02162	Prah.g_02563
OG0001503	Prbl.g_02161	Prah.g_02564
OG0001504	Prbl.g_02366	Prah.g_00700
OG0001508	Prbl.g_01807	Prah.g_01202
OG0001513	Prbl.g_00554	Prah.g_01895
OG0001513	Prbl.g_00155	Prah.g_00432
OG0001525	Prbl.g_01725	Prah.g_01367
OG0001531	Prbl.g_02597, Prbl.g_01709	Prah.g_01198
OG0001532	Prbl.g_01983	Prah.g_00044
OG0001542	Prbl.g_01949	Prah.g_01817
OG0001544	Prbl.g_00681	Prah.g_00213
OG0001545	Prbl.g_02411	Prah.g_00737
OG0001546	Prbl.g_01541	Prah.g_00602
OG0001547	Prbl.g_01684	Prah.g_01174
OG0001548	Prbl.g_01337	Prah.g_00317
OG0001574	Prbl.g_01025	Prah.g_01101
OG0001587	Prbl.g_00620	Prah.g_00260
OG0001588	Prbl.g_00408	Prah.g_01664
OG0001590	Prbl.g_01438	Prah.g_02149
OG0001592	Prbl.g_01940	Prah.g_01806
OG0001593	Prbl.g_02288	Prah.g_00617
OG0001596	Prbl.g_00458	Prah.g_01613
OG0001605	Prbl.g_00950	Prah.g_02045
OG0001608	Prbl.g_01167, Prbl.g_01168	Prah.g_01969
OG0001621	Prbl.g_01162	Prah.g_00339, Prah.g_01973
OG0001622	Prbl.g_00012	Prah.g_01826, Prah.g_01015
OG0001623	Prbl.g_01205	Prah.g_01936
OG0001632	Prbl.g_00395	Prah.g_01675
OG0001633	Prbl.g_01531	Prah.g_01108, Prah.g_01112, Prah.g_01117
OG0001634	Prbl.g_00013	Prah.g_01016
OG0001635	Prbl.g_00016	Prah.g_01019
OG0001636	Prbl.g_00017	Prah.g_01020
OG0001683	Prbl.g_01002	Prah.g_00098
OG0001683	Prbl.g_02051	Prah.g_00082
OG0001694	Prbl.g_00865	Prah.g_02223
OG0001695	Prbl.g_02030	Prah.g_00121
OG0001696	Prbl.g_01335	Prah.g_00319
OG0001697	Prbl.g_00047	Prah.g_01049
OG0001709	Prbl.g_00508	Prah.g_01569
OG0001709	Prbl.g_00063	Prah.g_01156
OG0001713	Prbl.g_02027	Prah.g_00118
OG0001714	Prbl.g_00715	Prah.g_00357
OG0001715	Prbl.g_02635	Prah.g_00143
OG0001716	Prbl.g_01117	Prah.g_01252
OG0001717	Prbl.g_01089	Prah.g_01219
OG0001718	Prbl.g_01082	Prah.g_01216
OG0001719	Prbl.g_01202	Prah.g_01939
OG0001730	Prbl.g_02028	Prah.g_00119
OG0001737	Prbl.g_01989	Prah.g_00050
OG0001738	Prbl.g_00544	Prah.g_01906
OG0001739	Prbl.g_00546	Prah.g_01903
OG0001740	Prbl.g_00547	Prah.g_01902
OG0001741	Prbl.g_00560	Prah.g_01889
OG0001742	Prbl.g_00195	Prah.g_01775
OG0001743	Prbl.g_00194	Prah.g_01774
OG0001744	Prbl.g_00341	Prah.g_01735
OG0001745	Prbl.g_01901	Prah.g_01450
OG0001746	Prbl.g_01737	Prah.g_01379
OG0001747	Prbl.g_02106	Prah.g_01301
OG0001748	Prbl.g_01865	Prah.g_00978
OG0001749	Prbl.g_01834	Prah.g_00952
OG0001750	Prbl.g_02545	Prah.g_00865
OG0001751	Prbl.g_02539	Prah.g_00859
OG0001752	Prbl.g_02533	Prah.g_00853
OG0001753	Prbl.g_02474	Prah.g_00792
OG0001754	Prbl.g_02422	Prah.g_00742
OG0001755	Prbl.g_02374	Prah.g_00707
OG0001756	Prbl.g_02330	Prah.g_00662
OG0001757	Prbl.g_01560	Prah.g_00583
OG0001758	Prbl.g_01563	Prah.g_00580
OG0001759	Prbl.g_01578	Prah.g_00565
OG0001760	Prbl.g_01587	Prah.g_00559
OG0001761	Prbl.g_01591	Prah.g_00552
OG0001762	Prbl.g_01402	Prah.g_00453
OG0001763	Prbl.g_01334	Prah.g_00320
OG0001764	Prbl.g_02675	Prah.g_00206
OG0001765	Prbl.g_01189	Prah.g_01950
OG0001766	Prbl.g_01188	Prah.g_01951
OG0001767	Prbl.g_01186	Prah.g_01953
OG0001768	Prbl.g_01185	Prah.g_01954
OG0001769	Prbl.g_01184	Prah.g_01955
OG0001770	Prbl.g_01143	Prah.g_01979
OG0001771	Prbl.g_00999	Prah.g_01996
OG0001772	Prbl.g_00824	Prah.g_02255
OG0001773	Prbl.g_00811	Prah.g_02267
OG0001774	Prbl.g_00267	Prah.g_02318
OG0001775	Prbl.g_00073	Prah.g_02335
OG0001776	Prbl.g_01241	Prah.g_02414
OG0001777	Prbl.g_02223	Prah.g_02506
OG0001778	Prbl.g_02213	Prah.g_02514
OG0001779	Prbl.g_02212	Prah.g_02515
OG0001780	Prbl.g_02211	Prah.g_02516
OG0001781	Prbl.g_02187	Prah.g_02542
OG0001782	Prbl.g_02153	Prah.g_02572
OG0001792	Prbl.g_02052, Prbl.g_02020	Prah.g_00083
OG0001793	Prbl.g_02050	Prah.g_00081
OG0001795	Prbl.g_01898	Prah.g_01453
OG0001800	Prbl.g_01706	Prah.g_01194
OG0001803	Prbl.g_02525	Prah.g_00845
OG0001822	Prbl.g_01456	Prah.g_02131
OG0001830	Prbl.g_02024	Prah.g_00120
OG0001831	Prbl.g_02080	Prah.g_01326
OG0001833	Prbl.g_02602	Prah.g_01127, Prah.g_01002
OG0001851	Prbl.g_01960	Prah.g_00021
OG0001852	Prbl.g_02595	Prah.g_01287
OG0001854	Prbl.g_01502	Prah.g_00936, Prah.g_01869
OG0001854	Prbl.g_01504	Prah.g_02448, Prah.g_01056, Prah.g_01005
OG0001875	Prbl.g_02283	Prah.g_00612
OG0001876	Prbl.g_02425	Prah.g_00745
OG0001882	Prbl.g_01814	Prah.g_01421, Prah.g_01206
OG0001883	Prbl.g_01982	Prah.g_00043
OG0001884	Prbl.g_01293	Prah.g_00158
OG0001885	Prbl.g_00455	Prah.g_01616
OG0001886	Prbl.g_01896	Prah.g_01456
OG0001887	Prbl.g_01380	Prah.g_01261
OG0001888	Prbl.g_01674	Prah.g_01164
OG0001891	Prbl.g_00728	Prah.g_00989
OG0001892	Prbl.g_00407	Prah.g_00943
OG0001893	Prbl.g_00940	Prah.g_00902
OG0001894	Prbl.g_02464	Prah.g_00782
OG0001895	Prbl.g_02285	Prah.g_00615
OG0001896	Prbl.g_01593	Prah.g_00548
OG0001897	Prbl.g_01215	Prah.g_01924
OG0001898	Prbl.g_01500	Prah.g_02097
OG0001899	Prbl.g_02250	Prah.g_02479
OG0001900	Prbl.g_02249	Prah.g_02480
OG0001901	Prbl.g_02240	Prah.g_02489
OG0001902	Prbl.g_02144	Prah.g_02581
OG0001915	Prbl.g_01396	Prah.g_00447
OG0001916	Prbl.g_01958	Prah.g_00019
OG0001917	Prbl.g_01959	Prah.g_00020
OG0001918	Prbl.g_01248	Prah.g_02407
OG0001919	Prbl.g_01908	Prah.g_01794, Prah.g_01795
OG0001920	Prbl.g_00379	Prah.g_01691
OG0001921	Prbl.g_01644	Prah.g_00496
OG0001923	Prbl.g_00682	Prah.g_00212
OG0001925	Prbl.g_00476	Prah.g_01599
OG0001955	Prbl.g_00020	Prah.g_01021
OG0001967	Prbl.g_01939	Prah.g_01804
OG0001968	Prbl.g_00457	Prah.g_01614
OG0001970	Prbl.g_01861	Prah.g_00976
OG0001971	Prbl.g_01860	Prah.g_00975
OG0001972	Prbl.g_02507	Prah.g_00827
OG0001973	Prbl.g_00292	Prah.g_02293
OG0001994	Prbl.g_00309	Prah.g_02276
OG0001995	Prbl.g_01974	Prah.g_00035
OG0001996	Prbl.g_02034	Prah.g_00095, Prah.g_00113
OG0001997	Prbl.g_01232	Prah.g_00139
OG0001998	Prbl.g_01231	Prah.g_00140
OG0001999	Prbl.g_01230	Prah.g_00141
OG0002001	Prbl.g_00680	Prah.g_00214
OG0002001	Prbl.g_00136	Prah.g_02423
OG0002004	Prbl.g_00871	Prah.g_02218
OG0002005	Prbl.g_02158	Prah.g_02568
OG0002006	Prbl.g_02155	Prah.g_02571
OG0002028	Prbl.g_02394	Prah.g_00725
OG0002036	Prbl.g_01921	Prah.g_01783
OG0002037	Prbl.g_00320	Prah.g_01756
OG0002037	Prbl.g_00321	Prah.g_01755
OG0002038	Prbl.g_00504	Prah.g_01574
OG0002039	Prbl.g_02651	Prah.g_01086
OG0002039	Prbl.g_01027	Prah.g_01099
OG0002040	Prbl.g_01501	Prah.g_02096
OG0002041	Prbl.g_01451	Prah.g_02136
OG0002042	Prbl.g_00872	Prah.g_02217
OG0002042	Prbl.g_00873	Prah.g_00092, Prah.g_02210
OG0002043	Prbl.g_00311	Prah.g_02272
OG0002044	Prbl.g_00133	Prah.g_02421
OG0002068	Prbl.g_01234	Prah.g_00137
OG0002068	Prbl.g_00574	Prah.g_01875
OG0002069	Prbl.g_00163, Prbl.g_01422	Prah.g_02165, Prah.g_00425
OG0002070	Prbl.g_00318	Prah.g_01758
OG0002070	Prbl.g_01272	Prah.g_02382
OG0002074	Prbl.g_02548	Prah.g_00868
OG0002075	Prbl.g_00247	Prah.g_00413
OG0002076	Prbl.g_00887	Prah.g_01944
OG0002078	Prbl.g_00071	Prah.g_02326, Prah.g_02333
OG0002079	Prbl.g_02242	Prah.g_02487
OG0002082	Prbl.g_00688	Prah.g_01089, Prah.g_01723, Prah.g_02430, Prah.g_00279, Prah.g_01062, Prah.g_01060, Prah.g_01069
OG0002132	Prbl.g_00829	Prah.g_02249
OG0002143	Prbl.g_00882	Prah.g_02203
OG0002145	Prbl.g_02035	Prah.g_00114
OG0002146	Prbl.g_00442	Prah.g_01630
OG0002147	Prbl.g_01675	Prah.g_01165
OG0002148	Prbl.g_02614	Prah.g_00995
OG0002149	Prbl.g_02358	Prah.g_00691
OG0002151	Prbl.g_00142	Prah.g_02442
OG0002154	Prbl.g_02156	Prah.g_02570
OG0002200	Prbl.g_02029	Prah.g_00093, Prah.g_01493, Prah.g_02437
OG0002201	Prbl.g_02421, Prbl.g_01862	Prah.g_00977
OG0002202	Prbl.g_02540	Prah.g_00860
OG0002205	Prbl.g_01349, Prbl.g_00061	Prah.g_00303
OG0002206	Prbl.g_01433	Prah.g_02154
OG0002207	Prbl.g_00899	Prah.g_02185
OG0002208	Prbl.g_00862, Prbl.g_00861	Prah.g_02225
OG0002284	Prbl.g_02625	Prah.g_00200
OG0002284	Prbl.g_02625	Prah.g_01909
OG0002285	Prbl.g_00189	Prah.g_01769
OG0002286	Prbl.g_00541	Prah.g_01065, Prah.g_02369, Prah.g_01684
OG0002287	Prbl.g_00788	Prah.g_01522
OG0002288	Prbl.g_00119	Prah.g_01345
OG0002289	Prbl.g_00145	Prah.g_02445, Prah.g_01724, Prah.g_00267
OG0002290	Prbl.g_02581	Prah.g_01274
OG0002293	Prbl.g_01826	Prah.g_00944
OG0002294	Prbl.g_02451	Prah.g_00769
OG0002295	Prbl.g_02428	Prah.g_00748
OG0002297	Prbl.g_01633	Prah.g_00507
OG0002299	Prbl.g_01336	Prah.g_00344, Prah.g_00993, Prah.g_00318
OG0002300	Prbl.g_00646	Prah.g_00236
OG0002303	Prbl.g_00881	Prah.g_02213, Prah.g_02214, Prah.g_02204
OG0002304	Prbl.g_00879	Prah.g_02215
OG0002305	Prbl.g_00310	Prah.g_02275
OG0002307	Prbl.g_02193	Prah.g_02535
OG0002308	Prbl.g_02157	Prah.g_02569
OG0002309	Prbl.g_02133	Prah.g_02592
OG0002313	Prbl.g_00143	Prah.g_00264, Prah.g_00263, Prah.g_00265, Prah.g_02443
OG0002315	Prbl.g_00140, Prbl.g_02417	Prah.g_01134
OG0002385	Prbl.g_00578	Prah.g_01871
OG0002386	Prbl.g_00772	Prah.g_01507
OG0002387	Prbl.g_00773	Prah.g_01508
OG0002389	Prbl.g_01944	Prah.g_01813
OG0002390	Prbl.g_01907	Prah.g_01796
OG0002391	Prbl.g_00191	Prah.g_01771
OG0002392	Prbl.g_02621	Prah.g_01763
OG0002393	Prbl.g_00368	Prah.g_01702
OG0002394	Prbl.g_01798	Prah.g_01442
OG0002395	Prbl.g_01767	Prah.g_01409
OG0002396	Prbl.g_01278	Prah.g_02375
OG0002397	Prbl.g_02384	Prah.g_00716, Prah.g_01153
OG0002399	Prbl.g_01666	Prah.g_01126
OG0002401	Prbl.g_01870	Prah.g_00982
OG0002402	Prbl.g_02569	Prah.g_00889
OG0002403	Prbl.g_02271	Prah.g_02461, Prah.g_02460
OG0002404	Prbl.g_02269	Prah.g_02463, Prah.g_01135
OG0002405	Prbl.g_01565	Prah.g_00578
OG0002406	Prbl.g_01597	Prah.g_00545
OG0002407	Prbl.g_01390	Prah.g_00440
OG0002408	Prbl.g_01389	Prah.g_00439
OG0002410	Prbl.g_01209	Prah.g_01931
OG0002412	Prbl.g_00895	Prah.g_02189
OG0002413	Prbl.g_00894	Prah.g_02190
OG0002414	Prbl.g_01249	Prah.g_02406
OG0002415	Prbl.g_01228	Prah.g_02477, Prah.g_02476
OG0002420	Prbl.g_02660	Prah.g_01115, Prah.g_01111, Prah.g_01116
OG0002421	Prbl.g_01074	Prah.g_01210
OG0002558	Prbl.g_02113	Prah.g_00009
OG0002559	Prbl.g_01978	Prah.g_00039
OG0002560	Prbl.g_01979	Prah.g_00040
OG0002561	Prbl.g_01995	Prah.g_00056
OG0002562	Prbl.g_02003	Prah.g_00064
OG0002563	Prbl.g_02010	Prah.g_00072
OG0002564	Prbl.g_02013	Prah.g_00075
OG0002565	Prbl.g_02015	Prah.g_00077
OG0002567	Prbl.g_01233	Prah.g_00138
OG0002568	Prbl.g_01229	Prah.g_00142
OG0002569	Prbl.g_01288	Prah.g_00153
OG0002570	Prbl.g_01292	Prah.g_00157
OG0002571	Prbl.g_01294	Prah.g_00159
OG0002572	Prbl.g_01295	Prah.g_00160
OG0002573	Prbl.g_01300	Prah.g_00161
OG0002574	Prbl.g_01301	Prah.g_00162
OG0002575	Prbl.g_01308	Prah.g_00169
OG0002576	Prbl.g_00657	Prah.g_00225
OG0002577	Prbl.g_01311	Prah.g_00171
OG0002578	Prbl.g_01312	Prah.g_00172
OG0002579	Prbl.g_01317	Prah.g_00181
OG0002580	Prbl.g_01321	Prah.g_00184
OG0002581	Prbl.g_01323	Prah.g_00186
OG0002582	Prbl.g_01327	Prah.g_00190
OG0002584	Prbl.g_00543	Prah.g_01907
OG0002585	Prbl.g_00549	Prah.g_01900
OG0002586	Prbl.g_00550	Prah.g_01899
OG0002587	Prbl.g_00564	Prah.g_01885
OG0002588	Prbl.g_00570	Prah.g_01879
OG0002589	Prbl.g_00571	Prah.g_01878
OG0002590	Prbl.g_00573	Prah.g_01876
OG0002591	Prbl.g_00575	Prah.g_01874
OG0002592	Prbl.g_00577	Prah.g_01872
OG0002596	Prbl.g_00586	Prah.g_01865
OG0002597	Prbl.g_00593	Prah.g_01858
OG0002598	Prbl.g_00594	Prah.g_01853
OG0002599	Prbl.g_00598	Prah.g_01848
OG0002600	Prbl.g_00599	Prah.g_01847
OG0002601	Prbl.g_00601	Prah.g_01845
OG0002602	Prbl.g_00606	Prah.g_01840
OG0002603	Prbl.g_00610	Prah.g_01835
OG0002607	Prbl.g_00736	Prah.g_01819
OG0002608	Prbl.g_01948	Prah.g_01816
OG0002609	Prbl.g_01941	Prah.g_01808
OG0002610	Prbl.g_01909	Prah.g_01793
OG0002611	Prbl.g_01910	Prah.g_01792
OG0002612	Prbl.g_01916	Prah.g_01788
OG0002613	Prbl.g_01917	Prah.g_01787
OG0002614	Prbl.g_01920	Prah.g_01784
OG0002615	Prbl.g_01924	Prah.g_01780
OG0002616	Prbl.g_00196	Prah.g_01776
OG0002617	Prbl.g_00190	Prah.g_01770
OG0002618	Prbl.g_02624	Prah.g_01766
OG0002619	Prbl.g_02623	Prah.g_01765
OG0002620	Prbl.g_00319	Prah.g_01757
OG0002621	Prbl.g_00322	Prah.g_01754
OG0002622	Prbl.g_00323	Prah.g_01753
OG0002623	Prbl.g_00324	Prah.g_01752
OG0002624	Prbl.g_00325	Prah.g_01751
OG0002625	Prbl.g_00326	Prah.g_01750
OG0002626	Prbl.g_00327	Prah.g_01749
OG0002627	Prbl.g_00328	Prah.g_01748
OG0002628	Prbl.g_00329	Prah.g_01747
OG0002629	Prbl.g_00351	Prah.g_01721
OG0002630	Prbl.g_00357	Prah.g_01715
OG0002631	Prbl.g_00363	Prah.g_01708
OG0002632	Prbl.g_00390	Prah.g_01680
OG0002633	Prbl.g_00396	Prah.g_01674
OG0002634	Prbl.g_00402	Prah.g_01669
OG0002635	Prbl.g_00421	Prah.g_01650
OG0002636	Prbl.g_00424	Prah.g_01647
OG0002637	Prbl.g_00426	Prah.g_01646
OG0002638	Prbl.g_00434	Prah.g_01638
OG0002639	Prbl.g_00445	Prah.g_01626
OG0002640	Prbl.g_00459	Prah.g_01611
OG0002641	Prbl.g_00463	Prah.g_01608
OG0002642	Prbl.g_00464	Prah.g_01607
OG0002643	Prbl.g_00469	Prah.g_01602
OG0002644	Prbl.g_00474	Prah.g_01600
OG0002645	Prbl.g_00493	Prah.g_01585
OG0002646	Prbl.g_00505	Prah.g_01573
OG0002647	Prbl.g_00507	Prah.g_01571
OG0002648	Prbl.g_00509	Prah.g_01568
OG0002649	Prbl.g_00518	Prah.g_01559
OG0002650	Prbl.g_00520	Prah.g_01557
OG0002651	Prbl.g_00530	Prah.g_01547
OG0002652	Prbl.g_00535	Prah.g_01542
OG0002653	Prbl.g_00789	Prah.g_01523
OG0002654	Prbl.g_00786	Prah.g_01520
OG0002655	Prbl.g_00777	Prah.g_01511
OG0002656	Prbl.g_00771	Prah.g_01506
OG0002657	Prbl.g_00769	Prah.g_01504
OG0002658	Prbl.g_00767	Prah.g_01502
OG0002659	Prbl.g_00764	Prah.g_01499
OG0002660	Prbl.g_00762	Prah.g_01497
OG0002661	Prbl.g_00757	Prah.g_01492
OG0002662	Prbl.g_00756	Prah.g_01491
OG0002663	Prbl.g_00755	Prah.g_01490
OG0002664	Prbl.g_00753	Prah.g_01487
OG0002665	Prbl.g_00750	Prah.g_01483
OG0002666	Prbl.g_02648	Prah.g_01477
OG0002667	Prbl.g_02646	Prah.g_01475
OG0002668	Prbl.g_01793	Prah.g_01437
OG0002669	Prbl.g_01792	Prah.g_01436
OG0002670	Prbl.g_01782	Prah.g_01426
OG0002671	Prbl.g_01778	Prah.g_01420
OG0002672	Prbl.g_01756	Prah.g_01398
OG0002673	Prbl.g_01753	Prah.g_01395
OG0002674	Prbl.g_01743	Prah.g_01386
OG0002675	Prbl.g_01741	Prah.g_01384
OG0002676	Prbl.g_01740	Prah.g_01383
OG0002677	Prbl.g_01729	Prah.g_01371
OG0002678	Prbl.g_01724	Prah.g_01366
OG0002679	Prbl.g_01721	Prah.g_01363
OG0002680	Prbl.g_02065	Prah.g_01341
OG0002681	Prbl.g_02073	Prah.g_01334
OG0002682	Prbl.g_02074	Prah.g_01333
OG0002683	Prbl.g_02076	Prah.g_01330
OG0002684	Prbl.g_02079	Prah.g_01327
OG0002685	Prbl.g_02087	Prah.g_01319
OG0002686	Prbl.g_02092	Prah.g_01314
OG0002687	Prbl.g_02093	Prah.g_01313
OG0002688	Prbl.g_02094	Prah.g_01312
OG0002689	Prbl.g_02096	Prah.g_01310
OG0002690	Prbl.g_02097	Prah.g_01309
OG0002691	Prbl.g_02098	Prah.g_01308
OG0002692	Prbl.g_02101	Prah.g_01306
OG0002693	Prbl.g_02107	Prah.g_01300
OG0002694	Prbl.g_00177	Prah.g_01299
OG0002695	Prbl.g_02596	Prah.g_01288
OG0002696	Prbl.g_02588	Prah.g_01281
OG0002697	Prbl.g_02587	Prah.g_01280
OG0002698	Prbl.g_02584	Prah.g_01277
OG0002699	Prbl.g_01371	Prah.g_01269
OG0002700	Prbl.g_01373	Prah.g_01267
OG0002701	Prbl.g_01381	Prah.g_01260
OG0002702	Prbl.g_01107	Prah.g_01242
OG0002703	Prbl.g_01105	Prah.g_01241
OG0002704	Prbl.g_01101	Prah.g_01236
OG0002705	Prbl.g_01098	Prah.g_01232
OG0002706	Prbl.g_01094	Prah.g_01229
OG0002707	Prbl.g_01091	Prah.g_01224
OG0002708	Prbl.g_01090	Prah.g_01221
OG0002709	Prbl.g_01081	Prah.g_01215
OG0002710	Prbl.g_01080	Prah.g_01214
OG0002711	Prbl.g_01070	Prah.g_01207
OG0002712	Prbl.g_01809	Prah.g_01204
OG0002713	Prbl.g_01803	Prah.g_01200
OG0002714	Prbl.g_01708	Prah.g_01197
OG0002715	Prbl.g_01707	Prah.g_01195
OG0002716	Prbl.g_01700	Prah.g_01188
OG0002717	Prbl.g_01699	Prah.g_01187
OG0002718	Prbl.g_01698	Prah.g_01186
OG0002719	Prbl.g_01697	Prah.g_01185
OG0002720	Prbl.g_01696	Prah.g_01184
OG0002721	Prbl.g_01690	Prah.g_01179
OG0002722	Prbl.g_01687	Prah.g_01177
OG0002723	Prbl.g_01683	Prah.g_01173
OG0002724	Prbl.g_01682	Prah.g_01172
OG0002725	Prbl.g_01681	Prah.g_01171
OG0002726	Prbl.g_01680	Prah.g_01170
OG0002727	Prbl.g_01673	Prah.g_01149
OG0002728	Prbl.g_01672	Prah.g_01148
OG0002729	Prbl.g_01668	Prah.g_01143
OG0002730	Prbl.g_01667	Prah.g_01125
OG0002731	Prbl.g_02603	Prah.g_01128
OG0002732	Prbl.g_02604	Prah.g_01129
OG0002733	Prbl.g_02607	Prah.g_01130
OG0002734	Prbl.g_02609	Prah.g_01132
OG0002735	Prbl.g_02618	Prah.g_01000
OG0002736	Prbl.g_01532	Prah.g_01107
OG0002737	Prbl.g_02628	Prah.g_01106
OG0002738	Prbl.g_00009	Prah.g_01010
OG0002739	Prbl.g_00010	Prah.g_01013
OG0002740	Prbl.g_00262	Prah.g_01014
OG0002741	Prbl.g_00014	Prah.g_01017
OG0002742	Prbl.g_00015	Prah.g_01018
OG0002743	Prbl.g_00023	Prah.g_01024
OG0002744	Prbl.g_00028	Prah.g_01030
OG0002745	Prbl.g_00030	Prah.g_01032
OG0002746	Prbl.g_00033	Prah.g_01036
OG0002747	Prbl.g_00037	Prah.g_01040
OG0002748	Prbl.g_00038	Prah.g_01041
OG0002749	Prbl.g_00039	Prah.g_01042
OG0002750	Prbl.g_00041	Prah.g_01044
OG0002751	Prbl.g_00042	Prah.g_01045
OG0002752	Prbl.g_00043	Prah.g_01046
OG0002753	Prbl.g_00052	Prah.g_01054
OG0002754	Prbl.g_02654	Prah.g_01090
OG0002755	Prbl.g_01529	Prah.g_01096
OG0002756	Prbl.g_01528	Prah.g_01095
OG0002757	Prbl.g_00739	Prah.g_01079
OG0002758	Prbl.g_00727	Prah.g_00988
OG0002759	Prbl.g_01871	Prah.g_00984
OG0002760	Prbl.g_01867	Prah.g_00980
OG0002761	Prbl.g_01866	Prah.g_00979
OG0002762	Prbl.g_01856	Prah.g_00971
OG0002763	Prbl.g_01849	Prah.g_00967
OG0002764	Prbl.g_01848	Prah.g_00966
OG0002765	Prbl.g_01844	Prah.g_00963
OG0002766	Prbl.g_01843	Prah.g_00962
OG0002767	Prbl.g_01842	Prah.g_00961
OG0002768	Prbl.g_01841	Prah.g_00960
OG0002769	Prbl.g_01840	Prah.g_00959
OG0002770	Prbl.g_01837	Prah.g_00956
OG0002771	Prbl.g_01836	Prah.g_00955
OG0002772	Prbl.g_01835	Prah.g_00954
OG0002773	Prbl.g_01832	Prah.g_00948
OG0002774	Prbl.g_01831	Prah.g_00947
OG0002775	Prbl.g_01828	Prah.g_00945
OG0002776	Prbl.g_00941	Prah.g_00901
OG0002777	Prbl.g_00942	Prah.g_00900
OG0002778	Prbl.g_00943	Prah.g_00899
OG0002779	Prbl.g_00944	Prah.g_00898
OG0002780	Prbl.g_02568	Prah.g_00888
OG0002781	Prbl.g_02557	Prah.g_00877
OG0002782	Prbl.g_02534	Prah.g_00854
OG0002783	Prbl.g_02527	Prah.g_00847
OG0002784	Prbl.g_02524	Prah.g_00843
OG0002785	Prbl.g_02522	Prah.g_00841
OG0002786	Prbl.g_02519	Prah.g_00838
OG0002787	Prbl.g_02517	Prah.g_00836
OG0002788	Prbl.g_02515	Prah.g_00834
OG0002789	Prbl.g_02512	Prah.g_00832
OG0002790	Prbl.g_02511	Prah.g_00831
OG0002791	Prbl.g_02504	Prah.g_00825
OG0002792	Prbl.g_02502	Prah.g_00823
OG0002793	Prbl.g_02500	Prah.g_00820
OG0002794	Prbl.g_02490	Prah.g_00809
OG0002795	Prbl.g_02488	Prah.g_00807
OG0002796	Prbl.g_02484	Prah.g_00802
OG0002797	Prbl.g_02481	Prah.g_00799
OG0002798	Prbl.g_02480	Prah.g_00798
OG0002799	Prbl.g_02479	Prah.g_00797
OG0002800	Prbl.g_02461	Prah.g_00779
OG0002801	Prbl.g_02460	Prah.g_00778
OG0002802	Prbl.g_02459	Prah.g_00777
OG0002803	Prbl.g_02458	Prah.g_00776
OG0002804	Prbl.g_02457	Prah.g_00775
OG0002805	Prbl.g_02455	Prah.g_00774
OG0002806	Prbl.g_02446	Prah.g_00764
OG0002807	Prbl.g_02439	Prah.g_00757
OG0002808	Prbl.g_02433	Prah.g_00753
OG0002809	Prbl.g_02429	Prah.g_00749
OG0002810	Prbl.g_02424	Prah.g_00744
OG0002811	Prbl.g_02419	Prah.g_00741
OG0002812	Prbl.g_02391	Prah.g_00723
OG0002813	Prbl.g_02387	Prah.g_00719
OG0002814	Prbl.g_02385	Prah.g_00717
OG0002815	Prbl.g_02382	Prah.g_00714
OG0002816	Prbl.g_02380	Prah.g_00711
OG0002817	Prbl.g_02375	Prah.g_00708
OG0002818	Prbl.g_02372	Prah.g_00705
OG0002819	Prbl.g_02371	Prah.g_00704
OG0002820	Prbl.g_02370	Prah.g_00703
OG0002821	Prbl.g_02360	Prah.g_00694
OG0002822	Prbl.g_02357	Prah.g_00690
OG0002823	Prbl.g_02349	Prah.g_00682
OG0002824	Prbl.g_02321	Prah.g_00653
OG0002825	Prbl.g_02303	Prah.g_00634
OG0002826	Prbl.g_02302	Prah.g_00633
OG0002827	Prbl.g_02301	Prah.g_00632
OG0002828	Prbl.g_02300	Prah.g_00631
OG0002829	Prbl.g_02299	Prah.g_00630
OG0002830	Prbl.g_02297	Prah.g_00629
OG0002831	Prbl.g_02296	Prah.g_00628
OG0002832	Prbl.g_02292	Prah.g_00623
OG0002833	Prbl.g_02287	Prah.g_00616
OG0002834	Prbl.g_02280	Prah.g_00611
OG0002835	Prbl.g_02279	Prah.g_00610
OG0002836	Prbl.g_01536	Prah.g_00607
OG0002837	Prbl.g_01553	Prah.g_00590
OG0002838	Prbl.g_01557	Prah.g_00586
OG0002839	Prbl.g_01558	Prah.g_00585
OG0002840	Prbl.g_01559	Prah.g_00584
OG0002841	Prbl.g_01561	Prah.g_00582
OG0002842	Prbl.g_01570	Prah.g_00573
OG0002843	Prbl.g_01575	Prah.g_00569
OG0002844	Prbl.g_01581	Prah.g_00563
OG0002845	Prbl.g_01585	Prah.g_00561
OG0002846	Prbl.g_01589	Prah.g_00557
OG0002847	Prbl.g_01592	Prah.g_00549
OG0002848	Prbl.g_01595	Prah.g_00546
OG0002849	Prbl.g_01600	Prah.g_00542
OG0002850	Prbl.g_01602	Prah.g_00540
OG0002851	Prbl.g_01606	Prah.g_00536
OG0002852	Prbl.g_01607	Prah.g_00535
OG0002853	Prbl.g_01608	Prah.g_00534
OG0002854	Prbl.g_01609	Prah.g_00533
OG0002855	Prbl.g_01622	Prah.g_00520
OG0002856	Prbl.g_01623	Prah.g_00519
OG0002857	Prbl.g_01628	Prah.g_00514
OG0002858	Prbl.g_01638	Prah.g_00502
OG0002859	Prbl.g_01648	Prah.g_00492
OG0002860	Prbl.g_01649	Prah.g_00491
OG0002861	Prbl.g_01650	Prah.g_00490
OG0002862	Prbl.g_01654	Prah.g_00487
OG0002863	Prbl.g_01661	Prah.g_00479
OG0002864	Prbl.g_01040	Prah.g_00470
OG0002865	Prbl.g_01039	Prah.g_00469
OG0002866	Prbl.g_01038	Prah.g_00468
OG0002867	Prbl.g_01034	Prah.g_00467
OG0002868	Prbl.g_01410	Prah.g_00461
OG0002869	Prbl.g_01408	Prah.g_00459
OG0002870	Prbl.g_01407	Prah.g_00458
OG0002871	Prbl.g_01391	Prah.g_00441
OG0002872	Prbl.g_01388	Prah.g_00438
OG0002873	Prbl.g_00159	Prah.g_00429
OG0002874	Prbl.g_00162	Prah.g_00426
OG0002876	Prbl.g_00256	Prah.g_00422
OG0002877	Prbl.g_00250	Prah.g_00416
OG0002878	Prbl.g_00239	Prah.g_00405
OG0002879	Prbl.g_00238	Prah.g_00404
OG0002880	Prbl.g_00217	Prah.g_00387
OG0002881	Prbl.g_00697	Prah.g_00373
OG0002882	Prbl.g_00711	Prah.g_00359
OG0002883	Prbl.g_00717	Prah.g_00355
OG0002884	Prbl.g_00718	Prah.g_00354
OG0002885	Prbl.g_00721	Prah.g_00329
OG0002886	Prbl.g_01338	Prah.g_00315
OG0002887	Prbl.g_01345	Prah.g_00307
OG0002888	Prbl.g_01347	Prah.g_00305
OG0002889	Prbl.g_01350	Prah.g_00302
OG0002890	Prbl.g_01353	Prah.g_00301
OG0002891	Prbl.g_01356	Prah.g_00298
OG0002892	Prbl.g_01357	Prah.g_00297
OG0002893	Prbl.g_01358	Prah.g_00296
OG0002894	Prbl.g_01359	Prah.g_00295
OG0002895	Prbl.g_01361	Prah.g_00292
OG0002896	Prbl.g_01365	Prah.g_00289
OG0002897	Prbl.g_01366	Prah.g_00288
OG0002898	Prbl.g_01367	Prah.g_00287
OG0002899	Prbl.g_01369	Prah.g_00285
OG0002900	Prbl.g_00141	Prah.g_00283
OG0002901	Prbl.g_00621	Prah.g_00259
OG0002902	Prbl.g_00636	Prah.g_00250
OG0002903	Prbl.g_00637	Prah.g_00249
OG0002904	Prbl.g_00638	Prah.g_00248
OG0002905	Prbl.g_01926	Prah.g_00245
OG0002906	Prbl.g_00674	Prah.g_00227
OG0002907	Prbl.g_00656	Prah.g_00226
OG0002908	Prbl.g_00662	Prah.g_00222
OG0002909	Prbl.g_00664	Prah.g_00220
OG0002910	Prbl.g_00683	Prah.g_00211
OG0002911	Prbl.g_02676	Prah.g_00207
OG0002912	Prbl.g_02672	Prah.g_00203
OG0002913	Prbl.g_02671	Prah.g_00202
OG0002914	Prbl.g_02670	Prah.g_00201
OG0002915	Prbl.g_01214	Prah.g_01925
OG0002916	Prbl.g_01212	Prah.g_01928
OG0002917	Prbl.g_01198	Prah.g_01943
OG0002918	Prbl.g_01193	Prah.g_01947
OG0002919	Prbl.g_01187	Prah.g_01952
OG0002920	Prbl.g_01176	Prah.g_01964
OG0002921	Prbl.g_01173	Prah.g_01967
OG0002922	Prbl.g_01160	Prah.g_01974
OG0002923	Prbl.g_01130	Prah.g_01992
OG0002924	Prbl.g_00989	Prah.g_02006
OG0002925	Prbl.g_01047	Prah.g_02052
OG0002926	Prbl.g_01052	Prah.g_02057
OG0002927	Prbl.g_02669	Prah.g_02075
OG0002928	Prbl.g_02668	Prah.g_02076
OG0002929	Prbl.g_01510	Prah.g_02085
OG0002930	Prbl.g_01507	Prah.g_02088
OG0002931	Prbl.g_01495	Prah.g_02102
OG0002932	Prbl.g_01493	Prah.g_02104
OG0002933	Prbl.g_01491	Prah.g_02106
OG0002934	Prbl.g_01490	Prah.g_02107
OG0002935	Prbl.g_01488	Prah.g_02109
OG0002936	Prbl.g_01487	Prah.g_02110
OG0002937	Prbl.g_01475	Prah.g_02112
OG0002938	Prbl.g_01474	Prah.g_02113
OG0002939	Prbl.g_01471	Prah.g_02116
OG0002940	Prbl.g_01462	Prah.g_02125
OG0002941	Prbl.g_01460	Prah.g_02127
OG0002942	Prbl.g_01446	Prah.g_02141
OG0002943	Prbl.g_01437	Prah.g_02150
OG0002944	Prbl.g_01424	Prah.g_02160
OG0002945	Prbl.g_01423	Prah.g_02161
OG0002946	Prbl.g_01418	Prah.g_02169
OG0002947	Prbl.g_00885	Prah.g_02200
OG0002948	Prbl.g_00884	Prah.g_02201
OG0002949	Prbl.g_00883	Prah.g_02202
OG0002950	Prbl.g_00878	Prah.g_02206
OG0002951	Prbl.g_00875	Prah.g_02208
OG0002952	Prbl.g_00874	Prah.g_02216
OG0002953	Prbl.g_00868	Prah.g_02220
OG0002954	Prbl.g_00866	Prah.g_02222
OG0002955	Prbl.g_00860	Prah.g_02226
OG0002956	Prbl.g_00858	Prah.g_02228
OG0002957	Prbl.g_00854	Prah.g_02233
OG0002958	Prbl.g_00823	Prah.g_02256
OG0002959	Prbl.g_00821	Prah.g_02258
OG0002960	Prbl.g_00813	Prah.g_02266
OG0002961	Prbl.g_00308	Prah.g_02277
OG0002962	Prbl.g_00307	Prah.g_02278
OG0002963	Prbl.g_00268	Prah.g_02317
OG0002964	Prbl.g_00266	Prah.g_02319
OG0002965	Prbl.g_00067	Prah.g_02322
OG0002966	Prbl.g_00070	Prah.g_02325
OG0002967	Prbl.g_00075	Prah.g_02337
OG0002968	Prbl.g_00076	Prah.g_02338
OG0002969	Prbl.g_00078	Prah.g_02340
OG0002970	Prbl.g_00080	Prah.g_02342
OG0002971	Prbl.g_00081	Prah.g_02343
OG0002972	Prbl.g_00084	Prah.g_02346
OG0002973	Prbl.g_00087	Prah.g_02351
OG0002974	Prbl.g_01280	Prah.g_02373
OG0002975	Prbl.g_01279	Prah.g_02374
OG0002976	Prbl.g_01277	Prah.g_02377
OG0002977	Prbl.g_01276	Prah.g_02378
OG0002978	Prbl.g_01275	Prah.g_02379
OG0002979	Prbl.g_01274	Prah.g_02380
OG0002980	Prbl.g_01271	Prah.g_02383
OG0002981	Prbl.g_01269	Prah.g_02385
OG0002982	Prbl.g_01268	Prah.g_02386
OG0002983	Prbl.g_01267	Prah.g_02389
OG0002984	Prbl.g_01254	Prah.g_02401
OG0002985	Prbl.g_01251	Prah.g_02404
OG0002986	Prbl.g_01250	Prah.g_02405
OG0002987	Prbl.g_01247	Prah.g_02408
OG0002988	Prbl.g_00125	Prah.g_02416
OG0002989	Prbl.g_02257	Prah.g_02472
OG0002990	Prbl.g_02256	Prah.g_02473
OG0002991	Prbl.g_02253	Prah.g_02475
OG0002992	Prbl.g_02248	Prah.g_02481
OG0002993	Prbl.g_02247	Prah.g_02482
OG0002994	Prbl.g_02246	Prah.g_02483
OG0002995	Prbl.g_02245	Prah.g_02484
OG0002997	Prbl.g_02235	Prah.g_02494
OG0002998	Prbl.g_02229	Prah.g_02500
OG0002999	Prbl.g_02227	Prah.g_02502
OG0003000	Prbl.g_02207	Prah.g_02520
OG0003001	Prbl.g_02206	Prah.g_02521
OG0003002	Prbl.g_02205	Prah.g_02523
OG0003003	Prbl.g_02201	Prah.g_02527
OG0003004	Prbl.g_02200	Prah.g_02528
OG0003005	Prbl.g_02199	Prah.g_02530
OG0003006	Prbl.g_02198	Prah.g_02531
OG0003007	Prbl.g_02191	Prah.g_02537
OG0003008	Prbl.g_02184	Prah.g_02545
OG0003009	Prbl.g_02183	Prah.g_02546
OG0003010	Prbl.g_02176	Prah.g_02549
OG0003012	Prbl.g_02135	Prah.g_02590
OG0003013	Prbl.g_02130	Prah.g_02595
OG0003014	Prbl.g_02126	Prah.g_02599
OG0003015	Prbl.g_00144	Prah.g_00266, Prah.g_02444
OG0003124	Prbl.g_02650	Prah.g_01479
OG0003191	Prbl.g_01319	Prah.g_00182
OG0003193	Prbl.g_00208	Prah.g_00280
OG0003194	Prbl.g_01605	Prah.g_00537
OG0003195	Prbl.g_02284	Prah.g_00613
OG0003196	Prbl.g_02289	Prah.g_00618
OG0003197	Prbl.g_02401	Prah.g_00727
OG0003198	Prbl.g_02402	Prah.g_00728
OG0003199	Prbl.g_00109	Prah.g_00934
OG0003200	Prbl.g_00004	Prah.g_01004
OG0003201	Prbl.g_00029	Prah.g_01031
OG0003202	Prbl.g_00044	Prah.g_01047
OG0003203	Prbl.g_00049	Prah.g_01051
OG0003204	Prbl.g_01522	Prah.g_01091
OG0003205	Prbl.g_01530	Prah.g_01097
OG0003206	Prbl.g_01670	Prah.g_01144
OG0003207	Prbl.g_01720	Prah.g_01362
OG0003208	Prbl.g_00529	Prah.g_01548
OG0003209	Prbl.g_00468	Prah.g_01603
OG0003210	Prbl.g_00169	Prah.g_01722
OG0003211	Prbl.g_00188	Prah.g_01768
OG0003212	Prbl.g_01947	Prah.g_01815
OG0003213	Prbl.g_00616	Prah.g_01829
OG0003214	Prbl.g_01225	Prah.g_01914
OG0003215	Prbl.g_01165	Prah.g_01970
OG0003216	Prbl.g_01514	Prah.g_02081
OG0003217	Prbl.g_00313	Prah.g_02271
OG0003218	Prbl.g_02277	Prah.g_02452
OG0003219	Prbl.g_02272	Prah.g_02459
OG0003220	Prbl.g_02270	Prah.g_02462
OG0003221	Prbl.g_02268	Prah.g_02464
OG0003222	Prbl.g_02267	Prah.g_02465
OG0003223	Prbl.g_02265	Prah.g_02470
OG0003468	Prbl.g_01830	Prah.g_00946
OG0003471	Prbl.g_02290	Prah.g_00619
OG0004113	Prbl.g_00384	Prah.g_01686
