Orthogroup	Prbl	Prau
OG0000000	Prbl.g_01582	Prau.g_01402
OG0000000	Prbl.g_01092	Prau.g_00718
OG0000002	Prbl.g_00725, Prbl.g_02599, Prbl.g_00808, Prbl.g_02598, Prbl.g_00121, Prbl.g_02578	Prau.g_01394
OG0000003	Prbl.g_00117	Prau.g_01300, Prau.g_01350
OG0000004	Prbl.g_01685, Prbl.g_00628, Prbl.g_00679	Prau.g_00785, Prau.g_00792
OG0000006	Prbl.g_00531	Prau.g_00538
OG0000006	Prbl.g_00394	Prau.g_01732
OG0000007	Prbl.g_01855	Prau.g_00781
OG0000007	Prbl.g_01854	Prau.g_00712
OG0000009	Prbl.g_01509	Prau.g_00834, Prau.g_00251
OG0000011	Prbl.g_01574	Prau.g_00414
OG0000011	Prbl.g_00719	Prau.g_00332
OG0000012	Prbl.g_01755, Prbl.g_01763	Prau.g_00636
OG0000013	Prbl.g_01566	Prau.g_00817
OG0000016	Prbl.g_00007, Prbl.g_00046	Prau.g_01405
OG0000017	Prbl.g_00691	Prau.g_00040
OG0000018	Prbl.g_02601	Prau.g_00243, Prau.g_01316
OG0000019	Prbl.g_01768	Prau.g_01680
OG0000020	Prbl.g_01465	Prau.g_00377
OG0000024	Prbl.g_01416	Prau.g_00308
OG0000026	Prbl.g_01981	Prau.g_00032, Prau.g_01295
OG0000028	Prbl.g_00242	Prau.g_01528
OG0000031	Prbl.g_01677	Prau.g_01347, Prau.g_01275, Prau.g_01681
OG0000036	Prbl.g_01783	Prau.g_00624
OG0000037	Prbl.g_01618	Prau.g_00663
OG0000038	Prbl.g_01072, Prbl.g_01310	Prau.g_00814
OG0000039	Prbl.g_01838, Prbl.g_00281	Prau.g_00167
OG0000040	Prbl.g_02355	Prau.g_00362
OG0000042	Prbl.g_01839, Prbl.g_02567	Prau.g_00755
OG0000043	Prbl.g_01097, Prbl.g_01099	Prau.g_00839
OG0000045	Prbl.g_00890	Prau.g_01432, Prau.g_01460
OG0000046	Prbl.g_00405	Prau.g_01725
OG0000047	Prbl.g_01285	Prau.g_01925, Prau.g_00037
OG0000048	Prbl.g_01121, Prbl.g_01236	Prau.g_01932
OG0000050	Prbl.g_01977	Prau.g_00030
OG0000051	Prbl.g_00290	Prau.g_00158
OG0000052	Prbl.g_00411	Prau.g_00373
OG0000053	Prbl.g_00752	Prau.g_00579
OG0000054	Prbl.g_01943	Prau.g_00808
OG0000055	Prbl.g_02310	Prau.g_00876
OG0000056	Prbl.g_00138	Prau.g_01162, Prau.g_00749
OG0000058	Prbl.g_01340	Prau.g_00516
OG0000059	Prbl.g_00025	Prau.g_00738
OG0000062	Prbl.g_02204	Prau.g_01174
OG0000063	Prbl.g_01384	Prau.g_01318
OG0000065	Prbl.g_01722	Prau.g_01371
OG0000066	Prbl.g_00892	Prau.g_01430
OG0000068	Prbl.g_01126, Prbl.g_01000	Prau.g_01869
OG0000069	Prbl.g_00889, Prbl.g_00712	Prau.g_01446
OG0000071	Prbl.g_02109	Prau.g_00011
OG0000073	Prbl.g_01395	Prau.g_00709
OG0000074	Prbl.g_01859	Prau.g_00731
OG0000075	Prbl.g_02328	Prau.g_00861
OG0000076	Prbl.g_00927	Prau.g_01089
OG0000078	Prbl.g_00893	Prau.g_01435, Prau.g_01434, Prau.g_01491
OG0000079	Prbl.g_00417	Prau.g_01609
OG0000080	Prbl.g_00462	Prau.g_01658
OG0000081	Prbl.g_00857	Prau.g_01899
OG0000082	Prbl.g_02195	Prau.g_01297
OG0000083	Prbl.g_02118	Prau.g_00003
OG0000084	Prbl.g_02115	Prau.g_00006
OG0000085	Prbl.g_01968	Prau.g_00023
OG0000087	Prbl.g_02273	Prau.g_00057
OG0000088	Prbl.g_01331	Prau.g_00114
OG0000089	Prbl.g_01316	Prau.g_00122
OG0000090	Prbl.g_00810	Prau.g_00140
OG0000091	Prbl.g_00278	Prau.g_00170
OG0000092	Prbl.g_00277	Prau.g_00171
OG0000093	Prbl.g_00069	Prau.g_00185
OG0000094	Prbl.g_00098	Prau.g_00203
OG0000095	Prbl.g_01282	Prau.g_00208
OG0000096	Prbl.g_01506	Prau.g_00253
OG0000097	Prbl.g_01461	Prau.g_00276
OG0000098	Prbl.g_01448	Prau.g_00286
OG0000099	Prbl.g_01436	Prau.g_00296
OG0000100	Prbl.g_01432	Prau.g_00299
OG0000101	Prbl.g_02677	Prau.g_00359
OG0000102	Prbl.g_02190	Prau.g_00386
OG0000103	Prbl.g_01339	Prau.g_00517
OG0000104	Prbl.g_00511	Prau.g_00521
OG0000105	Prbl.g_00533	Prau.g_00540
OG0000106	Prbl.g_00768	Prau.g_00572
OG0000107	Prbl.g_00766	Prau.g_00573
OG0000108	Prbl.g_02647	Prau.g_00583
OG0000109	Prbl.g_01886	Prau.g_00592
OG0000110	Prbl.g_01905	Prau.g_00608
OG0000111	Prbl.g_01043	Prau.g_00691
OG0000112	Prbl.g_01042	Prau.g_00692
OG0000113	Prbl.g_02432	Prau.g_00777
OG0000114	Prbl.g_02337	Prau.g_00852
OG0000115	Prbl.g_02478	Prau.g_01015
OG0000116	Prbl.g_02486	Prau.g_01019
OG0000117	Prbl.g_00930	Prau.g_01086
OG0000118	Prbl.g_02128	Prau.g_01136
OG0000119	Prbl.g_02202	Prau.g_01177
OG0000120	Prbl.g_02091	Prau.g_01212
OG0000121	Prbl.g_01119	Prau.g_01231
OG0000122	Prbl.g_02583	Prau.g_01250
OG0000123	Prbl.g_01102	Prau.g_01263
OG0000124	Prbl.g_00937	Prau.g_01496, Prau.g_01271
OG0000125	Prbl.g_01736	Prau.g_01383
OG0000126	Prbl.g_00502	Prau.g_01409
OG0000127	Prbl.g_00258	Prau.g_01515
OG0000128	Prbl.g_00241	Prau.g_01532
OG0000129	Prbl.g_00709	Prau.g_01568
OG0000130	Prbl.g_00399	Prau.g_01730
OG0000131	Prbl.g_00350	Prau.g_01768
OG0000132	Prbl.g_00347	Prau.g_01771
OG0000133	Prbl.g_00957	Prau.g_01828
OG0000134	Prbl.g_00994	Prau.g_01864
OG0000135	Prbl.g_00996	Prau.g_01866
OG0000136	Prbl.g_00841	Prau.g_01910
OG0000137	Prbl.g_02053	Prau.g_01942
OG0000138	Prbl.g_02231	Prau.g_01978
OG0000139	Prbl.g_02147	Prau.g_02004
OG0000140	Prbl.g_02120	Prau.g_00001
OG0000141	Prbl.g_02119	Prau.g_00002
OG0000142	Prbl.g_02117	Prau.g_00004
OG0000143	Prbl.g_02116	Prau.g_00005
OG0000144	Prbl.g_02114	Prau.g_00007
OG0000145	Prbl.g_02112	Prau.g_00008
OG0000146	Prbl.g_02111	Prau.g_00009
OG0000147	Prbl.g_02110	Prau.g_00010
OG0000148	Prbl.g_02108	Prau.g_00012
OG0000149	Prbl.g_01955	Prau.g_00014
OG0000150	Prbl.g_01956	Prau.g_00015
OG0000151	Prbl.g_01961	Prau.g_00016
OG0000152	Prbl.g_01962	Prau.g_00017
OG0000153	Prbl.g_01963	Prau.g_00018
OG0000154	Prbl.g_01964	Prau.g_00019
OG0000155	Prbl.g_01965	Prau.g_00020
OG0000156	Prbl.g_01966	Prau.g_00021
OG0000157	Prbl.g_01967	Prau.g_00022
OG0000158	Prbl.g_01969	Prau.g_00024
OG0000159	Prbl.g_01970	Prau.g_00025
OG0000160	Prbl.g_01971	Prau.g_00026
OG0000161	Prbl.g_01972	Prau.g_00027
OG0000162	Prbl.g_01973	Prau.g_00028
OG0000163	Prbl.g_01975	Prau.g_00029
OG0000164	Prbl.g_01980	Prau.g_00031
OG0000165	Prbl.g_01985	Prau.g_00034
OG0000166	Prbl.g_01986	Prau.g_00035
OG0000167	Prbl.g_01987	Prau.g_00036
OG0000168	Prbl.g_01988	Prau.g_00047
OG0000169	Prbl.g_01990	Prau.g_00049
OG0000170	Prbl.g_02241	Prau.g_00050
OG0000171	Prbl.g_02243	Prau.g_00051
OG0000172	Prbl.g_02244	Prau.g_00053
OG0000173	Prbl.g_02251	Prau.g_00054
OG0000174	Prbl.g_02258	Prau.g_00055
OG0000175	Prbl.g_02266	Prau.g_00056
OG0000176	Prbl.g_02274	Prau.g_00058
OG0000177	Prbl.g_02275	Prau.g_00059
OG0000178	Prbl.g_02276	Prau.g_00060
OG0000179	Prbl.g_00614	Prau.g_00066
OG0000180	Prbl.g_00613	Prau.g_00067
OG0000181	Prbl.g_00612	Prau.g_00068
OG0000182	Prbl.g_00608	Prau.g_00071
OG0000183	Prbl.g_00607	Prau.g_00072
OG0000184	Prbl.g_00603	Prau.g_00074
OG0000185	Prbl.g_00597	Prau.g_00078
OG0000186	Prbl.g_00596	Prau.g_00079
OG0000187	Prbl.g_01075	Prau.g_00080
OG0000188	Prbl.g_00595	Prau.g_00081
OG0000189	Prbl.g_00592	Prau.g_00082
OG0000190	Prbl.g_00591	Prau.g_00083
OG0000191	Prbl.g_00590	Prau.g_00084
OG0000192	Prbl.g_00589	Prau.g_00085
OG0000193	Prbl.g_00588	Prau.g_00086
OG0000194	Prbl.g_00587	Prau.g_00087
OG0000195	Prbl.g_00583	Prau.g_00089
OG0000196	Prbl.g_00582	Prau.g_00090
OG0000197	Prbl.g_00576	Prau.g_00091
OG0000198	Prbl.g_00572	Prau.g_00092
OG0000199	Prbl.g_00567	Prau.g_00095
OG0000200	Prbl.g_00566	Prau.g_00096
OG0000201	Prbl.g_00565	Prau.g_00097
OG0000202	Prbl.g_00563	Prau.g_00098
OG0000203	Prbl.g_00562	Prau.g_00099
OG0000204	Prbl.g_00561	Prau.g_00100
OG0000205	Prbl.g_00559	Prau.g_00101
OG0000206	Prbl.g_00558	Prau.g_00102
OG0000207	Prbl.g_00557	Prau.g_00103
OG0000208	Prbl.g_00556	Prau.g_00104
OG0000209	Prbl.g_00555	Prau.g_00105
OG0000210	Prbl.g_00553	Prau.g_00107
OG0000211	Prbl.g_00552	Prau.g_00108
OG0000212	Prbl.g_00551	Prau.g_00109
OG0000213	Prbl.g_00548	Prau.g_00110
OG0000214	Prbl.g_00542	Prau.g_00112
OG0000215	Prbl.g_01332	Prau.g_00113
OG0000216	Prbl.g_01330	Prau.g_00115
OG0000217	Prbl.g_01328	Prau.g_00116
OG0000218	Prbl.g_01326	Prau.g_00117
OG0000219	Prbl.g_01325	Prau.g_00118
OG0000220	Prbl.g_01320	Prau.g_00121
OG0000221	Prbl.g_01315	Prau.g_00123
OG0000222	Prbl.g_01314	Prau.g_00124
OG0000223	Prbl.g_01313	Prau.g_00125
OG0000224	Prbl.g_00827	Prau.g_00128
OG0000225	Prbl.g_00825	Prau.g_00130
OG0000226	Prbl.g_00822	Prau.g_00131
OG0000227	Prbl.g_00820	Prau.g_00132
OG0000228	Prbl.g_00819	Prau.g_00133
OG0000229	Prbl.g_00818	Prau.g_00134
OG0000230	Prbl.g_00817	Prau.g_00135
OG0000231	Prbl.g_00815	Prau.g_00137
OG0000232	Prbl.g_00814	Prau.g_00138
OG0000233	Prbl.g_00809	Prau.g_00141
OG0000234	Prbl.g_00305	Prau.g_00143
OG0000235	Prbl.g_00303	Prau.g_00146
OG0000236	Prbl.g_00302	Prau.g_00147
OG0000237	Prbl.g_00301	Prau.g_00148
OG0000238	Prbl.g_00300	Prau.g_00149
OG0000239	Prbl.g_00299	Prau.g_00150
OG0000240	Prbl.g_00297	Prau.g_00152
OG0000241	Prbl.g_00296	Prau.g_00153
OG0000242	Prbl.g_00295	Prau.g_00154
OG0000243	Prbl.g_00294	Prau.g_00155
OG0000244	Prbl.g_00293	Prau.g_00156
OG0000245	Prbl.g_00291	Prau.g_00157
OG0000246	Prbl.g_00289	Prau.g_00159
OG0000247	Prbl.g_00288	Prau.g_00160
OG0000248	Prbl.g_00287	Prau.g_00161
OG0000249	Prbl.g_00286	Prau.g_00162
OG0000250	Prbl.g_00285	Prau.g_00163
OG0000251	Prbl.g_00284	Prau.g_00164
OG0000252	Prbl.g_00283	Prau.g_00165
OG0000253	Prbl.g_00282	Prau.g_00166
OG0000254	Prbl.g_00280	Prau.g_00168
OG0000255	Prbl.g_00279	Prau.g_00169
OG0000256	Prbl.g_00276	Prau.g_00172
OG0000257	Prbl.g_00275	Prau.g_00174
OG0000258	Prbl.g_00274	Prau.g_00175
OG0000259	Prbl.g_00273	Prau.g_00176
OG0000260	Prbl.g_00272	Prau.g_00177
OG0000261	Prbl.g_00271	Prau.g_00178
OG0000262	Prbl.g_00270	Prau.g_00179
OG0000263	Prbl.g_00269	Prau.g_00180
OG0000264	Prbl.g_02377	Prau.g_00182
OG0000265	Prbl.g_00066	Prau.g_00183
OG0000266	Prbl.g_00068	Prau.g_00184
OG0000267	Prbl.g_00072	Prau.g_00186
OG0000268	Prbl.g_00074	Prau.g_00187
OG0000269	Prbl.g_00077	Prau.g_00188
OG0000270	Prbl.g_00079	Prau.g_00189
OG0000271	Prbl.g_00082	Prau.g_00190
OG0000272	Prbl.g_00083	Prau.g_00191
OG0000273	Prbl.g_00086	Prau.g_00192
OG0000274	Prbl.g_00088	Prau.g_00193
OG0000275	Prbl.g_00089	Prau.g_00194
OG0000276	Prbl.g_00090	Prau.g_00195
OG0000277	Prbl.g_00091	Prau.g_00196
OG0000278	Prbl.g_00092	Prau.g_00197
OG0000279	Prbl.g_00093	Prau.g_00198
OG0000280	Prbl.g_00094	Prau.g_00199
OG0000281	Prbl.g_00096	Prau.g_00201
OG0000282	Prbl.g_00097	Prau.g_00202
OG0000283	Prbl.g_00104	Prau.g_00205
OG0000284	Prbl.g_00105	Prau.g_00206
OG0000285	Prbl.g_01283	Prau.g_00207
OG0000286	Prbl.g_01281	Prau.g_00209
OG0000287	Prbl.g_00130	Prau.g_00210
OG0000288	Prbl.g_00129	Prau.g_00211
OG0000289	Prbl.g_00127	Prau.g_00212
OG0000290	Prbl.g_00126	Prau.g_00213
OG0000291	Prbl.g_00124	Prau.g_00214
OG0000292	Prbl.g_01244	Prau.g_00215
OG0000293	Prbl.g_01245	Prau.g_00216
OG0000294	Prbl.g_01246	Prau.g_00217
OG0000295	Prbl.g_01252	Prau.g_00218
OG0000296	Prbl.g_01253	Prau.g_00219
OG0000297	Prbl.g_01256	Prau.g_00220
OG0000298	Prbl.g_01257	Prau.g_00221
OG0000299	Prbl.g_01258	Prau.g_00222
OG0000300	Prbl.g_01259	Prau.g_00223
OG0000301	Prbl.g_01260	Prau.g_00224
OG0000302	Prbl.g_01261	Prau.g_00225
OG0000303	Prbl.g_01262	Prau.g_00226
OG0000304	Prbl.g_01264	Prau.g_00227
OG0000305	Prbl.g_01265	Prau.g_00228
OG0000306	Prbl.g_01266	Prau.g_00229
OG0000307	Prbl.g_01918	Prau.g_00230
OG0000308	Prbl.g_01769	Prau.g_00231
OG0000309	Prbl.g_01770	Prau.g_00232
OG0000310	Prbl.g_01771	Prau.g_00233
OG0000311	Prbl.g_01922	Prau.g_00234
OG0000312	Prbl.g_01923	Prau.g_00236
OG0000313	Prbl.g_00199	Prau.g_00237
OG0000314	Prbl.g_00193	Prau.g_00240
OG0000315	Prbl.g_00192	Prau.g_00241
OG0000316	Prbl.g_02679	Prau.g_00244
OG0000317	Prbl.g_02666	Prau.g_00246
OG0000318	Prbl.g_01516	Prau.g_00247
OG0000319	Prbl.g_01515	Prau.g_00248
OG0000320	Prbl.g_01513	Prau.g_00249
OG0000321	Prbl.g_01508	Prau.g_00252
OG0000322	Prbl.g_01499	Prau.g_00255
OG0000323	Prbl.g_01498	Prau.g_00256
OG0000324	Prbl.g_01496	Prau.g_00259
OG0000325	Prbl.g_01494	Prau.g_00261
OG0000326	Prbl.g_01492	Prau.g_00262
OG0000327	Prbl.g_01486	Prau.g_00264
OG0000328	Prbl.g_01919	Prau.g_00265
OG0000329	Prbl.g_01473	Prau.g_00266
OG0000330	Prbl.g_01472	Prau.g_00267
OG0000331	Prbl.g_01470	Prau.g_00268
OG0000332	Prbl.g_01469	Prau.g_00269
OG0000333	Prbl.g_01468	Prau.g_00270
OG0000334	Prbl.g_01467	Prau.g_00271
OG0000335	Prbl.g_01466	Prau.g_00272
OG0000336	Prbl.g_01464	Prau.g_00273
OG0000337	Prbl.g_01459	Prau.g_00277
OG0000338	Prbl.g_01458	Prau.g_00278
OG0000339	Prbl.g_01457	Prau.g_00279
OG0000340	Prbl.g_01455	Prau.g_00280
OG0000341	Prbl.g_01450	Prau.g_00284
OG0000342	Prbl.g_01449	Prau.g_00285
OG0000343	Prbl.g_01447	Prau.g_00287
OG0000344	Prbl.g_01445	Prau.g_00288
OG0000345	Prbl.g_01444	Prau.g_00289
OG0000346	Prbl.g_01443	Prau.g_00290
OG0000347	Prbl.g_01442	Prau.g_00291
OG0000348	Prbl.g_01441	Prau.g_00292
OG0000349	Prbl.g_01440	Prau.g_00293
OG0000350	Prbl.g_01439	Prau.g_00294
OG0000351	Prbl.g_01435	Prau.g_00297
OG0000352	Prbl.g_01431	Prau.g_00300
OG0000353	Prbl.g_01428	Prau.g_00301
OG0000354	Prbl.g_01427	Prau.g_00302
OG0000355	Prbl.g_01426	Prau.g_00303
OG0000356	Prbl.g_01421	Prau.g_00304
OG0000357	Prbl.g_01420	Prau.g_00305
OG0000358	Prbl.g_01419	Prau.g_00306
OG0000359	Prbl.g_01417	Prau.g_00307
OG0000360	Prbl.g_01414	Prau.g_00310
OG0000361	Prbl.g_01413	Prau.g_00311
OG0000362	Prbl.g_00911	Prau.g_00312
OG0000363	Prbl.g_00909	Prau.g_00313
OG0000364	Prbl.g_00908	Prau.g_00314
OG0000365	Prbl.g_00907	Prau.g_00315
OG0000366	Prbl.g_00906	Prau.g_00316
OG0000367	Prbl.g_00905	Prau.g_00317
OG0000368	Prbl.g_00904	Prau.g_00318
OG0000369	Prbl.g_00903	Prau.g_00319
OG0000370	Prbl.g_00902	Prau.g_00320
OG0000371	Prbl.g_00901	Prau.g_00321
OG0000372	Prbl.g_00898	Prau.g_00323
OG0000373	Prbl.g_00888	Prau.g_00325
OG0000374	Prbl.g_00886	Prau.g_00326
OG0000375	Prbl.g_00877	Prau.g_00327
OG0000376	Prbl.g_01183	Prau.g_00329
OG0000377	Prbl.g_01190	Prau.g_00330
OG0000378	Prbl.g_01191	Prau.g_00331
OG0000379	Prbl.g_01201	Prau.g_00336
OG0000380	Prbl.g_01203	Prau.g_00337
OG0000381	Prbl.g_01204	Prau.g_00338
OG0000382	Prbl.g_01206	Prau.g_00340
OG0000383	Prbl.g_01210	Prau.g_00343
OG0000384	Prbl.g_01211	Prau.g_00344
OG0000385	Prbl.g_01217	Prau.g_00347
OG0000386	Prbl.g_01218	Prau.g_00348
OG0000387	Prbl.g_01219	Prau.g_00349
OG0000388	Prbl.g_01220	Prau.g_00350
OG0000389	Prbl.g_01221	Prau.g_00351
OG0000390	Prbl.g_01222	Prau.g_00352
OG0000391	Prbl.g_01223	Prau.g_00353
OG0000392	Prbl.g_01224	Prau.g_00354
OG0000393	Prbl.g_02673	Prau.g_00357
OG0000394	Prbl.g_02674	Prau.g_00358
OG0000395	Prbl.g_02678	Prau.g_00360
OG0000396	Prbl.g_01564	Prau.g_00361
OG0000397	Prbl.g_00609	Prau.g_00374
OG0000398	Prbl.g_00410	Prau.g_00382
OG0000399	Prbl.g_01693	Prau.g_00383
OG0000400	Prbl.g_02681	Prau.g_00389
OG0000401	Prbl.g_00676	Prau.g_00472
OG0000402	Prbl.g_00675	Prau.g_00473
OG0000403	Prbl.g_00663	Prau.g_00474
OG0000404	Prbl.g_00653	Prau.g_00476
OG0000405	Prbl.g_00652	Prau.g_00477
OG0000406	Prbl.g_00650	Prau.g_00479
OG0000407	Prbl.g_00649	Prau.g_00480
OG0000408	Prbl.g_00648	Prau.g_00481
OG0000409	Prbl.g_00647	Prau.g_00482
OG0000410	Prbl.g_00645	Prau.g_00483
OG0000411	Prbl.g_00644	Prau.g_00484
OG0000412	Prbl.g_00643	Prau.g_00485
OG0000413	Prbl.g_00642	Prau.g_00486
OG0000414	Prbl.g_00641	Prau.g_00487
OG0000415	Prbl.g_00640	Prau.g_00488
OG0000416	Prbl.g_00639	Prau.g_00489
OG0000417	Prbl.g_00635	Prau.g_00490
OG0000418	Prbl.g_00634	Prau.g_00491
OG0000419	Prbl.g_00633	Prau.g_00492
OG0000420	Prbl.g_00632	Prau.g_00493
OG0000421	Prbl.g_00625	Prau.g_00494
OG0000422	Prbl.g_00623	Prau.g_00496
OG0000423	Prbl.g_00622	Prau.g_00497
OG0000424	Prbl.g_00619	Prau.g_00499
OG0000425	Prbl.g_01364	Prau.g_00503
OG0000426	Prbl.g_01363	Prau.g_00504
OG0000427	Prbl.g_01360	Prau.g_00505
OG0000428	Prbl.g_01348	Prau.g_00506
OG0000429	Prbl.g_01346	Prau.g_00507
OG0000430	Prbl.g_01344	Prau.g_00512
OG0000431	Prbl.g_01342	Prau.g_00514
OG0000432	Prbl.g_01341	Prau.g_00515
OG0000433	Prbl.g_00503	Prau.g_00518
OG0000434	Prbl.g_00506	Prau.g_00519
OG0000435	Prbl.g_00510	Prau.g_00520
OG0000436	Prbl.g_00512	Prau.g_00522
OG0000437	Prbl.g_00514	Prau.g_00524
OG0000438	Prbl.g_00515	Prau.g_00525
OG0000439	Prbl.g_00516	Prau.g_00526
OG0000440	Prbl.g_00519	Prau.g_00528
OG0000441	Prbl.g_00521	Prau.g_00529
OG0000442	Prbl.g_00522	Prau.g_00530
OG0000443	Prbl.g_00523	Prau.g_00531
OG0000444	Prbl.g_00524	Prau.g_00532
OG0000445	Prbl.g_00525	Prau.g_00533
OG0000446	Prbl.g_00526	Prau.g_00534
OG0000447	Prbl.g_00527	Prau.g_00535
OG0000448	Prbl.g_00528	Prau.g_00536
OG0000449	Prbl.g_00536	Prau.g_00541
OG0000450	Prbl.g_00806	Prau.g_00542
OG0000451	Prbl.g_00805	Prau.g_00543
OG0000452	Prbl.g_00804	Prau.g_00544
OG0000453	Prbl.g_00801	Prau.g_00546
OG0000454	Prbl.g_00800	Prau.g_00547
OG0000455	Prbl.g_00799	Prau.g_00548
OG0000456	Prbl.g_00798	Prau.g_00549
OG0000457	Prbl.g_00797	Prau.g_00551
OG0000458	Prbl.g_00795	Prau.g_00553
OG0000459	Prbl.g_00794	Prau.g_00554
OG0000460	Prbl.g_00792	Prau.g_00556
OG0000461	Prbl.g_00791	Prau.g_00557
OG0000462	Prbl.g_00790	Prau.g_00558
OG0000463	Prbl.g_00785	Prau.g_00559
OG0000464	Prbl.g_00780	Prau.g_00564
OG0000465	Prbl.g_00779	Prau.g_00565
OG0000466	Prbl.g_00778	Prau.g_00566
OG0000467	Prbl.g_00776	Prau.g_00567
OG0000468	Prbl.g_00775	Prau.g_00568
OG0000469	Prbl.g_00770	Prau.g_00569
OG0000470	Prbl.g_01526	Prau.g_00570
OG0000471	Prbl.g_00032	Prau.g_00571
OG0000472	Prbl.g_00765	Prau.g_00574
OG0000473	Prbl.g_00763	Prau.g_00575
OG0000474	Prbl.g_00761	Prau.g_00576
OG0000475	Prbl.g_00760	Prau.g_00577
OG0000476	Prbl.g_00754	Prau.g_00578
OG0000477	Prbl.g_00751	Prau.g_00580
OG0000478	Prbl.g_00749	Prau.g_00581
OG0000479	Prbl.g_00747	Prau.g_00582
OG0000480	Prbl.g_02645	Prau.g_00584
OG0000481	Prbl.g_01878	Prau.g_00585
OG0000482	Prbl.g_01879	Prau.g_00586
OG0000483	Prbl.g_01881	Prau.g_00587
OG0000484	Prbl.g_01882	Prau.g_00588
OG0000485	Prbl.g_01883	Prau.g_00589
OG0000486	Prbl.g_01884	Prau.g_00590
OG0000487	Prbl.g_01885	Prau.g_00591
OG0000488	Prbl.g_01887	Prau.g_00593
OG0000489	Prbl.g_01888	Prau.g_00594
OG0000490	Prbl.g_01889	Prau.g_00595
OG0000491	Prbl.g_01890	Prau.g_00596
OG0000492	Prbl.g_01891	Prau.g_00597
OG0000493	Prbl.g_01892	Prau.g_00598
OG0000494	Prbl.g_01894	Prau.g_00600
OG0000495	Prbl.g_01895	Prau.g_00601
OG0000496	Prbl.g_01897	Prau.g_00602
OG0000497	Prbl.g_01899	Prau.g_00603
OG0000498	Prbl.g_01900	Prau.g_00604
OG0000499	Prbl.g_01902	Prau.g_00606
OG0000500	Prbl.g_01903	Prau.g_00607
OG0000501	Prbl.g_01801	Prau.g_00609
OG0000502	Prbl.g_01800	Prau.g_00610
OG0000503	Prbl.g_01799	Prau.g_00611
OG0000504	Prbl.g_01797	Prau.g_00612
OG0000505	Prbl.g_01796	Prau.g_00613
OG0000506	Prbl.g_01795	Prau.g_00614
OG0000507	Prbl.g_01794	Prau.g_00615
OG0000508	Prbl.g_01790	Prau.g_00617
OG0000509	Prbl.g_01789	Prau.g_00618
OG0000510	Prbl.g_01788	Prau.g_00619
OG0000511	Prbl.g_01787	Prau.g_00620
OG0000512	Prbl.g_01786	Prau.g_00621
OG0000513	Prbl.g_01785	Prau.g_00622
OG0000514	Prbl.g_01784	Prau.g_00623
OG0000515	Prbl.g_01781	Prau.g_00625
OG0000516	Prbl.g_01780	Prau.g_00626
OG0000517	Prbl.g_01779	Prau.g_00627
OG0000518	Prbl.g_01775	Prau.g_00629
OG0000519	Prbl.g_01774	Prau.g_00630
OG0000520	Prbl.g_01773	Prau.g_00631
OG0000521	Prbl.g_01772	Prau.g_00632
OG0000522	Prbl.g_01766	Prau.g_00633
OG0000523	Prbl.g_01765	Prau.g_00634
OG0000524	Prbl.g_01764	Prau.g_00635
OG0000525	Prbl.g_01762	Prau.g_00637
OG0000526	Prbl.g_01761	Prau.g_00638
OG0000527	Prbl.g_01760	Prau.g_00639
OG0000528	Prbl.g_01759	Prau.g_00640
OG0000529	Prbl.g_01758	Prau.g_00641
OG0000530	Prbl.g_01757	Prau.g_00642
OG0000531	Prbl.g_01754	Prau.g_00643
OG0000532	Prbl.g_01752	Prau.g_00644
OG0000533	Prbl.g_01751	Prau.g_00645
OG0000534	Prbl.g_01750	Prau.g_00646
OG0000535	Prbl.g_01749	Prau.g_00647
OG0000536	Prbl.g_01748	Prau.g_00648
OG0000537	Prbl.g_01747	Prau.g_00649
OG0000538	Prbl.g_01746	Prau.g_00650
OG0000539	Prbl.g_01744	Prau.g_00651
OG0000540	Prbl.g_01742	Prau.g_00652
OG0000541	Prbl.g_01610	Prau.g_00653
OG0000542	Prbl.g_01611	Prau.g_00654
OG0000543	Prbl.g_01612	Prau.g_00655
OG0000544	Prbl.g_01613	Prau.g_00656
OG0000545	Prbl.g_01616	Prau.g_00661
OG0000546	Prbl.g_01617	Prau.g_00662
OG0000547	Prbl.g_01619	Prau.g_00664
OG0000548	Prbl.g_01624	Prau.g_00665
OG0000549	Prbl.g_01625	Prau.g_00666
OG0000550	Prbl.g_01626	Prau.g_00667
OG0000551	Prbl.g_01629	Prau.g_00668
OG0000552	Prbl.g_01631	Prau.g_00669
OG0000553	Prbl.g_01632	Prau.g_00670
OG0000554	Prbl.g_01634	Prau.g_00671
OG0000555	Prbl.g_01635	Prau.g_00672
OG0000556	Prbl.g_01636	Prau.g_00673
OG0000557	Prbl.g_01637	Prau.g_00674
OG0000558	Prbl.g_01639	Prau.g_00675
OG0000559	Prbl.g_01640	Prau.g_00676
OG0000560	Prbl.g_01642	Prau.g_00678
OG0000561	Prbl.g_01643	Prau.g_00679
OG0000562	Prbl.g_01645	Prau.g_00680
OG0000563	Prbl.g_01646	Prau.g_00681
OG0000564	Prbl.g_01647	Prau.g_00682
OG0000565	Prbl.g_01655	Prau.g_00683
OG0000566	Prbl.g_01656	Prau.g_00684
OG0000567	Prbl.g_01657	Prau.g_00685
OG0000568	Prbl.g_01658	Prau.g_00686
OG0000569	Prbl.g_01659	Prau.g_00687
OG0000570	Prbl.g_01662	Prau.g_00688
OG0000571	Prbl.g_01663	Prau.g_00689
OG0000572	Prbl.g_01664	Prau.g_00690
OG0000573	Prbl.g_01041	Prau.g_00693
OG0000574	Prbl.g_01032	Prau.g_00694
OG0000575	Prbl.g_01031	Prau.g_00695
OG0000576	Prbl.g_01030	Prau.g_00696
OG0000577	Prbl.g_01412	Prau.g_00697
OG0000578	Prbl.g_01411	Prau.g_00698
OG0000579	Prbl.g_01409	Prau.g_00699
OG0000580	Prbl.g_01406	Prau.g_00700
OG0000581	Prbl.g_01405	Prau.g_00701
OG0000582	Prbl.g_01404	Prau.g_00702
OG0000583	Prbl.g_01403	Prau.g_00703
OG0000584	Prbl.g_01401	Prau.g_00704
OG0000585	Prbl.g_01400	Prau.g_00705
OG0000586	Prbl.g_01398	Prau.g_00707
OG0000587	Prbl.g_01397	Prau.g_00708
OG0000588	Prbl.g_01394	Prau.g_00710
OG0000589	Prbl.g_01392	Prau.g_00711
OG0000590	Prbl.g_00891	Prau.g_00713
OG0000591	Prbl.g_01915	Prau.g_00719
OG0000592	Prbl.g_00027	Prau.g_00720
OG0000593	Prbl.g_01242	Prau.g_00721
OG0000594	Prbl.g_02295	Prau.g_00723
OG0000595	Prbl.g_01046	Prau.g_00724
OG0000596	Prbl.g_01869	Prau.g_00725
OG0000597	Prbl.g_01847	Prau.g_00727
OG0000598	Prbl.g_01853	Prau.g_00728
OG0000599	Prbl.g_01857	Prau.g_00729
OG0000600	Prbl.g_01858	Prau.g_00730
OG0000601	Prbl.g_01872	Prau.g_00732
OG0000602	Prbl.g_01873	Prau.g_00733
OG0000603	Prbl.g_01874	Prau.g_00734
OG0000604	Prbl.g_00021	Prau.g_00735
OG0000605	Prbl.g_00022	Prau.g_00736
OG0000606	Prbl.g_00024	Prau.g_00737
OG0000607	Prbl.g_00026	Prau.g_00739
OG0000608	Prbl.g_02373	Prau.g_00740
OG0000609	Prbl.g_02137	Prau.g_00744
OG0000610	Prbl.g_00120	Prau.g_00745
OG0000611	Prbl.g_02565	Prau.g_00756
OG0000612	Prbl.g_02564	Prau.g_00757
OG0000613	Prbl.g_02563	Prau.g_00758
OG0000614	Prbl.g_02562	Prau.g_00759
OG0000615	Prbl.g_02561	Prau.g_00761
OG0000616	Prbl.g_02560	Prau.g_00762
OG0000617	Prbl.g_02559	Prau.g_00763
OG0000618	Prbl.g_02558	Prau.g_00764
OG0000619	Prbl.g_02556	Prau.g_00765
OG0000620	Prbl.g_02555	Prau.g_00766
OG0000621	Prbl.g_02554	Prau.g_00767
OG0000622	Prbl.g_02553	Prau.g_00768
OG0000623	Prbl.g_02552	Prau.g_00769
OG0000624	Prbl.g_02551	Prau.g_00770
OG0000625	Prbl.g_02550	Prau.g_00771
OG0000626	Prbl.g_02549	Prau.g_00772
OG0000627	Prbl.g_02426	Prau.g_00773
OG0000628	Prbl.g_02427	Prau.g_00774
OG0000629	Prbl.g_02430	Prau.g_00775
OG0000630	Prbl.g_02431	Prau.g_00776
OG0000631	Prbl.g_02434	Prau.g_00778
OG0000632	Prbl.g_00040	Prau.g_00796
OG0000633	Prbl.g_01904	Prau.g_00800
OG0000634	Prbl.g_00534	Prau.g_00816
OG0000635	Prbl.g_02470	Prau.g_00818
OG0000636	Prbl.g_02469	Prau.g_00819
OG0000637	Prbl.g_02468	Prau.g_00820
OG0000638	Prbl.g_01195	Prau.g_00832
OG0000639	Prbl.g_01930	Prau.g_00841
OG0000640	Prbl.g_02435	Prau.g_00843
OG0000641	Prbl.g_02440	Prau.g_00845
OG0000642	Prbl.g_02441	Prau.g_00846
OG0000643	Prbl.g_02442	Prau.g_00847
OG0000644	Prbl.g_02341	Prau.g_00848
OG0000645	Prbl.g_02340	Prau.g_00849
OG0000646	Prbl.g_02339	Prau.g_00850
OG0000647	Prbl.g_02338	Prau.g_00851
OG0000648	Prbl.g_02336	Prau.g_00853
OG0000649	Prbl.g_02335	Prau.g_00854
OG0000650	Prbl.g_02334	Prau.g_00855
OG0000651	Prbl.g_02333	Prau.g_00856
OG0000652	Prbl.g_02332	Prau.g_00857
OG0000653	Prbl.g_02331	Prau.g_00858
OG0000654	Prbl.g_02329	Prau.g_00860
OG0000655	Prbl.g_02327	Prau.g_00862
OG0000656	Prbl.g_02326	Prau.g_00863
OG0000657	Prbl.g_02325	Prau.g_00864
OG0000658	Prbl.g_02324	Prau.g_00865
OG0000659	Prbl.g_02323	Prau.g_00866
OG0000660	Prbl.g_02322	Prau.g_00867
OG0000661	Prbl.g_02320	Prau.g_00868
OG0000662	Prbl.g_02317	Prau.g_00869
OG0000663	Prbl.g_02316	Prau.g_00870
OG0000664	Prbl.g_02315	Prau.g_00871
OG0000665	Prbl.g_02314	Prau.g_00872
OG0000666	Prbl.g_02313	Prau.g_00873
OG0000667	Prbl.g_02312	Prau.g_00874
OG0000668	Prbl.g_02311	Prau.g_00875
OG0000669	Prbl.g_02309	Prau.g_00877
OG0000670	Prbl.g_02308	Prau.g_00878
OG0000671	Prbl.g_02307	Prau.g_00879
OG0000672	Prbl.g_02306	Prau.g_00880
OG0000673	Prbl.g_02305	Prau.g_00881
OG0000674	Prbl.g_02304	Prau.g_00882
OG0000675	Prbl.g_01534	Prau.g_00884
OG0000676	Prbl.g_01535	Prau.g_00885
OG0000677	Prbl.g_01538	Prau.g_00887
OG0000678	Prbl.g_01540	Prau.g_00889
OG0000679	Prbl.g_01542	Prau.g_00890
OG0000680	Prbl.g_01543	Prau.g_00891
OG0000681	Prbl.g_01544	Prau.g_00892
OG0000682	Prbl.g_01545	Prau.g_00893
OG0000683	Prbl.g_01547	Prau.g_00895
OG0000684	Prbl.g_01548	Prau.g_00896
OG0000685	Prbl.g_01549	Prau.g_00897
OG0000686	Prbl.g_01550	Prau.g_00898
OG0000687	Prbl.g_01551	Prau.g_00899
OG0000688	Prbl.g_01552	Prau.g_00900
OG0000689	Prbl.g_01554	Prau.g_00902
OG0000690	Prbl.g_01555	Prau.g_00903
OG0000691	Prbl.g_01556	Prau.g_00904
OG0000692	Prbl.g_01567	Prau.g_00906
OG0000693	Prbl.g_01568	Prau.g_00907
OG0000694	Prbl.g_01571	Prau.g_00908
OG0000695	Prbl.g_01576	Prau.g_00909
OG0000696	Prbl.g_01577	Prau.g_00910
OG0000697	Prbl.g_01579	Prau.g_00912
OG0000698	Prbl.g_02423	Prau.g_00914
OG0000699	Prbl.g_02546	Prau.g_00915
OG0000700	Prbl.g_02530	Prau.g_00942
OG0000701	Prbl.g_01329	Prau.g_00946
OG0000702	Prbl.g_01588	Prau.g_00949
OG0000703	Prbl.g_02414	Prau.g_00950
OG0000704	Prbl.g_01078	Prau.g_00951
OG0000705	Prbl.g_02413	Prau.g_00952
OG0000706	Prbl.g_02412	Prau.g_00953
OG0000707	Prbl.g_02410	Prau.g_00954
OG0000708	Prbl.g_02409	Prau.g_00955
OG0000709	Prbl.g_02407	Prau.g_00956
OG0000710	Prbl.g_02406	Prau.g_00957
OG0000711	Prbl.g_02405	Prau.g_00958
OG0000712	Prbl.g_02404	Prau.g_00959
OG0000713	Prbl.g_02403	Prau.g_00960
OG0000714	Prbl.g_02395	Prau.g_00962
OG0000715	Prbl.g_02393	Prau.g_00963
OG0000716	Prbl.g_02388	Prau.g_00965
OG0000717	Prbl.g_02386	Prau.g_00966
OG0000718	Prbl.g_02383	Prau.g_00967
OG0000719	Prbl.g_02368	Prau.g_00969
OG0000720	Prbl.g_02367	Prau.g_00970
OG0000721	Prbl.g_02365	Prau.g_00973
OG0000722	Prbl.g_02364	Prau.g_00974
OG0000723	Prbl.g_02363	Prau.g_00975
OG0000724	Prbl.g_02350	Prau.g_00977
OG0000725	Prbl.g_02351	Prau.g_00978
OG0000726	Prbl.g_02352	Prau.g_00979
OG0000727	Prbl.g_02353	Prau.g_00980
OG0000728	Prbl.g_02354	Prau.g_00981
OG0000729	Prbl.g_02356	Prau.g_00982
OG0000730	Prbl.g_02359	Prau.g_00983
OG0000731	Prbl.g_02348	Prau.g_00984
OG0000732	Prbl.g_02347	Prau.g_00985
OG0000733	Prbl.g_02346	Prau.g_00986
OG0000734	Prbl.g_02345	Prau.g_00987
OG0000735	Prbl.g_02344	Prau.g_00989
OG0000736	Prbl.g_02343	Prau.g_00990
OG0000737	Prbl.g_02342	Prau.g_00991
OG0000738	Prbl.g_02443	Prau.g_00992
OG0000739	Prbl.g_02444	Prau.g_00993
OG0000740	Prbl.g_02445	Prau.g_00994
OG0000741	Prbl.g_02447	Prau.g_00995
OG0000742	Prbl.g_02449	Prau.g_00997
OG0000743	Prbl.g_02450	Prau.g_00998
OG0000744	Prbl.g_02452	Prau.g_00999
OG0000745	Prbl.g_02453	Prau.g_01000
OG0000746	Prbl.g_02454	Prau.g_01001
OG0000747	Prbl.g_01688	Prau.g_01002
OG0000748	Prbl.g_02462	Prau.g_01003
OG0000749	Prbl.g_02463	Prau.g_01004
OG0000750	Prbl.g_02465	Prau.g_01005
OG0000751	Prbl.g_02466	Prau.g_01006
OG0000752	Prbl.g_02210	Prau.g_01007
OG0000753	Prbl.g_02471	Prau.g_01009
OG0000754	Prbl.g_02472	Prau.g_01010
OG0000755	Prbl.g_02473	Prau.g_01011
OG0000756	Prbl.g_02475	Prau.g_01012
OG0000757	Prbl.g_02476	Prau.g_01013
OG0000758	Prbl.g_02477	Prau.g_01014
OG0000759	Prbl.g_02482	Prau.g_01016
OG0000760	Prbl.g_02483	Prau.g_01017
OG0000761	Prbl.g_02485	Prau.g_01018
OG0000762	Prbl.g_02487	Prau.g_01020
OG0000763	Prbl.g_02489	Prau.g_01021
OG0000764	Prbl.g_02491	Prau.g_01022
OG0000765	Prbl.g_02492	Prau.g_01023
OG0000766	Prbl.g_02493	Prau.g_01024
OG0000767	Prbl.g_02495	Prau.g_01026
OG0000768	Prbl.g_02496	Prau.g_01027
OG0000769	Prbl.g_02497	Prau.g_01028
OG0000770	Prbl.g_02498	Prau.g_01029
OG0000771	Prbl.g_02499	Prau.g_01030
OG0000772	Prbl.g_02608	Prau.g_01031
OG0000773	Prbl.g_02501	Prau.g_01032
OG0000774	Prbl.g_02503	Prau.g_01033
OG0000775	Prbl.g_02505	Prau.g_01034
OG0000776	Prbl.g_02508	Prau.g_01036
OG0000777	Prbl.g_02509	Prau.g_01038
OG0000778	Prbl.g_02510	Prau.g_01039
OG0000779	Prbl.g_02514	Prau.g_01040
OG0000780	Prbl.g_02516	Prau.g_01042
OG0000781	Prbl.g_02520	Prau.g_01044
OG0000782	Prbl.g_02521	Prau.g_01045
OG0000783	Prbl.g_02526	Prau.g_01058
OG0000784	Prbl.g_02528	Prau.g_01060
OG0000785	Prbl.g_02529	Prau.g_01061
OG0000786	Prbl.g_02531	Prau.g_01062
OG0000787	Prbl.g_02532	Prau.g_01063
OG0000788	Prbl.g_02538	Prau.g_01067
OG0000789	Prbl.g_02541	Prau.g_01069
OG0000790	Prbl.g_02209	Prau.g_01070
OG0000791	Prbl.g_02542	Prau.g_01071
OG0000792	Prbl.g_02543	Prau.g_01072
OG0000793	Prbl.g_02544	Prau.g_01073
OG0000794	Prbl.g_02547	Prau.g_01075
OG0000795	Prbl.g_00939	Prau.g_01078
OG0000796	Prbl.g_00938	Prau.g_01079
OG0000797	Prbl.g_00935	Prau.g_01081
OG0000798	Prbl.g_00934	Prau.g_01082
OG0000799	Prbl.g_00933	Prau.g_01083
OG0000800	Prbl.g_00932	Prau.g_01084
OG0000801	Prbl.g_00929	Prau.g_01087
OG0000802	Prbl.g_00928	Prau.g_01088
OG0000803	Prbl.g_00925	Prau.g_01090
OG0000804	Prbl.g_00924	Prau.g_01091
OG0000805	Prbl.g_00923	Prau.g_01092
OG0000806	Prbl.g_00922	Prau.g_01094
OG0000807	Prbl.g_02575	Prau.g_01118
OG0000808	Prbl.g_01603	Prau.g_01127
OG0000809	Prbl.g_00472	Prau.g_01130
OG0000810	Prbl.g_01686	Prau.g_01131
OG0000811	Prbl.g_02062	Prau.g_01138
OG0000812	Prbl.g_01199	Prau.g_01142
OG0000813	Prbl.g_01208	Prau.g_01146
OG0000814	Prbl.g_00687	Prau.g_01148
OG0000815	Prbl.g_01621	Prau.g_01160
OG0000816	Prbl.g_02197	Prau.g_01175
OG0000817	Prbl.g_02203	Prau.g_01176
OG0000818	Prbl.g_01931	Prau.g_01181
OG0000819	Prbl.g_00694	Prau.g_01188
OG0000820	Prbl.g_00545	Prau.g_01192
OG0000821	Prbl.g_02066	Prau.g_01194
OG0000822	Prbl.g_02067	Prau.g_01195
OG0000823	Prbl.g_02068	Prau.g_01196
OG0000824	Prbl.g_02069	Prau.g_01197
OG0000825	Prbl.g_02071	Prau.g_01198
OG0000826	Prbl.g_02072	Prau.g_01199
OG0000827	Prbl.g_02075	Prau.g_01200
OG0000828	Prbl.g_02077	Prau.g_01201
OG0000829	Prbl.g_02078	Prau.g_01202
OG0000830	Prbl.g_02081	Prau.g_01203
OG0000831	Prbl.g_02083	Prau.g_01205
OG0000832	Prbl.g_02085	Prau.g_01207
OG0000833	Prbl.g_02086	Prau.g_01208
OG0000834	Prbl.g_02088	Prau.g_01209
OG0000835	Prbl.g_02089	Prau.g_01210
OG0000836	Prbl.g_02090	Prau.g_01211
OG0000837	Prbl.g_02100	Prau.g_01213
OG0000838	Prbl.g_02102	Prau.g_01214
OG0000839	Prbl.g_02103	Prau.g_01215
OG0000840	Prbl.g_02104	Prau.g_01216
OG0000841	Prbl.g_02105	Prau.g_01217
OG0000842	Prbl.g_00178	Prau.g_01218
OG0000843	Prbl.g_00179	Prau.g_01219
OG0000844	Prbl.g_00180	Prau.g_01220
OG0000845	Prbl.g_00181	Prau.g_01221
OG0000846	Prbl.g_00184	Prau.g_01224
OG0000847	Prbl.g_00185	Prau.g_01226
OG0000848	Prbl.g_01379	Prau.g_01227
OG0000849	Prbl.g_01382	Prau.g_01228
OG0000850	Prbl.g_01383	Prau.g_01229
OG0000851	Prbl.g_01120	Prau.g_01230
OG0000852	Prbl.g_01118	Prau.g_01232
OG0000853	Prbl.g_01116	Prau.g_01233
OG0000854	Prbl.g_01114	Prau.g_01235
OG0000855	Prbl.g_01113	Prau.g_01236
OG0000856	Prbl.g_01112	Prau.g_01237
OG0000857	Prbl.g_01111	Prau.g_01238
OG0000858	Prbl.g_01110	Prau.g_01239
OG0000859	Prbl.g_01109	Prau.g_01240
OG0000860	Prbl.g_01108	Prau.g_01241
OG0000861	Prbl.g_01377	Prau.g_01242
OG0000862	Prbl.g_01376	Prau.g_01243
OG0000863	Prbl.g_01375	Prau.g_01244
OG0000864	Prbl.g_01374	Prau.g_01245
OG0000865	Prbl.g_01372	Prau.g_01246
OG0000866	Prbl.g_02579	Prau.g_01247
OG0000867	Prbl.g_02580	Prau.g_01248
OG0000868	Prbl.g_02582	Prau.g_01249
OG0000869	Prbl.g_02585	Prau.g_01251
OG0000870	Prbl.g_02586	Prau.g_01252
OG0000871	Prbl.g_02590	Prau.g_01254
OG0000872	Prbl.g_02591	Prau.g_01255
OG0000873	Prbl.g_02593	Prau.g_01257
OG0000874	Prbl.g_02594	Prau.g_01258
OG0000875	Prbl.g_00187	Prau.g_01259
OG0000876	Prbl.g_00186	Prau.g_01260
OG0000877	Prbl.g_01103	Prau.g_01262
OG0000878	Prbl.g_00461	Prau.g_01346
OG0000879	Prbl.g_00115	Prau.g_01359
OG0000880	Prbl.g_00114	Prau.g_01360
OG0000881	Prbl.g_00113	Prau.g_01361
OG0000882	Prbl.g_01711	Prau.g_01362
OG0000883	Prbl.g_01713	Prau.g_01363
OG0000884	Prbl.g_01715	Prau.g_01366
OG0000885	Prbl.g_01716	Prau.g_01367
OG0000886	Prbl.g_01717	Prau.g_01368
OG0000887	Prbl.g_01718	Prau.g_01369
OG0000888	Prbl.g_01719	Prau.g_01370
OG0000889	Prbl.g_01723	Prau.g_01373
OG0000890	Prbl.g_01726	Prau.g_01374
OG0000891	Prbl.g_01727	Prau.g_01375
OG0000892	Prbl.g_01730	Prau.g_01377
OG0000893	Prbl.g_01731	Prau.g_01378
OG0000894	Prbl.g_01732	Prau.g_01379
OG0000895	Prbl.g_01733	Prau.g_01380
OG0000896	Prbl.g_01734	Prau.g_01381
OG0000897	Prbl.g_01735	Prau.g_01382
OG0000898	Prbl.g_01738	Prau.g_01384
OG0000899	Prbl.g_01739	Prau.g_01385
OG0000900	Prbl.g_00722	Prau.g_01391
OG0000901	Prbl.g_01333	Prau.g_01395
OG0000902	Prbl.g_00658	Prau.g_01396
OG0000903	Prbl.g_01572	Prau.g_01397
OG0000904	Prbl.g_01695	Prau.g_01399
OG0000905	Prbl.g_00926	Prau.g_01401
OG0000906	Prbl.g_02577	Prau.g_01403
OG0000907	Prbl.g_01586	Prau.g_01404
OG0000908	Prbl.g_00409	Prau.g_01407
OG0000909	Prbl.g_00501	Prau.g_01411
OG0000910	Prbl.g_00500	Prau.g_01412
OG0000911	Prbl.g_00499	Prau.g_01413
OG0000912	Prbl.g_00498	Prau.g_01414
OG0000913	Prbl.g_00497	Prau.g_01415
OG0000914	Prbl.g_00496	Prau.g_01416
OG0000915	Prbl.g_00495	Prau.g_01417
OG0000916	Prbl.g_00494	Prau.g_01418
OG0000917	Prbl.g_00492	Prau.g_01419
OG0000918	Prbl.g_00491	Prau.g_01420
OG0000919	Prbl.g_00490	Prau.g_01421
OG0000920	Prbl.g_00489	Prau.g_01422
OG0000921	Prbl.g_00488	Prau.g_01423
OG0000922	Prbl.g_00487	Prau.g_01424
OG0000923	Prbl.g_00486	Prau.g_01425
OG0000924	Prbl.g_00485	Prau.g_01426
OG0000925	Prbl.g_00484	Prau.g_01427
OG0000926	Prbl.g_00843	Prau.g_01436
OG0000927	Prbl.g_00152	Prau.g_01510
OG0000928	Prbl.g_00153	Prau.g_01511
OG0000929	Prbl.g_00154	Prau.g_01512
OG0000930	Prbl.g_00160	Prau.g_01513
OG0000931	Prbl.g_00161	Prau.g_01514
OG0000932	Prbl.g_00257	Prau.g_01516
OG0000933	Prbl.g_00255	Prau.g_01517
OG0000934	Prbl.g_00254	Prau.g_01518
OG0000935	Prbl.g_00253	Prau.g_01519
OG0000936	Prbl.g_00252	Prau.g_01520
OG0000937	Prbl.g_00251	Prau.g_01521
OG0000938	Prbl.g_00249	Prau.g_01522
OG0000939	Prbl.g_00248	Prau.g_01523
OG0000940	Prbl.g_00246	Prau.g_01524
OG0000941	Prbl.g_00244	Prau.g_01526
OG0000942	Prbl.g_00243	Prau.g_01527
OG0000943	Prbl.g_00240	Prau.g_01533
OG0000944	Prbl.g_00231	Prau.g_01534
OG0000945	Prbl.g_00230	Prau.g_01535
OG0000946	Prbl.g_00229	Prau.g_01536
OG0000947	Prbl.g_00228	Prau.g_01537
OG0000948	Prbl.g_00227	Prau.g_01538
OG0000949	Prbl.g_00226	Prau.g_01539
OG0000950	Prbl.g_00225	Prau.g_01540
OG0000951	Prbl.g_00224	Prau.g_01541
OG0000952	Prbl.g_00223	Prau.g_01542
OG0000953	Prbl.g_00222	Prau.g_01543
OG0000954	Prbl.g_00221	Prau.g_01544
OG0000955	Prbl.g_00220	Prau.g_01545
OG0000956	Prbl.g_00219	Prau.g_01546
OG0000957	Prbl.g_00218	Prau.g_01547
OG0000958	Prbl.g_00684	Prau.g_01548
OG0000959	Prbl.g_00685	Prau.g_01549
OG0000960	Prbl.g_00686	Prau.g_01550
OG0000961	Prbl.g_00693	Prau.g_01554
OG0000962	Prbl.g_00695	Prau.g_01555
OG0000963	Prbl.g_00696	Prau.g_01556
OG0000964	Prbl.g_00699	Prau.g_01558
OG0000965	Prbl.g_00700	Prau.g_01559
OG0000966	Prbl.g_00701	Prau.g_01560
OG0000967	Prbl.g_00702	Prau.g_01561
OG0000968	Prbl.g_00703	Prau.g_01562
OG0000969	Prbl.g_00704	Prau.g_01563
OG0000970	Prbl.g_00705	Prau.g_01564
OG0000971	Prbl.g_00706	Prau.g_01565
OG0000972	Prbl.g_00707	Prau.g_01566
OG0000973	Prbl.g_00708	Prau.g_01567
OG0000974	Prbl.g_00710	Prau.g_01569
OG0000975	Prbl.g_01086	Prau.g_01572
OG0000976	Prbl.g_00466	Prau.g_01574
OG0000977	Prbl.g_00456	Prau.g_01575
OG0000978	Prbl.g_00454	Prau.g_01576
OG0000979	Prbl.g_00452	Prau.g_01578
OG0000980	Prbl.g_00451	Prau.g_01579
OG0000981	Prbl.g_01604	Prau.g_01580
OG0000982	Prbl.g_00450	Prau.g_01581
OG0000983	Prbl.g_00448	Prau.g_01583
OG0000984	Prbl.g_00447	Prau.g_01584
OG0000985	Prbl.g_00446	Prau.g_01585
OG0000986	Prbl.g_00444	Prau.g_01586
OG0000987	Prbl.g_00443	Prau.g_01587
OG0000988	Prbl.g_00441	Prau.g_01588
OG0000989	Prbl.g_00440	Prau.g_01589
OG0000990	Prbl.g_00439	Prau.g_01590
OG0000991	Prbl.g_00438	Prau.g_01591
OG0000992	Prbl.g_00437	Prau.g_01592
OG0000993	Prbl.g_00436	Prau.g_01593
OG0000994	Prbl.g_00435	Prau.g_01594
OG0000995	Prbl.g_00433	Prau.g_01595
OG0000996	Prbl.g_00432	Prau.g_01596
OG0000997	Prbl.g_00431	Prau.g_01597
OG0000998	Prbl.g_00430	Prau.g_01598
OG0000999	Prbl.g_00429	Prau.g_01599
OG0001000	Prbl.g_00428	Prau.g_01600
OG0001001	Prbl.g_00427	Prau.g_01602
OG0001002	Prbl.g_00423	Prau.g_01603
OG0001003	Prbl.g_00422	Prau.g_01604
OG0001004	Prbl.g_01914	Prau.g_01605
OG0001005	Prbl.g_00420	Prau.g_01606
OG0001006	Prbl.g_00419	Prau.g_01607
OG0001007	Prbl.g_00418	Prau.g_01608
OG0001008	Prbl.g_00416	Prau.g_01610
OG0001009	Prbl.g_00415	Prau.g_01611
OG0001010	Prbl.g_01601	Prau.g_01619
OG0001011	Prbl.g_01627	Prau.g_01626
OG0001012	Prbl.g_02318	Prau.g_01652
OG0001013	Prbl.g_00404	Prau.g_01726
OG0001014	Prbl.g_00403	Prau.g_01727
OG0001015	Prbl.g_00393	Prau.g_01733
OG0001016	Prbl.g_00392	Prau.g_01734
OG0001017	Prbl.g_00391	Prau.g_01735
OG0001018	Prbl.g_00389	Prau.g_01736
OG0001019	Prbl.g_00385	Prau.g_01738
OG0001020	Prbl.g_00383	Prau.g_01739
OG0001021	Prbl.g_00382	Prau.g_01740
OG0001022	Prbl.g_00381	Prau.g_01741
OG0001023	Prbl.g_00380	Prau.g_01742
OG0001024	Prbl.g_00378	Prau.g_01743
OG0001025	Prbl.g_00377	Prau.g_01744
OG0001026	Prbl.g_00376	Prau.g_01746
OG0001027	Prbl.g_00375	Prau.g_01747
OG0001028	Prbl.g_00374	Prau.g_01748
OG0001029	Prbl.g_00373	Prau.g_01749
OG0001030	Prbl.g_00372	Prau.g_01750
OG0001031	Prbl.g_00371	Prau.g_01751
OG0001032	Prbl.g_00370	Prau.g_01752
OG0001033	Prbl.g_00369	Prau.g_01753
OG0001034	Prbl.g_00367	Prau.g_01754
OG0001035	Prbl.g_00365	Prau.g_01756
OG0001036	Prbl.g_00364	Prau.g_01757
OG0001037	Prbl.g_00362	Prau.g_01758
OG0001038	Prbl.g_00361	Prau.g_01759
OG0001039	Prbl.g_00360	Prau.g_01760
OG0001040	Prbl.g_00359	Prau.g_01761
OG0001041	Prbl.g_00358	Prau.g_01762
OG0001042	Prbl.g_00356	Prau.g_01763
OG0001043	Prbl.g_00355	Prau.g_01764
OG0001044	Prbl.g_00354	Prau.g_01765
OG0001045	Prbl.g_00353	Prau.g_01766
OG0001046	Prbl.g_00352	Prau.g_01767
OG0001047	Prbl.g_00348	Prau.g_01770
OG0001048	Prbl.g_00346	Prau.g_01772
OG0001049	Prbl.g_00345	Prau.g_01773
OG0001050	Prbl.g_00344	Prau.g_01774
OG0001051	Prbl.g_00343	Prau.g_01775
OG0001052	Prbl.g_00342	Prau.g_01776
OG0001053	Prbl.g_00340	Prau.g_01777
OG0001054	Prbl.g_00338	Prau.g_01779
OG0001055	Prbl.g_00337	Prau.g_01780
OG0001056	Prbl.g_00336	Prau.g_01781
OG0001057	Prbl.g_00335	Prau.g_01782
OG0001058	Prbl.g_00334	Prau.g_01783
OG0001059	Prbl.g_00333	Prau.g_01784
OG0001060	Prbl.g_00332	Prau.g_01785
OG0001061	Prbl.g_00331	Prau.g_01786
OG0001062	Prbl.g_00317	Prau.g_01787
OG0001063	Prbl.g_00316	Prau.g_01788
OG0001064	Prbl.g_02620	Prau.g_01790
OG0001065	Prbl.g_02680	Prau.g_01794
OG0001066	Prbl.g_02683	Prau.g_01795
OG0001067	Prbl.g_02684	Prau.g_01796
OG0001068	Prbl.g_01062	Prau.g_01798
OG0001069	Prbl.g_01061	Prau.g_01799
OG0001070	Prbl.g_01060	Prau.g_01800
OG0001071	Prbl.g_01059	Prau.g_01801
OG0001072	Prbl.g_01058	Prau.g_01802
OG0001073	Prbl.g_01057	Prau.g_01803
OG0001074	Prbl.g_01056	Prau.g_01804
OG0001075	Prbl.g_01055	Prau.g_01805
OG0001076	Prbl.g_01054	Prau.g_01806
OG0001077	Prbl.g_01053	Prau.g_01807
OG0001078	Prbl.g_01051	Prau.g_01808
OG0001079	Prbl.g_01050	Prau.g_01809
OG0001080	Prbl.g_01049	Prau.g_01810
OG0001081	Prbl.g_00954	Prau.g_01813
OG0001082	Prbl.g_00953	Prau.g_01814
OG0001083	Prbl.g_00949	Prau.g_01815
OG0001084	Prbl.g_00951	Prau.g_01817
OG0001085	Prbl.g_00952	Prau.g_01818
OG0001086	Prbl.g_00948	Prau.g_01819
OG0001087	Prbl.g_00947	Prau.g_01820
OG0001088	Prbl.g_01045	Prau.g_01821
OG0001089	Prbl.g_00956	Prau.g_01827
OG0001090	Prbl.g_00958	Prau.g_01829
OG0001091	Prbl.g_00959	Prau.g_01830
OG0001092	Prbl.g_00960	Prau.g_01831
OG0001093	Prbl.g_00961	Prau.g_01832
OG0001094	Prbl.g_00962	Prau.g_01833
OG0001095	Prbl.g_00963	Prau.g_01834
OG0001096	Prbl.g_00964	Prau.g_01835
OG0001097	Prbl.g_00965	Prau.g_01836
OG0001098	Prbl.g_00966	Prau.g_01837
OG0001099	Prbl.g_00967	Prau.g_01838
OG0001100	Prbl.g_00968	Prau.g_01839
OG0001101	Prbl.g_00969	Prau.g_01840
OG0001102	Prbl.g_00970	Prau.g_01841
OG0001103	Prbl.g_00971	Prau.g_01842
OG0001104	Prbl.g_00972	Prau.g_01843
OG0001105	Prbl.g_00973	Prau.g_01844
OG0001106	Prbl.g_00974	Prau.g_01845
OG0001107	Prbl.g_00975	Prau.g_01846
OG0001108	Prbl.g_00976	Prau.g_01847
OG0001109	Prbl.g_00977	Prau.g_01848
OG0001110	Prbl.g_00978	Prau.g_01849
OG0001111	Prbl.g_00979	Prau.g_01850
OG0001112	Prbl.g_00980	Prau.g_01851
OG0001113	Prbl.g_00981	Prau.g_01852
OG0001114	Prbl.g_00982	Prau.g_01853
OG0001115	Prbl.g_00983	Prau.g_01854
OG0001116	Prbl.g_00984	Prau.g_01855
OG0001117	Prbl.g_00985	Prau.g_01856
OG0001118	Prbl.g_00986	Prau.g_01857
OG0001119	Prbl.g_00987	Prau.g_01858
OG0001120	Prbl.g_00988	Prau.g_01859
OG0001121	Prbl.g_00991	Prau.g_01861
OG0001122	Prbl.g_00992	Prau.g_01862
OG0001123	Prbl.g_00993	Prau.g_01863
OG0001124	Prbl.g_00995	Prau.g_01865
OG0001125	Prbl.g_00997	Prau.g_01867
OG0001126	Prbl.g_00998	Prau.g_01868
OG0001127	Prbl.g_01127	Prau.g_01870
OG0001128	Prbl.g_01128	Prau.g_01871
OG0001129	Prbl.g_01131	Prau.g_01872
OG0001130	Prbl.g_01134	Prau.g_01875
OG0001131	Prbl.g_01135	Prau.g_01876
OG0001132	Prbl.g_01136	Prau.g_01877
OG0001133	Prbl.g_01137	Prau.g_01878
OG0001134	Prbl.g_01138	Prau.g_01879
OG0001135	Prbl.g_01139	Prau.g_01880
OG0001136	Prbl.g_01140	Prau.g_01881
OG0001137	Prbl.g_01141	Prau.g_01882
OG0001138	Prbl.g_01142	Prau.g_01883
OG0001139	Prbl.g_01144	Prau.g_01884
OG0001140	Prbl.g_01146	Prau.g_01885
OG0001141	Prbl.g_01147	Prau.g_01886
OG0001142	Prbl.g_01174	Prau.g_01889
OG0001143	Prbl.g_01175	Prau.g_01890
OG0001144	Prbl.g_01177	Prau.g_01891
OG0001145	Prbl.g_01178	Prau.g_01892
OG0001146	Prbl.g_01179	Prau.g_01893
OG0001147	Prbl.g_01180	Prau.g_01894
OG0001148	Prbl.g_01181	Prau.g_01895
OG0001149	Prbl.g_00863	Prau.g_01897
OG0001150	Prbl.g_00859	Prau.g_01898
OG0001151	Prbl.g_00856	Prau.g_01900
OG0001152	Prbl.g_00855	Prau.g_01901
OG0001153	Prbl.g_00853	Prau.g_01902
OG0001154	Prbl.g_00851	Prau.g_01904
OG0001155	Prbl.g_00848	Prau.g_01906
OG0001156	Prbl.g_00844	Prau.g_01908
OG0001157	Prbl.g_00842	Prau.g_01909
OG0001158	Prbl.g_00840	Prau.g_01911
OG0001159	Prbl.g_00839	Prau.g_01912
OG0001160	Prbl.g_00838	Prau.g_01913
OG0001161	Prbl.g_01307	Prau.g_01914
OG0001162	Prbl.g_01306	Prau.g_01915
OG0001163	Prbl.g_01305	Prau.g_01916
OG0001164	Prbl.g_01304	Prau.g_01917
OG0001165	Prbl.g_01303	Prau.g_01918
OG0001166	Prbl.g_01302	Prau.g_01919
OG0001167	Prbl.g_01291	Prau.g_01920
OG0001168	Prbl.g_01290	Prau.g_01921
OG0001169	Prbl.g_01289	Prau.g_01922
OG0001170	Prbl.g_01287	Prau.g_01923
OG0001171	Prbl.g_01286	Prau.g_01924
OG0001172	Prbl.g_01284	Prau.g_01926
OG0001173	Prbl.g_02638	Prau.g_01928
OG0001174	Prbl.g_02637	Prau.g_01929
OG0001175	Prbl.g_02636	Prau.g_01930
OG0001176	Prbl.g_01235	Prau.g_01931
OG0001177	Prbl.g_02063	Prau.g_01933
OG0001178	Prbl.g_02059	Prau.g_01936
OG0001179	Prbl.g_02058	Prau.g_01937
OG0001180	Prbl.g_02057	Prau.g_01938
OG0001181	Prbl.g_02056	Prau.g_01939
OG0001182	Prbl.g_02055	Prau.g_01940
OG0001183	Prbl.g_02054	Prau.g_01941
OG0001184	Prbl.g_02026	Prau.g_01943
OG0001185	Prbl.g_02023	Prau.g_01946
OG0001186	Prbl.g_02022	Prau.g_01947
OG0001187	Prbl.g_02021	Prau.g_01949
OG0001188	Prbl.g_02018	Prau.g_01950
OG0001189	Prbl.g_02017	Prau.g_01951
OG0001190	Prbl.g_02016	Prau.g_01952
OG0001191	Prbl.g_02014	Prau.g_01953
OG0001192	Prbl.g_02012	Prau.g_01954
OG0001193	Prbl.g_02011	Prau.g_01955
OG0001194	Prbl.g_02009	Prau.g_01956
OG0001195	Prbl.g_02008	Prau.g_01957
OG0001196	Prbl.g_02007	Prau.g_01958
OG0001197	Prbl.g_02006	Prau.g_01959
OG0001198	Prbl.g_02005	Prau.g_01960
OG0001199	Prbl.g_02004	Prau.g_01961
OG0001200	Prbl.g_02002	Prau.g_01962
OG0001201	Prbl.g_02001	Prau.g_01963
OG0001202	Prbl.g_02000	Prau.g_01964
OG0001203	Prbl.g_01998	Prau.g_01966
OG0001204	Prbl.g_01994	Prau.g_01968
OG0001205	Prbl.g_01992	Prau.g_01969
OG0001206	Prbl.g_01991	Prau.g_01970
OG0001207	Prbl.g_02239	Prau.g_01971
OG0001208	Prbl.g_02238	Prau.g_01972
OG0001209	Prbl.g_02237	Prau.g_01973
OG0001210	Prbl.g_02236	Prau.g_01974
OG0001211	Prbl.g_02234	Prau.g_01975
OG0001212	Prbl.g_02233	Prau.g_01976
OG0001213	Prbl.g_02232	Prau.g_01977
OG0001214	Prbl.g_02230	Prau.g_01979
OG0001215	Prbl.g_02228	Prau.g_01980
OG0001216	Prbl.g_02226	Prau.g_01981
OG0001217	Prbl.g_02225	Prau.g_01982
OG0001218	Prbl.g_02224	Prau.g_01983
OG0001219	Prbl.g_02219	Prau.g_01985
OG0001220	Prbl.g_02214	Prau.g_01986
OG0001221	Prbl.g_02192	Prau.g_01989
OG0001222	Prbl.g_02189	Prau.g_01990
OG0001223	Prbl.g_02188	Prau.g_01991
OG0001224	Prbl.g_02186	Prau.g_01992
OG0001225	Prbl.g_02185	Prau.g_01993
OG0001226	Prbl.g_02182	Prau.g_01994
OG0001227	Prbl.g_02181	Prau.g_01995
OG0001228	Prbl.g_02175	Prau.g_01996
OG0001229	Prbl.g_02174	Prau.g_01997
OG0001230	Prbl.g_02173	Prau.g_01998
OG0001231	Prbl.g_02160	Prau.g_01999
OG0001232	Prbl.g_02151	Prau.g_02000
OG0001233	Prbl.g_02150	Prau.g_02001
OG0001234	Prbl.g_02149	Prau.g_02002
OG0001235	Prbl.g_02148	Prau.g_02003
OG0001236	Prbl.g_02146	Prau.g_02005
OG0001237	Prbl.g_02145	Prau.g_02006
OG0001238	Prbl.g_02141	Prau.g_02008
OG0001239	Prbl.g_02139	Prau.g_02009
OG0001240	Prbl.g_02138	Prau.g_02010
OG0001241	Prbl.g_02134	Prau.g_02012
OG0001242	Prbl.g_02132	Prau.g_02014
OG0001243	Prbl.g_02131	Prau.g_02015
OG0001244	Prbl.g_02129	Prau.g_02016
OG0001245	Prbl.g_02127	Prau.g_02017
OG0001246	Prbl.g_02125	Prau.g_02018
OG0001247	Prbl.g_02124	Prau.g_02019
OG0001248	Prbl.g_02123	Prau.g_02020
OG0001249	Prbl.g_02122	Prau.g_02021
OG0001250	Prbl.g_02121	Prau.g_02022
OG0001251	Prbl.g_00569	Prau.g_00093
OG0001252	Prbl.g_00812	Prau.g_00139
OG0001253	Prbl.g_00298	Prau.g_00151
OG0001254	Prbl.g_01452	Prau.g_00283
OG0001255	Prbl.g_01200	Prau.g_00335
OG0001256	Prbl.g_01822	Prau.g_00441
OG0001257	Prbl.g_00513	Prau.g_00523
OG0001258	Prbl.g_00532	Prau.g_00539
OG0001259	Prbl.g_01776	Prau.g_00628
OG0001261	Prbl.g_01539	Prau.g_00888
OG0001262	Prbl.g_01562	Prau.g_00905
OG0001265	Prbl.g_02536	Prau.g_01065
OG0001266	Prbl.g_01704	Prau.g_01112
OG0001267	Prbl.g_00036	Prau.g_01191
OG0001268	Prbl.g_02082	Prau.g_01204
OG0001269	Prbl.g_00723	Prau.g_01392
OG0001270	Prbl.g_01808	Prau.g_01571
OG0001271	Prbl.g_00449	Prau.g_01582
OG0001272	Prbl.g_01833	Prau.g_01624
OG0001273	Prbl.g_00787	Prau.g_01625
OG0001274	Prbl.g_00048	Prau.g_01630
OG0001275	Prbl.g_01370	Prau.g_01645
OG0001276	Prbl.g_02379	Prau.g_01657, Prau.g_01309
OG0001278	Prbl.g_00406	Prau.g_01724
OG0001279	Prbl.g_00401	Prau.g_01728
OG0001280	Prbl.g_00398	Prau.g_01731
OG0001283	Prbl.g_00845	Prau.g_01907
OG0001284	Prbl.g_02060	Prau.g_01935
OG0001285	Prbl.g_01996	Prau.g_01967
OG0001286	Prbl.g_02136	Prau.g_02011
OG0001287	Prbl.g_01026, Prbl.g_01386	Prau.g_01704
OG0001288	Prbl.g_00651	Prau.g_00478
OG0001292	Prbl.g_00602	Prau.g_00075
OG0001293	Prbl.g_00600	Prau.g_00077
OG0001294	Prbl.g_00568	Prau.g_00094
OG0001295	Prbl.g_01322	Prau.g_00120
OG0001296	Prbl.g_00828	Prau.g_00126
OG0001297	Prbl.g_00095	Prau.g_00200
OG0001298	Prbl.g_02667	Prau.g_00245
OG0001299	Prbl.g_01505	Prau.g_00254
OG0001300	Prbl.g_00627	Prau.g_00376
OG0001301	Prbl.g_01641	Prau.g_00677
OG0001303	Prbl.g_00716	Prau.g_00809
OG0001304	Prbl.g_00936	Prau.g_01080
OG0001305	Prbl.g_00931	Prau.g_01085
OG0001306	Prbl.g_02152	Prau.g_01120
OG0001307	Prbl.g_02390	Prau.g_01129
OG0001308	Prbl.g_01076	Prau.g_01153
OG0001309	Prbl.g_01993	Prau.g_01155
OG0001310	Prbl.g_01694	Prau.g_01165
OG0001311	Prbl.g_01115	Prau.g_01234
OG0001312	Prbl.g_00724	Prau.g_01393
OG0001313	Prbl.g_01957	Prau.g_01628
OG0001314	Prbl.g_00366	Prau.g_01755
OG0001315	Prbl.g_00315	Prau.g_01789
OG0001316	Prbl.g_00852	Prau.g_01903
OG0001319	Prbl.g_00197	Prau.g_00239
OG0001320	Prbl.g_00748	Prau.g_00509
OG0001324	Prbl.g_01813	Prau.g_01137
OG0001326	Prbl.g_02617	Prau.g_01344
OG0001327	Prbl.g_01712	Prau.g_01345
OG0001328	Prbl.g_01728	Prau.g_01376
OG0001329	Prbl.g_02143	Prau.g_01429
OG0001331	Prbl.g_00400	Prau.g_01729
OG0001332	Prbl.g_00339	Prau.g_01778
OG0001333	Prbl.g_01132	Prau.g_01873
OG0001335	Prbl.g_01999	Prau.g_01965
OG0001336	Prbl.g_00826	Prau.g_00129
OG0001337	Prbl.g_01324	Prau.g_00119
OG0001339	Prbl.g_00099	Prau.g_00204
OG0001340	Prbl.g_01512	Prau.g_00250
OG0001341	Prbl.g_01489	Prau.g_00263
OG0001342	Prbl.g_01453	Prau.g_00282
OG0001343	Prbl.g_01207	Prau.g_00341
OG0001344	Prbl.g_01393	Prau.g_00381
OG0001345	Prbl.g_00654	Prau.g_00475
OG0001346	Prbl.g_01343	Prau.g_00513
OG0001347	Prbl.g_00517	Prau.g_00527
OG0001348	Prbl.g_00803	Prau.g_00545
OG0001350	Prbl.g_00793	Prau.g_00555
OG0001351	Prbl.g_01791	Prau.g_00616
OG0001353	Prbl.g_01263	Prau.g_00743
OG0001355	Prbl.g_01546	Prau.g_00894
OG0001357	Prbl.g_02518	Prau.g_01043
OG0001358	Prbl.g_02535	Prau.g_01064
OG0001361	Prbl.g_02592	Prau.g_01256
OG0001362	Prbl.g_00156	Prau.g_01320
OG0001366	Prbl.g_00349	Prau.g_01769
OG0001367	Prbl.g_01164, Prbl.g_01151	Prau.g_01811
OG0001368	Prbl.g_02061	Prau.g_01934
OG0001369	Prbl.g_02537	Prau.g_01066
OG0001375	Prbl.g_00816	Prau.g_00136
OG0001378	Prbl.g_01463	Prau.g_00274
OG0001381	Prbl.g_00624	Prau.g_00495
OG0001384	Prbl.g_00784	Prau.g_00560
OG0001396	Prbl.g_02437	Prau.g_01047
OG0001415	Prbl.g_01182	Prau.g_00328
OG0001416	Prbl.g_00782	Prau.g_00562
OG0001425	Prbl.g_02571	Prau.g_01640
OG0001426	Prbl.g_02142	Prau.g_02007
OG0001430	Prbl.g_01084	Prau.g_01057
OG0001437	Prbl.g_01354, Prbl.g_01355	Prau.g_00752
OG0001438	Prbl.g_01615	Prau.g_00660
OG0001442	Prbl.g_01079	Prau.g_01168
OG0001448	Prbl.g_01692	Prau.g_01653
OG0001455	Prbl.g_01077, Prbl.g_01071	Prau.g_00440
OG0001456	Prbl.g_01777	Prau.g_01674
OG0001466	Prbl.g_02573	Prau.g_01709
OG0001467	Prbl.g_00245	Prau.g_01525
OG0001470	Prbl.g_00900	Prau.g_00322
OG0001471	Prbl.g_02291	Prau.g_00457, Prau.g_00431
OG0001472	Prbl.g_01846	Prau.g_00916
OG0001474	Prbl.g_02172	Prau.g_00927
OG0001475	Prbl.g_02215	Prau.g_01097
OG0001476	Prbl.g_02216	Prau.g_01098
OG0001477	Prbl.g_02217	Prau.g_01099
OG0001478	Prbl.g_00031	Prau.g_01105
OG0001479	Prbl.g_01104	Prau.g_01132
OG0001480	Prbl.g_00661	Prau.g_01141
OG0001481	Prbl.g_00182	Prau.g_01222
OG0001486	Prbl.g_02362	Prau.g_00976
OG0001489	Prbl.g_01163	Prau.g_00378
OG0001493	Prbl.g_02171	Prau.g_00928
OG0001494	Prbl.g_02170	Prau.g_00929
OG0001495	Prbl.g_02169	Prau.g_00930
OG0001496	Prbl.g_02168	Prau.g_00931
OG0001497	Prbl.g_02167	Prau.g_00932
OG0001498	Prbl.g_02166	Prau.g_00933
OG0001499	Prbl.g_02165	Prau.g_00934
OG0001500	Prbl.g_02164	Prau.g_00935
OG0001501	Prbl.g_02163	Prau.g_00936
OG0001502	Prbl.g_02162	Prau.g_00937
OG0001503	Prbl.g_02161	Prau.g_00938
OG0001504	Prbl.g_02366	Prau.g_00971
OG0001508	Prbl.g_01807	Prau.g_01633
OG0001512	Prbl.g_00745, Prbl.g_01022	Prau.g_01292
OG0001513	Prbl.g_00554, Prbl.g_00155	Prau.g_00106
OG0001525	Prbl.g_01725	Prau.g_00500
OG0001532	Prbl.g_01983	Prau.g_00033
OG0001542	Prbl.g_01949	Prau.g_01637
OG0001544	Prbl.g_00681	Prau.g_01296
OG0001574	Prbl.g_01025	Prau.g_01308
OG0001590	Prbl.g_01438	Prau.g_00295
OG0001592	Prbl.g_01940	Prau.g_00405
OG0001593	Prbl.g_02288	Prau.g_00501
OG0001596	Prbl.g_00458	Prau.g_00805
OG0001605	Prbl.g_00950	Prau.g_01816
OG0001621	Prbl.g_01162	Prau.g_00815
OG0001623	Prbl.g_01205	Prau.g_00339
OG0001695	Prbl.g_02030	Prau.g_01474
OG0001713	Prbl.g_02027	Prau.g_01462
OG0001730	Prbl.g_02028	Prau.g_01472, Prau.g_01463
OG0001830	Prbl.g_02024	Prau.g_01464
OG0001875	Prbl.g_02283	Prau.g_00418
OG0001876	Prbl.g_02425	Prau.g_00415
OG0001969	Prbl.g_01069, Prbl.g_00176	Prau.g_01712
OG0002004	Prbl.g_00871	Prau.g_01481
OG0002402	Prbl.g_02569	Prau.g_01717
OG0002410	Prbl.g_01209	Prau.g_01280
OG0003040	Prbl.g_02633	Prau.g_01714
