Orthogroup	Prbg	Pram
OG0000000	Prbg.g_01524	Pram.g_01513
OG0000000	Prbg.g_01567	Pram.g_01511
OG0000000	Prbg.g_01523	Pram.g_01512
OG0000000	Prbg.g_01568	Pram.g_01512
OG0000000	Prbg.g_01583	Pram.g_01556
OG0000001	Prbg.g_00502	Pram.g_01954, Pram.g_01953
OG0000001	Prbg.g_01069	Pram.g_00719
OG0000002	Prbg.g_01222	Pram.g_00873
OG0000002	Prbg.g_01227	Pram.g_00879
OG0000002	Prbg.g_01516	Pram.g_01170
OG0000002	Prbg.g_00523	Pram.g_01471
OG0000002	Prbg.g_01514	Pram.g_01168
OG0000002	Prbg.g_01521	Pram.g_01174
OG0000002	Prbg.g_00694	Pram.g_01278
OG0000002	Prbg.g_01119	Pram.g_00768
OG0000004	Prbg.g_01140	Pram.g_00789
OG0000004	Prbg.g_01014	Pram.g_00219
OG0000005	Prbg.g_00674	Pram.g_01295
OG0000006	Prbg.g_01024	Pram.g_00229
OG0000007	Prbg.g_00216	Pram.g_00433
OG0000007	Prbg.g_01650	Pram.g_01632
OG0000008	Prbg.g_00744	Pram.g_01263
OG0000008	Prbg.g_00745	Pram.g_01262
OG0000009	Prbg.g_00686	Pram.g_00390
OG0000010	Prbg.g_00193	Pram.g_00410
OG0000010	Prbg.g_01053	Pram.g_00704
OG0000010	Prbg.g_01348	Pram.g_01000
OG0000012	Prbg.g_00342	Pram.g_00561
OG0000013	Prbg.g_00104	Pram.g_00315
OG0000014	Prbg.g_00086	Pram.g_00295
OG0000015	Prbg.g_01589, Prbg.g_01635	Pram.g_01545
OG0000016	Prbg.g_01544	Pram.g_01193
OG0000017	Prbg.g_00317	Pram.g_00535
OG0000017	Prbg.g_00324	Pram.g_00542
OG0000018	Prbg.g_01187	Pram.g_00837
OG0000018	Prbg.g_01508	Pram.g_01162
OG0000019	Prbg.g_01032	Pram.g_00237
OG0000019	Prbg.g_01510	Pram.g_01164
OG0000020	Prbg.g_00698	Pram.g_01275
OG0000020	Prbg.g_00727	Pram.g_01516
OG0000021	Prbg.g_00699	Pram.g_01274
OG0000021	Prbg.g_01145	Pram.g_00794
OG0000022	Prbg.g_00682	Pram.g_01287
OG0000023	Prbg.g_00013	Pram.g_00689
OG0000024	Prbg.g_01352	Pram.g_01004
OG0000024	Prbg.g_01116	Pram.g_00765
OG0000025	Prbg.g_01195	Pram.g_00844
OG0000026	Prbg.g_00842	Pram.g_00018
OG0000028	Prbg.g_00743	Pram.g_00363
OG0000029	Prbg.g_00734, Prbg.g_01581	Pram.g_01529
OG0000029	Prbg.g_01740	Pram.g_01723
OG0000030	Prbg.g_01858	Pram.g_01844
OG0000031	Prbg.g_00550	Pram.g_01413
OG0000032	Prbg.g_00630	Pram.g_01339
OG0000033	Prbg.g_00947	Pram.g_00154
OG0000034	Prbg.g_00488	Pram.g_01240
OG0000035	Prbg.g_00591	Pram.g_01378
OG0000037	Prbg.g_00881	Pram.g_00093
OG0000038	Prbg.g_01898	Pram.g_01884
OG0000039	Prbg.g_01128	Pram.g_00777
OG0000041	Prbg.g_01697	Pram.g_01680
OG0000042	Prbg.g_01855	Pram.g_01841
OG0000043	Prbg.g_01507	Pram.g_01161
OG0000045	Prbg.g_01530	Pram.g_01184
OG0000046	Prbg.g_00105	Pram.g_00316
OG0000047	Prbg.g_00143	Pram.g_00359
OG0000048	Prbg.g_00464, Prbg.g_00050	Pram.g_00259
OG0000050	Prbg.g_01055	Pram.g_00706
OG0000052	Prbg.g_00816	Pram.g_00040
OG0000053	Prbg.g_00612	Pram.g_01357
OG0000053	Prbg.g_01595	Pram.g_01580
OG0000054	Prbg.g_00326	Pram.g_00544
OG0000055	Prbg.g_01535	Pram.g_01189
OG0000055	Prbg.g_01624	Pram.g_01617
OG0000057	Prbg.g_01143	Pram.g_00792
OG0000058	Prbg.g_00551	Pram.g_01447
OG0000059	Prbg.g_01737	Pram.g_01719
OG0000061	Prbg.g_01486	Pram.g_01140
OG0000062	Prbg.g_00676	Pram.g_01293
OG0000063	Prbg.g_00730	Pram.g_01258
OG0000064	Prbg.g_00802	Pram.g_00052
OG0000065	Prbg.g_00879	Pram.g_00091
OG0000066	Prbg.g_00256	Pram.g_01558
OG0000067	Prbg.g_01159	Pram.g_00809
OG0000068	Prbg.g_00529	Pram.g_01468
OG0000069	Prbg.g_00174	Pram.g_00391
OG0000070	Prbg.g_00170	Pram.g_00385
OG0000071	Prbg.g_00477	Pram.g_01230
OG0000072	Prbg.g_00949	Pram.g_00156
OG0000073	Prbg.g_00219	Pram.g_00437
OG0000074	Prbg.g_01123	Pram.g_00772
OG0000074	Prbg.g_01064	Pram.g_00715
OG0000074	Prbg.g_00021	Pram.g_00684
OG0000075	Prbg.g_01821	Pram.g_01807
OG0000076	Prbg.g_01847	Pram.g_01833
OG0000077	Prbg.g_00791	Pram.g_00063
OG0000078	Prbg.g_01022	Pram.g_00227
OG0000079	Prbg.g_01035	Pram.g_00240
OG0000080	Prbg.g_00563, Prbg.g_00565	Pram.g_01408
OG0000081	Prbg.g_00248	Pram.g_00469
OG0000082	Prbg.g_01639	Pram.g_01559
OG0000084	Prbg.g_00588	Pram.g_01384
OG0000085	Prbg.g_00716	Pram.g_01265
OG0000086	Prbg.g_00782	Pram.g_00072
OG0000087	Prbg.g_00913	Pram.g_00125
OG0000088	Prbg.g_00944	Pram.g_00151
OG0000089	Prbg.g_00137	Pram.g_00352
OG0000090	Prbg.g_00250	Pram.g_00471
OG0000091	Prbg.g_01414	Pram.g_01068
OG0000092	Prbg.g_01089	Pram.g_00739
OG0000093	Prbg.g_01385	Pram.g_01038
OG0000094	Prbg.g_01336	Pram.g_00987
OG0000095	Prbg.g_01234	Pram.g_00888
OG0000096	Prbg.g_00032	Pram.g_01505, Pram.g_00621
OG0000097	Prbg.g_01440	Pram.g_01093
OG0000098	Prbg.g_00505	Pram.g_01478
OG0000099	Prbg.g_00552	Pram.g_01445
OG0000100	Prbg.g_00670	Pram.g_01298
OG0000101	Prbg.g_01785	Pram.g_01770
OG0000102	Prbg.g_01852	Pram.g_01838
OG0000103	Prbg.g_01937	Pram.g_01925
OG0000104	Prbg.g_00763	Pram.g_01934
OG0000105	Prbg.g_00053	Pram.g_00262
OG0000106	Prbg.g_00388	Pram.g_00677
OG0000107	Prbg.g_01714	Pram.g_01696
OG0000108	Prbg.g_00199	Pram.g_00416
OG0000109	Prbg.g_00213	Pram.g_00430
OG0000110	Prbg.g_00293	Pram.g_00513
OG0000111	Prbg.g_01144	Pram.g_00793
OG0000112	Prbg.g_00366	Pram.g_00935
OG0000113	Prbg.g_01182	Pram.g_00832
OG0000114	Prbg.g_01084	Pram.g_00734
OG0000115	Prbg.g_01555	Pram.g_01201
OG0000116	Prbg.g_01497	Pram.g_01151
OG0000117	Prbg.g_01459	Pram.g_01112
OG0000118	Prbg.g_00490	Pram.g_01242
OG0000119	Prbg.g_00688	Pram.g_01283
OG0000120	Prbg.g_00549	Pram.g_01446
OG0000121	Prbg.g_00593	Pram.g_01376
OG0000122	Prbg.g_00448	Pram.g_01204
OG0000122	Prbg.g_00634	Pram.g_01334
OG0000123	Prbg.g_01792	Pram.g_01777
OG0000124	Prbg.g_01864	Pram.g_01850
OG0000125	Prbg.g_01900	Pram.g_01886
OG0000126	Prbg.g_00762	Pram.g_01933
OG0000128	Prbg.g_00778	Pram.g_01949
OG0000129	Prbg.g_00829	Pram.g_00029
OG0000130	Prbg.g_00800	Pram.g_00054
OG0000131	Prbg.g_00922	Pram.g_00130
OG0000132	Prbg.g_00942	Pram.g_00149
OG0000133	Prbg.g_00100	Pram.g_00310
OG0000134	Prbg.g_00139	Pram.g_00354
OG0000135	Prbg.g_00459	Pram.g_01589
OG0000136	Prbg.g_00161	Pram.g_00376
OG0000137	Prbg.g_00194	Pram.g_00411
OG0000138	Prbg.g_00214	Pram.g_00431
OG0000139	Prbg.g_00254	Pram.g_00475
OG0000140	Prbg.g_00255	Pram.g_00476
OG0000141	Prbg.g_00327	Pram.g_00545
OG0000142	Prbg.g_01422	Pram.g_01075
OG0000143	Prbg.g_01418	Pram.g_01072
OG0000144	Prbg.g_01404	Pram.g_01058
OG0000145	Prbg.g_00461	Pram.g_01534
OG0000146	Prbg.g_00365	Pram.g_00934
OG0000147	Prbg.g_00364	Pram.g_00933
OG0000148	Prbg.g_01176	Pram.g_00826
OG0000149	Prbg.g_01208	Pram.g_00858
OG0000150	Prbg.g_01218	Pram.g_00868
OG0000151	Prbg.g_01094	Pram.g_00744
OG0000152	Prbg.g_01287	Pram.g_00943
OG0000153	Prbg.g_01306	Pram.g_00961
OG0000154	Prbg.g_01326	Pram.g_00978
OG0000155	Prbg.g_01465	Pram.g_01118
OG0000156	Prbg.g_00466	Pram.g_01219
OG0000157	Prbg.g_00467	Pram.g_01220
OG0000158	Prbg.g_01829	Pram.g_01815
OG0000159	Prbg.g_00809	Pram.g_00045
OG0000160	Prbg.g_00592	Pram.g_01377
OG0000161	Prbg.g_00598	Pram.g_01145, Pram.g_01371
OG0000162	Prbg.g_00604	Pram.g_01365
OG0000163	Prbg.g_00643	Pram.g_01326
OG0000164	Prbg.g_01674	Pram.g_01656
OG0000165	Prbg.g_01681	Pram.g_01664
OG0000166	Prbg.g_01748	Pram.g_01733
OG0000167	Prbg.g_01819	Pram.g_01805
OG0000168	Prbg.g_01830	Pram.g_01816
OG0000169	Prbg.g_01840	Pram.g_01826
OG0000170	Prbg.g_01843	Pram.g_01829
OG0000171	Prbg.g_01863	Pram.g_01849
OG0000172	Prbg.g_01870	Pram.g_01856
OG0000173	Prbg.g_01885	Pram.g_01871
OG0000174	Prbg.g_01915	Pram.g_01902
OG0000175	Prbg.g_01928	Pram.g_01914
OG0000176	Prbg.g_00771	Pram.g_01942
OG0000177	Prbg.g_00772	Pram.g_01943
OG0000178	Prbg.g_00773	Pram.g_01944
OG0000179	Prbg.g_00858	Pram.g_00003
OG0000180	Prbg.g_00857	Pram.g_00004
OG0000181	Prbg.g_00856	Pram.g_00005
OG0000182	Prbg.g_00855	Pram.g_00006
OG0000183	Prbg.g_00851	Pram.g_00010
OG0000184	Prbg.g_00825	Pram.g_00033
OG0000185	Prbg.g_00822	Pram.g_00036
OG0000186	Prbg.g_00806	Pram.g_00048
OG0000187	Prbg.g_00805	Pram.g_00049
OG0000188	Prbg.g_00788	Pram.g_00066
OG0000189	Prbg.g_00866	Pram.g_00080
OG0000190	Prbg.g_00868	Pram.g_00081
OG0000191	Prbg.g_00891	Pram.g_00103
OG0000192	Prbg.g_00896	Pram.g_00108
OG0000193	Prbg.g_00923	Pram.g_00131
OG0000194	Prbg.g_00926	Pram.g_00134
OG0000195	Prbg.g_00928	Pram.g_00136
OG0000196	Prbg.g_00939	Pram.g_00146
OG0000197	Prbg.g_00940	Pram.g_00147
OG0000198	Prbg.g_00941	Pram.g_00148
OG0000199	Prbg.g_00948	Pram.g_00155
OG0000200	Prbg.g_00962	Pram.g_00168
OG0000201	Prbg.g_00971	Pram.g_00177
OG0000202	Prbg.g_00972	Pram.g_00178
OG0000203	Prbg.g_00973	Pram.g_00179
OG0000204	Prbg.g_00974	Pram.g_00180
OG0000205	Prbg.g_00981	Pram.g_00187
OG0000206	Prbg.g_00986	Pram.g_00192
OG0000207	Prbg.g_00989	Pram.g_00194
OG0000208	Prbg.g_00990	Pram.g_00195
OG0000209	Prbg.g_00999	Pram.g_00204
OG0000210	Prbg.g_01000	Pram.g_00205
OG0000211	Prbg.g_01015	Pram.g_00220
OG0000212	Prbg.g_01023	Pram.g_00228
OG0000213	Prbg.g_01041	Pram.g_00246
OG0000214	Prbg.g_00046	Pram.g_00255
OG0000215	Prbg.g_00073	Pram.g_00282
OG0000216	Prbg.g_00074	Pram.g_00283
OG0000217	Prbg.g_00077	Pram.g_00286
OG0000218	Prbg.g_00079	Pram.g_00288
OG0000219	Prbg.g_00080	Pram.g_00289
OG0000220	Prbg.g_00081	Pram.g_00290
OG0000221	Prbg.g_00082	Pram.g_00291
OG0000222	Prbg.g_00089	Pram.g_00298
OG0000223	Prbg.g_00101	Pram.g_00311
OG0000224	Prbg.g_00103	Pram.g_00313
OG0000225	Prbg.g_00129	Pram.g_00341
OG0000226	Prbg.g_01941	Pram.g_00345
OG0000227	Prbg.g_01943	Pram.g_00347
OG0000228	Prbg.g_00136	Pram.g_00351
OG0000229	Prbg.g_00156	Pram.g_00371
OG0000230	Prbg.g_00158	Pram.g_00373
OG0000231	Prbg.g_00169	Pram.g_00384
OG0000232	Prbg.g_00180	Pram.g_00397
OG0000233	Prbg.g_00186	Pram.g_00402
OG0000234	Prbg.g_00195	Pram.g_00412
OG0000235	Prbg.g_00198	Pram.g_00415
OG0000236	Prbg.g_00212	Pram.g_00429
OG0000237	Prbg.g_00225	Pram.g_00443
OG0000238	Prbg.g_00231	Pram.g_00449
OG0000239	Prbg.g_00242	Pram.g_00462
OG0000240	Prbg.g_00243	Pram.g_00463
OG0000241	Prbg.g_00247	Pram.g_00468
OG0000242	Prbg.g_00249	Pram.g_00470
OG0000243	Prbg.g_00260	Pram.g_00480
OG0000244	Prbg.g_00264	Pram.g_00483
OG0000245	Prbg.g_00266	Pram.g_00485
OG0000246	Prbg.g_00270	Pram.g_00489
OG0000247	Prbg.g_00280	Pram.g_00500
OG0000248	Prbg.g_00283	Pram.g_00503
OG0000249	Prbg.g_00285	Pram.g_00505
OG0000250	Prbg.g_00290	Pram.g_00510
OG0000251	Prbg.g_00310	Pram.g_00528
OG0000252	Prbg.g_00313	Pram.g_00531
OG0000253	Prbg.g_00314	Pram.g_00532
OG0000254	Prbg.g_00331	Pram.g_00549
OG0000255	Prbg.g_00337	Pram.g_00555
OG0000256	Prbg.g_00347	Pram.g_00566
OG0000257	Prbg.g_01427	Pram.g_01080
OG0000258	Prbg.g_01413	Pram.g_01067
OG0000259	Prbg.g_01396	Pram.g_01050
OG0000260	Prbg.g_01393	Pram.g_01047
OG0000261	Prbg.g_01390	Pram.g_01044
OG0000262	Prbg.g_01386	Pram.g_01039
OG0000263	Prbg.g_01122	Pram.g_00771
OG0000264	Prbg.g_01133	Pram.g_00782
OG0000265	Prbg.g_01151	Pram.g_00801
OG0000266	Prbg.g_01367	Pram.g_01020
OG0000267	Prbg.g_01355	Pram.g_01007
OG0000268	Prbg.g_01354	Pram.g_01006
OG0000269	Prbg.g_01154	Pram.g_00804
OG0000270	Prbg.g_01157	Pram.g_00807
OG0000271	Prbg.g_01165	Pram.g_00815
OG0000272	Prbg.g_01166	Pram.g_00816
OG0000273	Prbg.g_01190	Pram.g_00839
OG0000274	Prbg.g_01191	Pram.g_00840
OG0000275	Prbg.g_01194	Pram.g_00843
OG0000276	Prbg.g_01200	Pram.g_00849
OG0000277	Prbg.g_01201	Pram.g_00850
OG0000278	Prbg.g_01204	Pram.g_00853
OG0000279	Prbg.g_01211	Pram.g_00861
OG0000280	Prbg.g_01212	Pram.g_00862
OG0000281	Prbg.g_01219	Pram.g_00870
OG0000282	Prbg.g_01086	Pram.g_00736
OG0000283	Prbg.g_01263	Pram.g_00916
OG0000284	Prbg.g_01268	Pram.g_00921
OG0000285	Prbg.g_01273	Pram.g_00926
OG0000286	Prbg.g_01286	Pram.g_00942
OG0000287	Prbg.g_01552	Pram.g_01199
OG0000288	Prbg.g_01325	Pram.g_00977
OG0000289	Prbg.g_01341	Pram.g_00992
OG0000290	Prbg.g_01237	Pram.g_00891
OG0000291	Prbg.g_01235	Pram.g_00889
OG0000292	Prbg.g_01531	Pram.g_01185
OG0000293	Prbg.g_01496	Pram.g_01150
OG0000294	Prbg.g_01495	Pram.g_01149
OG0000295	Prbg.g_01472	Pram.g_01125
OG0000296	Prbg.g_01470	Pram.g_01123
OG0000297	Prbg.g_01461	Pram.g_01114
OG0000298	Prbg.g_01460	Pram.g_01113
OG0000299	Prbg.g_01441	Pram.g_01094
OG0000300	Prbg.g_01438	Pram.g_01091
OG0000301	Prbg.g_01437	Pram.g_01090
OG0000302	Prbg.g_01435	Pram.g_01088
OG0000303	Prbg.g_01429	Pram.g_01082
OG0000304	Prbg.g_00352	Pram.g_00571
OG0000305	Prbg.g_01529	Pram.g_01183
OG0000306	Prbg.g_01223	Pram.g_00874
OG0000307	Prbg.g_00538	Pram.g_01458
OG0000308	Prbg.g_00539	Pram.g_01457
OG0000309	Prbg.g_00543	Pram.g_01453
OG0000310	Prbg.g_00577	Pram.g_01395
OG0000311	Prbg.g_00579	Pram.g_01393
OG0000312	Prbg.g_00582	Pram.g_01390
OG0000313	Prbg.g_00595	Pram.g_01374
OG0000314	Prbg.g_00618	Pram.g_01351
OG0000315	Prbg.g_00628	Pram.g_01341
OG0000316	Prbg.g_00653	Pram.g_01315
OG0000317	Prbg.g_01647	Pram.g_01629
OG0000318	Prbg.g_01651	Pram.g_01633
OG0000319	Prbg.g_01664	Pram.g_01646
OG0000320	Prbg.g_01666	Pram.g_01648
OG0000321	Prbg.g_01667	Pram.g_01649
OG0000322	Prbg.g_01668	Pram.g_01650
OG0000323	Prbg.g_01677	Pram.g_01659
OG0000324	Prbg.g_01704	Pram.g_01687
OG0000325	Prbg.g_01715	Pram.g_01697
OG0000326	Prbg.g_01722	Pram.g_01704
OG0000327	Prbg.g_01743	Pram.g_01728
OG0000328	Prbg.g_01744	Pram.g_01729
OG0000329	Prbg.g_01761	Pram.g_01746
OG0000330	Prbg.g_01762	Pram.g_01747
OG0000331	Prbg.g_01763	Pram.g_01748
OG0000332	Prbg.g_01777	Pram.g_01762
OG0000333	Prbg.g_01779	Pram.g_01764
OG0000334	Prbg.g_01788	Pram.g_01773
OG0000335	Prbg.g_01793	Pram.g_01778
OG0000336	Prbg.g_01797	Pram.g_01782
OG0000337	Prbg.g_01815	Pram.g_01801
OG0000338	Prbg.g_01816	Pram.g_01802
OG0000339	Prbg.g_01822	Pram.g_01808
OG0000340	Prbg.g_01831	Pram.g_01817
OG0000341	Prbg.g_01833	Pram.g_01819
OG0000342	Prbg.g_01834	Pram.g_01820
OG0000343	Prbg.g_01835	Pram.g_01821
OG0000344	Prbg.g_01838	Pram.g_01824
OG0000345	Prbg.g_01844	Pram.g_01830
OG0000346	Prbg.g_01848	Pram.g_01834
OG0000347	Prbg.g_01865	Pram.g_01851
OG0000348	Prbg.g_01873	Pram.g_01859
OG0000349	Prbg.g_01891	Pram.g_01877
OG0000350	Prbg.g_00419	Pram.g_01898
OG0000351	Prbg.g_01931	Pram.g_01917
OG0000352	Prbg.g_01932	Pram.g_01918
OG0000353	Prbg.g_00766	Pram.g_01937
OG0000355	Prbg.g_00768	Pram.g_01939
OG0000356	Prbg.g_00769	Pram.g_01940
OG0000357	Prbg.g_00770	Pram.g_01941
OG0000358	Prbg.g_00774	Pram.g_01945
OG0000359	Prbg.g_00775	Pram.g_01946
OG0000360	Prbg.g_00776	Pram.g_01947
OG0000361	Prbg.g_00777	Pram.g_01948
OG0000362	Prbg.g_00779	Pram.g_01950
OG0000363	Prbg.g_00860	Pram.g_00001
OG0000364	Prbg.g_00859	Pram.g_00002
OG0000365	Prbg.g_00854	Pram.g_00007
OG0000366	Prbg.g_00853	Pram.g_00008
OG0000367	Prbg.g_00852	Pram.g_00009
OG0000368	Prbg.g_00850	Pram.g_00011
OG0000369	Prbg.g_00849	Pram.g_00012
OG0000370	Prbg.g_00848	Pram.g_00013
OG0000371	Prbg.g_00841	Pram.g_00019
OG0000372	Prbg.g_00838	Pram.g_00021
OG0000373	Prbg.g_00837	Pram.g_00022
OG0000374	Prbg.g_00836	Pram.g_00023
OG0000375	Prbg.g_00834	Pram.g_00024
OG0000376	Prbg.g_00832	Pram.g_00026
OG0000377	Prbg.g_00828	Pram.g_00030
OG0000378	Prbg.g_00824	Pram.g_00034
OG0000379	Prbg.g_00821	Pram.g_00037
OG0000380	Prbg.g_00804	Pram.g_00050
OG0000381	Prbg.g_00799	Pram.g_00055
OG0000382	Prbg.g_00789	Pram.g_00065
OG0000383	Prbg.g_00787	Pram.g_00067
OG0000384	Prbg.g_00786	Pram.g_00068
OG0000385	Prbg.g_00785	Pram.g_00069
OG0000386	Prbg.g_00784	Pram.g_00070
OG0000387	Prbg.g_00870	Pram.g_00083
OG0000388	Prbg.g_00874	Pram.g_00087
OG0000389	Prbg.g_00877	Pram.g_00090
OG0000390	Prbg.g_00887	Pram.g_00099
OG0000391	Prbg.g_00890	Pram.g_00102
OG0000392	Prbg.g_00894	Pram.g_00106
OG0000393	Prbg.g_00897	Pram.g_00109
OG0000394	Prbg.g_00898	Pram.g_00110
OG0000395	Prbg.g_00899	Pram.g_00111
OG0000396	Prbg.g_00901	Pram.g_00113
OG0000397	Prbg.g_00903	Pram.g_00115
OG0000398	Prbg.g_00906	Pram.g_00118
OG0000399	Prbg.g_00907	Pram.g_00119
OG0000400	Prbg.g_00908	Pram.g_00120
OG0000401	Prbg.g_00909	Pram.g_00121
OG0000402	Prbg.g_01349	Pram.g_01001
OG0000403	Prbg.g_00911	Pram.g_00123
OG0000404	Prbg.g_00912	Pram.g_00124
OG0000405	Prbg.g_00916	Pram.g_00128
OG0000406	Prbg.g_00924	Pram.g_00132
OG0000407	Prbg.g_00925	Pram.g_00133
OG0000408	Prbg.g_00927	Pram.g_00135
OG0000409	Prbg.g_00929	Pram.g_00137
OG0000410	Prbg.g_00930	Pram.g_00138
OG0000411	Prbg.g_00931	Pram.g_00139
OG0000412	Prbg.g_00932	Pram.g_00140
OG0000413	Prbg.g_00934	Pram.g_00141
OG0000414	Prbg.g_00935	Pram.g_00142
OG0000415	Prbg.g_00936	Pram.g_00143
OG0000416	Prbg.g_00937	Pram.g_00144
OG0000417	Prbg.g_00938	Pram.g_00145
OG0000418	Prbg.g_00943	Pram.g_00150
OG0000419	Prbg.g_00945	Pram.g_00152
OG0000420	Prbg.g_00946	Pram.g_00153
OG0000421	Prbg.g_00951	Pram.g_00157
OG0000422	Prbg.g_00952	Pram.g_00158
OG0000423	Prbg.g_00953	Pram.g_00159
OG0000424	Prbg.g_00954	Pram.g_00160
OG0000425	Prbg.g_00955	Pram.g_00161
OG0000426	Prbg.g_00956	Pram.g_00162
OG0000427	Prbg.g_00957	Pram.g_00163
OG0000428	Prbg.g_00959	Pram.g_00165
OG0000429	Prbg.g_00960	Pram.g_00166
OG0000430	Prbg.g_00961	Pram.g_00167
OG0000431	Prbg.g_00963	Pram.g_00169
OG0000432	Prbg.g_00967	Pram.g_00173
OG0000433	Prbg.g_00968	Pram.g_00174
OG0000434	Prbg.g_00969	Pram.g_00175
OG0000435	Prbg.g_00970	Pram.g_00176
OG0000436	Prbg.g_00975	Pram.g_00181
OG0000437	Prbg.g_00976	Pram.g_00182
OG0000438	Prbg.g_00977	Pram.g_00183
OG0000439	Prbg.g_00979	Pram.g_00185
OG0000440	Prbg.g_00980	Pram.g_00186
OG0000441	Prbg.g_00983	Pram.g_00189
OG0000442	Prbg.g_00984	Pram.g_00190
OG0000443	Prbg.g_00985	Pram.g_00191
OG0000444	Prbg.g_00991	Pram.g_00196
OG0000445	Prbg.g_00992	Pram.g_00197
OG0000446	Prbg.g_00993	Pram.g_00198
OG0000447	Prbg.g_00994	Pram.g_00199
OG0000448	Prbg.g_00995	Pram.g_00200
OG0000449	Prbg.g_00996	Pram.g_00201
OG0000450	Prbg.g_00997	Pram.g_00202
OG0000451	Prbg.g_00998	Pram.g_00203
OG0000452	Prbg.g_01001	Pram.g_00206
OG0000453	Prbg.g_01002	Pram.g_00207
OG0000454	Prbg.g_01003	Pram.g_00208
OG0000455	Prbg.g_01004	Pram.g_00209
OG0000456	Prbg.g_01005	Pram.g_00210
OG0000457	Prbg.g_01007	Pram.g_00212
OG0000458	Prbg.g_01008	Pram.g_00213
OG0000459	Prbg.g_01009	Pram.g_00214
OG0000460	Prbg.g_01017	Pram.g_00222
OG0000461	Prbg.g_01025	Pram.g_00230
OG0000462	Prbg.g_01027	Pram.g_00232
OG0000463	Prbg.g_01028	Pram.g_00233
OG0000464	Prbg.g_01029	Pram.g_00234
OG0000465	Prbg.g_01030	Pram.g_00235
OG0000466	Prbg.g_01033	Pram.g_00238
OG0000467	Prbg.g_01034	Pram.g_00239
OG0000468	Prbg.g_01037	Pram.g_00242
OG0000469	Prbg.g_01045	Pram.g_00250
OG0000470	Prbg.g_00042	Pram.g_00252
OG0000471	Prbg.g_00043	Pram.g_00253
OG0000472	Prbg.g_00045	Pram.g_00254
OG0000473	Prbg.g_00047	Pram.g_00256
OG0000474	Prbg.g_00048	Pram.g_00257
OG0000475	Prbg.g_00049	Pram.g_00258
OG0000476	Prbg.g_00051	Pram.g_00260
OG0000477	Prbg.g_00054	Pram.g_00263
OG0000478	Prbg.g_00055	Pram.g_00264
OG0000479	Prbg.g_00056	Pram.g_00265
OG0000480	Prbg.g_00061	Pram.g_00270
OG0000481	Prbg.g_00064	Pram.g_00273
OG0000482	Prbg.g_00065	Pram.g_00274
OG0000483	Prbg.g_00068	Pram.g_00277
OG0000484	Prbg.g_00069	Pram.g_00278
OG0000485	Prbg.g_00071	Pram.g_00280
OG0000486	Prbg.g_00072	Pram.g_00281
OG0000487	Prbg.g_00075	Pram.g_00284
OG0000488	Prbg.g_00078	Pram.g_00287
OG0000489	Prbg.g_00083	Pram.g_00292
OG0000490	Prbg.g_00087	Pram.g_00296
OG0000491	Prbg.g_00088	Pram.g_00297
OG0000492	Prbg.g_00090	Pram.g_00299
OG0000493	Prbg.g_00091	Pram.g_00300
OG0000494	Prbg.g_00092	Pram.g_00301
OG0000495	Prbg.g_00093	Pram.g_00302
OG0000496	Prbg.g_00094	Pram.g_00303
OG0000497	Prbg.g_00095	Pram.g_00304
OG0000498	Prbg.g_00096	Pram.g_00305
OG0000499	Prbg.g_00097	Pram.g_00306
OG0000500	Prbg.g_00098	Pram.g_00307
OG0000501	Prbg.g_00099	Pram.g_00309
OG0000502	Prbg.g_00102	Pram.g_00312
OG0000503	Prbg.g_00117	Pram.g_00328
OG0000504	Prbg.g_00119	Pram.g_00330
OG0000505	Prbg.g_00120	Pram.g_00331
OG0000506	Prbg.g_00121	Pram.g_00332
OG0000507	Prbg.g_00124	Pram.g_00336
OG0000508	Prbg.g_00128	Pram.g_00340
OG0000509	Prbg.g_00130	Pram.g_00342
OG0000510	Prbg.g_00131	Pram.g_00343
OG0000511	Prbg.g_00132	Pram.g_00344
OG0000512	Prbg.g_01942	Pram.g_00346
OG0000513	Prbg.g_00140	Pram.g_00355
OG0000514	Prbg.g_00151	Pram.g_00366
OG0000515	Prbg.g_00152	Pram.g_00367
OG0000516	Prbg.g_00153	Pram.g_00368
OG0000517	Prbg.g_00155	Pram.g_00370
OG0000518	Prbg.g_00166	Pram.g_00381
OG0000519	Prbg.g_00167	Pram.g_00382
OG0000520	Prbg.g_00168	Pram.g_00383
OG0000521	Prbg.g_00176	Pram.g_00393
OG0000522	Prbg.g_00178	Pram.g_00395
OG0000523	Prbg.g_00179	Pram.g_00396
OG0000524	Prbg.g_00184	Pram.g_00400
OG0000525	Prbg.g_00188	Pram.g_00404
OG0000526	Prbg.g_00189	Pram.g_00406
OG0000527	Prbg.g_00192	Pram.g_00409
OG0000528	Prbg.g_00197	Pram.g_00414
OG0000529	Prbg.g_00200	Pram.g_00417
OG0000530	Prbg.g_00203	Pram.g_00420
OG0000531	Prbg.g_00204	Pram.g_00421
OG0000532	Prbg.g_00206	Pram.g_00423
OG0000533	Prbg.g_00207	Pram.g_00424
OG0000534	Prbg.g_00208	Pram.g_00425
OG0000535	Prbg.g_00209	Pram.g_00426
OG0000536	Prbg.g_00210	Pram.g_00427
OG0000537	Prbg.g_00211	Pram.g_00428
OG0000538	Prbg.g_00220	Pram.g_00438
OG0000539	Prbg.g_00221	Pram.g_00439
OG0000540	Prbg.g_00222	Pram.g_00440
OG0000541	Prbg.g_00223	Pram.g_00441
OG0000542	Prbg.g_00224	Pram.g_00442
OG0000543	Prbg.g_00226	Pram.g_00444
OG0000544	Prbg.g_00227	Pram.g_00445
OG0000545	Prbg.g_00229	Pram.g_00447
OG0000546	Prbg.g_00232	Pram.g_00450
OG0000547	Prbg.g_00234	Pram.g_00452
OG0000548	Prbg.g_00235	Pram.g_00453
OG0000549	Prbg.g_00237	Pram.g_00456
OG0000550	Prbg.g_00241	Pram.g_00461
OG0000551	Prbg.g_00244	Pram.g_00464
OG0000552	Prbg.g_00245	Pram.g_00465
OG0000553	Prbg.g_00246	Pram.g_00466
OG0000554	Prbg.g_00251	Pram.g_00472
OG0000555	Prbg.g_00259	Pram.g_00479
OG0000556	Prbg.g_00261	Pram.g_00481
OG0000557	Prbg.g_00262	Pram.g_00482
OG0000558	Prbg.g_00265	Pram.g_00484
OG0000559	Prbg.g_00269	Pram.g_00488
OG0000560	Prbg.g_00272	Pram.g_00491
OG0000561	Prbg.g_00273	Pram.g_00492
OG0000562	Prbg.g_00274	Pram.g_00493
OG0000563	Prbg.g_00275	Pram.g_00494
OG0000564	Prbg.g_00276	Pram.g_00495
OG0000565	Prbg.g_00278	Pram.g_00498
OG0000566	Prbg.g_00282	Pram.g_00502
OG0000567	Prbg.g_00286	Pram.g_00506
OG0000568	Prbg.g_00287	Pram.g_00507
OG0000569	Prbg.g_00288	Pram.g_00508
OG0000570	Prbg.g_00289	Pram.g_00509
OG0000571	Prbg.g_00291	Pram.g_00511
OG0000572	Prbg.g_00305	Pram.g_00523
OG0000573	Prbg.g_00311	Pram.g_00529
OG0000574	Prbg.g_00312	Pram.g_00530
OG0000575	Prbg.g_00316	Pram.g_00534
OG0000576	Prbg.g_00318	Pram.g_00536
OG0000577	Prbg.g_00319	Pram.g_00537
OG0000578	Prbg.g_00320	Pram.g_00538
OG0000579	Prbg.g_00321	Pram.g_00539
OG0000580	Prbg.g_00322	Pram.g_00540
OG0000581	Prbg.g_00325	Pram.g_00543
OG0000582	Prbg.g_00328	Pram.g_00546
OG0000583	Prbg.g_00329	Pram.g_00547
OG0000584	Prbg.g_00330	Pram.g_00548
OG0000585	Prbg.g_00332	Pram.g_00550
OG0000586	Prbg.g_00333	Pram.g_00551
OG0000587	Prbg.g_00334	Pram.g_00552
OG0000588	Prbg.g_00338	Pram.g_00556
OG0000589	Prbg.g_00340	Pram.g_00559
OG0000590	Prbg.g_00341	Pram.g_00560
OG0000591	Prbg.g_00345	Pram.g_00564
OG0000592	Prbg.g_00346	Pram.g_00565
OG0000593	Prbg.g_01425	Pram.g_01078
OG0000594	Prbg.g_01424	Pram.g_01077
OG0000595	Prbg.g_01423	Pram.g_01076
OG0000596	Prbg.g_01419	Pram.g_01073
OG0000597	Prbg.g_01416	Pram.g_01070
OG0000598	Prbg.g_01415	Pram.g_01069
OG0000599	Prbg.g_01412	Pram.g_01066
OG0000600	Prbg.g_01411	Pram.g_01065
OG0000601	Prbg.g_01410	Pram.g_01064
OG0000602	Prbg.g_01408	Pram.g_01062
OG0000603	Prbg.g_01407	Pram.g_01061
OG0000604	Prbg.g_01406	Pram.g_01060
OG0000605	Prbg.g_01405	Pram.g_01059
OG0000606	Prbg.g_01402	Pram.g_01056
OG0000607	Prbg.g_01399	Pram.g_01053
OG0000608	Prbg.g_01398	Pram.g_01052
OG0000609	Prbg.g_01397	Pram.g_01051
OG0000610	Prbg.g_01391	Pram.g_01045
OG0000611	Prbg.g_01388	Pram.g_01042
OG0000612	Prbg.g_01387	Pram.g_01041
OG0000613	Prbg.g_01114	Pram.g_00763
OG0000614	Prbg.g_01135	Pram.g_00784
OG0000615	Prbg.g_01146	Pram.g_00795
OG0000616	Prbg.g_01939	Pram.g_01927
OG0000617	Prbg.g_01371	Pram.g_01024
OG0000618	Prbg.g_01370	Pram.g_01023
OG0000619	Prbg.g_01369	Pram.g_01022
OG0000620	Prbg.g_01366	Pram.g_01019
OG0000621	Prbg.g_01365	Pram.g_01018
OG0000622	Prbg.g_01364	Pram.g_01017
OG0000623	Prbg.g_01363	Pram.g_01016
OG0000624	Prbg.g_01361	Pram.g_01014
OG0000625	Prbg.g_01360	Pram.g_01013
OG0000626	Prbg.g_01359	Pram.g_01012
OG0000627	Prbg.g_01358	Pram.g_01011
OG0000628	Prbg.g_01357	Pram.g_01010
OG0000629	Prbg.g_01356	Pram.g_01008
OG0000630	Prbg.g_01353	Pram.g_01005
OG0000631	Prbg.g_01260	Pram.g_00913
OG0000632	Prbg.g_01261	Pram.g_00914
OG0000633	Prbg.g_01262	Pram.g_00915
OG0000634	Prbg.g_01155	Pram.g_00805
OG0000635	Prbg.g_01156	Pram.g_00806
OG0000636	Prbg.g_01158	Pram.g_00808
OG0000637	Prbg.g_01160	Pram.g_00810
OG0000638	Prbg.g_01161	Pram.g_00811
OG0000639	Prbg.g_01162	Pram.g_00812
OG0000640	Prbg.g_01163	Pram.g_00813
OG0000641	Prbg.g_01167	Pram.g_00817
OG0000642	Prbg.g_01168	Pram.g_00818
OG0000643	Prbg.g_01169	Pram.g_00819
OG0000644	Prbg.g_01170	Pram.g_00820
OG0000645	Prbg.g_01171	Pram.g_00821
OG0000646	Prbg.g_01173	Pram.g_00823
OG0000647	Prbg.g_01175	Pram.g_00825
OG0000648	Prbg.g_01177	Pram.g_00827
OG0000649	Prbg.g_01178	Pram.g_00828
OG0000650	Prbg.g_01179	Pram.g_00829
OG0000651	Prbg.g_01180	Pram.g_00830
OG0000652	Prbg.g_01181	Pram.g_00831
OG0000653	Prbg.g_01183	Pram.g_00833
OG0000654	Prbg.g_01184	Pram.g_00834
OG0000655	Prbg.g_01185	Pram.g_00835
OG0000656	Prbg.g_01188	Pram.g_00838
OG0000657	Prbg.g_01196	Pram.g_00845
OG0000658	Prbg.g_01198	Pram.g_00847
OG0000659	Prbg.g_01199	Pram.g_00848
OG0000660	Prbg.g_01203	Pram.g_00852
OG0000661	Prbg.g_01205	Pram.g_00854
OG0000662	Prbg.g_01207	Pram.g_00857
OG0000663	Prbg.g_01209	Pram.g_00859
OG0000664	Prbg.g_01210	Pram.g_00860
OG0000665	Prbg.g_01216	Pram.g_00866
OG0000666	Prbg.g_01217	Pram.g_00867
OG0000667	Prbg.g_01221	Pram.g_00872
OG0000668	Prbg.g_01062	Pram.g_00713
OG0000669	Prbg.g_01073	Pram.g_00724
OG0000670	Prbg.g_01076	Pram.g_00727
OG0000671	Prbg.g_01079	Pram.g_00729
OG0000672	Prbg.g_01082	Pram.g_00732
OG0000673	Prbg.g_01085	Pram.g_00735
OG0000674	Prbg.g_01087	Pram.g_00737
OG0000675	Prbg.g_01088	Pram.g_00738
OG0000676	Prbg.g_01090	Pram.g_00740
OG0000677	Prbg.g_01091	Pram.g_00741
OG0000678	Prbg.g_01093	Pram.g_00743
OG0000679	Prbg.g_01097	Pram.g_00747
OG0000680	Prbg.g_01098	Pram.g_00748
OG0000681	Prbg.g_01101	Pram.g_00751
OG0000682	Prbg.g_01102	Pram.g_00752
OG0000683	Prbg.g_01103	Pram.g_00753
OG0000684	Prbg.g_01105	Pram.g_00754
OG0000685	Prbg.g_01107	Pram.g_00756
OG0000686	Prbg.g_01108	Pram.g_00757
OG0000687	Prbg.g_01109	Pram.g_00758
OG0000688	Prbg.g_01383	Pram.g_01036
OG0000689	Prbg.g_01382	Pram.g_01035
OG0000690	Prbg.g_01381	Pram.g_01034
OG0000691	Prbg.g_01380	Pram.g_01033
OG0000692	Prbg.g_01378	Pram.g_01031
OG0000693	Prbg.g_01377	Pram.g_01030
OG0000694	Prbg.g_01376	Pram.g_01029
OG0000695	Prbg.g_01264	Pram.g_00917
OG0000696	Prbg.g_01265	Pram.g_00918
OG0000697	Prbg.g_01266	Pram.g_00919
OG0000698	Prbg.g_01269	Pram.g_00922
OG0000699	Prbg.g_01270	Pram.g_00923
OG0000700	Prbg.g_01271	Pram.g_00924
OG0000701	Prbg.g_01272	Pram.g_00925
OG0000702	Prbg.g_01274	Pram.g_00927
OG0000703	Prbg.g_01275	Pram.g_00928
OG0000704	Prbg.g_01277	Pram.g_00930
OG0000705	Prbg.g_01280	Pram.g_00936
OG0000706	Prbg.g_01281	Pram.g_00937
OG0000707	Prbg.g_01282	Pram.g_00938
OG0000708	Prbg.g_01284	Pram.g_00940
OG0000709	Prbg.g_01288	Pram.g_00944
OG0000710	Prbg.g_01291	Pram.g_00947
OG0000711	Prbg.g_01309	Pram.g_00963
OG0000712	Prbg.g_01310	Pram.g_00964
OG0000713	Prbg.g_01311	Pram.g_00965
OG0000714	Prbg.g_01312	Pram.g_00966
OG0000715	Prbg.g_01314	Pram.g_00968
OG0000716	Prbg.g_01316	Pram.g_00970
OG0000717	Prbg.g_01317	Pram.g_00971
OG0000718	Prbg.g_01321	Pram.g_00973
OG0000719	Prbg.g_01323	Pram.g_00975
OG0000720	Prbg.g_01335	Pram.g_00986
OG0000721	Prbg.g_01339	Pram.g_00990
OG0000722	Prbg.g_01340	Pram.g_00991
OG0000723	Prbg.g_01344	Pram.g_00995
OG0000724	Prbg.g_01239	Pram.g_00893
OG0000725	Prbg.g_01233	Pram.g_00887
OG0000726	Prbg.g_01232	Pram.g_00886
OG0000727	Prbg.g_01231	Pram.g_00885
OG0000728	Prbg.g_01229	Pram.g_00883
OG0000729	Prbg.g_00455	Pram.g_01208
OG0000730	Prbg.g_01528	Pram.g_01182
OG0000731	Prbg.g_00123	Pram.g_00335
OG0000733	Prbg.g_00750	Pram.g_01547
OG0000734	Prbg.g_01502	Pram.g_01156
OG0000735	Prbg.g_01500	Pram.g_01154
OG0000736	Prbg.g_01499	Pram.g_01153
OG0000737	Prbg.g_01498	Pram.g_01152
OG0000738	Prbg.g_01494	Pram.g_01148
OG0000739	Prbg.g_01493	Pram.g_01147
OG0000740	Prbg.g_01492	Pram.g_01146
OG0000741	Prbg.g_01490	Pram.g_01144
OG0000742	Prbg.g_01487	Pram.g_01141
OG0000743	Prbg.g_01485	Pram.g_01139
OG0000744	Prbg.g_01484	Pram.g_01137
OG0000745	Prbg.g_01483	Pram.g_01136
OG0000746	Prbg.g_01481	Pram.g_01134
OG0000747	Prbg.g_01480	Pram.g_01133
OG0000748	Prbg.g_01476	Pram.g_01129
OG0000749	Prbg.g_01475	Pram.g_01128
OG0000750	Prbg.g_01474	Pram.g_01127
OG0000751	Prbg.g_01471	Pram.g_01124
OG0000752	Prbg.g_01469	Pram.g_01122
OG0000753	Prbg.g_01467	Pram.g_01119
OG0000754	Prbg.g_01464	Pram.g_01117
OG0000755	Prbg.g_01458	Pram.g_01111
OG0000756	Prbg.g_01457	Pram.g_01110
OG0000757	Prbg.g_01450	Pram.g_01103
OG0000758	Prbg.g_01449	Pram.g_01102
OG0000759	Prbg.g_01448	Pram.g_01101
OG0000760	Prbg.g_01447	Pram.g_01100
OG0000761	Prbg.g_01446	Pram.g_01099
OG0000762	Prbg.g_01445	Pram.g_01098
OG0000763	Prbg.g_01443	Pram.g_01096
OG0000764	Prbg.g_01442	Pram.g_01095
OG0000765	Prbg.g_01434	Pram.g_01087
OG0000766	Prbg.g_01433	Pram.g_01086
OG0000767	Prbg.g_01431	Pram.g_01084
OG0000768	Prbg.g_01430	Pram.g_01083
OG0000769	Prbg.g_01428	Pram.g_01081
OG0000770	Prbg.g_00351	Pram.g_00570
OG0000771	Prbg.g_00687	Pram.g_01254
OG0000772	Prbg.g_01576	Pram.g_01569
OG0000773	Prbg.g_00468	Pram.g_01221
OG0000774	Prbg.g_00470	Pram.g_01223
OG0000775	Prbg.g_00472	Pram.g_01225
OG0000776	Prbg.g_00473	Pram.g_01226
OG0000777	Prbg.g_00474	Pram.g_01227
OG0000778	Prbg.g_00475	Pram.g_01228
OG0000779	Prbg.g_00479	Pram.g_01232
OG0000780	Prbg.g_00480	Pram.g_01233
OG0000781	Prbg.g_00484	Pram.g_01236
OG0000782	Prbg.g_00485	Pram.g_01237
OG0000783	Prbg.g_00486	Pram.g_01238
OG0000784	Prbg.g_00487	Pram.g_01239
OG0000785	Prbg.g_00489	Pram.g_01241
OG0000786	Prbg.g_00492	Pram.g_01244
OG0000787	Prbg.g_00493	Pram.g_01245
OG0000788	Prbg.g_00218	Pram.g_01271
OG0000789	Prbg.g_00690	Pram.g_01281
OG0000790	Prbg.g_00534	Pram.g_01463
OG0000791	Prbg.g_00536	Pram.g_01461
OG0000792	Prbg.g_00537	Pram.g_01460
OG0000793	Prbg.g_00540	Pram.g_01456
OG0000794	Prbg.g_00541	Pram.g_01455
OG0000795	Prbg.g_00542	Pram.g_01454
OG0000796	Prbg.g_00546	Pram.g_01450
OG0000797	Prbg.g_00547	Pram.g_01449
OG0000798	Prbg.g_00038	Pram.g_01415
OG0000799	Prbg.g_00574	Pram.g_01398
OG0000800	Prbg.g_00575	Pram.g_01397
OG0000801	Prbg.g_00576	Pram.g_01396
OG0000802	Prbg.g_00578	Pram.g_01394
OG0000803	Prbg.g_00580	Pram.g_01392
OG0000804	Prbg.g_00581	Pram.g_01391
OG0000805	Prbg.g_00583	Pram.g_01389
OG0000806	Prbg.g_00585	Pram.g_01387
OG0000807	Prbg.g_00586	Pram.g_01386
OG0000808	Prbg.g_00587	Pram.g_01385
OG0000809	Prbg.g_00589	Pram.g_01383
OG0000810	Prbg.g_00590	Pram.g_01382
OG0000811	Prbg.g_00594	Pram.g_01375
OG0000812	Prbg.g_00596	Pram.g_01373
OG0000813	Prbg.g_00597	Pram.g_01372
OG0000814	Prbg.g_00599	Pram.g_01370
OG0000815	Prbg.g_00600	Pram.g_01369
OG0000816	Prbg.g_00602	Pram.g_01367
OG0000817	Prbg.g_00603	Pram.g_01366
OG0000818	Prbg.g_00608	Pram.g_01361
OG0000819	Prbg.g_00609	Pram.g_01360
OG0000820	Prbg.g_00610	Pram.g_01359
OG0000821	Prbg.g_00614	Pram.g_01355
OG0000822	Prbg.g_00615	Pram.g_01354
OG0000823	Prbg.g_00616	Pram.g_01353
OG0000824	Prbg.g_00619	Pram.g_01350
OG0000825	Prbg.g_00620	Pram.g_01349
OG0000826	Prbg.g_00621	Pram.g_01348
OG0000827	Prbg.g_00622	Pram.g_01347
OG0000828	Prbg.g_00625	Pram.g_01344
OG0000829	Prbg.g_00626	Pram.g_01343
OG0000830	Prbg.g_00627	Pram.g_01342
OG0000831	Prbg.g_00629	Pram.g_01340
OG0000832	Prbg.g_00639	Pram.g_01330
OG0000833	Prbg.g_00648	Pram.g_01321
OG0000834	Prbg.g_00649	Pram.g_01320
OG0000835	Prbg.g_00650	Pram.g_01319
OG0000836	Prbg.g_00651	Pram.g_01318
OG0000837	Prbg.g_00652	Pram.g_01317
OG0000838	Prbg.g_00654	Pram.g_01314
OG0000839	Prbg.g_00655	Pram.g_01313
OG0000840	Prbg.g_00656	Pram.g_01312
OG0000841	Prbg.g_00657	Pram.g_01311
OG0000842	Prbg.g_00658	Pram.g_01310
OG0000843	Prbg.g_00659	Pram.g_01309
OG0000844	Prbg.g_00660	Pram.g_01308
OG0000845	Prbg.g_00661	Pram.g_01307
OG0000846	Prbg.g_00662	Pram.g_01306
OG0000847	Prbg.g_00663	Pram.g_01305
OG0000848	Prbg.g_00664	Pram.g_01304
OG0000849	Prbg.g_00665	Pram.g_01303
OG0000850	Prbg.g_00667	Pram.g_01301
OG0000851	Prbg.g_00668	Pram.g_01300
OG0000852	Prbg.g_00669	Pram.g_01299
OG0000853	Prbg.g_00675	Pram.g_01294
OG0000854	Prbg.g_00677	Pram.g_01292
OG0000855	Prbg.g_00678	Pram.g_01291
OG0000856	Prbg.g_00348	Pram.g_00567
OG0000857	Prbg.g_01174	Pram.g_00824
OG0000858	Prbg.g_01643	Pram.g_01625
OG0000859	Prbg.g_01644	Pram.g_01626
OG0000860	Prbg.g_01652	Pram.g_01634
OG0000861	Prbg.g_01653	Pram.g_01635
OG0000862	Prbg.g_01654	Pram.g_01636
OG0000863	Prbg.g_01656	Pram.g_01638
OG0000864	Prbg.g_01657	Pram.g_01639
OG0000865	Prbg.g_01658	Pram.g_01640
OG0000866	Prbg.g_01659	Pram.g_01641
OG0000867	Prbg.g_01660	Pram.g_01642
OG0000868	Prbg.g_01662	Pram.g_01644
OG0000869	Prbg.g_01665	Pram.g_01647
OG0000870	Prbg.g_01670	Pram.g_01652
OG0000871	Prbg.g_01671	Pram.g_01653
OG0000872	Prbg.g_01672	Pram.g_01654
OG0000873	Prbg.g_01675	Pram.g_01657
OG0000874	Prbg.g_01678	Pram.g_01660
OG0000875	Prbg.g_01679	Pram.g_01662
OG0000876	Prbg.g_01680	Pram.g_01663
OG0000877	Prbg.g_01682	Pram.g_01665
OG0000878	Prbg.g_01683	Pram.g_01666
OG0000879	Prbg.g_01684	Pram.g_01667
OG0000880	Prbg.g_01685	Pram.g_01668
OG0000881	Prbg.g_01689	Pram.g_01672
OG0000882	Prbg.g_01694	Pram.g_01677
OG0000883	Prbg.g_01696	Pram.g_01679
OG0000884	Prbg.g_01698	Pram.g_01681
OG0000885	Prbg.g_01699	Pram.g_01682
OG0000886	Prbg.g_01700	Pram.g_01683
OG0000887	Prbg.g_01701	Pram.g_01684
OG0000888	Prbg.g_01703	Pram.g_01686
OG0000889	Prbg.g_01705	Pram.g_01688
OG0000890	Prbg.g_01706	Pram.g_01689
OG0000891	Prbg.g_01707	Pram.g_01690
OG0000892	Prbg.g_01709	Pram.g_01691
OG0000893	Prbg.g_01713	Pram.g_01695
OG0000894	Prbg.g_01716	Pram.g_01698
OG0000895	Prbg.g_01720	Pram.g_01702
OG0000896	Prbg.g_01721	Pram.g_01703
OG0000897	Prbg.g_01723	Pram.g_01705
OG0000898	Prbg.g_01724	Pram.g_01706
OG0000899	Prbg.g_01725	Pram.g_01707
OG0000900	Prbg.g_01726	Pram.g_01708
OG0000901	Prbg.g_01729	Pram.g_01711
OG0000902	Prbg.g_01731	Pram.g_01713
OG0000903	Prbg.g_01735	Pram.g_01717
OG0000904	Prbg.g_01739	Pram.g_01722
OG0000905	Prbg.g_01733	Pram.g_01715
OG0000906	Prbg.g_01732	Pram.g_01714
OG0000907	Prbg.g_01742	Pram.g_01727
OG0000908	Prbg.g_01745	Pram.g_01730
OG0000909	Prbg.g_01746	Pram.g_01731
OG0000910	Prbg.g_01747	Pram.g_01732
OG0000911	Prbg.g_01749	Pram.g_01734
OG0000912	Prbg.g_01750	Pram.g_01735
OG0000913	Prbg.g_01751	Pram.g_01736
OG0000914	Prbg.g_01752	Pram.g_01737
OG0000915	Prbg.g_01753	Pram.g_01738
OG0000916	Prbg.g_01754	Pram.g_01739
OG0000917	Prbg.g_01755	Pram.g_01740
OG0000918	Prbg.g_01756	Pram.g_01741
OG0000919	Prbg.g_01757	Pram.g_01742
OG0000920	Prbg.g_01758	Pram.g_01743
OG0000921	Prbg.g_01759	Pram.g_01744
OG0000922	Prbg.g_01760	Pram.g_01745
OG0000923	Prbg.g_01764	Pram.g_01749
OG0000924	Prbg.g_01765	Pram.g_01750
OG0000925	Prbg.g_01766	Pram.g_01751
OG0000926	Prbg.g_01767	Pram.g_01752
OG0000927	Prbg.g_01769	Pram.g_01754
OG0000928	Prbg.g_01770	Pram.g_01755
OG0000929	Prbg.g_01771	Pram.g_01756
OG0000930	Prbg.g_01772	Pram.g_01757
OG0000931	Prbg.g_01773	Pram.g_01758
OG0000932	Prbg.g_01774	Pram.g_01759
OG0000933	Prbg.g_01778	Pram.g_01763
OG0000934	Prbg.g_01780	Pram.g_01765
OG0000935	Prbg.g_01781	Pram.g_01766
OG0000936	Prbg.g_01782	Pram.g_01767
OG0000937	Prbg.g_01783	Pram.g_01768
OG0000938	Prbg.g_01786	Pram.g_01771
OG0000939	Prbg.g_01787	Pram.g_01772
OG0000940	Prbg.g_01794	Pram.g_01779
OG0000941	Prbg.g_01796	Pram.g_01781
OG0000942	Prbg.g_01798	Pram.g_01783
OG0000943	Prbg.g_01799	Pram.g_01784
OG0000944	Prbg.g_01801	Pram.g_01786
OG0000945	Prbg.g_01802	Pram.g_01787
OG0000946	Prbg.g_01807	Pram.g_01793
OG0000947	Prbg.g_01809	Pram.g_01795
OG0000948	Prbg.g_01810	Pram.g_01796
OG0000949	Prbg.g_01813	Pram.g_01799
OG0000950	Prbg.g_01820	Pram.g_01806
OG0000951	Prbg.g_01824	Pram.g_01810
OG0000952	Prbg.g_01828	Pram.g_01814
OG0000953	Prbg.g_01832	Pram.g_01818
OG0000954	Prbg.g_01836	Pram.g_01822
OG0000955	Prbg.g_01837	Pram.g_01823
OG0000956	Prbg.g_01839	Pram.g_01825
OG0000957	Prbg.g_01845	Pram.g_01831
OG0000958	Prbg.g_01846	Pram.g_01832
OG0000959	Prbg.g_01850	Pram.g_01836
OG0000960	Prbg.g_01851	Pram.g_01837
OG0000961	Prbg.g_01854	Pram.g_01840
OG0000962	Prbg.g_01856	Pram.g_01842
OG0000963	Prbg.g_01860	Pram.g_01846
OG0000964	Prbg.g_01861	Pram.g_01847
OG0000965	Prbg.g_01862	Pram.g_01848
OG0000966	Prbg.g_01868	Pram.g_01854
OG0000967	Prbg.g_01872	Pram.g_01858
OG0000968	Prbg.g_01874	Pram.g_01860
OG0000969	Prbg.g_01875	Pram.g_01861
OG0000970	Prbg.g_01876	Pram.g_01862
OG0000971	Prbg.g_01877	Pram.g_01863
OG0000972	Prbg.g_01878	Pram.g_01864
OG0000973	Prbg.g_01879	Pram.g_01865
OG0000974	Prbg.g_01880	Pram.g_01866
OG0000975	Prbg.g_01881	Pram.g_01867
OG0000976	Prbg.g_01882	Pram.g_01868
OG0000977	Prbg.g_01883	Pram.g_01869
OG0000978	Prbg.g_01884	Pram.g_01870
OG0000979	Prbg.g_01887	Pram.g_01873
OG0000980	Prbg.g_01889	Pram.g_01875
OG0000981	Prbg.g_01892	Pram.g_01878
OG0000982	Prbg.g_01894	Pram.g_01880
OG0000983	Prbg.g_01895	Pram.g_01881
OG0000984	Prbg.g_01896	Pram.g_01882
OG0000985	Prbg.g_01899	Pram.g_01885
OG0000986	Prbg.g_01901	Pram.g_01887
OG0000987	Prbg.g_01902	Pram.g_01888
OG0000988	Prbg.g_01905	Pram.g_01891
OG0000989	Prbg.g_01909	Pram.g_01895
OG0000990	Prbg.g_01913	Pram.g_01900
OG0000991	Prbg.g_01914	Pram.g_01901
OG0000992	Prbg.g_01917	Pram.g_01904
OG0000993	Prbg.g_01918	Pram.g_01905
OG0000994	Prbg.g_01919	Pram.g_01906
OG0000995	Prbg.g_01923	Pram.g_01910
OG0000996	Prbg.g_01924	Pram.g_01911
OG0000997	Prbg.g_01927	Pram.g_01913
OG0000998	Prbg.g_01929	Pram.g_01915
OG0000999	Prbg.g_01930	Pram.g_01916
OG0001000	Prbg.g_01933	Pram.g_01919
OG0001001	Prbg.g_01936	Pram.g_01924
OG0001002	Prbg.g_00758	Pram.g_01929
OG0001003	Prbg.g_00759	Pram.g_01930
OG0001004	Prbg.g_00760	Pram.g_01931
OG0001005	Prbg.g_00761	Pram.g_01932
OG0001006	Prbg.g_00765	Pram.g_01936
OG0001007	Prbg.g_00767	Pram.g_01938
OG0001008	Prbg.g_00157	Pram.g_00372
OG0001009	Prbg.g_00847	Pram.g_00014
OG0001010	Prbg.g_00846	Pram.g_00015
OG0001011	Prbg.g_00844	Pram.g_00016
OG0001012	Prbg.g_00830	Pram.g_00028
OG0001013	Prbg.g_00823	Pram.g_00035
OG0001014	Prbg.g_00820	Pram.g_00038
OG0001015	Prbg.g_00818	Pram.g_00039
OG0001016	Prbg.g_00796	Pram.g_00058
OG0001017	Prbg.g_00792	Pram.g_00062
OG0001018	Prbg.g_00790	Pram.g_00064
OG0001019	Prbg.g_00781	Pram.g_00073
OG0001020	Prbg.g_00780	Pram.g_00074
OG0001021	Prbg.g_00861	Pram.g_00075
OG0001022	Prbg.g_00864	Pram.g_00078
OG0001023	Prbg.g_00865	Pram.g_00079
OG0001024	Prbg.g_00869	Pram.g_00082
OG0001025	Prbg.g_00876	Pram.g_00089
OG0001026	Prbg.g_00885	Pram.g_00097
OG0001027	Prbg.g_00886	Pram.g_00098
OG0001028	Prbg.g_00888	Pram.g_00100
OG0001029	Prbg.g_00889	Pram.g_00101
OG0001030	Prbg.g_00905	Pram.g_00117
OG0001031	Prbg.g_00965	Pram.g_00171
OG0001032	Prbg.g_00966	Pram.g_00172
OG0001033	Prbg.g_00987	Pram.g_00193
OG0001034	Prbg.g_01018	Pram.g_00223
OG0001035	Prbg.g_01038	Pram.g_00243
OG0001036	Prbg.g_01042	Pram.g_00247
OG0001037	Prbg.g_01043	Pram.g_00248
OG0001038	Prbg.g_00057	Pram.g_00266
OG0001039	Prbg.g_00060	Pram.g_00269
OG0001040	Prbg.g_00062	Pram.g_00271
OG0001041	Prbg.g_00067	Pram.g_00276
OG0001042	Prbg.g_00084	Pram.g_00293
OG0001043	Prbg.g_00085	Pram.g_00294
OG0001044	Prbg.g_00116	Pram.g_00327
OG0001045	Prbg.g_00125	Pram.g_00337
OG0001046	Prbg.g_01602	Pram.g_01537
OG0001047	Prbg.g_00159	Pram.g_00374
OG0001048	Prbg.g_00160	Pram.g_00375
OG0001049	Prbg.g_00162	Pram.g_00377
OG0001050	Prbg.g_00163	Pram.g_00378
OG0001051	Prbg.g_00164	Pram.g_00379
OG0001052	Prbg.g_00190	Pram.g_00407
OG0001053	Prbg.g_00202	Pram.g_00419
OG0001054	Prbg.g_00217	Pram.g_00434
OG0001055	Prbg.g_00236	Pram.g_00454
OG0001056	Prbg.g_00253	Pram.g_00474
OG0001057	Prbg.g_00258	Pram.g_00478
OG0001058	Prbg.g_00267	Pram.g_00486
OG0001059	Prbg.g_00271	Pram.g_00490
OG0001060	Prbg.g_00277	Pram.g_00497
OG0001061	Prbg.g_00292	Pram.g_00512
OG0001062	Prbg.g_00294	Pram.g_00514
OG0001063	Prbg.g_00296	Pram.g_00516
OG0001064	Prbg.g_00297	Pram.g_00517
OG0001065	Prbg.g_00298	Pram.g_00518
OG0001066	Prbg.g_00299	Pram.g_00519
OG0001067	Prbg.g_00300	Pram.g_00520
OG0001068	Prbg.g_00301	Pram.g_00521
OG0001069	Prbg.g_00302	Pram.g_00522
OG0001070	Prbg.g_00306	Pram.g_00524
OG0001071	Prbg.g_00307	Pram.g_00525
OG0001072	Prbg.g_00309	Pram.g_00527
OG0001073	Prbg.g_00323	Pram.g_00541
OG0001074	Prbg.g_00335	Pram.g_00553
OG0001075	Prbg.g_00336	Pram.g_00554
OG0001076	Prbg.g_00343	Pram.g_00562
OG0001077	Prbg.g_00349	Pram.g_00568
OG0001078	Prbg.g_01421	Pram.g_01074
OG0001079	Prbg.g_01409	Pram.g_01063
OG0001080	Prbg.g_01403	Pram.g_01057
OG0001081	Prbg.g_01401	Pram.g_01055
OG0001082	Prbg.g_01400	Pram.g_01054
OG0001083	Prbg.g_01395	Pram.g_01049
OG0001084	Prbg.g_01394	Pram.g_01048
OG0001085	Prbg.g_01111	Pram.g_00760
OG0001086	Prbg.g_01112	Pram.g_00761
OG0001087	Prbg.g_01130	Pram.g_00779
OG0001088	Prbg.g_01131	Pram.g_00780
OG0001089	Prbg.g_01142	Pram.g_00791
OG0001090	Prbg.g_01152	Pram.g_00802
OG0001091	Prbg.g_01374	Pram.g_01027
OG0001092	Prbg.g_01373	Pram.g_01026
OG0001093	Prbg.g_01368	Pram.g_01021
OG0001094	Prbg.g_01375	Pram.g_01028
OG0001095	Prbg.g_01172	Pram.g_00822
OG0001096	Prbg.g_01186	Pram.g_00836
OG0001097	Prbg.g_01206	Pram.g_00855
OG0001098	Prbg.g_01225	Pram.g_00876
OG0001099	Prbg.g_01067	Pram.g_00717
OG0001100	Prbg.g_01075	Pram.g_00726
OG0001101	Prbg.g_01078	Pram.g_00728
OG0001102	Prbg.g_01081	Pram.g_00731
OG0001103	Prbg.g_01083	Pram.g_00733
OG0001104	Prbg.g_01106	Pram.g_00755
OG0001105	Prbg.g_01110	Pram.g_00759
OG0001106	Prbg.g_01278	Pram.g_00931
OG0001107	Prbg.g_01285	Pram.g_00941
OG0001108	Prbg.g_01289	Pram.g_00945
OG0001109	Prbg.g_01290	Pram.g_00946
OG0001110	Prbg.g_01292	Pram.g_00948
OG0001111	Prbg.g_01293	Pram.g_00949
OG0001112	Prbg.g_01294	Pram.g_00950
OG0001113	Prbg.g_01295	Pram.g_00951
OG0001114	Prbg.g_01296	Pram.g_00952
OG0001115	Prbg.g_01298	Pram.g_00954
OG0001116	Prbg.g_01299	Pram.g_00955
OG0001117	Prbg.g_01300	Pram.g_00956
OG0001118	Prbg.g_01301	Pram.g_00957
OG0001119	Prbg.g_01302	Pram.g_00958
OG0001120	Prbg.g_01304	Pram.g_00959
OG0001122	Prbg.g_01324	Pram.g_00976
OG0001123	Prbg.g_01330	Pram.g_00981
OG0001124	Prbg.g_01332	Pram.g_00983
OG0001125	Prbg.g_01334	Pram.g_00985
OG0001126	Prbg.g_01245	Pram.g_00899
OG0001127	Prbg.g_01244	Pram.g_00898
OG0001128	Prbg.g_01242	Pram.g_00896
OG0001129	Prbg.g_01241	Pram.g_00895
OG0001130	Prbg.g_01240	Pram.g_00894
OG0001131	Prbg.g_00141	Pram.g_00356
OG0001132	Prbg.g_00022	Pram.g_00683
OG0001133	Prbg.g_00528	Pram.g_01469
OG0001134	Prbg.g_00749	Pram.g_01546
OG0001135	Prbg.g_00752	Pram.g_01549
OG0001136	Prbg.g_01489	Pram.g_01143
OG0001137	Prbg.g_01477	Pram.g_01130
OG0001138	Prbg.g_01456	Pram.g_01109
OG0001139	Prbg.g_01454	Pram.g_01107
OG0001140	Prbg.g_01453	Pram.g_01106
OG0001141	Prbg.g_01452	Pram.g_01105
OG0001142	Prbg.g_01451	Pram.g_01104
OG0001143	Prbg.g_01444	Pram.g_01097
OG0001144	Prbg.g_01439	Pram.g_01092
OG0001145	Prbg.g_00469	Pram.g_01222
OG0001146	Prbg.g_00481	Pram.g_01234
OG0001147	Prbg.g_00501	Pram.g_01475
OG0001148	Prbg.g_00531	Pram.g_01466
OG0001149	Prbg.g_00532	Pram.g_01465
OG0001150	Prbg.g_00533	Pram.g_01464
OG0001151	Prbg.g_00544	Pram.g_01452
OG0001152	Prbg.g_00545	Pram.g_01451
OG0001153	Prbg.g_00623	Pram.g_01346
OG0001154	Prbg.g_00624	Pram.g_01345
OG0001155	Prbg.g_00641	Pram.g_01328
OG0001156	Prbg.g_00644	Pram.g_01325
OG0001157	Prbg.g_00645	Pram.g_01324
OG0001158	Prbg.g_00646	Pram.g_01323
OG0001159	Prbg.g_00647	Pram.g_01322
OG0001160	Prbg.g_00673	Pram.g_01296
OG0001161	Prbg.g_01593	Pram.g_01577
OG0001162	Prbg.g_00726	Pram.g_01590
OG0001163	Prbg.g_01641	Pram.g_01624
OG0001164	Prbg.g_01645	Pram.g_01627
OG0001165	Prbg.g_01648	Pram.g_01630
OG0001166	Prbg.g_01669	Pram.g_01651
OG0001167	Prbg.g_01686	Pram.g_01669
OG0001168	Prbg.g_01688	Pram.g_01671
OG0001169	Prbg.g_01690	Pram.g_01673
OG0001170	Prbg.g_01692	Pram.g_01675
OG0001171	Prbg.g_01702	Pram.g_01685
OG0001172	Prbg.g_01718	Pram.g_01700
OG0001173	Prbg.g_01719	Pram.g_01701
OG0001174	Prbg.g_01727	Pram.g_01709
OG0001175	Prbg.g_01728	Pram.g_01710
OG0001176	Prbg.g_01736	Pram.g_01718
OG0001177	Prbg.g_01738	Pram.g_01720
OG0001178	Prbg.g_01655	Pram.g_01637
OG0001179	Prbg.g_01768	Pram.g_01753
OG0001180	Prbg.g_01791	Pram.g_01776
OG0001181	Prbg.g_01795	Pram.g_01780
OG0001182	Prbg.g_01803	Pram.g_01788
OG0001183	Prbg.g_01808	Pram.g_01794
OG0001184	Prbg.g_01826	Pram.g_01812
OG0001185	Prbg.g_01842	Pram.g_01828
OG0001186	Prbg.g_01866	Pram.g_01852
OG0001187	Prbg.g_01869	Pram.g_01855
OG0001188	Prbg.g_01871	Pram.g_01857
OG0001189	Prbg.g_01888	Pram.g_01874
OG0001190	Prbg.g_01893	Pram.g_01879
OG0001191	Prbg.g_01903	Pram.g_01889
OG0001192	Prbg.g_01908	Pram.g_01894
OG0001193	Prbg.g_01920	Pram.g_01907
OG0001194	Prbg.g_01921	Pram.g_01908
OG0001195	Prbg.g_01922	Pram.g_01909
OG0001196	Prbg.g_01938	Pram.g_01926
OG0001197	Prbg.g_01940	Pram.g_01928
OG0001198	Prbg.g_00764	Pram.g_01935
OG0001199	Prbg.g_00795	Pram.g_00059
OG0001200	Prbg.g_00793	Pram.g_00061
OG0001201	Prbg.g_00880	Pram.g_00092
OG0001202	Prbg.g_00978	Pram.g_00184
OG0001203	Prbg.g_01020	Pram.g_00225
OG0001204	Prbg.g_01026	Pram.g_00231
OG0001205	Prbg.g_00165	Pram.g_00380
OG0001206	Prbg.g_00185	Pram.g_00401
OG0001207	Prbg.g_00196	Pram.g_00413
OG0001208	Prbg.g_00201	Pram.g_00418
OG0001209	Prbg.g_00252	Pram.g_00473
OG0001210	Prbg.g_00257	Pram.g_00477
OG0001211	Prbg.g_00268	Pram.g_00487
OG0001212	Prbg.g_00315	Pram.g_00533
OG0001213	Prbg.g_00350	Pram.g_00569
OG0001215	Prbg.g_01132	Pram.g_00781
OG0001216	Prbg.g_01153	Pram.g_00803
OG0001217	Prbg.g_00006	Pram.g_01539
OG0001218	Prbg.g_01549	Pram.g_01196
OG0001219	Prbg.g_01258	Pram.g_00911
OG0001220	Prbg.g_01215	Pram.g_00865
OG0001221	Prbg.g_01095	Pram.g_00745
OG0001222	Prbg.g_01337	Pram.g_00988
OG0001223	Prbg.g_01305	Pram.g_00960
OG0001224	Prbg.g_01238	Pram.g_00892
OG0001225	Prbg.g_01236	Pram.g_00890
OG0001226	Prbg.g_00358	Pram.g_00577
OG0001227	Prbg.g_01534	Pram.g_01188
OG0001228	Prbg.g_01436	Pram.g_01089
OG0001229	Prbg.g_01548	Pram.g_01542
OG0001230	Prbg.g_00584	Pram.g_01388
OG0001231	Prbg.g_00142	Pram.g_00357
OG0001232	Prbg.g_01673	Pram.g_01655
OG0001233	Prbg.g_01693	Pram.g_01676
OG0001234	Prbg.g_01730	Pram.g_01712
OG0001235	Prbg.g_01734	Pram.g_01716
OG0001236	Prbg.g_01823	Pram.g_01809
OG0001237	Prbg.g_01827	Pram.g_01813
OG0001238	Prbg.g_01904	Pram.g_01890
OG0001239	Prbg.g_00798	Pram.g_00056
OG0001240	Prbg.g_00863	Pram.g_00077
OG0001241	Prbg.g_00873	Pram.g_00086
OG0001242	Prbg.g_00893	Pram.g_00105
OG0001243	Prbg.g_00900	Pram.g_00112
OG0001244	Prbg.g_00915	Pram.g_00127
OG0001245	Prbg.g_01525	Pram.g_01177
OG0001247	Prbg.g_01125	Pram.g_00774
OG0001248	Prbg.g_01127	Pram.g_00776
OG0001249	Prbg.g_00114	Pram.g_00325
OG0001250	Prbg.g_01202	Pram.g_00851
OG0001251	Prbg.g_01063	Pram.g_00714
OG0001252	Prbg.g_01243	Pram.g_00897
OG0001253	Prbg.g_00361	Pram.g_00579
OG0001254	Prbg.g_00751	Pram.g_01548
OG0001255	Prbg.g_01504	Pram.g_01157
OG0001256	Prbg.g_00680	Pram.g_01289
OG0001258	Prbg.g_01646	Pram.g_01628
OG0001259	Prbg.g_01691	Pram.g_01674
OG0001261	Prbg.g_01776	Pram.g_01761
OG0001262	Prbg.g_01886	Pram.g_01872
OG0001263	Prbg.g_00902	Pram.g_00114
OG0001265	Prbg.g_00892	Pram.g_00104
OG0001266	Prbg.g_00982	Pram.g_00188
OG0001267	Prbg.g_00059	Pram.g_00268
OG0001268	Prbg.g_00122	Pram.g_00334
OG0001269	Prbg.g_01214	Pram.g_00864
OG0001270	Prbg.g_00154	Pram.g_00369
OG0001271	Prbg.g_00191	Pram.g_00408
OG0001272	Prbg.g_00205	Pram.g_00422
OG0001273	Prbg.g_01426	Pram.g_01079
OG0001274	Prbg.g_01006	Pram.g_00211
OG0001275	Prbg.g_01315	Pram.g_00969
OG0001276	Prbg.g_01329	Pram.g_00980
OG0001278	Prbg.g_01432	Pram.g_01085
OG0001279	Prbg.g_00407	Pram.g_01253
OG0001280	Prbg.g_00476	Pram.g_01229
OG0001281	Prbg.g_00482	Pram.g_01235
OG0001282	Prbg.g_00530	Pram.g_01467
OG0001283	Prbg.g_01935	Pram.g_01922
OG0001284	Prbg.g_00666	Pram.g_01302
OG0001285	Prbg.g_01676	Pram.g_01658
OG0001286	Prbg.g_01789	Pram.g_01774
OG0001287	Prbg.g_01849	Pram.g_01835
OG0001288	Prbg.g_01859	Pram.g_01845
OG0001289	Prbg.g_00783	Pram.g_00071
OG0001290	Prbg.g_00872	Pram.g_00085
OG0001291	Prbg.g_00910	Pram.g_00122
OG0001292	Prbg.g_01031	Pram.g_00236
OG0001293	Prbg.g_01044	Pram.g_00249
OG0001296	Prbg.g_00228	Pram.g_00446
OG0001297	Prbg.g_00233	Pram.g_00451
OG0001298	Prbg.g_00295	Pram.g_00515
OG0001299	Prbg.g_01389	Pram.g_01043
OG0001300	Prbg.g_01136	Pram.g_00785
OG0001301	Prbg.g_01141	Pram.g_00790
OG0001302	Prbg.g_01254	Pram.g_00908
OG0001304	Prbg.g_01342	Pram.g_00993
OG0001305	Prbg.g_01230	Pram.g_00884
OG0001306	Prbg.g_01501	Pram.g_01155
OG0001307	Prbg.g_00504	Pram.g_01477
OG0001308	Prbg.g_00601	Pram.g_01368
OG0001309	Prbg.g_00708	Pram.g_01272
OG0001310	Prbg.g_01663	Pram.g_01645
OG0001311	Prbg.g_01331	Pram.g_00982
OG0001312	Prbg.g_01267	Pram.g_00920
OG0001314	Prbg.g_00439	Pram.g_00622, Pram.g_00647
OG0001315	Prbg.g_01539	Pram.g_01553
OG0001316	Prbg.g_00914	Pram.g_00126
OG0001317	Prbg.g_01016	Pram.g_00221
OG0001318	Prbg.g_01040	Pram.g_00245
OG0001319	Prbg.g_00052	Pram.g_00261
OG0001320	Prbg.g_01578, Prbg.g_01611	Pram.g_00662
OG0001321	Prbg.g_00171	Pram.g_00386
OG0001322	Prbg.g_00172	Pram.g_00387
OG0001323	Prbg.g_00238	Pram.g_00457
OG0001324	Prbg.g_01137	Pram.g_00786
OG0001325	Prbg.g_01372	Pram.g_01025
OG0001327	Prbg.g_01072	Pram.g_00723
OG0001328	Prbg.g_00458	Pram.g_01214
OG0001329	Prbg.g_01609	Pram.g_01598
OG0001330	Prbg.g_00697	Pram.g_01276
OG0001331	Prbg.g_00535	Pram.g_01462
OG0001332	Prbg.g_00637	Pram.g_01331
OG0001333	Prbg.g_01687	Pram.g_01670
OG0001334	Prbg.g_01811	Pram.g_01797
OG0001335	Prbg.g_01812	Pram.g_01798
OG0001337	Prbg.g_00109	Pram.g_00320
OG0001338	Prbg.g_00112	Pram.g_00323
OG0001339	Prbg.g_00875	Pram.g_00088
OG0001340	Prbg.g_00110	Pram.g_00321
OG0001341	Prbg.g_01541	Pram.g_01533
OG0001342	Prbg.g_01632	Pram.g_00644
OG0001343	Prbg.g_01060	Pram.g_00711
OG0001344	Prbg.g_01482	Pram.g_01135
OG0001346	Prbg.g_00478	Pram.g_01231
OG0001348	Prbg.g_00712	Pram.g_01526
OG0001349	Prbg.g_00553	Pram.g_01401
OG0001350	Prbg.g_01019	Pram.g_00224
OG0001351	Prbg.g_00177	Pram.g_00394
OG0001352	Prbg.g_01121	Pram.g_00770
OG0001353	Prbg.g_01192	Pram.g_00841
OG0001354	Prbg.g_01297	Pram.g_00953
OG0001355	Prbg.g_01351	Pram.g_01003
OG0001357	Prbg.g_00451	Pram.g_01207
OG0001359	Prbg.g_01061	Pram.g_00712
OG0001362	Prbg.g_00605	Pram.g_01364
OG0001363	Prbg.g_00607	Pram.g_01362
OG0001364	Prbg.g_01814	Pram.g_01800
OG0001365	Prbg.g_01897	Pram.g_01883
OG0001368	Prbg.g_00035	Pram.g_00649
OG0001368	Prbg.g_00441	Pram.g_00610, Pram.g_00624
OG0001369	Prbg.g_00862	Pram.g_00076
OG0001371	Prbg.g_01120	Pram.g_00769
OG0001372	Prbg.g_00359	Pram.g_01517
OG0001375	Prbg.g_01059	Pram.g_00710
OG0001379	Prbg.g_00471	Pram.g_01224
OG0001380	Prbg.g_01551	Pram.g_01198
OG0001381	Prbg.g_01511	Pram.g_01165
OG0001382	Prbg.g_01554	Pram.g_01200
OG0001394	Prbg.g_01099	Pram.g_00749
OG0001397	Prbg.g_00606	Pram.g_01363
OG0001398	Prbg.g_00737	Pram.g_01256
OG0001401	Prbg.g_01197	Pram.g_00846
OG0001402	Prbg.g_00344	Pram.g_00563
OG0001403	Prbg.g_00843	Pram.g_00017
OG0001404	Prbg.g_00801	Pram.g_00053
OG0001407	Prbg.g_01558	Pram.g_01202
OG0001409	Prbg.g_01478	Pram.g_01131
OG0001410	Prbg.g_00503	Pram.g_01476
OG0001411	Prbg.g_00808	Pram.g_00046
OG0001414	Prbg.g_01011	Pram.g_00216
OG0001415	Prbg.g_01013	Pram.g_00218
OG0001418	Prbg.g_01126	Pram.g_00775
OG0001421	Prbg.g_00681	Pram.g_01288
OG0001423	Prbg.g_00429	Pram.g_00613
OG0001424	Prbg.g_00025	Pram.g_00681
OG0001425	Prbg.g_01907	Pram.g_01893
OG0001429	Prbg.g_01259	Pram.g_00912
OG0001430	Prbg.g_01550	Pram.g_01197
OG0001431	Prbg.g_00722	Pram.g_00629
OG0001431	Prbg.g_01532	Pram.g_01186
OG0001435	Prbg.g_01080	Pram.g_00730
OG0001437	Prbg.g_01012	Pram.g_00217
OG0001440	Prbg.g_01614	Pram.g_01587
OG0001443	Prbg.g_01547	Pram.g_01543
OG0001446	Prbg.g_00017	Pram.g_01536
OG0001448	Prbg.g_00175	Pram.g_00392
OG0001450	Prbg.g_01129	Pram.g_00778
OG0001451	Prbg.g_01226	Pram.g_00877
OG0001455	Prbg.g_01542	Pram.g_01191
OG0001460	Prbg.g_01636	Pram.g_01623
OG0001461	Prbg.g_00817	Pram.g_01575
OG0001463	Prbg.g_00066	Pram.g_00275
OG0001464	Prbg.g_00111	Pram.g_00322
OG0001465	Prbg.g_01148	Pram.g_00797
OG0001467	Prbg.g_00524	Pram.g_01470
OG0001468	Prbg.g_01051	Pram.g_00702
OG0001472	Prbg.g_00367	Pram.g_00658
OG0001476	Prbg.g_01479	Pram.g_01132
OG0001477	Prbg.g_00384	Pram.g_01521
OG0001481	Prbg.g_00457	Pram.g_01213
OG0001483	Prbg.g_01566	Pram.g_01510
OG0001484	Prbg.g_00696	Pram.g_01277
OG0001485	Prbg.g_00414	Pram.g_01554
OG0001486	Prbg.g_01488	Pram.g_01142
OG0001487	Prbg.g_00631	Pram.g_01338
OG0001488	Prbg.g_01473	Pram.g_01126
OG0001489	Prbg.g_01800	Pram.g_01785
OG0001491	Prbg.g_01251	Pram.g_00905
OG0001496	Prbg.g_00386	Pram.g_01519
OG0001497	Prbg.g_00385	Pram.g_01520
OG0001498	Prbg.g_00138	Pram.g_00353
OG0001500	Prbg.g_01046	Pram.g_00251
OG0001501	Prbg.g_01070	Pram.g_00720
OG0001503	Prbg.g_00011	Pram.g_00690
OG0001505	Prbg.g_00039	Pram.g_01414
OG0001506	Prbg.g_00635	Pram.g_01333
OG0001510	Prbg.g_01853	Pram.g_01839
OG0001511	Prbg.g_00884	Pram.g_00096
OG0001512	Prbg.g_01543	Pram.g_01192
OG0001514	Prbg.g_00387	Pram.g_01518
OG0001515	Prbg.g_01134	Pram.g_00783
OG0001516	Prbg.g_01392	Pram.g_01046
OG0001517	Prbg.g_00118	Pram.g_00329
OG0001518	Prbg.g_01906	Pram.g_01892
OG0001519	Prbg.g_01911	Pram.g_01897
OG0001521	Prbg.g_01249	Pram.g_00903
OG0001522	Prbg.g_01193	Pram.g_00842
OG0001523	Prbg.g_00754	Pram.g_01551
OG0001524	Prbg.g_00755	Pram.g_01552
OG0001526	Prbg.g_00813	Pram.g_00041
OG0001527	Prbg.g_00281	Pram.g_00501
OG0001529	Prbg.g_00833	Pram.g_00025
OG0001530	Prbg.g_00883	Pram.g_00095
OG0001531	Prbg.g_01021	Pram.g_00226
OG0001532	Prbg.g_01455	Pram.g_01108
OG0001534	Prbg.g_01343	Pram.g_00994
OG0001535	Prbg.g_01327	Pram.g_00979
OG0001536	Prbg.g_01283	Pram.g_00939
OG0001537	Prbg.g_01096	Pram.g_00746
OG0001538	Prbg.g_01164	Pram.g_00814
OG0001539	Prbg.g_01074	Pram.g_00725
OG0001540	Prbg.g_00904	Pram.g_00116
OG0001541	Prbg.g_00958	Pram.g_00164
OG0001542	Prbg.g_00964	Pram.g_00170
OG0001543	Prbg.g_00463	Pram.g_01538
OG0001544	Prbg.g_01910	Pram.g_01896
OG0001545	Prbg.g_01925	Pram.g_01912
OG0001549	Prbg.g_01224	Pram.g_00875
OG0001552	Prbg.g_00684	Pram.g_01286
OG0001557	Prbg.g_01100	Pram.g_00750
OG0001559	Prbg.g_00882	Pram.g_00094
OG0001560	Prbg.g_00871	Pram.g_00084
OG0001561	Prbg.g_01333	Pram.g_00984
OG0001563	Prbg.g_01784	Pram.g_01769
OG0001565	Prbg.g_00432	Pram.g_01576
OG0001566	Prbg.g_01117	Pram.g_00766
OG0001569	Prbg.g_00442	Pram.g_00625
OG0001571	Prbg.g_00404	Pram.g_00648
OG0001574	Prbg.g_00279	Pram.g_00499
OG0001575	Prbg.g_00284	Pram.g_00504
OG0001576	Prbg.g_00491	Pram.g_01243
OG0001579	Prbg.g_00107	Pram.g_00318
OG0001580	Prbg.g_00826	Pram.g_00032
OG0001581	Prbg.g_00496	Pram.g_01246
OG0001583	Prbg.g_01250	Pram.g_00904
OG0001584	Prbg.g_01379	Pram.g_01032
OG0001587	Prbg.g_01710	Pram.g_01692
OG0001589	Prbg.g_01695	Pram.g_01678
OG0001591	Prbg.g_01113	Pram.g_00762
OG0001592	Prbg.g_00827	Pram.g_00031
OG0001595	Prbg.g_00803	Pram.g_00051
OG0001596	Prbg.g_00794	Pram.g_00060
OG0001597	Prbg.g_00632	Pram.g_01337
OG0001598	Prbg.g_01139	Pram.g_00788
OG0001599	Prbg.g_00183	Pram.g_00399
OG0001600	Prbg.g_00230	Pram.g_00448
OG0001601	Prbg.g_01115	Pram.g_00764
OG0001603	Prbg.g_01253	Pram.g_00907
OG0001604	Prbg.g_01092	Pram.g_00742
OG0001606	Prbg.g_00002	Pram.g_00698
OG0001607	Prbg.g_00416	Pram.g_01509
OG0001608	Prbg.g_01345	Pram.g_00996
OG0001609	Prbg.g_00633	Pram.g_01335
OG0001610	Prbg.g_00636	Pram.g_01332
OG0001611	Prbg.g_01571	Pram.g_01563
OG0001614	Prbg.g_01841	Pram.g_01827
OG0001616	Prbg.g_01463	Pram.g_01116
OG0001617	Prbg.g_01138	Pram.g_00787
OG0001619	Prbg.g_01276	Pram.g_00929
OG0001620	Prbg.g_00126	Pram.g_00338
OG0001621	Prbg.g_01036	Pram.g_00241
OG0001622	Prbg.g_01934	Pram.g_01921
OG0001629	Prbg.g_00395	Pram.g_00660
OG0001630	Prbg.g_01068	Pram.g_00718
OG0001631	Prbg.g_00412	Pram.g_00650
OG0001636	Prbg.g_00839	Pram.g_00020
OG0001638	Prbg.g_01661	Pram.g_01643
OG0001639	Prbg.g_00640	Pram.g_01329
OG0001640	Prbg.g_01246	Pram.g_00900
OG0001641	Prbg.g_01308	Pram.g_00962
OG0001642	Prbg.g_01213	Pram.g_00863
OG0001643	Prbg.g_01417	Pram.g_01071
OG0001644	Prbg.g_01362	Pram.g_01015
OG0001649	Prbg.g_00004	Pram.g_00695
OG0001656	Prbg.g_00106	Pram.g_00317
OG0001658	Prbg.g_00831	Pram.g_00027
OG0001659	Prbg.g_00717	Pram.g_01264
OG0001661	Prbg.g_00425	Pram.g_00637
OG0001663	Prbg.g_01505	Pram.g_01158
OG0001664	Prbg.g_00742	Pram.g_01210
OG0001665	Prbg.g_01512	Pram.g_01166
OG0001676	Prbg.g_00108	Pram.g_00319
OG0001678	Prbg.g_01717	Pram.g_01699
OG0001679	Prbg.g_00113	Pram.g_00324
OG0001685	Prbg.g_00362	Pram.g_00581
OG0001686	Prbg.g_01526	Pram.g_01179
OG0001687	Prbg.g_00181	Pram.g_00398
OG0001689	Prbg.g_01857	Pram.g_01843
OG0001691	Prbg.g_01248	Pram.g_00902
OG0001693	Prbg.g_01594	Pram.g_00661
OG0001697	Prbg.g_01252	Pram.g_00906
OG0001699	Prbg.g_00748	Pram.g_00362
OG0001701	Prbg.g_00812	Pram.g_00042
OG0001705	Prbg.g_01712	Pram.g_01694
OG0001706	Prbg.g_00732	Pram.g_00641
OG0001707	Prbg.g_01533	Pram.g_01187
OG0001709	Prbg.g_00567	Pram.g_01400
OG0001717	Prbg.g_00391	Pram.g_00678
OG0001722	Prbg.g_01066	Pram.g_00716
OG0001725	Prbg.g_00728	Pram.g_00628
OG0001727	Prbg.g_01570	Pram.g_01562
OG0001746	Prbg.g_00731	Pram.g_01257
OG0001758	Prbg.g_01628	Pram.g_01615
OG0001770	Prbg.g_01565	Pram.g_01612
OG0001771	Prbg.g_01577	Pram.g_01571
OG0001780	Prbg.g_00558	Pram.g_01421
OG0001793	Prbg.g_00440	Pram.g_00646
OG0001793	Prbg.g_00034	Pram.g_00623
OG0001795	Prbg.g_01617, Prbg.g_01049	Pram.g_00700
OG0001802	Prbg.g_00402	Pram.g_00657
OG0001802	Prbg.g_01545	Pram.g_01194
OG0001834	Prbg.g_00555	Pram.g_01442
OG0001875	Prbg.g_01627	Pram.g_01614
OG0001876	Prbg.g_01626	Pram.g_01613
OG0001916	Prbg.g_00215	Pram.g_00432
OG0001922	Prbg.g_00573	Pram.g_01399
OG0001955	Prbg.g_00725	Pram.g_01541
OG0001956	Prbg.g_01220	Pram.g_00871
OG0001963	Prbg.g_00700	Pram.g_01273
OG0001977	Prbg.g_01916	Pram.g_01903
OG0002003	Prbg.g_00014	Pram.g_00688
OG0002019	Prbg.g_00720	Pram.g_01951
OG0002030	Prbg.g_01563	Pram.g_01532
OG0002034	Prbg.g_00353	Pram.g_00572
OG0002036	Prbg.g_00691	Pram.g_01280
OG0002052	Prbg.g_01338	Pram.g_00989
OG0002098	Prbg.g_00512	Pram.g_01493
OG0002109	Prbg.g_00009	Pram.g_00692
OG0002122	Prbg.g_00015	Pram.g_00687
OG0002164	Prbg.g_01056	Pram.g_00708
OG0002165	Prbg.g_01050	Pram.g_00701
OG0002176	Prbg.g_00443, Prbg.g_00713	Pram.g_00676
OG0002177	Prbg.g_00355	Pram.g_00574
OG0002228	Prbg.g_01613	Pram.g_01578
OG0002232	Prbg.g_01124	Pram.g_00773
OG0002240	Prbg.g_00895	Pram.g_00107
OG0002246	Prbg.g_01598	Pram.g_01583
OG0002282	Prbg.g_00685	Pram.g_01285
OG0002283	Prbg.g_01536	Pram.g_01525
OG0002284	Prbg.g_00400	Pram.g_00643
OG0002293	Prbg.g_00401	Pram.g_00639
OG0002294	Prbg.g_01057	Pram.g_00709
OG0002321	Prbg.g_00559	Pram.g_01419
OG0002344	Prbg.g_00133	Pram.g_00348
OG0002345	Prbg.g_00363	Pram.g_01591
OG0002346	Prbg.g_01513	Pram.g_01167
OG0002348	Prbg.g_00711	Pram.g_01527
OG0002379	Prbg.g_01597	Pram.g_01582
OG0002389	Prbg.g_01804	Pram.g_01789
OG0002397	Prbg.g_01318	Pram.g_00668
OG0002398	Prbg.g_00693, Prbg.g_01515	Pram.g_01169
OG0002439	Prbg.g_00738	Pram.g_01564
OG0002442	Prbg.g_00420	Pram.g_00633
OG0002453	Prbg.g_01630	Pram.g_01568
OG0002455	Prbg.g_00733	Pram.g_01528
OG0002456	Prbg.g_01817	Pram.g_01803
OG0002497	Prbg.g_00393	Pram.g_00652
OG0002499	Prbg.g_00701	Pram.g_01269
OG0002500	Prbg.g_00704	Pram.g_01270
OG0002501	Prbg.g_00422	Pram.g_01572
OG0002502	Prbg.g_01052	Pram.g_00703
OG0002503	Prbg.g_00187	Pram.g_00403
OG0002504	Prbg.g_01150	Pram.g_00800
OG0002505	Prbg.g_00723	Pram.g_01260
OG0002508	Prbg.g_00394	Pram.g_00664
OG0002509	Prbg.g_00399	Pram.g_00654
OG0002510	Prbg.g_00016	Pram.g_00686
OG0002511	Prbg.g_00063	Pram.g_00272
OG0002512	Prbg.g_00356	Pram.g_00575
OG0002513	Prbg.g_01519	Pram.g_01172
OG0002514	Prbg.g_00671	Pram.g_01297
OG0002515	Prbg.g_00753	Pram.g_01550
OG0002516	Prbg.g_01517	Pram.g_01171
OG0002517	Prbg.g_00041	Pram.g_01267
OG0002564	Prbg.g_00710	Pram.g_01268
OG0002583	Prbg.g_00702	Pram.g_01261
OG0002584	Prbg.g_01346	Pram.g_00997
OG0002586	Prbg.g_01118	Pram.g_00767
OG0002587	Prbg.g_01625	Pram.g_01619
OG0002646	Prbg.g_01818	Pram.g_01804
OG0002656	Prbg.g_00456	Pram.g_01211
OG0002657	Prbg.g_00729	Pram.g_00798
OG0002658	Prbg.g_01509	Pram.g_01163
OG0002660	Prbg.g_01546	Pram.g_01195
OG0002661	Prbg.g_01559	Pram.g_01203
OG0002662	Prbg.g_00741	Pram.g_01209
OG0002663	Prbg.g_01629	Pram.g_01592
OG0002727	Prbg.g_01350	Pram.g_01002
OG0002728	Prbg.g_01054	Pram.g_00705
OG0002729	Prbg.g_00692	Pram.g_01279
OG0002818	Prbg.g_01047	Pram.g_00699
OG0002821	Prbg.g_00811	Pram.g_00043
OG0002822	Prbg.g_00810	Pram.g_00044
OG0002823	Prbg.g_00173	Pram.g_00389
OG0002824	Prbg.g_00390	Pram.g_00667
OG0002825	Prbg.g_00005	Pram.g_00694
OG0002826	Prbg.g_01384	Pram.g_01037
OG0002827	Prbg.g_01462	Pram.g_01115
OG0002828	Prbg.g_01520	Pram.g_01173
OG0002829	Prbg.g_01527	Pram.g_01180
OG0002830	Prbg.g_00689	Pram.g_00673
OG0002832	Prbg.g_00724	Pram.g_01540
OG0002833	Prbg.g_01596	Pram.g_01581
OG0002834	Prbg.g_01599	Pram.g_01584
OG0002836	Prbg.g_01649	Pram.g_01631
OG0002919	Prbg.g_00369	Pram.g_00583
OG0002920	Prbg.g_00405	Pram.g_00651
OG0002921	Prbg.g_00397	Pram.g_00663
OG0002922	Prbg.g_00396	Pram.g_00665
OG0002923	Prbg.g_00389	Pram.g_00880
OG0002924	Prbg.g_00040	Pram.g_01567
OG0002925	Prbg.g_00027	Pram.g_00679
OG0002926	Prbg.g_00010	Pram.g_00691
OG0002928	Prbg.g_00462	Pram.g_01218
OG0002929	Prbg.g_01564	Pram.g_01530
OG0002930	Prbg.g_01806	Pram.g_01791
OG0003071	Prbg.g_00070	Pram.g_00279
OG0003073	Prbg.g_00436	Pram.g_01610
OG0003074	Prbg.g_00411	Pram.g_00636
OG0003076	Prbg.g_01147	Pram.g_00796
OG0003077	Prbg.g_01257	Pram.g_00910
OG0003078	Prbg.g_01322	Pram.g_00974
OG0003079	Prbg.g_01347	Pram.g_00998
OG0003080	Prbg.g_00450	Pram.g_01206
OG0003082	Prbg.g_01588	Pram.g_00634
OG0003083	Prbg.g_01591	Pram.g_01523
OG0003239	Prbg.g_01256	Pram.g_00909
