Orthogroup	Prbf	Prac
OG0000000	Prbf.g_00776	Prac.g_00277, Prac.g_00292
OG0000001	Prbf.g_00068	Prac.g_00202
OG0000002	Prbf.g_01182, Prbf.g_01177	Prac.g_00210
OG0000002	Prbf.g_00888, Prbf.g_00089, Prbf.g_00890, Prbf.g_00883, Prbf.g_00260, Prbf.g_01285	Prac.g_00693
OG0000004	Prbf.g_01264	Prac.g_00676
OG0000004	Prbf.g_01570	Prac.g_01698
OG0000005	Prbf.g_00240	Prac.g_00335
OG0000006	Prbf.g_01580	Prac.g_01689
OG0000007	Prbf.g_01780	Prac.g_00874
OG0000007	Prbf.g_00693	Prac.g_00625
OG0000008	Prbf.g_00793	Prac.g_00904
OG0000010	Prbf.g_01757	Prac.g_01070
OG0000010	Prbf.g_00847, Prbf.g_01056	Prac.g_01592, Prac.g_01248
OG0000012	Prbf.g_01905, Prbf.g_00272	Prac.g_00748
OG0000013	Prbf.g_01665	Prac.g_01604
OG0000014	Prbf.g_01647	Prac.g_01625
OG0000015	Prbf.g_00754, Prbf.g_00708	Prac.g_00898
OG0000017	Prbf.g_01880, Prbf.g_01887	Prac.g_00773
OG0000018	Prbf.g_01217	Prac.g_01448
OG0000018	Prbf.g_00896	Prac.g_01004
OG0000019	Prbf.g_01588	Prac.g_01681
OG0000019	Prbf.g_00894	Prac.g_01496
OG0000020	Prbf.g_00811	Prac.g_00875, Prac.g_01598
OG0000021	Prbf.g_00265, Prbf.g_01259	Prac.g_01169
OG0000022	Prbf.g_00248	Prac.g_01510
OG0000023	Prbf.g_00287	Prac.g_01174
OG0000024	Prbf.g_01052	Prac.g_01525
OG0000024	Prbf.g_01288	Prac.g_00696
OG0000025	Prbf.g_01209	Prac.g_01600, Prac.g_01441
OG0000026	Prbf.g_01354	Prac.g_01916, Prac.g_01241
OG0000027	Prbf.g_00817, Prbf.g_00774	Prac.g_01074
OG0000028	Prbf.g_00794	Prac.g_00145
OG0000029	Prbf.g_00603	Prac.g_01158
OG0000030	Prbf.g_00484	Prac.g_00050
OG0000031	Prbf.g_00116	Prac.g_00249
OG0000034	Prbf.g_00015	Prac.g_00185
OG0000035	Prbf.g_00157	Prac.g_00411
OG0000037	Prbf.g_01437	Prac.g_01822
OG0000038	Prbf.g_00445	Prac.g_00090
OG0000039	Prbf.g_01276	Prac.g_00685
OG0000041	Prbf.g_00646	Prac.g_00579
OG0000042	Prbf.g_00487	Prac.g_00048
OG0000043	Prbf.g_00897	Prac.g_01405
OG0000047	Prbf.g_01707	Prac.g_01127
OG0000048	Prbf.g_00039, Prbf.g_01611	Prac.g_01159
OG0000053	Prbf.g_00178, Prbf.g_00748	Prac.g_01901, Prac.g_00391
OG0000054	Prbf.g_01889	Prac.g_00765
OG0000055	Prbf.g_00869, Prbf.g_00719	Prac.g_01495
OG0000057	Prbf.g_01261	Prac.g_00673
OG0000058	Prbf.g_00117	Prac.g_00258, Prac.g_00434
OG0000059	Prbf.g_00606	Prac.g_00500
OG0000061	Prbf.g_00918	Prac.g_00985
OG0000062	Prbf.g_00242	Prac.g_00333
OG0000063	Prbf.g_00808	Prac.g_00908
OG0000065	Prbf.g_01435	Prac.g_01824
OG0000066	Prbf.g_01820, Prbf.g_00781	Prac.g_00833
OG0000067	Prbf.g_01245	Prac.g_01475
OG0000068	Prbf.g_00095	Prac.g_00217
OG0000069	Prbf.g_01738	Prac.g_00890, Prac.g_00300
OG0000070	Prbf.g_01734	Prac.g_01097
OG0000071	Prbf.g_00026	Prac.g_00175
OG0000072	Prbf.g_01505	Prac.g_01759
OG0000073	Prbf.g_01783	Prac.g_00872
OG0000074	Prbf.g_01281, Prbf.g_00836, Prbf.g_00295	Prac.g_00689
OG0000075	Prbf.g_00522	Prac.g_00017
OG0000076	Prbf.g_00496	Prac.g_01904, Prac.g_00041
OG0000077	Prbf.g_01405	Prac.g_01853
OG0000078	Prbf.g_01578	Prac.g_01691
OG0000081	Prbf.g_01812	Prac.g_00841
OG0000082	Prbf.g_01867, Prbf.g_00704	Prac.g_00788
OG0000084	Prbf.g_00154	Prac.g_00415
OG0000085	Prbf.g_00822, Prbf.g_00701	Prac.g_00632
OG0000086	Prbf.g_01414	Prac.g_01843
OG0000087	Prbf.g_01469	Prac.g_01792
OG0000088	Prbf.g_01500	Prac.g_01764
OG0000089	Prbf.g_01701	Prac.g_01178
OG0000090	Prbf.g_01814	Prac.g_00839
OG0000091	Prbf.g_00990	Prac.g_00729
OG0000092	Prbf.g_01315	Prac.g_01379
OG0000093	Prbf.g_01019	Prac.g_01359
OG0000094	Prbf.g_01068	Prac.g_01275
OG0000095	Prbf.g_01170	Prac.g_01256
OG0000096	Prbf.g_00306	Prac.g_01958, Prac.g_01035, Prac.g_00139
OG0000097	Prbf.g_00964	Prac.g_00944
OG0000098	Prbf.g_00071	Prac.g_00199
OG0000099	Prbf.g_00118	Prac.g_00256
OG0000100	Prbf.g_00236	Prac.g_00337
OG0000101	Prbf.g_00558	Prac.g_00548
OG0000102	Prbf.g_00491	Prac.g_00046
OG0000103	Prbf.g_00406	Prac.g_00123
OG0000104	Prbf.g_00397	Prac.g_00131
OG0000105	Prbf.g_01614	Prac.g_01657
OG0000106	Prbf.g_00320	Prac.g_01163
OG0000107	Prbf.g_00629	Prac.g_01148
OG0000108	Prbf.g_01763	Prac.g_01064
OG0000109	Prbf.g_01777	Prac.g_01050
OG0000110	Prbf.g_01856	Prac.g_00798
OG0000111	Prbf.g_01260	Prac.g_00672
OG0000112	Prbf.g_01929	Prac.g_01507
OG0000113	Prbf.g_01222	Prac.g_01453
OG0000114	Prbf.g_01320	Prac.g_01384
OG0000115	Prbf.g_00062	Prac.g_01040
OG0000116	Prbf.g_00907	Prac.g_00995
OG0000117	Prbf.g_00945	Prac.g_01955
OG0000118	Prbf.g_00013	Prac.g_00187
OG0000119	Prbf.g_00864, Prbf.g_00254	Prac.g_00213
OG0000120	Prbf.g_00115	Prac.g_00248
OG0000121	Prbf.g_00159	Prac.g_00409
OG0000122	Prbf.g_00055, Prbf.g_00200	Prac.g_00371
OG0000123	Prbf.g_00551	Prac.g_00554
OG0000124	Prbf.g_00478	Prac.g_00056
OG0000125	Prbf.g_00443	Prac.g_00092
OG0000126	Prbf.g_00398	Prac.g_00130
OG0000128	Prbf.g_00382	Prac.g_01936
OG0000129	Prbf.g_01367	Prac.g_01888
OG0000130	Prbf.g_01396	Prac.g_01862
OG0000131	Prbf.g_01478	Prac.g_01785
OG0000132	Prbf.g_01498	Prac.g_01766
OG0000133	Prbf.g_01661	Prac.g_01609
OG0000134	Prbf.g_01703	Prac.g_01177
OG0000135	Prbf.g_00044	Prac.g_01150
OG0000136	Prbf.g_01725	Prac.g_01106
OG0000137	Prbf.g_01758	Prac.g_01069
OG0000138	Prbf.g_01778	Prac.g_01049
OG0000139	Prbf.g_01818	Prac.g_00835
OG0000140	Prbf.g_01819	Prac.g_00834
OG0000141	Prbf.g_01890	Prac.g_00764
OG0000142	Prbf.g_00982	Prac.g_00736
OG0000143	Prbf.g_00986	Prac.g_00732
OG0000144	Prbf.g_01000	Prac.g_00719
OG0000145	Prbf.g_00042	Prac.g_01508
OG0000146	Prbf.g_01928	Prac.g_01506
OG0000147	Prbf.g_01927	Prac.g_01505
OG0000148	Prbf.g_01228	Prac.g_01459
OG0000149	Prbf.g_01196	Prac.g_01429
OG0000150	Prbf.g_01186	Prac.g_01421
OG0000151	Prbf.g_01310	Prac.g_01374
OG0000152	Prbf.g_01117	Prac.g_01327
OG0000153	Prbf.g_01098	Prac.g_01308
OG0000154	Prbf.g_01078	Prac.g_01282
OG0000155	Prbf.g_00939	Prac.g_00965
OG0000156	Prbf.g_00037	Prac.g_00164
OG0000157	Prbf.g_00036	Prac.g_00165
OG0000158	Prbf.g_00514	Prac.g_00447
OG0000160	Prbf.g_00158	Prac.g_00410
OG0000161	Prbf.g_00164	Prac.g_00404
OG0000162	Prbf.g_00170	Prac.g_00398
OG0000163	Prbf.g_00209	Prac.g_00364
OG0000164	Prbf.g_00669	Prac.g_00601
OG0000165	Prbf.g_00662	Prac.g_00594
OG0000166	Prbf.g_00595	Prac.g_00512
OG0000167	Prbf.g_00524	Prac.g_00015
OG0000168	Prbf.g_00513	Prac.g_00025
OG0000169	Prbf.g_00503	Prac.g_00035
OG0000170	Prbf.g_00500	Prac.g_00037
OG0000171	Prbf.g_00479	Prac.g_00055
OG0000172	Prbf.g_00472	Prac.g_00063
OG0000173	Prbf.g_00457	Prac.g_00078
OG0000174	Prbf.g_00428	Prac.g_00105
OG0000175	Prbf.g_00415	Prac.g_00115
OG0000176	Prbf.g_00389	Prac.g_01943
OG0000177	Prbf.g_00388	Prac.g_01942
OG0000178	Prbf.g_00387	Prac.g_01941
OG0000179	Prbf.g_01338	Prac.g_01931
OG0000180	Prbf.g_01339	Prac.g_01930
OG0000181	Prbf.g_01340	Prac.g_01929
OG0000182	Prbf.g_01341	Prac.g_01928
OG0000183	Prbf.g_01345	Prac.g_01924
OG0000184	Prbf.g_01371	Prac.g_01885
OG0000185	Prbf.g_01374	Prac.g_01882
OG0000186	Prbf.g_01390	Prac.g_01867
OG0000187	Prbf.g_01391	Prac.g_01866
OG0000188	Prbf.g_01408	Prac.g_01849
OG0000189	Prbf.g_01422	Prac.g_01835
OG0000190	Prbf.g_01424	Prac.g_01834
OG0000191	Prbf.g_01447	Prac.g_01814
OG0000192	Prbf.g_01452	Prac.g_01810
OG0000193	Prbf.g_01479	Prac.g_01784
OG0000194	Prbf.g_01482	Prac.g_01781
OG0000195	Prbf.g_01484	Prac.g_01779
OG0000196	Prbf.g_01495	Prac.g_01769
OG0000197	Prbf.g_01496	Prac.g_01768
OG0000198	Prbf.g_01497	Prac.g_01767
OG0000199	Prbf.g_01504	Prac.g_01760
OG0000200	Prbf.g_01518	Prac.g_01746
OG0000201	Prbf.g_01527	Prac.g_01738
OG0000202	Prbf.g_01528	Prac.g_01737
OG0000203	Prbf.g_01529	Prac.g_01736
OG0000204	Prbf.g_01530	Prac.g_01735
OG0000205	Prbf.g_01537	Prac.g_01728
OG0000206	Prbf.g_01542	Prac.g_01723
OG0000207	Prbf.g_01545	Prac.g_01721
OG0000208	Prbf.g_01546	Prac.g_01720
OG0000209	Prbf.g_01555	Prac.g_01711
OG0000210	Prbf.g_01556	Prac.g_01710
OG0000211	Prbf.g_01571	Prac.g_01697
OG0000212	Prbf.g_01579	Prac.g_01690
OG0000213	Prbf.g_01597	Prac.g_01674
OG0000214	Prbf.g_01607	Prac.g_01664
OG0000215	Prbf.g_01634	Prac.g_01639
OG0000216	Prbf.g_01635	Prac.g_01637
OG0000217	Prbf.g_01638	Prac.g_01634
OG0000218	Prbf.g_01640	Prac.g_01632
OG0000219	Prbf.g_01641	Prac.g_01631
OG0000220	Prbf.g_01642	Prac.g_01630
OG0000221	Prbf.g_01643	Prac.g_01629
OG0000222	Prbf.g_01650	Prac.g_01621
OG0000223	Prbf.g_01662	Prac.g_01608
OG0000224	Prbf.g_01664	Prac.g_01606
OG0000225	Prbf.g_01690	Prac.g_01188
OG0000226	Prbf.g_01694	Prac.g_01184
OG0000227	Prbf.g_01696	Prac.g_01182
OG0000228	Prbf.g_01700	Prac.g_01179
OG0000229	Prbf.g_01720	Prac.g_01111
OG0000230	Prbf.g_01722	Prac.g_01109
OG0000231	Prbf.g_01733	Prac.g_01098
OG0000232	Prbf.g_01744	Prac.g_01089
OG0000233	Prbf.g_01750	Prac.g_01082
OG0000234	Prbf.g_01759	Prac.g_01068
OG0000235	Prbf.g_01762	Prac.g_01065
OG0000236	Prbf.g_01776	Prac.g_01051
OG0000237	Prbf.g_01789	Prac.g_00865
OG0000238	Prbf.g_01795	Prac.g_00859
OG0000239	Prbf.g_01806	Prac.g_00847
OG0000240	Prbf.g_01807	Prac.g_00846
OG0000241	Prbf.g_01811	Prac.g_00842
OG0000242	Prbf.g_01813	Prac.g_00840
OG0000243	Prbf.g_01824	Prac.g_00829
OG0000244	Prbf.g_01827	Prac.g_00826
OG0000245	Prbf.g_01829	Prac.g_00824
OG0000246	Prbf.g_01833	Prac.g_00820
OG0000247	Prbf.g_01843	Prac.g_00810
OG0000248	Prbf.g_01846	Prac.g_00808
OG0000249	Prbf.g_01848	Prac.g_00806
OG0000250	Prbf.g_01853	Prac.g_00801
OG0000251	Prbf.g_01873	Prac.g_00782
OG0000252	Prbf.g_01876	Prac.g_00778
OG0000253	Prbf.g_01877	Prac.g_00777
OG0000254	Prbf.g_01894	Prac.g_00760
OG0000255	Prbf.g_01900	Prac.g_00754
OG0000256	Prbf.g_01910	Prac.g_00744
OG0000257	Prbf.g_00977	Prac.g_00741
OG0000258	Prbf.g_00991	Prac.g_00728
OG0000259	Prbf.g_01008	Prac.g_00711
OG0000260	Prbf.g_01011	Prac.g_00708
OG0000261	Prbf.g_01014	Prac.g_00706
OG0000262	Prbf.g_01018	Prac.g_00702
OG0000263	Prbf.g_01282	Prac.g_00690
OG0000264	Prbf.g_01271	Prac.g_00680
OG0000265	Prbf.g_01253	Prac.g_01560
OG0000266	Prbf.g_01037	Prac.g_01550
OG0000267	Prbf.g_01049	Prac.g_01539
OG0000268	Prbf.g_01050	Prac.g_01538
OG0000269	Prbf.g_01250	Prac.g_01480
OG0000270	Prbf.g_01247	Prac.g_01477
OG0000271	Prbf.g_01239	Prac.g_01469
OG0000272	Prbf.g_01238	Prac.g_01468
OG0000273	Prbf.g_01214	Prac.g_01445
OG0000274	Prbf.g_01213	Prac.g_01444
OG0000275	Prbf.g_01210	Prac.g_01442
OG0000276	Prbf.g_01204	Prac.g_01437
OG0000277	Prbf.g_01203	Prac.g_01436
OG0000278	Prbf.g_01200	Prac.g_01433
OG0000279	Prbf.g_01193	Prac.g_01426
OG0000280	Prbf.g_01192	Prac.g_01425
OG0000281	Prbf.g_01185	Prac.g_01420
OG0000282	Prbf.g_01318	Prac.g_01382
OG0000283	Prbf.g_01141	Prac.g_01350
OG0000284	Prbf.g_01136	Prac.g_01345
OG0000285	Prbf.g_01131	Prac.g_01340
OG0000286	Prbf.g_01118	Prac.g_01328
OG0000287	Prbf.g_00065	Prac.g_01311
OG0000288	Prbf.g_01079	Prac.g_01283
OG0000289	Prbf.g_01063	Prac.g_01272
OG0000290	Prbf.g_01167	Prac.g_01259
OG0000291	Prbf.g_01169	Prac.g_01257
OG0000292	Prbf.g_00873	Prac.g_01207
OG0000293	Prbf.g_00908	Prac.g_00994
OG0000294	Prbf.g_00909	Prac.g_00993
OG0000295	Prbf.g_00932	Prac.g_00973
OG0000296	Prbf.g_00934	Prac.g_00971
OG0000297	Prbf.g_00943	Prac.g_00963
OG0000298	Prbf.g_00944	Prac.g_00962
OG0000299	Prbf.g_00963	Prac.g_00945
OG0000300	Prbf.g_00966	Prac.g_00942
OG0000301	Prbf.g_00967	Prac.g_00941
OG0000302	Prbf.g_00969	Prac.g_00939
OG0000303	Prbf.g_00975	Prac.g_00932
OG0000304	Prbf.g_01915	Prac.g_00928
OG0000305	Prbf.g_00875	Prac.g_00209
OG0000306	Prbf.g_01181	Prac.g_00212
OG0000307	Prbf.g_00104	Prac.g_00226
OG0000308	Prbf.g_00105	Prac.g_00227
OG0000309	Prbf.g_00109	Prac.g_00231
OG0000310	Prbf.g_00143	Prac.g_00426
OG0000311	Prbf.g_00145	Prac.g_00424
OG0000312	Prbf.g_00148	Prac.g_00421
OG0000313	Prbf.g_00161	Prac.g_00407
OG0000314	Prbf.g_00184	Prac.g_00384
OG0000315	Prbf.g_00194	Prac.g_00374
OG0000316	Prbf.g_00219	Prac.g_00354
OG0000317	Prbf.g_00696	Prac.g_00627
OG0000318	Prbf.g_00692	Prac.g_00624
OG0000319	Prbf.g_00679	Prac.g_00611
OG0000320	Prbf.g_00677	Prac.g_00609
OG0000321	Prbf.g_00676	Prac.g_00608
OG0000322	Prbf.g_00675	Prac.g_00607
OG0000323	Prbf.g_00666	Prac.g_00598
OG0000324	Prbf.g_00639	Prac.g_00572
OG0000325	Prbf.g_00628	Prac.g_00477
OG0000326	Prbf.g_00621	Prac.g_00483
OG0000327	Prbf.g_00600	Prac.g_00507
OG0000328	Prbf.g_00599	Prac.g_00508
OG0000329	Prbf.g_00582	Prac.g_00525
OG0000330	Prbf.g_00581	Prac.g_00526
OG0000331	Prbf.g_00580	Prac.g_00527
OG0000332	Prbf.g_00566	Prac.g_00541
OG0000333	Prbf.g_00564	Prac.g_00543
OG0000334	Prbf.g_00555	Prac.g_00551
OG0000335	Prbf.g_00550	Prac.g_00555
OG0000336	Prbf.g_00546	Prac.g_00559
OG0000337	Prbf.g_00528	Prac.g_00013
OG0000338	Prbf.g_00527	Prac.g_00014
OG0000339	Prbf.g_00521	Prac.g_00018
OG0000340	Prbf.g_00512	Prac.g_00026
OG0000341	Prbf.g_00510	Prac.g_00028
OG0000342	Prbf.g_00509	Prac.g_00029
OG0000343	Prbf.g_00508	Prac.g_00030
OG0000344	Prbf.g_00505	Prac.g_00033
OG0000345	Prbf.g_00499	Prac.g_00038
OG0000346	Prbf.g_00495	Prac.g_00042
OG0000347	Prbf.g_00477	Prac.g_00057
OG0000348	Prbf.g_00469	Prac.g_00066
OG0000349	Prbf.g_00452	Prac.g_00083
OG0000350	Prbf.g_00351	Prac.g_00101
OG0000351	Prbf.g_00412	Prac.g_00118
OG0000352	Prbf.g_00411	Prac.g_00119
OG0000353	Prbf.g_00394	Prac.g_01948
OG0000355	Prbf.g_00392	Prac.g_01946
OG0000356	Prbf.g_00391	Prac.g_01945
OG0000357	Prbf.g_00390	Prac.g_01944
OG0000358	Prbf.g_00386	Prac.g_01940
OG0000359	Prbf.g_00385	Prac.g_01939
OG0000360	Prbf.g_00384	Prac.g_01938
OG0000361	Prbf.g_00383	Prac.g_01937
OG0000362	Prbf.g_00381	Prac.g_01935
OG0000363	Prbf.g_01336	Prac.g_01933
OG0000364	Prbf.g_01337	Prac.g_01932
OG0000365	Prbf.g_01342	Prac.g_01927
OG0000366	Prbf.g_01343	Prac.g_01926
OG0000367	Prbf.g_01344	Prac.g_01925
OG0000368	Prbf.g_01346	Prac.g_01923
OG0000369	Prbf.g_01347	Prac.g_01922
OG0000370	Prbf.g_01348	Prac.g_01921
OG0000371	Prbf.g_01355	Prac.g_01915
OG0000372	Prbf.g_01358	Prac.g_01911
OG0000373	Prbf.g_01359	Prac.g_01910
OG0000374	Prbf.g_01360	Prac.g_01909
OG0000375	Prbf.g_01362	Prac.g_01892
OG0000376	Prbf.g_01364	Prac.g_01890
OG0000377	Prbf.g_01368	Prac.g_01886
OG0000378	Prbf.g_01372	Prac.g_01884
OG0000379	Prbf.g_01375	Prac.g_01881
OG0000380	Prbf.g_01392	Prac.g_01865
OG0000381	Prbf.g_01397	Prac.g_01861
OG0000382	Prbf.g_01407	Prac.g_01850
OG0000383	Prbf.g_01409	Prac.g_01848
OG0000384	Prbf.g_01410	Prac.g_01847
OG0000385	Prbf.g_01411	Prac.g_01846
OG0000386	Prbf.g_01412	Prac.g_01845
OG0000387	Prbf.g_01426	Prac.g_01832
OG0000388	Prbf.g_01430	Prac.g_01829
OG0000389	Prbf.g_01433	Prac.g_01825
OG0000390	Prbf.g_01443	Prac.g_01818
OG0000391	Prbf.g_01446	Prac.g_01815
OG0000392	Prbf.g_01450	Prac.g_01811
OG0000393	Prbf.g_01453	Prac.g_01809
OG0000394	Prbf.g_01454	Prac.g_01808
OG0000395	Prbf.g_01455	Prac.g_01807
OG0000396	Prbf.g_01457	Prac.g_01804
OG0000397	Prbf.g_01459	Prac.g_01802
OG0000398	Prbf.g_01462	Prac.g_01800
OG0000399	Prbf.g_01463	Prac.g_01799
OG0000400	Prbf.g_01464	Prac.g_01798
OG0000401	Prbf.g_01465	Prac.g_01797
OG0000402	Prbf.g_01055	Prac.g_01795
OG0000403	Prbf.g_01467	Prac.g_01794
OG0000404	Prbf.g_01468	Prac.g_01793
OG0000405	Prbf.g_01472	Prac.g_01789
OG0000406	Prbf.g_01480	Prac.g_01783
OG0000407	Prbf.g_01481	Prac.g_01782
OG0000408	Prbf.g_01483	Prac.g_01780
OG0000409	Prbf.g_01485	Prac.g_01778
OG0000410	Prbf.g_01486	Prac.g_01777
OG0000411	Prbf.g_01487	Prac.g_01776
OG0000412	Prbf.g_01488	Prac.g_01775
OG0000413	Prbf.g_01490	Prac.g_01774
OG0000414	Prbf.g_01491	Prac.g_01590, Prac.g_01773
OG0000415	Prbf.g_01492	Prac.g_01772
OG0000416	Prbf.g_01493	Prac.g_01771
OG0000417	Prbf.g_01494	Prac.g_01770
OG0000418	Prbf.g_01499	Prac.g_01765
OG0000419	Prbf.g_01501	Prac.g_01763
OG0000420	Prbf.g_01502	Prac.g_01762
OG0000421	Prbf.g_01507	Prac.g_01757
OG0000422	Prbf.g_01508	Prac.g_01756
OG0000423	Prbf.g_01509	Prac.g_01755
OG0000424	Prbf.g_01510	Prac.g_01754
OG0000425	Prbf.g_01511	Prac.g_01753
OG0000426	Prbf.g_01512	Prac.g_01752
OG0000427	Prbf.g_01513	Prac.g_01751
OG0000428	Prbf.g_01515	Prac.g_01749
OG0000429	Prbf.g_01516	Prac.g_01748
OG0000430	Prbf.g_01517	Prac.g_01747
OG0000431	Prbf.g_01519	Prac.g_01745
OG0000432	Prbf.g_01523	Prac.g_01742
OG0000433	Prbf.g_01524	Prac.g_01741
OG0000434	Prbf.g_01525	Prac.g_01740
OG0000435	Prbf.g_01526	Prac.g_01739
OG0000436	Prbf.g_01531	Prac.g_01734
OG0000437	Prbf.g_01532	Prac.g_01733
OG0000438	Prbf.g_01533	Prac.g_01732
OG0000439	Prbf.g_01535	Prac.g_01730
OG0000440	Prbf.g_01536	Prac.g_01729
OG0000441	Prbf.g_01539	Prac.g_01726
OG0000442	Prbf.g_01540	Prac.g_01725
OG0000443	Prbf.g_01541	Prac.g_01724
OG0000444	Prbf.g_01547	Prac.g_01719
OG0000445	Prbf.g_01548	Prac.g_01718
OG0000446	Prbf.g_01549	Prac.g_01717
OG0000447	Prbf.g_01550	Prac.g_01716
OG0000448	Prbf.g_01551	Prac.g_01715
OG0000449	Prbf.g_01552	Prac.g_01714
OG0000450	Prbf.g_01553	Prac.g_01713
OG0000451	Prbf.g_01554	Prac.g_01712
OG0000452	Prbf.g_01557	Prac.g_01709
OG0000453	Prbf.g_01558	Prac.g_01708
OG0000454	Prbf.g_01559	Prac.g_01707
OG0000455	Prbf.g_01560	Prac.g_01706
OG0000456	Prbf.g_01561	Prac.g_01705
OG0000457	Prbf.g_01563	Prac.g_01704
OG0000458	Prbf.g_01564	Prac.g_01703
OG0000459	Prbf.g_01565	Prac.g_01702
OG0000460	Prbf.g_01573	Prac.g_01695
OG0000461	Prbf.g_01581	Prac.g_01688
OG0000462	Prbf.g_01583	Prac.g_01686
OG0000463	Prbf.g_01584	Prac.g_01685
OG0000464	Prbf.g_01585	Prac.g_01684
OG0000465	Prbf.g_01586	Prac.g_01683
OG0000466	Prbf.g_01589	Prac.g_01680
OG0000467	Prbf.g_01590	Prac.g_01679
OG0000468	Prbf.g_01593	Prac.g_01678
OG0000469	Prbf.g_01601	Prac.g_01669
OG0000470	Prbf.g_01603	Prac.g_01667
OG0000471	Prbf.g_01604	Prac.g_01666
OG0000472	Prbf.g_01606	Prac.g_01665
OG0000473	Prbf.g_01608	Prac.g_01663
OG0000474	Prbf.g_01609	Prac.g_01662
OG0000475	Prbf.g_01610	Prac.g_01661
OG0000476	Prbf.g_01612	Prac.g_01660
OG0000477	Prbf.g_01615	Prac.g_01656
OG0000478	Prbf.g_01616	Prac.g_01655
OG0000479	Prbf.g_01617	Prac.g_01654
OG0000480	Prbf.g_01622	Prac.g_01649
OG0000481	Prbf.g_01625	Prac.g_01647
OG0000482	Prbf.g_01626	Prac.g_01646
OG0000483	Prbf.g_01629	Prac.g_01643
OG0000484	Prbf.g_01630	Prac.g_01642
OG0000485	Prbf.g_01632	Prac.g_01641
OG0000486	Prbf.g_01633	Prac.g_01640
OG0000487	Prbf.g_01636	Prac.g_01636
OG0000488	Prbf.g_01639	Prac.g_01633
OG0000489	Prbf.g_01644	Prac.g_01628
OG0000490	Prbf.g_01648	Prac.g_01623
OG0000491	Prbf.g_01649	Prac.g_01622
OG0000492	Prbf.g_01651	Prac.g_01620
OG0000493	Prbf.g_01652	Prac.g_01619
OG0000494	Prbf.g_01653	Prac.g_01618
OG0000495	Prbf.g_01654	Prac.g_01617
OG0000496	Prbf.g_01655	Prac.g_01616
OG0000497	Prbf.g_01656	Prac.g_01615
OG0000498	Prbf.g_01657	Prac.g_01614
OG0000499	Prbf.g_01658	Prac.g_01613
OG0000500	Prbf.g_01659	Prac.g_01612
OG0000501	Prbf.g_01660	Prac.g_01610
OG0000502	Prbf.g_01663	Prac.g_01607
OG0000503	Prbf.g_01678	Prac.g_01200
OG0000504	Prbf.g_01680	Prac.g_01199
OG0000505	Prbf.g_01681	Prac.g_01198
OG0000506	Prbf.g_01682	Prac.g_01196
OG0000507	Prbf.g_01685	Prac.g_01193
OG0000508	Prbf.g_01689	Prac.g_01189
OG0000509	Prbf.g_01691	Prac.g_01187
OG0000510	Prbf.g_01692	Prac.g_01186
OG0000511	Prbf.g_01693	Prac.g_01185
OG0000512	Prbf.g_01695	Prac.g_01183
OG0000513	Prbf.g_01704	Prac.g_01176
OG0000514	Prbf.g_01715	Prac.g_01116
OG0000515	Prbf.g_01716	Prac.g_01115
OG0000516	Prbf.g_01717	Prac.g_01114
OG0000517	Prbf.g_01719	Prac.g_01112
OG0000518	Prbf.g_01730	Prac.g_01101
OG0000519	Prbf.g_01731	Prac.g_01100
OG0000520	Prbf.g_01732	Prac.g_01099
OG0000521	Prbf.g_01740	Prac.g_01094
OG0000522	Prbf.g_01742	Prac.g_01092
OG0000523	Prbf.g_01743	Prac.g_01091
OG0000524	Prbf.g_01748	Prac.g_01084
OG0000525	Prbf.g_01752	Prac.g_01081
OG0000526	Prbf.g_01753	Prac.g_01080
OG0000527	Prbf.g_01756	Prac.g_01071
OG0000528	Prbf.g_01761	Prac.g_01066
OG0000529	Prbf.g_01764	Prac.g_01063
OG0000530	Prbf.g_01767	Prac.g_01060
OG0000531	Prbf.g_01768	Prac.g_01059
OG0000532	Prbf.g_01770	Prac.g_01057
OG0000533	Prbf.g_01771	Prac.g_01056
OG0000534	Prbf.g_01772	Prac.g_01055
OG0000535	Prbf.g_01773	Prac.g_01054
OG0000536	Prbf.g_01774	Prac.g_01053
OG0000537	Prbf.g_01775	Prac.g_01052
OG0000538	Prbf.g_01784	Prac.g_00871
OG0000539	Prbf.g_01785	Prac.g_00870
OG0000540	Prbf.g_01786	Prac.g_00869
OG0000541	Prbf.g_01787	Prac.g_00868
OG0000542	Prbf.g_01788	Prac.g_00866
OG0000543	Prbf.g_01790	Prac.g_00864
OG0000544	Prbf.g_01791	Prac.g_00863
OG0000545	Prbf.g_01793	Prac.g_00861
OG0000546	Prbf.g_01796	Prac.g_00858
OG0000547	Prbf.g_01798	Prac.g_00857
OG0000548	Prbf.g_01799	Prac.g_00856
OG0000549	Prbf.g_01801	Prac.g_00854
OG0000550	Prbf.g_01805	Prac.g_00849
OG0000551	Prbf.g_01808	Prac.g_00845
OG0000552	Prbf.g_01809	Prac.g_00844
OG0000553	Prbf.g_01810	Prac.g_00843
OG0000554	Prbf.g_01815	Prac.g_00838
OG0000555	Prbf.g_01823	Prac.g_00830
OG0000556	Prbf.g_01825	Prac.g_00828
OG0000557	Prbf.g_01826	Prac.g_00827
OG0000558	Prbf.g_01828	Prac.g_00825
OG0000559	Prbf.g_01832	Prac.g_00821
OG0000560	Prbf.g_01835	Prac.g_00818
OG0000561	Prbf.g_01836	Prac.g_00817
OG0000562	Prbf.g_01837	Prac.g_00816
OG0000563	Prbf.g_01838	Prac.g_00815
OG0000564	Prbf.g_01839	Prac.g_00814
OG0000565	Prbf.g_01841	Prac.g_00811
OG0000566	Prbf.g_01845	Prac.g_00809
OG0000567	Prbf.g_01849	Prac.g_00805
OG0000568	Prbf.g_01850	Prac.g_00804
OG0000569	Prbf.g_01851	Prac.g_00803
OG0000570	Prbf.g_01852	Prac.g_00802
OG0000571	Prbf.g_01854	Prac.g_00800
OG0000572	Prbf.g_01868	Prac.g_00787
OG0000573	Prbf.g_01874	Prac.g_00780
OG0000574	Prbf.g_01875	Prac.g_00779
OG0000575	Prbf.g_01879	Prac.g_00775
OG0000576	Prbf.g_01881	Prac.g_00772
OG0000577	Prbf.g_01882	Prac.g_00771
OG0000578	Prbf.g_01883	Prac.g_00770
OG0000579	Prbf.g_01884	Prac.g_00769
OG0000580	Prbf.g_01885	Prac.g_00768
OG0000581	Prbf.g_01888	Prac.g_00766
OG0000582	Prbf.g_01891	Prac.g_00763
OG0000583	Prbf.g_01892	Prac.g_00762
OG0000584	Prbf.g_01893	Prac.g_00761
OG0000585	Prbf.g_01895	Prac.g_00759
OG0000586	Prbf.g_01896	Prac.g_00758
OG0000587	Prbf.g_01897	Prac.g_00757
OG0000588	Prbf.g_01901	Prac.g_00753
OG0000589	Prbf.g_01903	Prac.g_00750
OG0000590	Prbf.g_01904	Prac.g_00749
OG0000591	Prbf.g_01908	Prac.g_00746
OG0000592	Prbf.g_01909	Prac.g_00745
OG0000593	Prbf.g_00979	Prac.g_00739
OG0000594	Prbf.g_00980	Prac.g_00738
OG0000595	Prbf.g_00981	Prac.g_00737
OG0000596	Prbf.g_00985	Prac.g_00733
OG0000597	Prbf.g_00988	Prac.g_00731
OG0000598	Prbf.g_00989	Prac.g_00730
OG0000599	Prbf.g_00992	Prac.g_00727
OG0000600	Prbf.g_00993	Prac.g_00726
OG0000601	Prbf.g_00994	Prac.g_00725
OG0000602	Prbf.g_00996	Prac.g_00723
OG0000603	Prbf.g_00997	Prac.g_00722
OG0000604	Prbf.g_00998	Prac.g_00721
OG0000605	Prbf.g_00999	Prac.g_00720
OG0000606	Prbf.g_01002	Prac.g_00717
OG0000607	Prbf.g_01005	Prac.g_00714
OG0000608	Prbf.g_01006	Prac.g_00713
OG0000609	Prbf.g_01007	Prac.g_00712
OG0000610	Prbf.g_01013	Prac.g_00707
OG0000611	Prbf.g_01016	Prac.g_00704
OG0000612	Prbf.g_01017	Prac.g_00703
OG0000613	Prbf.g_01290	Prac.g_00698
OG0000614	Prbf.g_01269	Prac.g_00679
OG0000615	Prbf.g_01258	Prac.g_00671
OG0000616	Prbf.g_00404	Prac.g_00667
OG0000617	Prbf.g_01033	Prac.g_01554
OG0000618	Prbf.g_01034	Prac.g_01553
OG0000619	Prbf.g_01035	Prac.g_01552
OG0000620	Prbf.g_01038	Prac.g_01549
OG0000621	Prbf.g_01039	Prac.g_01548
OG0000622	Prbf.g_01040	Prac.g_01547
OG0000623	Prbf.g_01041	Prac.g_01546
OG0000624	Prbf.g_01043	Prac.g_01545
OG0000625	Prbf.g_01044	Prac.g_01544
OG0000626	Prbf.g_01045	Prac.g_01543
OG0000627	Prbf.g_01046	Prac.g_01542
OG0000628	Prbf.g_01047	Prac.g_01541
OG0000629	Prbf.g_01048	Prac.g_01540
OG0000630	Prbf.g_01051	Prac.g_01537
OG0000631	Prbf.g_01144	Prac.g_01484
OG0000632	Prbf.g_01143	Prac.g_01483
OG0000633	Prbf.g_01142	Prac.g_01482
OG0000634	Prbf.g_01249	Prac.g_01479
OG0000635	Prbf.g_01248	Prac.g_01478
OG0000636	Prbf.g_01246	Prac.g_01476
OG0000637	Prbf.g_01244	Prac.g_01474
OG0000638	Prbf.g_01243	Prac.g_01473
OG0000639	Prbf.g_01242	Prac.g_01472
OG0000640	Prbf.g_01241	Prac.g_01471
OG0000641	Prbf.g_01237	Prac.g_01467
OG0000642	Prbf.g_01236	Prac.g_01466
OG0000643	Prbf.g_01235	Prac.g_01465
OG0000644	Prbf.g_01234	Prac.g_01464
OG0000645	Prbf.g_01233	Prac.g_01463
OG0000646	Prbf.g_01231	Prac.g_01461
OG0000647	Prbf.g_01229	Prac.g_01460
OG0000648	Prbf.g_01227	Prac.g_01458
OG0000649	Prbf.g_01226	Prac.g_01457
OG0000650	Prbf.g_01225	Prac.g_01456
OG0000651	Prbf.g_01224	Prac.g_01455
OG0000652	Prbf.g_01223	Prac.g_01454
OG0000653	Prbf.g_01221	Prac.g_01452
OG0000654	Prbf.g_01220	Prac.g_01451
OG0000655	Prbf.g_01219	Prac.g_01450
OG0000656	Prbf.g_01216	Prac.g_01447
OG0000657	Prbf.g_01208	Prac.g_01440
OG0000658	Prbf.g_01206	Prac.g_01439
OG0000659	Prbf.g_01205	Prac.g_01438
OG0000660	Prbf.g_01201	Prac.g_01434
OG0000661	Prbf.g_01199	Prac.g_01432
OG0000662	Prbf.g_01197	Prac.g_01430
OG0000663	Prbf.g_01195	Prac.g_01428
OG0000664	Prbf.g_01194	Prac.g_01427
OG0000665	Prbf.g_01188	Prac.g_01423
OG0000666	Prbf.g_01187	Prac.g_01422
OG0000667	Prbf.g_01183	Prac.g_01418
OG0000668	Prbf.g_00838	Prac.g_01401
OG0000669	Prbf.g_01331	Prac.g_01393
OG0000670	Prbf.g_01328	Prac.g_01391
OG0000671	Prbf.g_01325	Prac.g_01389
OG0000672	Prbf.g_01322	Prac.g_01386
OG0000673	Prbf.g_01319	Prac.g_01383
OG0000674	Prbf.g_01317	Prac.g_01381
OG0000675	Prbf.g_01316	Prac.g_01380
OG0000676	Prbf.g_01314	Prac.g_01378
OG0000677	Prbf.g_01313	Prac.g_01377
OG0000678	Prbf.g_01311	Prac.g_01375
OG0000679	Prbf.g_01307	Prac.g_01371
OG0000680	Prbf.g_01306	Prac.g_01370
OG0000681	Prbf.g_01303	Prac.g_01368
OG0000682	Prbf.g_01302	Prac.g_01367
OG0000683	Prbf.g_01301	Prac.g_01366
OG0000684	Prbf.g_01299	Prac.g_01365
OG0000685	Prbf.g_01297	Prac.g_01363
OG0000686	Prbf.g_01296	Prac.g_01362
OG0000687	Prbf.g_01295	Prac.g_01361
OG0000688	Prbf.g_01021	Prac.g_01358
OG0000689	Prbf.g_01022	Prac.g_01357
OG0000690	Prbf.g_01023	Prac.g_01356
OG0000691	Prbf.g_01024	Prac.g_01355
OG0000692	Prbf.g_01026	Prac.g_01353
OG0000693	Prbf.g_01027	Prac.g_01352
OG0000694	Prbf.g_01028	Prac.g_01351
OG0000695	Prbf.g_01140	Prac.g_01349
OG0000696	Prbf.g_01139	Prac.g_01348
OG0000697	Prbf.g_01138	Prac.g_01347
OG0000698	Prbf.g_01135	Prac.g_01344
OG0000699	Prbf.g_01134	Prac.g_01343
OG0000700	Prbf.g_01133	Prac.g_01342
OG0000701	Prbf.g_01132	Prac.g_01341
OG0000702	Prbf.g_01130	Prac.g_01339
OG0000703	Prbf.g_01129	Prac.g_01338
OG0000704	Prbf.g_01127	Prac.g_01337
OG0000705	Prbf.g_01124	Prac.g_01333
OG0000706	Prbf.g_01123	Prac.g_01332
OG0000707	Prbf.g_01122	Prac.g_01331
OG0000708	Prbf.g_01120	Prac.g_01330
OG0000709	Prbf.g_01116	Prac.g_01326
OG0000710	Prbf.g_01113	Prac.g_01323
OG0000711	Prbf.g_01095	Prac.g_01307
OG0000712	Prbf.g_01094	Prac.g_01305
OG0000713	Prbf.g_01093	Prac.g_01304
OG0000714	Prbf.g_01092	Prac.g_01303
OG0000715	Prbf.g_01090	Prac.g_01301
OG0000716	Prbf.g_01088	Prac.g_01299
OG0000717	Prbf.g_01087	Prac.g_01298
OG0000718	Prbf.g_01083	Prac.g_01287
OG0000719	Prbf.g_01081	Prac.g_01285
OG0000720	Prbf.g_01069	Prac.g_01276
OG0000721	Prbf.g_01065	Prac.g_01274
OG0000722	Prbf.g_01064	Prac.g_01273
OG0000723	Prbf.g_01060	Prac.g_01270
OG0000724	Prbf.g_01165	Prac.g_01261
OG0000725	Prbf.g_01171	Prac.g_01255
OG0000726	Prbf.g_01172	Prac.g_01254
OG0000727	Prbf.g_01173	Prac.g_01253
OG0000728	Prbf.g_01175	Prac.g_01251
OG0000729	Prbf.g_00048	Prac.g_01205
OG0000730	Prbf.g_00876	Prac.g_01046
OG0000731	Prbf.g_01684	Prac.g_01042
OG0000732	Prbf.g_00453	Prac.g_01036
OG0000733	Prbf.g_00787	Prac.g_01017
OG0000734	Prbf.g_00902	Prac.g_01000
OG0000735	Prbf.g_00904	Prac.g_00998
OG0000736	Prbf.g_00905	Prac.g_00997
OG0000737	Prbf.g_00906	Prac.g_00996
OG0000738	Prbf.g_00910	Prac.g_00992
OG0000739	Prbf.g_00911	Prac.g_00991
OG0000740	Prbf.g_00912	Prac.g_00990
OG0000741	Prbf.g_00914	Prac.g_00989
OG0000742	Prbf.g_00917	Prac.g_00986
OG0000743	Prbf.g_00919	Prac.g_00984
OG0000744	Prbf.g_00920	Prac.g_00983
OG0000745	Prbf.g_00921	Prac.g_00982
OG0000746	Prbf.g_00923	Prac.g_00980
OG0000747	Prbf.g_00924	Prac.g_00979
OG0000748	Prbf.g_00928	Prac.g_00976
OG0000749	Prbf.g_00929	Prac.g_00975
OG0000750	Prbf.g_00930	Prac.g_00974
OG0000751	Prbf.g_00933	Prac.g_00972
OG0000752	Prbf.g_00935	Prac.g_00970
OG0000753	Prbf.g_00937	Prac.g_00967
OG0000754	Prbf.g_00940	Prac.g_00964
OG0000755	Prbf.g_00946	Prac.g_00961
OG0000756	Prbf.g_00947	Prac.g_00960
OG0000757	Prbf.g_00954	Prac.g_00954
OG0000758	Prbf.g_00955	Prac.g_00953
OG0000759	Prbf.g_00956	Prac.g_00952
OG0000760	Prbf.g_00957	Prac.g_00951
OG0000761	Prbf.g_00958	Prac.g_00950
OG0000762	Prbf.g_00959	Prac.g_00949
OG0000763	Prbf.g_00961	Prac.g_00947
OG0000764	Prbf.g_00962	Prac.g_00946
OG0000765	Prbf.g_00970	Prac.g_00937
OG0000766	Prbf.g_00971	Prac.g_00936
OG0000767	Prbf.g_00973	Prac.g_00934
OG0000768	Prbf.g_00974	Prac.g_00933
OG0000769	Prbf.g_00976	Prac.g_00931
OG0000770	Prbf.g_01914	Prac.g_00929
OG0000771	Prbf.g_00253	Prac.g_00448
OG0000772	Prbf.g_00767	Prac.g_00154
OG0000773	Prbf.g_00035	Prac.g_00166
OG0000774	Prbf.g_00033	Prac.g_00168
OG0000775	Prbf.g_00031	Prac.g_00170
OG0000776	Prbf.g_00030	Prac.g_00171
OG0000777	Prbf.g_00029	Prac.g_00172
OG0000778	Prbf.g_00028	Prac.g_00173
OG0000779	Prbf.g_00024	Prac.g_00177
OG0000780	Prbf.g_00023	Prac.g_00178
OG0000781	Prbf.g_00019	Prac.g_00181
OG0000782	Prbf.g_00018	Prac.g_00182
OG0000783	Prbf.g_00017	Prac.g_00183
OG0000784	Prbf.g_00016	Prac.g_00184
OG0000785	Prbf.g_00014	Prac.g_00186
OG0000786	Prbf.g_00011	Prac.g_00188
OG0000787	Prbf.g_00010	Prac.g_00189
OG0000788	Prbf.g_01782	Prac.g_00204
OG0000789	Prbf.g_00256	Prac.g_00207
OG0000790	Prbf.g_00100	Prac.g_00222
OG0000791	Prbf.g_00102	Prac.g_00224
OG0000792	Prbf.g_00103	Prac.g_00225
OG0000793	Prbf.g_00106	Prac.g_00228
OG0000794	Prbf.g_00107	Prac.g_00229
OG0000795	Prbf.g_00108	Prac.g_00230
OG0000796	Prbf.g_00112	Prac.g_00234
OG0000797	Prbf.g_00113	Prac.g_00235
OG0000798	Prbf.g_00312	Prac.g_00262
OG0000799	Prbf.g_00140	Prac.g_00429
OG0000800	Prbf.g_00141	Prac.g_00428
OG0000801	Prbf.g_00142	Prac.g_00427
OG0000802	Prbf.g_00144	Prac.g_00425
OG0000803	Prbf.g_00146	Prac.g_00423
OG0000804	Prbf.g_00147	Prac.g_00422
OG0000805	Prbf.g_00149	Prac.g_00420
OG0000806	Prbf.g_00151	Prac.g_00418
OG0000807	Prbf.g_00152	Prac.g_00417
OG0000808	Prbf.g_00153	Prac.g_00416
OG0000809	Prbf.g_00155	Prac.g_00413
OG0000810	Prbf.g_00156	Prac.g_00412
OG0000811	Prbf.g_00160	Prac.g_00408
OG0000812	Prbf.g_00162	Prac.g_00406
OG0000813	Prbf.g_00163	Prac.g_00405
OG0000814	Prbf.g_00165	Prac.g_00403
OG0000815	Prbf.g_00166	Prac.g_00402
OG0000816	Prbf.g_00168	Prac.g_00400
OG0000817	Prbf.g_00169	Prac.g_00399
OG0000818	Prbf.g_00174	Prac.g_00394
OG0000819	Prbf.g_00175	Prac.g_00393
OG0000820	Prbf.g_00176	Prac.g_00392
OG0000821	Prbf.g_00180	Prac.g_00388
OG0000822	Prbf.g_00181	Prac.g_00387
OG0000823	Prbf.g_00182	Prac.g_00386
OG0000824	Prbf.g_00185	Prac.g_00383
OG0000825	Prbf.g_00186	Prac.g_00382
OG0000826	Prbf.g_00187	Prac.g_00381
OG0000827	Prbf.g_00188	Prac.g_00380
OG0000828	Prbf.g_00191	Prac.g_00377
OG0000829	Prbf.g_00192	Prac.g_00376
OG0000830	Prbf.g_00193	Prac.g_00375
OG0000831	Prbf.g_00195	Prac.g_00373
OG0000832	Prbf.g_00205	Prac.g_00367
OG0000833	Prbf.g_00214	Prac.g_00359
OG0000834	Prbf.g_00215	Prac.g_00358
OG0000835	Prbf.g_00216	Prac.g_00357
OG0000836	Prbf.g_00217	Prac.g_00356
OG0000837	Prbf.g_00218	Prac.g_00355
OG0000838	Prbf.g_00220	Prac.g_00353
OG0000839	Prbf.g_00221	Prac.g_00352
OG0000840	Prbf.g_00222	Prac.g_00351
OG0000841	Prbf.g_00223	Prac.g_00350
OG0000842	Prbf.g_00224	Prac.g_00349
OG0000843	Prbf.g_00225	Prac.g_00348
OG0000844	Prbf.g_00226	Prac.g_00347
OG0000845	Prbf.g_00227	Prac.g_00346
OG0000846	Prbf.g_00228	Prac.g_00345
OG0000847	Prbf.g_00229	Prac.g_00344
OG0000848	Prbf.g_00230	Prac.g_00343
OG0000849	Prbf.g_00231	Prac.g_00342
OG0000850	Prbf.g_00233	Prac.g_00340
OG0000851	Prbf.g_00234	Prac.g_00339
OG0000852	Prbf.g_00235	Prac.g_00338
OG0000853	Prbf.g_00241	Prac.g_00334
OG0000854	Prbf.g_00243	Prac.g_00332
OG0000855	Prbf.g_00244	Prac.g_00331
OG0000856	Prbf.g_01911	Prac.g_00317
OG0000857	Prbf.g_01230	Prac.g_00288
OG0000858	Prbf.g_00700	Prac.g_00631
OG0000859	Prbf.g_00699	Prac.g_00630
OG0000860	Prbf.g_00691	Prac.g_00623
OG0000861	Prbf.g_00690	Prac.g_00622
OG0000862	Prbf.g_00689	Prac.g_00621
OG0000863	Prbf.g_00687	Prac.g_00619
OG0000864	Prbf.g_00686	Prac.g_00618
OG0000865	Prbf.g_00685	Prac.g_00617
OG0000866	Prbf.g_00684	Prac.g_00616
OG0000867	Prbf.g_00683	Prac.g_00615
OG0000868	Prbf.g_00681	Prac.g_00614
OG0000869	Prbf.g_00678	Prac.g_00610
OG0000870	Prbf.g_00673	Prac.g_00605
OG0000871	Prbf.g_00672	Prac.g_00604
OG0000872	Prbf.g_00671	Prac.g_00603
OG0000873	Prbf.g_00668	Prac.g_00600
OG0000874	Prbf.g_00665	Prac.g_00597
OG0000875	Prbf.g_00664	Prac.g_00596
OG0000876	Prbf.g_00663	Prac.g_00595
OG0000877	Prbf.g_00661	Prac.g_00593
OG0000878	Prbf.g_00660	Prac.g_00592
OG0000879	Prbf.g_00659	Prac.g_00591
OG0000880	Prbf.g_00658	Prac.g_00590
OG0000881	Prbf.g_00654	Prac.g_00586
OG0000882	Prbf.g_00649	Prac.g_00581
OG0000883	Prbf.g_00647	Prac.g_00580
OG0000884	Prbf.g_00645	Prac.g_00578
OG0000885	Prbf.g_00644	Prac.g_00577
OG0000886	Prbf.g_00643	Prac.g_00576
OG0000887	Prbf.g_00642	Prac.g_00575
OG0000888	Prbf.g_00640	Prac.g_00573
OG0000889	Prbf.g_00638	Prac.g_00571
OG0000890	Prbf.g_00637	Prac.g_00570
OG0000891	Prbf.g_00636	Prac.g_00569
OG0000892	Prbf.g_00634	Prac.g_00471
OG0000893	Prbf.g_00630	Prac.g_00476
OG0000894	Prbf.g_00627	Prac.g_00478
OG0000895	Prbf.g_00623	Prac.g_00481
OG0000896	Prbf.g_00622	Prac.g_00482
OG0000897	Prbf.g_00620	Prac.g_00484
OG0000898	Prbf.g_00619	Prac.g_00485
OG0000899	Prbf.g_00618	Prac.g_00486
OG0000900	Prbf.g_00617	Prac.g_00487
OG0000901	Prbf.g_00614	Prac.g_00490
OG0000902	Prbf.g_00612	Prac.g_00492
OG0000903	Prbf.g_00608	Prac.g_00495
OG0000904	Prbf.g_00604	Prac.g_00497
OG0000905	Prbf.g_00610	Prac.g_00502
OG0000906	Prbf.g_00611	Prac.g_00503
OG0000907	Prbf.g_00601	Prac.g_00506
OG0000908	Prbf.g_00598	Prac.g_00509
OG0000909	Prbf.g_00597	Prac.g_00510
OG0000910	Prbf.g_00596	Prac.g_00511
OG0000911	Prbf.g_00594	Prac.g_00513
OG0000912	Prbf.g_00593	Prac.g_00514
OG0000913	Prbf.g_00592	Prac.g_00515
OG0000914	Prbf.g_00591	Prac.g_00516
OG0000915	Prbf.g_00590	Prac.g_00517
OG0000916	Prbf.g_00589	Prac.g_00518
OG0000917	Prbf.g_00588	Prac.g_00519
OG0000918	Prbf.g_00587	Prac.g_00520
OG0000919	Prbf.g_00586	Prac.g_00521
OG0000920	Prbf.g_00585	Prac.g_00522
OG0000921	Prbf.g_00584	Prac.g_00523
OG0000922	Prbf.g_00583	Prac.g_00524
OG0000923	Prbf.g_00579	Prac.g_00528
OG0000924	Prbf.g_00578	Prac.g_00529
OG0000925	Prbf.g_00577	Prac.g_00530
OG0000926	Prbf.g_00576	Prac.g_00531
OG0000927	Prbf.g_00574	Prac.g_00533
OG0000928	Prbf.g_00573	Prac.g_00534
OG0000929	Prbf.g_00572	Prac.g_00535
OG0000930	Prbf.g_00571	Prac.g_00536
OG0000931	Prbf.g_00570	Prac.g_00537
OG0000932	Prbf.g_00569	Prac.g_00538
OG0000933	Prbf.g_00565	Prac.g_00542
OG0000934	Prbf.g_00563	Prac.g_00544
OG0000935	Prbf.g_00562	Prac.g_00545
OG0000936	Prbf.g_00561	Prac.g_00546
OG0000937	Prbf.g_00560	Prac.g_00547
OG0000938	Prbf.g_00557	Prac.g_00549
OG0000939	Prbf.g_00556	Prac.g_00550
OG0000940	Prbf.g_00549	Prac.g_00556
OG0000941	Prbf.g_00547	Prac.g_00558
OG0000942	Prbf.g_00545	Prac.g_00560
OG0000943	Prbf.g_00544	Prac.g_00561
OG0000944	Prbf.g_00542	Prac.g_00562
OG0000945	Prbf.g_00541	Prac.g_00563
OG0000946	Prbf.g_00536	Prac.g_00005
OG0000947	Prbf.g_00534	Prac.g_00007
OG0000948	Prbf.g_00533	Prac.g_00008
OG0000949	Prbf.g_00530	Prac.g_00011
OG0000950	Prbf.g_00523	Prac.g_00016
OG0000951	Prbf.g_00519	Prac.g_00020
OG0000952	Prbf.g_00515	Prac.g_00024
OG0000953	Prbf.g_00511	Prac.g_00027
OG0000954	Prbf.g_00507	Prac.g_00031
OG0000955	Prbf.g_00506	Prac.g_00032
OG0000956	Prbf.g_00504	Prac.g_00034
OG0000957	Prbf.g_00498	Prac.g_00039
OG0000958	Prbf.g_00497	Prac.g_00040
OG0000959	Prbf.g_00493	Prac.g_00044
OG0000960	Prbf.g_00492	Prac.g_00045
OG0000961	Prbf.g_00488	Prac.g_00047
OG0000962	Prbf.g_00486	Prac.g_00049
OG0000963	Prbf.g_00482	Prac.g_00052
OG0000964	Prbf.g_00481	Prac.g_00053
OG0000965	Prbf.g_00480	Prac.g_00054
OG0000966	Prbf.g_00474	Prac.g_00061
OG0000967	Prbf.g_00470	Prac.g_00065
OG0000968	Prbf.g_00468	Prac.g_00067
OG0000969	Prbf.g_00467	Prac.g_00068
OG0000970	Prbf.g_00466	Prac.g_00069
OG0000971	Prbf.g_00465	Prac.g_00070
OG0000972	Prbf.g_00464	Prac.g_00071
OG0000973	Prbf.g_00463	Prac.g_00072
OG0000974	Prbf.g_00462	Prac.g_00073
OG0000975	Prbf.g_00461	Prac.g_00074
OG0000976	Prbf.g_00460	Prac.g_00075
OG0000977	Prbf.g_00459	Prac.g_00076
OG0000978	Prbf.g_00458	Prac.g_00077
OG0000979	Prbf.g_00456	Prac.g_00080
OG0000980	Prbf.g_00454	Prac.g_00082
OG0000981	Prbf.g_00451	Prac.g_00084
OG0000982	Prbf.g_00449	Prac.g_00086
OG0000983	Prbf.g_00448	Prac.g_00087
OG0000984	Prbf.g_00447	Prac.g_00088
OG0000985	Prbf.g_00444	Prac.g_00091
OG0000986	Prbf.g_00442	Prac.g_00093
OG0000987	Prbf.g_00441	Prac.g_00094
OG0000988	Prbf.g_00438	Prac.g_00097
OG0000989	Prbf.g_00434	Prac.g_00100
OG0000990	Prbf.g_00430	Prac.g_00103
OG0000991	Prbf.g_00429	Prac.g_00104
OG0000992	Prbf.g_00426	Prac.g_00106
OG0000993	Prbf.g_00425	Prac.g_00107
OG0000994	Prbf.g_00424	Prac.g_00108
OG0000995	Prbf.g_00420	Prac.g_00112
OG0000996	Prbf.g_00419	Prac.g_00113
OG0000997	Prbf.g_00416	Prac.g_00114
OG0000998	Prbf.g_00414	Prac.g_00116
OG0000999	Prbf.g_00413	Prac.g_00117
OG0001000	Prbf.g_00410	Prac.g_00120
OG0001001	Prbf.g_00407	Prac.g_00122
OG0001002	Prbf.g_00402	Prac.g_00126
OG0001003	Prbf.g_00401	Prac.g_00127
OG0001004	Prbf.g_00400	Prac.g_00128
OG0001005	Prbf.g_00399	Prac.g_00129
OG0001006	Prbf.g_00395	Prac.g_01949
OG0001007	Prbf.g_00393	Prac.g_01947
OG0001008	Prbf.g_01721	Prac.g_01110
OG0001009	Prbf.g_01349	Prac.g_01920
OG0001010	Prbf.g_01350	Prac.g_01919
OG0001011	Prbf.g_01352	Prac.g_01918
OG0001012	Prbf.g_01366	Prac.g_01889
OG0001013	Prbf.g_01373	Prac.g_01883
OG0001014	Prbf.g_01376	Prac.g_01880
OG0001015	Prbf.g_01378	Prac.g_01879
OG0001016	Prbf.g_01400	Prac.g_01858
OG0001017	Prbf.g_01404	Prac.g_01854
OG0001018	Prbf.g_01406	Prac.g_01851
OG0001019	Prbf.g_01415	Prac.g_01842
OG0001020	Prbf.g_01416	Prac.g_01841
OG0001021	Prbf.g_01417	Prac.g_01840
OG0001022	Prbf.g_01420	Prac.g_01837
OG0001023	Prbf.g_01421	Prac.g_01836
OG0001024	Prbf.g_01425	Prac.g_01833
OG0001025	Prbf.g_01432	Prac.g_01827
OG0001026	Prbf.g_01441	Prac.g_01820
OG0001027	Prbf.g_01442	Prac.g_01819
OG0001028	Prbf.g_01444	Prac.g_01817
OG0001029	Prbf.g_01445	Prac.g_01816
OG0001030	Prbf.g_01461	Prac.g_01801
OG0001031	Prbf.g_01521	Prac.g_01744
OG0001032	Prbf.g_01522	Prac.g_01743
OG0001033	Prbf.g_01543	Prac.g_01722
OG0001034	Prbf.g_01574	Prac.g_01694
OG0001035	Prbf.g_01594	Prac.g_01677
OG0001036	Prbf.g_01598	Prac.g_01672
OG0001037	Prbf.g_01599	Prac.g_01671
OG0001038	Prbf.g_01618	Prac.g_01653
OG0001039	Prbf.g_01621	Prac.g_01650
OG0001040	Prbf.g_01623	Prac.g_01648
OG0001041	Prbf.g_01628	Prac.g_01644
OG0001042	Prbf.g_01645	Prac.g_01627
OG0001043	Prbf.g_01646	Prac.g_01626
OG0001044	Prbf.g_01677	Prac.g_01201
OG0001045	Prbf.g_01686	Prac.g_01192
OG0001046	Prbf.g_00741	Prac.g_01154
OG0001047	Prbf.g_01723	Prac.g_01108
OG0001048	Prbf.g_01724	Prac.g_01107
OG0001049	Prbf.g_01726	Prac.g_01105
OG0001050	Prbf.g_01727	Prac.g_01104
OG0001051	Prbf.g_01728	Prac.g_01103
OG0001052	Prbf.g_01754	Prac.g_01073
OG0001053	Prbf.g_01766	Prac.g_01061
OG0001054	Prbf.g_01781	Prac.g_00873
OG0001055	Prbf.g_01800	Prac.g_00855
OG0001056	Prbf.g_01817	Prac.g_00836
OG0001057	Prbf.g_01822	Prac.g_00831
OG0001058	Prbf.g_01830	Prac.g_00823
OG0001059	Prbf.g_01834	Prac.g_00819
OG0001060	Prbf.g_01840	Prac.g_00812
OG0001061	Prbf.g_01855	Prac.g_00799
OG0001062	Prbf.g_01857	Prac.g_00797
OG0001063	Prbf.g_01859	Prac.g_00795
OG0001064	Prbf.g_01860	Prac.g_00794
OG0001065	Prbf.g_01861	Prac.g_00793
OG0001066	Prbf.g_01862	Prac.g_00792
OG0001067	Prbf.g_01863	Prac.g_00791
OG0001068	Prbf.g_01864	Prac.g_00790
OG0001069	Prbf.g_01865	Prac.g_00789
OG0001070	Prbf.g_01869	Prac.g_00786
OG0001071	Prbf.g_01870	Prac.g_00785
OG0001072	Prbf.g_01872	Prac.g_00783
OG0001073	Prbf.g_01886	Prac.g_00767
OG0001074	Prbf.g_01898	Prac.g_00756
OG0001075	Prbf.g_01899	Prac.g_00755
OG0001076	Prbf.g_01906	Prac.g_00747
OG0001077	Prbf.g_01912	Prac.g_00743
OG0001078	Prbf.g_00983	Prac.g_00735
OG0001079	Prbf.g_00995	Prac.g_00724
OG0001080	Prbf.g_01001	Prac.g_00718
OG0001081	Prbf.g_01003	Prac.g_00716
OG0001082	Prbf.g_01004	Prac.g_00715
OG0001083	Prbf.g_01009	Prac.g_00710
OG0001084	Prbf.g_01010	Prac.g_00709
OG0001085	Prbf.g_01293	Prac.g_00701
OG0001086	Prbf.g_01292	Prac.g_00700
OG0001087	Prbf.g_01274	Prac.g_00683
OG0001088	Prbf.g_01273	Prac.g_00682
OG0001089	Prbf.g_01262	Prac.g_00674
OG0001090	Prbf.g_01252	Prac.g_01559
OG0001091	Prbf.g_01030	Prac.g_01557
OG0001092	Prbf.g_01031	Prac.g_01556
OG0001093	Prbf.g_01036	Prac.g_01551
OG0001094	Prbf.g_01029	Prac.g_01481
OG0001095	Prbf.g_01232	Prac.g_01462
OG0001096	Prbf.g_01218	Prac.g_01449
OG0001097	Prbf.g_01198	Prac.g_01431
OG0001098	Prbf.g_01179	Prac.g_01416
OG0001099	Prbf.g_00833	Prac.g_01396
OG0001100	Prbf.g_01329	Prac.g_01392
OG0001101	Prbf.g_01326	Prac.g_01390
OG0001102	Prbf.g_01323	Prac.g_01387
OG0001103	Prbf.g_01321	Prac.g_01385
OG0001104	Prbf.g_01298	Prac.g_01364
OG0001105	Prbf.g_01294	Prac.g_01360
OG0001106	Prbf.g_01126	Prac.g_01336
OG0001107	Prbf.g_01119	Prac.g_01329
OG0001108	Prbf.g_01115	Prac.g_01325
OG0001109	Prbf.g_01114	Prac.g_01324
OG0001110	Prbf.g_01112	Prac.g_01322
OG0001111	Prbf.g_01111	Prac.g_01321
OG0001112	Prbf.g_01110	Prac.g_01320
OG0001113	Prbf.g_01109	Prac.g_01319
OG0001114	Prbf.g_01108	Prac.g_01318
OG0001115	Prbf.g_01106	Prac.g_01316
OG0001116	Prbf.g_01105	Prac.g_01315
OG0001117	Prbf.g_01104	Prac.g_01314
OG0001118	Prbf.g_01103	Prac.g_01313
OG0001119	Prbf.g_01102	Prac.g_01312
OG0001120	Prbf.g_01100	Prac.g_01310
OG0001122	Prbf.g_01080	Prac.g_01284
OG0001123	Prbf.g_01074	Prac.g_01280
OG0001124	Prbf.g_01072	Prac.g_01278
OG0001125	Prbf.g_01070	Prac.g_01277
OG0001126	Prbf.g_01159	Prac.g_01267
OG0001127	Prbf.g_01160	Prac.g_01266
OG0001128	Prbf.g_01162	Prac.g_01264
OG0001129	Prbf.g_01163	Prac.g_01263
OG0001130	Prbf.g_01164	Prac.g_01262
OG0001131	Prbf.g_01705	Prac.g_01225
OG0001132	Prbf.g_00296	Prac.g_01216
OG0001133	Prbf.g_00094	Prac.g_01031
OG0001134	Prbf.g_00788	Prac.g_01018
OG0001135	Prbf.g_00785	Prac.g_01015, Prac.g_01959
OG0001136	Prbf.g_00915	Prac.g_00988
OG0001137	Prbf.g_00927	Prac.g_00977
OG0001138	Prbf.g_00948	Prac.g_00959
OG0001139	Prbf.g_00950	Prac.g_00958
OG0001140	Prbf.g_00951	Prac.g_00957
OG0001141	Prbf.g_00952	Prac.g_00956
OG0001142	Prbf.g_00953	Prac.g_00955
OG0001143	Prbf.g_00960	Prac.g_00948
OG0001144	Prbf.g_00965	Prac.g_00943
OG0001145	Prbf.g_00034	Prac.g_00167
OG0001146	Prbf.g_00022	Prac.g_00179
OG0001147	Prbf.g_00002	Prac.g_00203
OG0001148	Prbf.g_00097	Prac.g_00219
OG0001149	Prbf.g_00098	Prac.g_00220
OG0001150	Prbf.g_00099	Prac.g_00221
OG0001151	Prbf.g_00110	Prac.g_00232
OG0001152	Prbf.g_00111	Prac.g_00233
OG0001153	Prbf.g_00189	Prac.g_00379
OG0001154	Prbf.g_00190	Prac.g_00378
OG0001155	Prbf.g_00207	Prac.g_00366
OG0001156	Prbf.g_00210	Prac.g_00363
OG0001157	Prbf.g_00211	Prac.g_00362
OG0001158	Prbf.g_00212	Prac.g_00361
OG0001159	Prbf.g_00213	Prac.g_00360
OG0001160	Prbf.g_00239	Prac.g_00336
OG0001161	Prbf.g_00750	Prac.g_00324
OG0001162	Prbf.g_00812	Prac.g_00313
OG0001163	Prbf.g_00702	Prac.g_00633
OG0001164	Prbf.g_00698	Prac.g_00629
OG0001165	Prbf.g_00695	Prac.g_00626
OG0001166	Prbf.g_00674	Prac.g_00606
OG0001167	Prbf.g_00657	Prac.g_00589
OG0001168	Prbf.g_00655	Prac.g_00587
OG0001169	Prbf.g_00653	Prac.g_00585
OG0001170	Prbf.g_00651	Prac.g_00583
OG0001171	Prbf.g_00641	Prac.g_00574
OG0001172	Prbf.g_00625	Prac.g_00479
OG0001173	Prbf.g_00624	Prac.g_00480
OG0001174	Prbf.g_00616	Prac.g_00488
OG0001175	Prbf.g_00615	Prac.g_00489
OG0001176	Prbf.g_00607	Prac.g_00496
OG0001177	Prbf.g_00605	Prac.g_00499
OG0001178	Prbf.g_00688	Prac.g_00504
OG0001179	Prbf.g_00575	Prac.g_00532
OG0001180	Prbf.g_00552	Prac.g_00553
OG0001181	Prbf.g_00548	Prac.g_00557
OG0001182	Prbf.g_00540	Prac.g_00564
OG0001183	Prbf.g_00535	Prac.g_00006
OG0001184	Prbf.g_00517	Prac.g_00022
OG0001185	Prbf.g_00501	Prac.g_00036
OG0001186	Prbf.g_00476	Prac.g_00058
OG0001187	Prbf.g_00473	Prac.g_00062
OG0001188	Prbf.g_00471	Prac.g_00064
OG0001189	Prbf.g_00455	Prac.g_00081
OG0001190	Prbf.g_00450	Prac.g_00085
OG0001191	Prbf.g_00440	Prac.g_00095
OG0001192	Prbf.g_00435	Prac.g_00099
OG0001193	Prbf.g_00423	Prac.g_00109
OG0001194	Prbf.g_00422	Prac.g_00110
OG0001195	Prbf.g_00421	Prac.g_00111
OG0001196	Prbf.g_00405	Prac.g_00124
OG0001197	Prbf.g_00403	Prac.g_00125
OG0001198	Prbf.g_00396	Prac.g_01950
OG0001199	Prbf.g_01401	Prac.g_01857
OG0001200	Prbf.g_01403	Prac.g_01855
OG0001201	Prbf.g_01436	Prac.g_01823
OG0001202	Prbf.g_01534	Prac.g_01731
OG0001203	Prbf.g_01576	Prac.g_01692
OG0001204	Prbf.g_01582	Prac.g_01687
OG0001205	Prbf.g_01729	Prac.g_01102
OG0001206	Prbf.g_01749	Prac.g_01083
OG0001207	Prbf.g_01760	Prac.g_01067
OG0001208	Prbf.g_01765	Prac.g_01062
OG0001209	Prbf.g_01816	Prac.g_00837
OG0001210	Prbf.g_01821	Prac.g_00832
OG0001211	Prbf.g_01831	Prac.g_00822
OG0001212	Prbf.g_01878	Prac.g_00776
OG0001213	Prbf.g_01913	Prac.g_00742
OG0001214	Prbf.g_00984	Prac.g_00734
OG0001215	Prbf.g_01272	Prac.g_00681
OG0001216	Prbf.g_01251	Prac.g_01558
OG0001217	Prbf.g_00280	Prac.g_01521
OG0001219	Prbf.g_01146	Prac.g_01487
OG0001220	Prbf.g_01189	Prac.g_01424
OG0001221	Prbf.g_01309	Prac.g_01373
OG0001222	Prbf.g_01067	Prac.g_01335
OG0001223	Prbf.g_01099	Prac.g_01309
OG0001224	Prbf.g_01166	Prac.g_01260
OG0001225	Prbf.g_01168	Prac.g_01258
OG0001226	Prbf.g_01921	Prac.g_01232
OG0001227	Prbf.g_00870	Prac.g_01213
OG0001228	Prbf.g_00968	Prac.g_00940
OG0001229	Prbf.g_00856	Prac.g_00215
OG0001230	Prbf.g_00150	Prac.g_00419
OG0001231	Prbf.g_01706	Prac.g_00315
OG0001232	Prbf.g_00670	Prac.g_00602
OG0001233	Prbf.g_00650	Prac.g_00582
OG0001234	Prbf.g_00613	Prac.g_00491
OG0001235	Prbf.g_00609	Prac.g_00501
OG0001236	Prbf.g_00520	Prac.g_00019
OG0001237	Prbf.g_00516	Prac.g_00023
OG0001238	Prbf.g_00439	Prac.g_00096
OG0001239	Prbf.g_01398	Prac.g_01860
OG0001240	Prbf.g_01419	Prac.g_01838
OG0001241	Prbf.g_01429	Prac.g_01830
OG0001242	Prbf.g_01449	Prac.g_01812
OG0001243	Prbf.g_01456	Prac.g_01806
OG0001244	Prbf.g_01471	Prac.g_01790
OG0001245	Prbf.g_00879	Prac.g_01153
OG0001247	Prbf.g_01279	Prac.g_00688
OG0001248	Prbf.g_01277	Prac.g_00686
OG0001249	Prbf.g_01675	Prac.g_01498
OG0001250	Prbf.g_01202	Prac.g_01435
OG0001251	Prbf.g_00837	Prac.g_01400
OG0001252	Prbf.g_01161	Prac.g_01265
OG0001253	Prbf.g_01924	Prac.g_01212
OG0001254	Prbf.g_00786	Prac.g_01016
OG0001255	Prbf.g_00900	Prac.g_01001
OG0001256	Prbf.g_00246	Prac.g_00322
OG0001258	Prbf.g_00697	Prac.g_00628
OG0001259	Prbf.g_00652	Prac.g_00584
OG0001260	Prbf.g_00635	Prac.g_00568
OG0001261	Prbf.g_00567	Prac.g_00540
OG0001263	Prbf.g_01458	Prac.g_01803
OG0001265	Prbf.g_01448	Prac.g_01813
OG0001266	Prbf.g_01538	Prac.g_01727
OG0001267	Prbf.g_01620	Prac.g_01651
OG0001268	Prbf.g_01683	Prac.g_01195
OG0001269	Prbf.g_01190	Prac.g_01175
OG0001270	Prbf.g_01718	Prac.g_01113
OG0001271	Prbf.g_01755	Prac.g_01072
OG0001272	Prbf.g_01769	Prac.g_01058
OG0001273	Prbf.g_00978	Prac.g_00740
OG0001274	Prbf.g_01562	Prac.g_00668
OG0001275	Prbf.g_01089	Prac.g_01300
OG0001276	Prbf.g_01075	Prac.g_01281
OG0001277	Prbf.g_00417	Prac.g_01223
OG0001278	Prbf.g_00972	Prac.g_00935
OG0001280	Prbf.g_00027	Prac.g_00174
OG0001281	Prbf.g_00021	Prac.g_00180
OG0001282	Prbf.g_00096	Prac.g_00218
OG0001283	Prbf.g_00408	Prac.g_00237
OG0001284	Prbf.g_00232	Prac.g_00341
OG0001285	Prbf.g_00667	Prac.g_00599
OG0001287	Prbf.g_00494	Prac.g_00043
OG0001288	Prbf.g_00483	Prac.g_00051
OG0001289	Prbf.g_01413	Prac.g_01844
OG0001290	Prbf.g_01428	Prac.g_01831
OG0001291	Prbf.g_01466	Prac.g_01796
OG0001292	Prbf.g_01587	Prac.g_01682
OG0001293	Prbf.g_01600	Prac.g_01670
OG0001295	Prbf.g_00824	Prac.g_01078
OG0001296	Prbf.g_01792	Prac.g_00862
OG0001298	Prbf.g_01858	Prac.g_00796
OG0001299	Prbf.g_01015	Prac.g_00705
OG0001300	Prbf.g_01268	Prac.g_00678
OG0001301	Prbf.g_01263	Prac.g_00675
OG0001302	Prbf.g_01150	Prac.g_01489
OG0001303	Prbf.g_00731	Prac.g_01296
OG0001304	Prbf.g_01062	Prac.g_01271
OG0001305	Prbf.g_01174	Prac.g_01252
OG0001306	Prbf.g_00903	Prac.g_00999
OG0001307	Prbf.g_00070	Prac.g_00200
OG0001308	Prbf.g_00167	Prac.g_00401
OG0001309	Prbf.g_00274	Prac.g_00318
OG0001310	Prbf.g_00680	Prac.g_00613
OG0001311	Prbf.g_01073	Prac.g_01279
OG0001312	Prbf.g_01137	Prac.g_01346
OG0001315	Prbf.g_00865	Prac.g_01869
OG0001316	Prbf.g_01470	Prac.g_01791
OG0001317	Prbf.g_01572	Prac.g_01696
OG0001318	Prbf.g_01596	Prac.g_01675
OG0001319	Prbf.g_01613	Prac.g_01659
OG0001320	Prbf.g_00765, Prbf.g_00732	Prac.g_01151
OG0001321	Prbf.g_01735	Prac.g_01096
OG0001322	Prbf.g_01736	Prac.g_01095
OG0001323	Prbf.g_01802	Prac.g_00853
OG0001324	Prbf.g_01267	Prac.g_00677
OG0001325	Prbf.g_01032	Prac.g_01555
OG0001327	Prbf.g_01332	Prac.g_01240
OG0001328	Prbf.g_00045	Prac.g_01214
OG0001329	Prbf.g_00734	Prac.g_01024
OG0001330	Prbf.g_00263	Prac.g_00153
OG0001331	Prbf.g_00101	Prac.g_00223
OG0001332	Prbf.g_00203	Prac.g_00368
OG0001333	Prbf.g_00656	Prac.g_00588
OG0001334	Prbf.g_00532	Prac.g_00009
OG0001335	Prbf.g_00531	Prac.g_00010
OG0001339	Prbf.g_01431	Prac.g_01828
OG0001340	Prbf.g_01671	Prac.g_01603
OG0001341	Prbf.g_00863	Prac.g_01523
OG0001342	Prbf.g_00711	Prac.g_01494
OG0001343	Prbf.g_00840	Prac.g_01403
OG0001344	Prbf.g_00922	Prac.g_00981
OG0001345	Prbf.g_00938	Prac.g_00966
OG0001346	Prbf.g_00025	Prac.g_00176
OG0001348	Prbf.g_00826	Prac.g_00295
OG0001349	Prbf.g_00119	Prac.g_00261
OG0001351	Prbf.g_01741	Prac.g_01093
OG0001352	Prbf.g_01283	Prac.g_00691
OG0001355	Prbf.g_01053	Prac.g_00285, Prac.g_00878
OG0001356	Prbf.g_00705	Prac.g_00900
OG0001359	Prbf.g_00839	Prac.g_01402
OG0001362	Prbf.g_00171	Prac.g_00397
OG0001363	Prbf.g_00173	Prac.g_00395
OG0001364	Prbf.g_00529	Prac.g_00012
OG0001365	Prbf.g_00446	Prac.g_00089
OG0001369	Prbf.g_01418	Prac.g_01839
OG0001370	Prbf.g_01746	Prac.g_01086
OG0001371	Prbf.g_01284	Prac.g_00692
OG0001372	Prbf.g_01922	Prac.g_01515
OG0001375	Prbf.g_00841	Prac.g_01404
OG0001380	Prbf.g_00853, Prbf.g_00066	Prac.g_00205
OG0001381	Prbf.g_00893	Prac.g_00211
OG0001382	Prbf.g_00063	Prac.g_00302
OG0001397	Prbf.g_00172	Prac.g_00396
OG0001403	Prbf.g_01353	Prac.g_01917
OG0001404	Prbf.g_01395	Prac.g_01863
OG0001407	Prbf.g_00059	Prac.g_01234
OG0001409	Prbf.g_00926	Prac.g_00978
OG0001410	Prbf.g_00069	Prac.g_00201
OG0001414	Prbf.g_01567	Prac.g_01701
OG0001415	Prbf.g_01569	Prac.g_01699
OG0001418	Prbf.g_01278	Prac.g_00687
OG0001419	Prbf.g_00060	Prac.g_01233
OG0001421	Prbf.g_00247	Prac.g_00321
OG0001422	Prbf.g_00056	Prac.g_00297
OG0001423	Prbf.g_00361	Prac.g_00634
OG0001424	Prbf.g_00299	Prac.g_01399
OG0001428	Prbf.g_01506	Prac.g_01758
OG0001429	Prbf.g_01145	Prac.g_01486
OG0001430	Prbf.g_00854	Prac.g_00148
OG0001431	Prbf.g_00816, Prbf.g_00872	Prac.g_00151
OG0001433	Prbf.g_00706	Prac.g_00899
OG0001435	Prbf.g_01324	Prac.g_01388
OG0001437	Prbf.g_01568	Prac.g_01700
OG0001440	Prbf.g_00729, Prbf.g_00735	Prac.g_01119
OG0001446	Prbf.g_00291	Prac.g_01852
OG0001448	Prbf.g_01739	Prac.g_01167
OG0001450	Prbf.g_01275	Prac.g_00684
OG0001451	Prbf.g_01178	Prac.g_01415
OG0001463	Prbf.g_01627	Prac.g_01645
OG0001464	Prbf.g_01672	Prac.g_01602
OG0001465	Prbf.g_01256	Prac.g_00669
OG0001467	Prbf.g_00090	Prac.g_01497
OG0001468	Prbf.g_00849	Prac.g_01242
OG0001472	Prbf.g_01930	Prac.g_00319
OG0001481	Prbf.g_00046	Prac.g_01160
OG0001483	Prbf.g_00777	Prac.g_00276
OG0001485	Prbf.g_00346	Prac.g_00886
OG0001486	Prbf.g_00916	Prac.g_00987
OG0001491	Prbf.g_01153	Prac.g_01491
OG0001500	Prbf.g_01602	Prac.g_01668
OG0001501	Prbf.g_01334	Prac.g_00666
OG0001503	Prbf.g_00285	Prac.g_01011
OG0001506	Prbf.g_00201	Prac.g_00370
OG0001521	Prbf.g_01155	Prac.g_01522
OG0001522	Prbf.g_01211	Prac.g_01443
OG0001523	Prbf.g_00783	Prac.g_01014
OG0001524	Prbf.g_00782	Prac.g_01013
OG0001526	Prbf.g_01383	Prac.g_00474
OG0001550	Prbf.g_00281	Prac.g_01026
OG0001552	Prbf.g_00250	Prac.g_00923
OG0001565	Prbf.g_00364	Prac.g_01120
OG0001566	Prbf.g_01287	Prac.g_00695
OG0001569	Prbf.g_00375	Prac.g_01206
OG0001571	Prbf.g_00336	Prac.g_01033
OG0001572	Prbf.g_00338	Prac.g_00911
OG0001581	Prbf.g_00007	Prac.g_01786
OG0001583	Prbf.g_01154	Prac.g_01492, Prac.g_01903
OG0001584	Prbf.g_01025	Prac.g_01354
OG0001587	Prbf.g_00633	Prac.g_00472
OG0001588	Prbf.g_01709	Prac.g_00435
OG0001595	Prbf.g_01393	Prac.g_01864
OG0001596	Prbf.g_01402	Prac.g_01856
OG0001597	Prbf.g_00198	Prac.g_01172
OG0001599	Prbf.g_01747	Prac.g_01085
OG0001600	Prbf.g_01794	Prac.g_00860
OG0001601	Prbf.g_01289	Prac.g_00697
OG0001603	Prbf.g_01151	Prac.g_01490
OG0001604	Prbf.g_01312	Prac.g_01376
OG0001605	Prbf.g_00286	Prac.g_01288
OG0001606	Prbf.g_00276	Prac.g_01226
OG0001607	Prbf.g_00348	Prac.g_01012
OG0001608	Prbf.g_01059	Prac.g_00208
OG0001609	Prbf.g_00199	Prac.g_00372
OG0001610	Prbf.g_00202	Prac.g_00369
OG0001611	Prbf.g_00772	Prac.g_00308
OG0001626	Prbf.g_00353	Prac.g_01524
OG0001628	Prbf.g_01920	Prac.g_01513
OG0001629	Prbf.g_00327	Prac.g_01512
OG0001630	Prbf.g_00832	Prac.g_01395
OG0001631	Prbf.g_00344	Prac.g_01237
OG0001648	Prbf.g_00757	Prac.g_01161
OG0001649	Prbf.g_00278	Prac.g_01236
OG0001650	Prbf.g_00733, Prbf.g_00819	Prac.g_00196
OG0001651	Prbf.g_00882	Prac.g_00310
OG0001662	Prbf.g_00799	Prac.g_01041
OG0001663	Prbf.g_00899	Prac.g_01002
OG0001664	Prbf.g_00795	Prac.g_00143
OG0001665	Prbf.g_00892	Prac.g_00146
OG0001684	Prbf.g_01871	Prac.g_01965, Prac.g_00784
OG0001685	Prbf.g_01925	Prac.g_01413
OG0001686	Prbf.g_00878	Prac.g_01289
OG0001687	Prbf.g_01745	Prac.g_01243
OG0001697	Prbf.g_01152	Prac.g_01406
OG0001699	Prbf.g_00789	Prac.g_01577, Prac.g_00275
OG0001701	Prbf.g_01384	Prac.g_00475
OG0001705	Prbf.g_00631	Prac.g_01132
OG0001706	Prbf.g_00806	Prac.g_00915
OG0001707	Prbf.g_00871	Prac.g_01219
OG0001709	Prbf.g_00133	Prac.g_00260
OG0001710	Prbf.g_01938	Prac.g_00494
OG0001722	Prbf.g_00834	Prac.g_01397
OG0001725	Prbf.g_00810	Prac.g_01146
OG0001746	Prbf.g_00807	Prac.g_00907
OG0001780	Prbf.g_00124	Prac.g_00268
OG0001834	Prbf.g_00121	Prac.g_00264
OG0001836	Prbf.g_00092	Prac.g_00887
OG0001922	Prbf.g_00139	Prac.g_00190
OG0002109	Prbf.g_00283	Prac.g_00658, Prac.g_00193
OG0002326	Prbf.g_00756	Prac.g_00895
OG0002377	Prbf.g_00093	Prac.g_00888
OG0002379	Prbf.g_00746	Prac.g_01899
OG0002421	Prbf.g_00126	Prac.g_00271
OG0002480	Prbf.g_00122	Prac.g_00265
OG0002556	Prbf.g_00004	Prac.g_00436
OG0002557	Prbf.g_00005	Prac.g_00437
OG0002558	Prbf.g_00006	Prac.g_00438
OG0003028	Prbf.g_00362	Prac.g_00656
