Orthogroup	Prar	Prah
OG0000000	Prar.g_00729	Prah.g_01348
OG0000000	Prar.g_00973, Prar.g_00727	Prah.g_01346, Prah.g_01347
OG0000001	Prar.g_00926, Prar.g_01202, Prar.g_01203	Prah.g_00324, Prah.g_01343
OG0000002	Prar.g_00918	Prah.g_00562
OG0000002	Prar.g_01508	Prah.g_01226
OG0000004	Prar.g_01525	Prah.g_01022
OG0000004	Prar.g_00095	Prah.g_01413
OG0000005	Prar.g_00771	Prah.g_01652
OG0000006	Prar.g_00086	Prah.g_00475, Prah.g_01767
OG0000007	Prar.g_01328	Prah.g_01546
OG0000007	Prar.g_01143	Prah.g_01676
OG0000008	Prar.g_01185	Prah.g_00970
OG0000009	Prar.g_00223	Prah.g_00432, Prah.g_01895
OG0000010	Prar.g_00524	Prah.g_00311
OG0000011	Prar.g_00978	Prah.g_01084
OG0000012	Prar.g_01453	Prah.g_00524
OG0000013	Prar.g_00260	Prah.g_01956
OG0000014	Prar.g_00281	Prah.g_02171
OG0000015	Prar.g_01179	Prah.g_01155, Prah.g_00576
OG0000016	Prar.g_00025	Prah.g_00015
OG0000017	Prar.g_01428	Prah.g_01405
OG0000018	Prar.g_01282, Prar.g_01711	Prah.g_00378
OG0000020	Prar.g_01007, Prar.g_01155, Prar.g_01561	Prah.g_01100
OG0000021	Prar.g_00425	Prah.g_01108, Prah.g_01112, Prah.g_01117
OG0000022	Prar.g_01649	Prah.g_00170
OG0000022	Prar.g_01300	Prah.g_01209
OG0000023	Prar.g_00420	Prah.g_00688
OG0000024	Prar.g_01634, Prar.g_01505	Prah.g_01043
OG0000025	Prar.g_01718, Prar.g_00256	Prah.g_00604
OG0000026	Prar.g_00007, Prar.g_01919	Prah.g_00038
OG0000028	Prar.g_00267	Prah.g_02184
OG0000030	Prar.g_00662	Prah.g_00132, Prah.g_00131
OG0000031	Prar.g_00879	Prah.g_00091
OG0000032	Prar.g_00886	Prah.g_02196
OG0000033	Prar.g_00158	Prah.g_02307
OG0000034	Prar.g_00945	Prah.g_01376
OG0000035	Prar.g_00339	Prah.g_00408
OG0000037	Prar.g_00219	Prah.g_01901
OG0000038	Prar.g_00702	Prah.g_02494, Prah.g_02496
OG0000039	Prar.g_01516	Prah.g_01758, Prah.g_02382
OG0000041	Prar.g_00602	Prah.g_01737
OG0000042	Prar.g_00660	Prah.g_00135, Prah.g_01256
OG0000045	Prar.g_01583, Prar.g_00432	Prah.g_01837
OG0000047	Prar.g_00468	Prah.g_00321, Prah.g_00322
OG0000047	Prar.g_00257	Prah.g_00353
OG0000048	Prar.g_00435	Prah.g_02122
OG0000053	Prar.g_00589, Prar.g_00827	Prah.g_00381
OG0000054	Prar.g_01436	Prah.g_01394
OG0000055	Prar.g_01664	Prah.g_00942
OG0000056	Prar.g_00932	Prah.g_00543, Prah.g_01082, Prah.g_00342
OG0000057	Prar.g_01528	Prah.g_01027
OG0000061	Prar.g_01263	Prah.g_00104
OG0000062	Prar.g_00769	Prah.g_01654
OG0000063	Prar.g_00004, Prar.g_00005, Prar.g_01189	Prah.g_00042
OG0000065	Prar.g_00221	Prah.g_01897
OG0000066	Prar.g_01369	Prah.g_01485
OG0000067	Prar.g_01684	Prah.g_00667
OG0000068	Prar.g_00911	Prah.g_01576
OG0000070	Prar.g_00498	Prah.g_00252
OG0000071	Prar.g_00955	Prah.g_01364
OG0000072	Prar.g_00156	Prah.g_02309
OG0000073	Prar.g_01330	Prah.g_01544
OG0000075	Prar.g_00629	Prah.g_02232
OG0000076	Prar.g_00592, Prar.g_00653	Prah.g_00150
OG0000077	Prar.g_00250	Prah.g_01850
OG0000078	Prar.g_00088	Prah.g_01773
OG0000081	Prar.g_01361	Prah.g_01035
OG0000082	Prar.g_01414	Prah.g_01427
OG0000084	Prar.g_00343	Prah.g_00412
OG0000085	Prar.g_01150	Prah.g_01666
OG0000086	Prar.g_00240	Prah.g_01866
OG0000087	Prar.g_00189	Prah.g_02268
OG0000088	Prar.g_00161	Prah.g_02304
OG0000089	Prar.g_00416	Prah.g_00205
OG0000090	Prar.g_01363	Prah.g_01501
OG0000091	Prar.g_01472	Prah.g_00493
OG0000093	Prar.g_01801	Prah.g_00692
OG0000094	Prar.g_01885	Prah.g_02518
OG0000097	Prar.g_01222	Prah.g_01272
OG0000098	Prar.g_00929	Prah.g_00327
OG0000099	Prar.g_00872	Prah.g_02191
OG0000100	Prar.g_00773	Prah.g_01791, Prah.g_00636
OG0000101	Prar.g_01027	Prah.g_01995
OG0000102	Prar.g_00658	Prah.g_00144
OG0000103	Prar.g_00050	Prah.g_02586
OG0000104	Prar.g_00042	Prah.g_02600
OG0000105	Prar.g_00313	Prah.g_02126
OG0000106	Prar.g_00431	Prah.g_01660
OG0000108	Prar.g_00530	Prah.g_01566
OG0000109	Prar.g_00544	Prah.g_01550
OG0000110	Prar.g_01404	Prah.g_01439
OG0000111	Prar.g_01529	Prah.g_01028
OG0000112	Prar.g_01652	Prah.g_00788
OG0000113	Prar.g_01706	Prah.g_00641
OG0000114	Prar.g_01776	Prah.g_00733
OG0000115	Prar.g_01318	Prah.g_00383
OG0000116	Prar.g_01273	Prah.g_01337
OG0000117	Prar.g_01003	Prah.g_01257
OG0000118	Prar.g_00943	Prah.g_01378
OG0000119	Prar.g_00915	Prah.g_01007, Prah.g_01048
OG0000120	Prar.g_00880	Prah.g_02192
OG0000121	Prar.g_00337	Prah.g_00406
OG0000122	Prar.g_00807	Prah.g_01203
OG0000123	Prar.g_01021	Prah.g_01987
OG0000124	Prar.g_00668	Prah.g_00125
OG0000125	Prar.g_00704	Prah.g_02498
OG0000126	Prar.g_00043	Prah.g_02598
OG0000128	Prar.g_00027	Prah.g_00013
OG0000129	Prar.g_00576	Prah.g_02486
OG0000130	Prar.g_00549	Prah.g_01838
OG0000131	Prar.g_00182	Prah.g_02282
OG0000132	Prar.g_00163	Prah.g_02302
OG0000133	Prar.g_00265	Prah.g_02187
OG0000134	Prar.g_00417	Prah.g_00208
OG0000135	Prar.g_00444	Prah.g_02538
OG0000136	Prar.g_00489	Prah.g_00235
OG0000137	Prar.g_00525	Prah.g_00312
OG0000138	Prar.g_00545	Prah.g_01549
OG0000139	Prar.g_01367	Prah.g_01495
OG0000140	Prar.g_01368	Prah.g_01489
OG0000141	Prar.g_01437	Prah.g_01393
OG0000142	Prar.g_01465	Prah.g_00501
OG0000143	Prar.g_01469	Prah.g_00497
OG0000144	Prar.g_01482	Prah.g_00473
OG0000145	Prar.g_01651	Prah.g_01543
OG0000146	Prar.g_01653	Prah.g_00787
OG0000147	Prar.g_01654	Prah.g_00786
OG0000148	Prar.g_01700	Prah.g_00649
OG0000149	Prar.g_01730	Prah.g_00591
OG0000150	Prar.g_01738	Prah.g_00568
OG0000151	Prar.g_01786	Prah.g_00718
OG0000152	Prar.g_01833	Prah.g_00796
OG0000153	Prar.g_01852	Prah.g_00826
OG0000154	Prar.g_01878	Prah.g_00852
OG0000155	Prar.g_01243	Prah.g_01291
OG0000156	Prar.g_00966	Prah.g_01349
OG0000157	Prar.g_00965	Prah.g_01350
OG0000158	Prar.g_00375	Prah.g_02242
OG0000160	Prar.g_00338	Prah.g_00407
OG0000161	Prar.g_00840	Prah.g_00399
OG0000162	Prar.g_00834	Prah.g_00391
OG0000163	Prar.g_00800	Prah.g_01619
OG0000164	Prar.g_01964	Prah.g_01705
OG0000165	Prar.g_01971	Prah.g_01716
OG0000166	Prar.g_01063	Prah.g_02033
OG0000167	Prar.g_00627	Prah.g_02230
OG0000168	Prar.g_00637	Prah.g_02243
OG0000169	Prar.g_00647	Prah.g_00163
OG0000170	Prar.g_00649	Prah.g_00155
OG0000171	Prar.g_00667	Prah.g_00126
OG0000172	Prar.g_00675	Prah.g_00084
OG0000173	Prar.g_00690	Prah.g_00061
OG0000174	Prar.g_00068	Prah.g_02541
OG0000175	Prar.g_00058	Prah.g_02575
OG0000176	Prar.g_00034	Prah.g_00005
OG0000177	Prar.g_00033	Prah.g_00006
OG0000178	Prar.g_00032	Prah.g_00007
OG0000179	Prar.g_00022	Prah.g_00022
OG0000180	Prar.g_00021	Prah.g_00023
OG0000181	Prar.g_00020	Prah.g_00024
OG0000182	Prar.g_00019	Prah.g_00025
OG0000183	Prar.g_00015	Prah.g_00029
OG0000184	Prar.g_00573	Prah.g_02478
OG0000185	Prar.g_00570	Prah.g_02458
OG0000186	Prar.g_00554	Prah.g_01830
OG0000187	Prar.g_00553	Prah.g_01833
OG0000188	Prar.g_00246	Prah.g_01860
OG0000189	Prar.g_00232	Prah.g_01884
OG0000190	Prar.g_00231	Prah.g_01886
OG0000191	Prar.g_00211	Prah.g_00188
OG0000192	Prar.g_00207	Prah.g_00176, Prah.g_00180
OG0000193	Prar.g_00181	Prah.g_02283
OG0000194	Prar.g_00178	Prah.g_02286
OG0000195	Prar.g_00176	Prah.g_02288
OG0000196	Prar.g_00166	Prah.g_02299
OG0000197	Prar.g_00165	Prah.g_02300
OG0000198	Prar.g_00164	Prah.g_02301
OG0000199	Prar.g_00157	Prah.g_02308
OG0000200	Prar.g_00143	Prah.g_02324
OG0000201	Prar.g_00135	Prah.g_02352
OG0000202	Prar.g_00134	Prah.g_02353
OG0000203	Prar.g_00133	Prah.g_02354
OG0000204	Prar.g_00132	Prah.g_02355
OG0000205	Prar.g_00125	Prah.g_02362
OG0000206	Prar.g_00120	Prah.g_02371
OG0000207	Prar.g_00118	Prah.g_02420
OG0000208	Prar.g_00117	Prah.g_02419
OG0000209	Prar.g_00108	Prah.g_02400
OG0000210	Prar.g_00107	Prah.g_02399
OG0000211	Prar.g_00094	Prah.g_01782
OG0000212	Prar.g_00087	Prah.g_01772
OG0000213	Prar.g_00330	Prah.g_02101
OG0000214	Prar.g_00320	Prah.g_02118
OG0000215	Prar.g_00295	Prah.g_02148
OG0000216	Prar.g_00293	Prah.g_02151
OG0000217	Prar.g_01154, Prar.g_00290	Prah.g_02155
OG0000218	Prar.g_00288	Prah.g_02157
OG0000219	Prar.g_00287	Prah.g_02158
OG0000220	Prar.g_00286	Prah.g_02159
OG0000221	Prar.g_00285	Prah.g_02166
OG0000222	Prar.g_00277	Prah.g_02174
OG0000223	Prar.g_00264	Prah.g_02197
OG0000224	Prar.g_00262	Prah.g_02207
OG0000225	Prar.g_00406	Prah.g_01921
OG0000226	Prar.g_00410	Prah.g_01917
OG0000227	Prar.g_00412	Prah.g_01915
OG0000228	Prar.g_00415	Prah.g_00204
OG0000229	Prar.g_00484	Prah.g_00230
OG0000230	Prar.g_00486	Prah.g_00232
OG0000231	Prar.g_00497	Prah.g_00251
OG0000232	Prar.g_00506	Prah.g_00261
OG0000233	Prar.g_00512	Prah.g_00294
OG0000234	Prar.g_00526	Prah.g_00313, Prah.g_00314
OG0000235	Prar.g_00529	Prah.g_01567
OG0000236	Prar.g_00543	Prah.g_01551
OG0000237	Prar.g_01337	Prah.g_01534
OG0000238	Prar.g_01343	Prah.g_01529
OG0000239	Prar.g_01355	Prah.g_01513
OG0000240	Prar.g_01356	Prah.g_01512
OG0000241	Prar.g_01360	Prah.g_01094
OG0000242	Prar.g_01362	Prah.g_00108, Prah.g_01503
OG0000243	Prar.g_01373	Prah.g_01476
OG0000244	Prar.g_01376	Prah.g_01472
OG0000245	Prar.g_01378	Prah.g_01469
OG0000246	Prar.g_01382	Prah.g_01465
OG0000247	Prar.g_01392	Prah.g_01454
OG0000248	Prar.g_01394	Prah.g_01451
OG0000249	Prar.g_01396	Prah.g_01449
OG0000250	Prar.g_01401	Prah.g_01443
OG0000251	Prar.g_01420	Prah.g_01417
OG0000252	Prar.g_01424	Prah.g_01414
OG0000253	Prar.g_01425	Prah.g_01408
OG0000254	Prar.g_01441	Prah.g_01389
OG0000255	Prar.g_01447	Prah.g_00530
OG0000256	Prar.g_01457	Prah.g_00516
OG0000257	Prar.g_01460	Prah.g_00509
OG0000258	Prar.g_01473	Prah.g_00486
OG0000259	Prar.g_01490	Prah.g_00457
OG0000260	Prar.g_01493	Prah.g_00454
OG0000261	Prar.g_01495	Prah.g_00451
OG0000262	Prar.g_01499	Prah.g_00445
OG0000263	Prar.g_01511	Prah.g_02413
OG0000264	Prar.g_01521	Prah.g_00974
OG0000265	Prar.g_01599	Prah.g_00887, Prah.g_00958
OG0000266	Prar.g_01609	Prah.g_00876
OG0000267	Prar.g_01620	Prah.g_00751
OG0000268	Prar.g_01621	Prah.g_00752
OG0000269	Prar.g_01679	Prah.g_00672
OG0000270	Prar.g_01682	Prah.g_00669
OG0000271	Prar.g_01690	Prah.g_00661
OG0000272	Prar.g_01691	Prah.g_00660
OG0000273	Prar.g_01714	Prah.g_00609
OG0000274	Prar.g_01715	Prah.g_00608
OG0000275	Prar.g_01717	Prah.g_00605
OG0000276	Prar.g_01722	Prah.g_00599
OG0000277	Prar.g_01723	Prah.g_00598
OG0000278	Prar.g_01726	Prah.g_00595
OG0000279	Prar.g_01733	Prah.g_00587
OG0000280	Prar.g_01734	Prah.g_00581
OG0000281	Prar.g_01740	Prah.g_00566
OG0000282	Prar.g_01778	Prah.g_00731
OG0000283	Prar.g_01810	Prah.g_00761
OG0000284	Prar.g_01815	Prah.g_00767
OG0000285	Prar.g_01820	Prah.g_01178
OG0000286	Prar.g_01832	Prah.g_00795
OG0000287	Prar.g_01849	Prah.g_01131
OG0000288	Prar.g_01877	Prah.g_00851
OG0000289	Prar.g_01888	Prah.g_00864
OG0000290	Prar.g_01901	Prah.g_00912
OG0000291	Prar.g_01903	Prah.g_00914
OG0000292	Prar.g_01953	Prah.g_02597
OG0000293	Prar.g_01272	Prah.g_01336
OG0000294	Prar.g_01271	Prah.g_01335
OG0000295	Prar.g_01251	Prah.g_01298
OG0000296	Prar.g_01249	Prah.g_01296
OG0000297	Prar.g_01241	Prah.g_01259
OG0000298	Prar.g_01240	Prah.g_01258
OG0000299	Prar.g_01223	Prah.g_01268
OG0000300	Prar.g_01220	Prah.g_01275
OG0000301	Prar.g_01219	Prah.g_01276
OG0000302	Prar.g_01217	Prah.g_01279
OG0000303	Prar.g_01210	Prah.g_01289
OG0000304	Prar.g_01206	Prah.g_01237, Prah.g_01238
OG0000305	Prar.g_00919	Prah.g_00918
OG0000306	Prar.g_00916	Prah.g_00560
OG0000307	Prar.g_00902	Prah.g_01584
OG0000308	Prar.g_00901	Prah.g_01586
OG0000309	Prar.g_00897	Prah.g_01590
OG0000310	Prar.g_00354	Prah.g_00428
OG0000311	Prar.g_00352	Prah.g_00424
OG0000312	Prar.g_00349	Prah.g_00420
OG0000313	Prar.g_00335	Prah.g_00402
OG0000314	Prar.g_00820	Prah.g_00371
OG0000315	Prar.g_00810	Prah.g_00361
OG0000316	Prar.g_00790	Prah.g_01631
OG0000317	Prar.g_01145	Prah.g_01672
OG0000318	Prar.g_01142	Prah.g_01677
OG0000319	Prar.g_01129	Prah.g_01694
OG0000320	Prar.g_01127	Prah.g_01696
OG0000321	Prar.g_01126	Prah.g_01697
OG0000322	Prar.g_01125	Prah.g_01698
OG0000323	Prar.g_01967	Prah.g_01710
OG0000324	Prar.g_00609	Prah.g_01744
OG0000325	Prar.g_01113	Prah.g_02071
OG0000326	Prar.g_01107	Prah.g_02064
OG0000327	Prar.g_01068	Prah.g_02038
OG0000328	Prar.g_01067	Prah.g_02037
OG0000329	Prar.g_01050	Prah.g_02020
OG0000330	Prar.g_01049	Prah.g_02019
OG0000331	Prar.g_01048	Prah.g_02018
OG0000332	Prar.g_01034	Prah.g_02003
OG0000333	Prar.g_01032	Prah.g_02001
OG0000334	Prar.g_01024	Prah.g_01991
OG0000335	Prar.g_01020	Prah.g_01986
OG0000336	Prar.g_01016	Prah.g_01982
OG0000337	Prar.g_00625	Prah.g_02224
OG0000338	Prar.g_00626	Prah.g_02227
OG0000339	Prar.g_00630	Prah.g_02234
OG0000340	Prar.g_00638	Prah.g_02244
OG0000341	Prar.g_00640	Prah.g_02246
OG0000342	Prar.g_00641	Prah.g_02247
OG0000343	Prar.g_00642	Prah.g_00168
OG0000344	Prar.g_00645	Prah.g_00165
OG0000345	Prar.g_00650	Prah.g_00154
OG0000346	Prar.g_00654	Prah.g_00149
OG0000347	Prar.g_00669	Prah.g_00089
OG0000348	Prar.g_00678	Prah.g_00078
OG0000349	Prar.g_00695	Prah.g_00053
OG0000350	Prar.g_00072	Prah.g_02533
OG0000351	Prar.g_00055	Prah.g_02578
OG0000352	Prar.g_00054	Prah.g_02579
OG0000353	Prar.g_00039	Prah.g_02603
OG0000355	Prar.g_00037	Prah.g_00002
OG0000356	Prar.g_00036	Prah.g_00003
OG0000357	Prar.g_00035	Prah.g_00004
OG0000358	Prar.g_00031	Prah.g_00008
OG0000359	Prar.g_00030	Prah.g_00010
OG0000360	Prar.g_00029	Prah.g_00011
OG0000361	Prar.g_00028	Prah.g_00012
OG0000362	Prar.g_00026	Prah.g_00014
OG0000363	Prar.g_00024	Prah.g_00016
OG0000364	Prar.g_00023	Prah.g_00017
OG0000365	Prar.g_00018	Prah.g_00026
OG0000366	Prar.g_00017	Prah.g_00027
OG0000367	Prar.g_00016	Prah.g_00028
OG0000368	Prar.g_00014	Prah.g_00030
OG0000369	Prar.g_00013	Prah.g_00031
OG0000370	Prar.g_00012	Prah.g_00032
OG0000371	Prar.g_00006	Prah.g_00041
OG0000372	Prar.g_00002	Prah.g_00046
OG0000373	Prar.g_00001	Prah.g_00047
OG0000374	Prar.g_00594	Prah.g_00048
OG0000375	Prar.g_00580	Prah.g_00049
OG0000376	Prar.g_00578	Prah.g_00051
OG0000377	Prar.g_00574	Prah.g_02485
OG0000378	Prar.g_00572	Prah.g_02471
OG0000379	Prar.g_00569	Prah.g_02457
OG0000380	Prar.g_00552	Prah.g_01834
OG0000381	Prar.g_00548	Prah.g_01839
OG0000382	Prar.g_00247	Prah.g_01859
OG0000383	Prar.g_00245	Prah.g_01861
OG0000384	Prar.g_00244	Prah.g_01862
OG0000385	Prar.g_00243	Prah.g_01863
OG0000386	Prar.g_00242	Prah.g_01864
OG0000387	Prar.g_00229	Prah.g_01888
OG0000388	Prar.g_00226	Prah.g_01892
OG0000389	Prar.g_00222	Prah.g_01896
OG0000390	Prar.g_00215	Prah.g_00194
OG0000391	Prar.g_00212	Prah.g_00189
OG0000392	Prar.g_00208	Prah.g_00183
OG0000393	Prar.g_00206	Prah.g_00175
OG0000394	Prar.g_00205	Prah.g_00174
OG0000395	Prar.g_00204	Prah.g_00173
OG0000396	Prar.g_00201	Prah.g_02252
OG0000397	Prar.g_00199	Prah.g_02254
OG0000398	Prar.g_00197	Prah.g_02259
OG0000399	Prar.g_00196	Prah.g_02260
OG0000400	Prar.g_00195	Prah.g_02261
OG0000401	Prar.g_00194	Prah.g_02262
OG0000402	Prar.g_00192	Prah.g_02264
OG0000403	Prar.g_00191	Prah.g_02265
OG0000405	Prar.g_00186	Prah.g_02280
OG0000406	Prar.g_00180	Prah.g_02284
OG0000407	Prar.g_00179	Prah.g_02285
OG0000408	Prar.g_00177	Prah.g_02287
OG0000409	Prar.g_00175	Prah.g_02289
OG0000410	Prar.g_00174	Prah.g_02290
OG0000411	Prar.g_00173	Prah.g_02291
OG0000412	Prar.g_00172	Prah.g_02292
OG0000413	Prar.g_00171	Prah.g_02294
OG0000414	Prar.g_01569, Prar.g_00170	Prah.g_02295
OG0000415	Prar.g_00169	Prah.g_02296
OG0000416	Prar.g_00168	Prah.g_02297
OG0000417	Prar.g_00167	Prah.g_02298
OG0000418	Prar.g_00162	Prah.g_02303
OG0000419	Prar.g_00160	Prah.g_02305
OG0000420	Prar.g_00159	Prah.g_02306
OG0000421	Prar.g_00154	Prah.g_02310
OG0000422	Prar.g_00153	Prah.g_02311
OG0000423	Prar.g_00152	Prah.g_02312
OG0000424	Prar.g_00151	Prah.g_02313
OG0000425	Prar.g_00150	Prah.g_02314
OG0000426	Prar.g_00149	Prah.g_02315
OG0000427	Prar.g_00148	Prah.g_02316
OG0000428	Prar.g_00146	Prah.g_00709
OG0000429	Prar.g_00145	Prah.g_02321
OG0000430	Prar.g_00144	Prah.g_02323
OG0000431	Prar.g_00142	Prah.g_02334
OG0000432	Prar.g_00139	Prah.g_02341
OG0000433	Prar.g_00138	Prah.g_02344
OG0000434	Prar.g_00137	Prah.g_02345
OG0000435	Prar.g_00136	Prah.g_02350
OG0000436	Prar.g_00131	Prah.g_02356
OG0000437	Prar.g_00130	Prah.g_02357
OG0000438	Prar.g_00129	Prah.g_02358
OG0000439	Prar.g_00127	Prah.g_02360
OG0000440	Prar.g_00126	Prah.g_02361
OG0000441	Prar.g_00123	Prah.g_02364
OG0000442	Prar.g_00122	Prah.g_02365
OG0000443	Prar.g_00121	Prah.g_02370
OG0000444	Prar.g_00116	Prah.g_02418
OG0000445	Prar.g_00115	Prah.g_02417
OG0000446	Prar.g_00114	Prah.g_02415
OG0000447	Prar.g_00113	Prah.g_02411
OG0000448	Prar.g_00112	Prah.g_02410
OG0000449	Prar.g_00111	Prah.g_02409
OG0000450	Prar.g_00110	Prah.g_02403
OG0000451	Prar.g_00109	Prah.g_02402
OG0000452	Prar.g_00106	Prah.g_02398
OG0000453	Prar.g_00105	Prah.g_02397
OG0000454	Prar.g_00104	Prah.g_02396
OG0000455	Prar.g_00103	Prah.g_02395
OG0000456	Prar.g_00102	Prah.g_02394
OG0000457	Prar.g_00101	Prah.g_02392
OG0000458	Prar.g_00100	Prah.g_02391
OG0000459	Prar.g_00099	Prah.g_02390
OG0000460	Prar.g_00092	Prah.g_01781
OG0000461	Prar.g_00085	Prah.g_02074
OG0000462	Prar.g_00083	Prah.g_02078
OG0000463	Prar.g_00082	Prah.g_02079
OG0000464	Prar.g_00081	Prah.g_02080
OG0000465	Prar.g_00080	Prah.g_02082
OG0000466	Prar.g_00077	Prah.g_02087
OG0000467	Prar.g_00076	Prah.g_02089
OG0000468	Prar.g_00334	Prah.g_02098
OG0000469	Prar.g_00325	Prah.g_02111
OG0000470	Prar.g_00323	Prah.g_02114
OG0000471	Prar.g_00322	Prah.g_02115
OG0000472	Prar.g_00321	Prah.g_02117
OG0000473	Prar.g_00319	Prah.g_02119
OG0000474	Prar.g_00318	Prah.g_02120
OG0000475	Prar.g_00317	Prah.g_02121
OG0000476	Prar.g_00316	Prah.g_02123
OG0000477	Prar.g_00312	Prah.g_02128
OG0000478	Prar.g_00311	Prah.g_02129
OG0000479	Prar.g_00310	Prah.g_02130
OG0000480	Prar.g_00305	Prah.g_02137
OG0000481	Prar.g_00303	Prah.g_02139
OG0000482	Prar.g_00302	Prah.g_02140
OG0000483	Prar.g_00299	Prah.g_02144
OG0000484	Prar.g_00298	Prah.g_02145
OG0000485	Prar.g_00297	Prah.g_02146
OG0000486	Prar.g_00296	Prah.g_02147
OG0000487	Prar.g_00292	Prah.g_02152
OG0000488	Prar.g_00289	Prah.g_02156
OG0000489	Prar.g_00284	Prah.g_02167
OG0000490	Prar.g_00279	Prah.g_02172
OG0000491	Prar.g_00278	Prah.g_02173
OG0000492	Prar.g_00276	Prah.g_02175
OG0000493	Prar.g_00275	Prah.g_02176
OG0000494	Prar.g_00274	Prah.g_02177
OG0000495	Prar.g_00273	Prah.g_02178
OG0000496	Prar.g_00272	Prah.g_02179
OG0000497	Prar.g_00271	Prah.g_02180
OG0000498	Prar.g_00270	Prah.g_02181
OG0000499	Prar.g_00269	Prah.g_02182
OG0000500	Prar.g_00268	Prah.g_02183
OG0000501	Prar.g_00266	Prah.g_02186
OG0000502	Prar.g_00263	Prah.g_02199
OG0000503	Prar.g_00394	Prah.g_01940
OG0000504	Prar.g_00395	Prah.g_01938
OG0000505	Prar.g_00396	Prah.g_01937
OG0000506	Prar.g_00398	Prah.g_01935
OG0000507	Prar.g_00401	Prah.g_01930
OG0000508	Prar.g_00405	Prah.g_01922
OG0000509	Prar.g_00407	Prah.g_01920
OG0000510	Prar.g_00408	Prah.g_01919
OG0000511	Prar.g_00409	Prah.g_01918
OG0000512	Prar.g_00411	Prah.g_01916
OG0000513	Prar.g_00418	Prah.g_00209
OG0000514	Prar.g_00479	Prah.g_00218
OG0000515	Prar.g_00480	Prah.g_00219
OG0000516	Prar.g_00481	Prah.g_00221
OG0000517	Prar.g_00483	Prah.g_00229
OG0000518	Prar.g_00494	Prah.g_00241
OG0000519	Prar.g_00495	Prah.g_00242
OG0000520	Prar.g_00496	Prah.g_00247
OG0000521	Prar.g_00501	Prah.g_00255
OG0000522	Prar.g_00503	Prah.g_00257
OG0000523	Prar.g_00504	Prah.g_00258
OG0000524	Prar.g_00510	Prah.g_00290
OG0000525	Prar.g_00513	Prah.g_00304
OG0000526	Prar.g_00514	Prah.g_00306
OG0000527	Prar.g_00523	Prah.g_00310
OG0000528	Prar.g_00528	Prah.g_01572
OG0000529	Prar.g_00531	Prah.g_01565
OG0000530	Prar.g_00534	Prah.g_01562
OG0000531	Prar.g_00535	Prah.g_01561
OG0000532	Prar.g_00537	Prah.g_01558
OG0000533	Prar.g_00538	Prah.g_01556
OG0000534	Prar.g_00539	Prah.g_01555
OG0000535	Prar.g_00540	Prah.g_01554
OG0000536	Prar.g_00541	Prah.g_01553
OG0000537	Prar.g_00542	Prah.g_01552
OG0000538	Prar.g_01331	Prah.g_01541
OG0000539	Prar.g_01332	Prah.g_01540
OG0000540	Prar.g_01333	Prah.g_01539
OG0000541	Prar.g_01334	Prah.g_01538
OG0000542	Prar.g_01336	Prah.g_01535
OG0000543	Prar.g_01338	Prah.g_01533
OG0000544	Prar.g_01339	Prah.g_01532
OG0000545	Prar.g_01341	Prah.g_01530
OG0000546	Prar.g_01344	Prah.g_01528
OG0000547	Prar.g_01345	Prah.g_01526
OG0000548	Prar.g_01346	Prah.g_01525
OG0000549	Prar.g_01348	Prah.g_01519
OG0000550	Prar.g_01353	Prah.g_01514
OG0000551	Prar.g_01357	Prah.g_01510
OG0000552	Prar.g_01358	Prah.g_01509
OG0000553	Prar.g_01359	Prah.g_01505
OG0000554	Prar.g_01364	Prah.g_01500
OG0000555	Prar.g_01372	Prah.g_01480
OG0000556	Prar.g_01374	Prah.g_01474
OG0000557	Prar.g_01375	Prah.g_01473
OG0000558	Prar.g_01377	Prah.g_01470
OG0000559	Prar.g_01381	Prah.g_01466
OG0000560	Prar.g_01384	Prah.g_01463
OG0000561	Prar.g_01385	Prah.g_01462
OG0000562	Prar.g_01386	Prah.g_01461
OG0000563	Prar.g_01387	Prah.g_01460
OG0000564	Prar.g_01388	Prah.g_01459
OG0000565	Prar.g_01391	Prah.g_01457
OG0000566	Prar.g_01393	Prah.g_01452
OG0000567	Prar.g_01397	Prah.g_01448
OG0000568	Prar.g_01398	Prah.g_01446
OG0000569	Prar.g_01399	Prah.g_01445
OG0000570	Prar.g_01400	Prah.g_01444
OG0000571	Prar.g_01402	Prah.g_01441
OG0000572	Prar.g_01415	Prah.g_01425
OG0000573	Prar.g_01422	Prah.g_01416
OG0000574	Prar.g_01423	Prah.g_01415
OG0000575	Prar.g_01427	Prah.g_01406
OG0000576	Prar.g_01429	Prah.g_01404
OG0000577	Prar.g_01430	Prah.g_01403
OG0000578	Prar.g_01431	Prah.g_01402
OG0000579	Prar.g_01432	Prah.g_01401
OG0000580	Prar.g_01433	Prah.g_01400
OG0000581	Prar.g_01435	Prah.g_01396
OG0000582	Prar.g_01438	Prah.g_01392
OG0000583	Prar.g_01439	Prah.g_01391
OG0000584	Prar.g_01440	Prah.g_01390
OG0000585	Prar.g_01442	Prah.g_01388
OG0000586	Prar.g_01443	Prah.g_01387
OG0000587	Prar.g_01444	Prah.g_01385
OG0000588	Prar.g_01448	Prah.g_00529
OG0000589	Prar.g_01451	Prah.g_00526
OG0000590	Prar.g_01452	Prah.g_00525
OG0000591	Prar.g_01455	Prah.g_00518
OG0000592	Prar.g_01456	Prah.g_00517
OG0000593	Prar.g_01462	Prah.g_00505
OG0000594	Prar.g_01463	Prah.g_00504
OG0000595	Prar.g_01464	Prah.g_00503
OG0000596	Prar.g_01468	Prah.g_00498
OG0000597	Prar.g_01470	Prah.g_00495
OG0000598	Prar.g_01471	Prah.g_00494
OG0000599	Prar.g_01474	Prah.g_00485
OG0000600	Prar.g_01475	Prah.g_00484
OG0000601	Prar.g_01476	Prah.g_00483
OG0000602	Prar.g_01478	Prah.g_00478
OG0000603	Prar.g_01479	Prah.g_00477
OG0000604	Prar.g_01480	Prah.g_00476
OG0000605	Prar.g_01481	Prah.g_00474
OG0000606	Prar.g_01484	Prah.g_00466
OG0000607	Prar.g_01487	Prah.g_00463
OG0000608	Prar.g_01488	Prah.g_00462
OG0000609	Prar.g_01489	Prah.g_00460
OG0000610	Prar.g_01494	Prah.g_00452
OG0000611	Prar.g_01497	Prah.g_00449
OG0000612	Prar.g_01498	Prah.g_00448
OG0000613	Prar.g_01503	Prah.g_02193
OG0000614	Prar.g_01522	Prah.g_00985
OG0000615	Prar.g_01530	Prah.g_00706
OG0000616	Prar.g_01534	Prah.g_02588
OG0000617	Prar.g_01605	Prah.g_00881
OG0000618	Prar.g_01606	Prah.g_00880
OG0000619	Prar.g_01607	Prah.g_00879
OG0000620	Prar.g_01610	Prah.g_00875
OG0000621	Prar.g_01611	Prah.g_00874
OG0000622	Prar.g_01612	Prah.g_00873
OG0000623	Prar.g_01613	Prah.g_00872
OG0000624	Prar.g_01614	Prah.g_00871
OG0000625	Prar.g_01615	Prah.g_00870
OG0000626	Prar.g_01616	Prah.g_00869
OG0000627	Prar.g_01617	Prah.g_00746
OG0000628	Prar.g_01618	Prah.g_00747
OG0000629	Prar.g_01619	Prah.g_00750
OG0000630	Prar.g_01622	Prah.g_00754
OG0000631	Prar.g_01675	Prah.g_00758
OG0000632	Prar.g_01676	Prah.g_00759
OG0000633	Prar.g_01677	Prah.g_00760
OG0000634	Prar.g_01680	Prah.g_00671
OG0000635	Prar.g_01681	Prah.g_00670
OG0000636	Prar.g_01683	Prah.g_00668
OG0000637	Prar.g_01685	Prah.g_00666
OG0000638	Prar.g_01686	Prah.g_00665
OG0000639	Prar.g_01687	Prah.g_00664
OG0000640	Prar.g_01688	Prah.g_00663
OG0000641	Prar.g_01692	Prah.g_00659
OG0000642	Prar.g_01693	Prah.g_00658
OG0000643	Prar.g_01694	Prah.g_00657
OG0000644	Prar.g_01695	Prah.g_00656
OG0000645	Prar.g_01696	Prah.g_00655
OG0000646	Prar.g_01698	Prah.g_00652
OG0000647	Prar.g_01699	Prah.g_00650
OG0000648	Prar.g_01701	Prah.g_00648
OG0000649	Prar.g_01702	Prah.g_00647
OG0000650	Prar.g_01703	Prah.g_00646
OG0000651	Prar.g_01704	Prah.g_00645
OG0000652	Prar.g_01705	Prah.g_00644
OG0000653	Prar.g_01707	Prah.g_00640
OG0000654	Prar.g_01708	Prah.g_00639
OG0000655	Prar.g_01709	Prah.g_00638
OG0000656	Prar.g_01712	Prah.g_00635
OG0000657	Prar.g_01719	Prah.g_00603
OG0000658	Prar.g_01720	Prah.g_00601
OG0000659	Prar.g_01721	Prah.g_00600
OG0000660	Prar.g_01725	Prah.g_00596
OG0000661	Prar.g_01727	Prah.g_00594
OG0000662	Prar.g_01729	Prah.g_00592
OG0000663	Prar.g_01731	Prah.g_00589
OG0000664	Prar.g_01732	Prah.g_00588
OG0000665	Prar.g_01736	Prah.g_00574
OG0000666	Prar.g_01737	Prah.g_00572
OG0000667	Prar.g_01742	Prah.g_00564
OG0000668	Prar.g_01759	Prah.g_00850
OG0000669	Prar.g_01767	Prah.g_00558
OG0000670	Prar.g_01769	Prah.g_01212
OG0000671	Prar.g_01771	Prah.g_00738
OG0000672	Prar.g_01774	Prah.g_00735
OG0000673	Prar.g_01777	Prah.g_00732
OG0000674	Prar.g_01779	Prah.g_00730
OG0000675	Prar.g_01780	Prah.g_00729
OG0000676	Prar.g_01782	Prah.g_00726
OG0000677	Prar.g_01783	Prah.g_00724
OG0000678	Prar.g_01785	Prah.g_00721
OG0000679	Prar.g_01789	Prah.g_00702
OG0000680	Prar.g_01790	Prah.g_00701
OG0000681	Prar.g_01792	Prah.g_00699
OG0000682	Prar.g_01793	Prah.g_00698
OG0000683	Prar.g_01794	Prah.g_00697
OG0000684	Prar.g_01795	Prah.g_00683
OG0000685	Prar.g_01797	Prah.g_00685
OG0000686	Prar.g_01798	Prah.g_00686
OG0000687	Prar.g_01799	Prah.g_00687
OG0000688	Prar.g_01802	Prah.g_00681
OG0000689	Prar.g_01803	Prah.g_00680
OG0000690	Prar.g_01804	Prah.g_00679
OG0000691	Prar.g_01805	Prah.g_00678
OG0000692	Prar.g_01807	Prah.g_00677
OG0000693	Prar.g_01808	Prah.g_00675
OG0000694	Prar.g_01809	Prah.g_00674
OG0000695	Prar.g_01811	Prah.g_00762
OG0000696	Prar.g_01812	Prah.g_00763
OG0000697	Prar.g_01813	Prah.g_00765
OG0000698	Prar.g_01816	Prah.g_00768
OG0000699	Prar.g_01817	Prah.g_00770
OG0000700	Prar.g_01818	Prah.g_00771
OG0000701	Prar.g_01819	Prah.g_00772
OG0000702	Prar.g_01821	Prah.g_00780
OG0000703	Prar.g_01822	Prah.g_00781
OG0000704	Prar.g_01823	Prah.g_00783
OG0000705	Prar.g_01827	Prah.g_00789
OG0000706	Prar.g_01828	Prah.g_00790
OG0000707	Prar.g_01829	Prah.g_00791
OG0000708	Prar.g_01830	Prah.g_00793
OG0000709	Prar.g_01834	Prah.g_00800
OG0000710	Prar.g_01837	Prah.g_00805
OG0000711	Prar.g_01853	Prah.g_00828
OG0000712	Prar.g_01855	Prah.g_00829
OG0000713	Prar.g_01856	Prah.g_00830
OG0000714	Prar.g_01857	Prah.g_00833
OG0000715	Prar.g_01859	Prah.g_00835
OG0000716	Prar.g_01861	Prah.g_00839
OG0000717	Prar.g_01862	Prah.g_00840
OG0000718	Prar.g_01873	Prah.g_00846
OG0000719	Prar.g_01875	Prah.g_00848
OG0000720	Prar.g_01884	Prah.g_00861
OG0000721	Prar.g_01886	Prah.g_00862
OG0000722	Prar.g_01887	Prah.g_00863
OG0000723	Prar.g_01890	Prah.g_00867
OG0000724	Prar.g_01899	Prah.g_00910
OG0000725	Prar.g_01905	Prah.g_00919
OG0000726	Prar.g_01906	Prah.g_00920
OG0000727	Prar.g_01907	Prah.g_00921
OG0000728	Prar.g_01909	Prah.g_00922
OG0000729	Prar.g_01955	Prah.g_00133
OG0000730	Prar.g_01324	Prah.g_01942
OG0000731	Prar.g_01320	Prah.g_01932
OG0000732	Prar.g_01314	Prah.g_00054
OG0000733	Prar.g_01295	Prah.g_02532
OG0000734	Prar.g_01278	Prah.g_01905
OG0000735	Prar.g_01276	Prah.g_01340
OG0000736	Prar.g_01275	Prah.g_01339
OG0000737	Prar.g_01274	Prah.g_01338
OG0000738	Prar.g_01270	Prah.g_01331
OG0000739	Prar.g_01269	Prah.g_01329
OG0000740	Prar.g_01268	Prah.g_01328
OG0000741	Prar.g_01267	Prah.g_01325
OG0000742	Prar.g_01264	Prah.g_01323
OG0000743	Prar.g_01262	Prah.g_01321
OG0000744	Prar.g_01261	Prah.g_01320
OG0000745	Prar.g_01260	Prah.g_01318
OG0000746	Prar.g_01258	Prah.g_01316
OG0000747	Prar.g_01257	Prah.g_01315
OG0000748	Prar.g_01254	Prah.g_01304
OG0000749	Prar.g_01253	Prah.g_01303
OG0000750	Prar.g_01252	Prah.g_01302
OG0000751	Prar.g_01250	Prah.g_01297
OG0000752	Prar.g_01248	Prah.g_01295
OG0000753	Prar.g_01245	Prah.g_01292
OG0000754	Prar.g_01242	Prah.g_01262
OG0000755	Prar.g_01239	Prah.g_01255
OG0000756	Prar.g_01238	Prah.g_01254
OG0000757	Prar.g_01232	Prah.g_01247
OG0000758	Prar.g_01231	Prah.g_01246
OG0000759	Prar.g_01230	Prah.g_01245
OG0000760	Prar.g_01229	Prah.g_01244
OG0000761	Prar.g_01228	Prah.g_01243
OG0000762	Prar.g_01227	Prah.g_01263
OG0000763	Prar.g_01225	Prah.g_01265
OG0000764	Prar.g_01224	Prah.g_01266
OG0000765	Prar.g_01215	Prah.g_01282
OG0000766	Prar.g_01214	Prah.g_01283
OG0000767	Prar.g_01212	Prah.g_01285
OG0000768	Prar.g_01211	Prah.g_01286
OG0000769	Prar.g_01209	Prah.g_01290
OG0000770	Prar.g_01207	Prah.g_01239
OG0000771	Prar.g_00376	Prah.g_00905
OG0000772	Prar.g_00976	Prah.g_01610
OG0000773	Prar.g_00964	Prah.g_01351
OG0000774	Prar.g_00962	Prah.g_01355
OG0000775	Prar.g_00960	Prah.g_01357
OG0000776	Prar.g_00959	Prah.g_01358
OG0000777	Prar.g_00958	Prah.g_01359
OG0000778	Prar.g_00957	Prah.g_01360
OG0000779	Prar.g_00953	Prah.g_01365
OG0000780	Prar.g_00952	Prah.g_01368
OG0000781	Prar.g_00949	Prah.g_01372
OG0000782	Prar.g_00948	Prah.g_01373
OG0000783	Prar.g_00947	Prah.g_01374
OG0000784	Prar.g_00946	Prah.g_01375
OG0000785	Prar.g_00944	Prah.g_01377
OG0000786	Prar.g_00942	Prah.g_01380
OG0000787	Prar.g_00941	Prah.g_01381
OG0000788	Prar.g_00924	Prah.g_00224
OG0000789	Prar.g_00921	Prah.g_01183
OG0000790	Prar.g_00906	Prah.g_01580
OG0000791	Prar.g_00904	Prah.g_01582
OG0000792	Prar.g_00903	Prah.g_01583
OG0000793	Prar.g_00900	Prah.g_01587
OG0000794	Prar.g_00899	Prah.g_01588
OG0000795	Prar.g_00898	Prah.g_01589
OG0000796	Prar.g_00894	Prah.g_01593
OG0000797	Prar.g_00893	Prah.g_01594
OG0000798	Prar.g_00866	Prah.g_02131
OG0000799	Prar.g_00357	Prah.g_00435
OG0000800	Prar.g_00356	Prah.g_00434
OG0000801	Prar.g_00355	Prah.g_00433
OG0000802	Prar.g_00353	Prah.g_00427
OG0000803	Prar.g_00351	Prah.g_00423
OG0000804	Prar.g_00350	Prah.g_00421
OG0000805	Prar.g_00348	Prah.g_00419
OG0000806	Prar.g_00346	Prah.g_00417
OG0000807	Prar.g_00345	Prah.g_00415
OG0000808	Prar.g_00344	Prah.g_00414
OG0000809	Prar.g_00341	Prah.g_00410
OG0000810	Prar.g_00340	Prah.g_00409
OG0000811	Prar.g_00336	Prah.g_00403
OG0000812	Prar.g_00842	Prah.g_00401
OG0000813	Prar.g_00841	Prah.g_00400
OG0000814	Prar.g_00839	Prah.g_00398
OG0000815	Prar.g_00838	Prah.g_00397
OG0000816	Prar.g_00836	Prah.g_00395
OG0000817	Prar.g_00835	Prah.g_00394
OG0000818	Prar.g_00830	Prah.g_00386
OG0000819	Prar.g_00829	Prah.g_00385
OG0000820	Prar.g_00828	Prah.g_00384
OG0000821	Prar.g_00824	Prah.g_00379
OG0000822	Prar.g_00823	Prah.g_00376
OG0000823	Prar.g_00822	Prah.g_00374
OG0000824	Prar.g_00819	Prah.g_00370
OG0000825	Prar.g_00818	Prah.g_00369
OG0000826	Prar.g_00817	Prah.g_00368
OG0000827	Prar.g_00816	Prah.g_00367
OG0000828	Prar.g_00813	Prah.g_00364
OG0000829	Prar.g_00812	Prah.g_00363
OG0000830	Prar.g_00811	Prah.g_00362
OG0000831	Prar.g_00809	Prah.g_00360
OG0000832	Prar.g_00803	Prah.g_01615
OG0000833	Prar.g_00795	Prah.g_01623
OG0000834	Prar.g_00794	Prah.g_01624
OG0000835	Prar.g_00793	Prah.g_01625
OG0000836	Prar.g_00792	Prah.g_01627
OG0000837	Prar.g_00791	Prah.g_01628
OG0000838	Prar.g_00789	Prah.g_01632
OG0000839	Prar.g_00788	Prah.g_01633
OG0000840	Prar.g_00787	Prah.g_01634
OG0000841	Prar.g_00786	Prah.g_01635
OG0000842	Prar.g_00785	Prah.g_01636
OG0000843	Prar.g_00784	Prah.g_01637
OG0000844	Prar.g_00783	Prah.g_01639
OG0000845	Prar.g_00782	Prah.g_01640
OG0000846	Prar.g_00781	Prah.g_01641
OG0000847	Prar.g_00780	Prah.g_01642
OG0000848	Prar.g_00779	Prah.g_01643
OG0000849	Prar.g_00778	Prah.g_01644
OG0000850	Prar.g_00776	Prah.g_01645
OG0000851	Prar.g_00775	Prah.g_01648
OG0000852	Prar.g_00774	Prah.g_01649
OG0000853	Prar.g_00770	Prah.g_01653
OG0000854	Prar.g_00768	Prah.g_01655
OG0000855	Prar.g_00767	Prah.g_01656
OG0000856	Prar.g_00753	Prah.g_00515
OG0000857	Prar.g_00725	Prah.g_00651
OG0000858	Prar.g_01149	Prah.g_01667
OG0000859	Prar.g_01148	Prah.g_01668
OG0000860	Prar.g_01141	Prah.g_01678
OG0000861	Prar.g_01140	Prah.g_01679
OG0000862	Prar.g_01139	Prah.g_01681
OG0000863	Prar.g_01137	Prah.g_01685
OG0000864	Prar.g_01136	Prah.g_01687
OG0000865	Prar.g_01135	Prah.g_01688
OG0000866	Prar.g_01134	Prah.g_01689
OG0000867	Prar.g_01133	Prah.g_01690
OG0000868	Prar.g_01132	Prah.g_01692
OG0000869	Prar.g_01128	Prah.g_01695
OG0000870	Prar.g_01123	Prah.g_01700
OG0000871	Prar.g_01122	Prah.g_01701
OG0000872	Prar.g_01121	Prah.g_01703
OG0000873	Prar.g_01965	Prah.g_01707
OG0000874	Prar.g_01968	Prah.g_01711
OG0000875	Prar.g_01969	Prah.g_01713
OG0000876	Prar.g_01970	Prah.g_01714
OG0000877	Prar.g_01963	Prah.g_01717
OG0000878	Prar.g_01962	Prah.g_01718
OG0000879	Prar.g_01961	Prah.g_01719
OG0000880	Prar.g_01960	Prah.g_01720
OG0000881	Prar.g_00595, Prar.g_01956	Prah.g_01728
OG0000882	Prar.g_00600	Prah.g_01733
OG0000883	Prar.g_00601	Prah.g_01736
OG0000884	Prar.g_00603	Prah.g_01738
OG0000885	Prar.g_00604	Prah.g_01739
OG0000886	Prar.g_00605	Prah.g_01740
OG0000887	Prar.g_00606	Prah.g_01741
OG0000888	Prar.g_00608	Prah.g_01743
OG0000889	Prar.g_00610	Prah.g_01745
OG0000890	Prar.g_00611	Prah.g_01759
OG0000891	Prar.g_00612	Prah.g_01760
OG0000892	Prar.g_01119	Prah.g_01762
OG0000893	Prar.g_01114	Prah.g_02073
OG0000894	Prar.g_01112	Prah.g_02070
OG0000895	Prar.g_01109	Prah.g_02066
OG0000896	Prar.g_01108	Prah.g_02065
OG0000897	Prar.g_01106	Prah.g_02063
OG0000898	Prar.g_01105	Prah.g_02062
OG0000899	Prar.g_01104	Prah.g_02061
OG0000900	Prar.g_01103	Prah.g_02060
OG0000901	Prar.g_01100	Prah.g_02056
OG0000902	Prar.g_01098	Prah.g_02054
OG0000903	Prar.g_01095	Prah.g_02041
OG0000904	Prar.g_01093	Prah.g_02046
OG0000905	Prar.g_01088	Prah.g_02048
OG0000906	Prar.g_01087	Prah.g_02050
OG0000907	Prar.g_01069	Prah.g_02039
OG0000908	Prar.g_01066	Prah.g_02036
OG0000909	Prar.g_01065	Prah.g_02035
OG0000910	Prar.g_01064	Prah.g_02034
OG0000911	Prar.g_01062	Prah.g_02032
OG0000912	Prar.g_01061	Prah.g_02031
OG0000913	Prar.g_01060	Prah.g_02030
OG0000914	Prar.g_01059	Prah.g_02029
OG0000915	Prar.g_01058	Prah.g_02028
OG0000916	Prar.g_01057	Prah.g_02027
OG0000917	Prar.g_01056	Prah.g_02026
OG0000918	Prar.g_01055	Prah.g_02025
OG0000919	Prar.g_01054	Prah.g_02024
OG0000920	Prar.g_01053	Prah.g_02023
OG0000921	Prar.g_01052	Prah.g_02022
OG0000922	Prar.g_01051	Prah.g_02021
OG0000923	Prar.g_01047	Prah.g_02017
OG0000924	Prar.g_01046	Prah.g_02016
OG0000925	Prar.g_01045	Prah.g_02015
OG0000926	Prar.g_01044	Prah.g_02014
OG0000927	Prar.g_01042	Prah.g_02012
OG0000928	Prar.g_01041	Prah.g_02011
OG0000929	Prar.g_01040	Prah.g_02010
OG0000930	Prar.g_01039	Prah.g_02009
OG0000931	Prar.g_01038	Prah.g_02008
OG0000932	Prar.g_01037	Prah.g_02007
OG0000933	Prar.g_01033	Prah.g_02002
OG0000934	Prar.g_01031	Prah.g_02000
OG0000935	Prar.g_01030	Prah.g_01999
OG0000936	Prar.g_01029	Prah.g_01998
OG0000937	Prar.g_01028	Prah.g_01997
OG0000938	Prar.g_01026	Prah.g_01994
OG0000939	Prar.g_01025	Prah.g_01993
OG0000940	Prar.g_01019	Prah.g_01985
OG0000941	Prar.g_01017	Prah.g_01983
OG0000942	Prar.g_01015	Prah.g_01981
OG0000943	Prar.g_01014	Prah.g_01980
OG0000944	Prar.g_01013	Prah.g_01978
OG0000945	Prar.g_01012	Prah.g_01977
OG0000946	Prar.g_00617	Prah.g_01966
OG0000947	Prar.g_00619	Prah.g_01963
OG0000948	Prar.g_00620	Prah.g_01962
OG0000949	Prar.g_00623	Prah.g_01958
OG0000950	Prar.g_00628	Prah.g_02231
OG0000951	Prar.g_00632	Prah.g_02236
OG0000952	Prar.g_00636	Prah.g_02241
OG0000953	Prar.g_00639	Prah.g_02245
OG0000954	Prar.g_00643	Prah.g_00167
OG0000955	Prar.g_00644	Prah.g_00166
OG0000956	Prar.g_00646	Prah.g_00164
OG0000957	Prar.g_00651	Prah.g_00152
OG0000958	Prar.g_00652	Prah.g_00151
OG0000959	Prar.g_00656	Prah.g_00146
OG0000960	Prar.g_00657	Prah.g_00145
OG0000961	Prar.g_00659	Prah.g_00136
OG0000962	Prar.g_00661	Prah.g_00134
OG0000963	Prar.g_00664	Prah.g_00129
OG0000964	Prar.g_00665	Prah.g_00128
OG0000965	Prar.g_00666	Prah.g_00127
OG0000966	Prar.g_00673	Prah.g_00086
OG0000967	Prar.g_00677	Prah.g_00079
OG0000968	Prar.g_00679	Prah.g_00076
OG0000969	Prar.g_00680	Prah.g_00074
OG0000970	Prar.g_00681	Prah.g_00073
OG0000971	Prar.g_00682	Prah.g_00071
OG0000972	Prar.g_00683	Prah.g_00070
OG0000973	Prar.g_00684	Prah.g_00068
OG0000974	Prar.g_00685	Prah.g_00067
OG0000975	Prar.g_00686	Prah.g_00066
OG0000976	Prar.g_00687	Prah.g_00065
OG0000977	Prar.g_00688	Prah.g_00063
OG0000978	Prar.g_00689	Prah.g_00062
OG0000979	Prar.g_00692	Prah.g_00059
OG0000980	Prar.g_00694	Prah.g_00055
OG0000981	Prar.g_00696	Prah.g_00052
OG0000982	Prar.g_00698	Prah.g_02491
OG0000983	Prar.g_00699	Prah.g_02492
OG0000984	Prar.g_00700	Prah.g_02493
OG0000985	Prar.g_00703	Prah.g_02497
OG0000986	Prar.g_00705	Prah.g_02499
OG0000987	Prar.g_00706	Prah.g_02501
OG0000988	Prar.g_00709	Prah.g_02505
OG0000989	Prar.g_00073	Prah.g_02513
OG0000990	Prar.g_00070	Prah.g_02536
OG0000991	Prar.g_00069	Prah.g_02540
OG0000992	Prar.g_00067	Prah.g_02543
OG0000993	Prar.g_00066	Prah.g_02544
OG0000994	Prar.g_00065	Prah.g_02547
OG0000995	Prar.g_00061	Prah.g_02552
OG0000996	Prar.g_00060	Prah.g_02565
OG0000997	Prar.g_00059	Prah.g_02574
OG0000998	Prar.g_00057	Prah.g_02576
OG0000999	Prar.g_00056	Prah.g_02577
OG0001000	Prar.g_00053	Prah.g_02580
OG0001001	Prar.g_00051	Prah.g_02584
OG0001002	Prar.g_00047	Prah.g_02591
OG0001003	Prar.g_00046	Prah.g_02593
OG0001004	Prar.g_00045	Prah.g_02594
OG0001005	Prar.g_00044	Prah.g_02596
OG0001006	Prar.g_00040	Prah.g_02602
OG0001007	Prar.g_00038	Prah.g_02604
OG0001008	Prar.g_00485	Prah.g_00231
OG0001009	Prar.g_00011	Prah.g_00033
OG0001010	Prar.g_00010	Prah.g_00034
OG0001011	Prar.g_00009	Prah.g_00036
OG0001012	Prar.g_00577	Prah.g_02488
OG0001013	Prar.g_00571	Prah.g_02466
OG0001014	Prar.g_00568	Prah.g_02454
OG0001015	Prar.g_00567	Prah.g_02453
OG0001016	Prar.g_00255	Prah.g_01843
OG0001017	Prar.g_00251	Prah.g_01849
OG0001018	Prar.g_00248	Prah.g_01851
OG0001019	Prar.g_00239	Prah.g_01867
OG0001020	Prar.g_00238	Prah.g_01873
OG0001021	Prar.g_00237	Prah.g_01877
OG0001022	Prar.g_00234	Prah.g_01882
OG0001023	Prar.g_00233	Prah.g_01883
OG0001024	Prar.g_00230	Prah.g_01887
OG0001025	Prar.g_00224	Prah.g_01894
OG0001026	Prar.g_00217	Prah.g_01908
OG0001027	Prar.g_00216	Prah.g_00195
OG0001028	Prar.g_00214	Prah.g_00193
OG0001029	Prar.g_00213	Prah.g_00191
OG0001030	Prar.g_00198	Prah.g_02257
OG0001031	Prar.g_00141	Prah.g_02336
OG0001032	Prar.g_00140	Prah.g_02339
OG0001033	Prar.g_00119	Prah.g_02372
OG0001034	Prar.g_00091	Prah.g_01779
OG0001035	Prar.g_00333	Prah.g_02099
OG0001036	Prar.g_00328	Prah.g_02103
OG0001037	Prar.g_00327	Prah.g_02105
OG0001038	Prar.g_00309	Prah.g_02132
OG0001039	Prar.g_00306	Prah.g_02135
OG0001040	Prar.g_00304	Prah.g_02138
OG0001041	Prar.g_00300	Prah.g_02143
OG0001042	Prar.g_00283	Prah.g_02168
OG0001043	Prar.g_00282	Prah.g_02170
OG0001044	Prar.g_00393	Prah.g_01941
OG0001045	Prar.g_00402	Prah.g_01929
OG0001046	Prar.g_00440	Prah.g_01661
OG0001047	Prar.g_00487	Prah.g_00233
OG0001048	Prar.g_00488	Prah.g_00234
OG0001049	Prar.g_00490	Prah.g_00237
OG0001050	Prar.g_00491	Prah.g_00238
OG0001051	Prar.g_00492	Prah.g_00239
OG0001052	Prar.g_00521	Prah.g_00308
OG0001053	Prar.g_00533	Prah.g_01563
OG0001054	Prar.g_01329	Prah.g_01545
OG0001055	Prar.g_01347	Prah.g_01524
OG0001056	Prar.g_01366	Prah.g_01496
OG0001057	Prar.g_01371	Prah.g_01482
OG0001058	Prar.g_01379	Prah.g_01468
OG0001059	Prar.g_01383	Prah.g_01464
OG0001060	Prar.g_01390	Prah.g_01458
OG0001061	Prar.g_01403	Prah.g_01440
OG0001062	Prar.g_01405	Prah.g_01438
OG0001063	Prar.g_01407	Prah.g_01434
OG0001064	Prar.g_01408	Prah.g_01433
OG0001065	Prar.g_01409	Prah.g_01432
OG0001066	Prar.g_01410	Prah.g_01431
OG0001067	Prar.g_01411	Prah.g_01430
OG0001068	Prar.g_01412	Prah.g_01429
OG0001069	Prar.g_01413	Prah.g_01428
OG0001070	Prar.g_01416	Prah.g_01424
OG0001071	Prar.g_01417	Prah.g_01423
OG0001072	Prar.g_01419	Prah.g_01418
OG0001073	Prar.g_01434	Prah.g_01399
OG0001074	Prar.g_01445	Prah.g_00532
OG0001075	Prar.g_01446	Prah.g_00531
OG0001076	Prar.g_01454	Prah.g_00523
OG0001077	Prar.g_01458	Prah.g_00513
OG0001078	Prar.g_01466	Prah.g_00500
OG0001079	Prar.g_01477	Prah.g_00482
OG0001080	Prar.g_01483	Prah.g_00472
OG0001081	Prar.g_01485	Prah.g_00465
OG0001082	Prar.g_01486	Prah.g_00464
OG0001083	Prar.g_01491	Prah.g_00456
OG0001084	Prar.g_01492	Prah.g_00455
OG0001085	Prar.g_01500	Prah.g_00444
OG0001086	Prar.g_01501	Prah.g_00442
OG0001087	Prar.g_01518	Prah.g_00968
OG0001088	Prar.g_01519	Prah.g_00972
OG0001089	Prar.g_01527	Prah.g_01025
OG0001090	Prar.g_01600	Prah.g_00886
OG0001091	Prar.g_01602	Prah.g_00884
OG0001092	Prar.g_01603	Prah.g_00882
OG0001093	Prar.g_01608	Prah.g_00878
OG0001094	Prar.g_01678	Prah.g_00673
OG0001095	Prar.g_01697	Prah.g_00654
OG0001096	Prar.g_01710	Prah.g_00637
OG0001097	Prar.g_01728	Prah.g_00593
OG0001098	Prar.g_01744	Prah.g_00743
OG0001099	Prar.g_01764	Prah.g_00192
OG0001100	Prar.g_01768	Prah.g_00740
OG0001101	Prar.g_01770	Prah.g_00739
OG0001102	Prar.g_01773	Prah.g_00736
OG0001103	Prar.g_01775	Prah.g_00734
OG0001104	Prar.g_01796	Prah.g_00684
OG0001105	Prar.g_01800	Prah.g_00689
OG0001106	Prar.g_01824	Prah.g_00784
OG0001107	Prar.g_01831	Prah.g_00794
OG0001108	Prar.g_01835	Prah.g_00801
OG0001109	Prar.g_01836	Prah.g_00803
OG0001110	Prar.g_01838	Prah.g_00806
OG0001111	Prar.g_01839	Prah.g_00808
OG0001112	Prar.g_01840	Prah.g_00810
OG0001113	Prar.g_01841	Prah.g_00811
OG0001114	Prar.g_01842	Prah.g_00812
OG0001115	Prar.g_01844	Prah.g_00814
OG0001116	Prar.g_01845	Prah.g_00815
OG0001117	Prar.g_01846	Prah.g_00816
OG0001118	Prar.g_01847	Prah.g_00817
OG0001119	Prar.g_01848	Prah.g_00818
OG0001120	Prar.g_01850	Prah.g_00821
OG0001122	Prar.g_01876	Prah.g_00849
OG0001123	Prar.g_01880	Prah.g_00856
OG0001124	Prar.g_01882	Prah.g_00858
OG0001125	Prar.g_01883	Prah.g_00860
OG0001126	Prar.g_01893	Prah.g_00903
OG0001127	Prar.g_01894	Prah.g_00904
OG0001128	Prar.g_01896	Prah.g_00907
OG0001129	Prar.g_01897	Prah.g_00908
OG0001130	Prar.g_01898	Prah.g_00909
OG0001131	Prar.g_01935	Prah.g_00893
OG0001132	Prar.g_01944	Prah.g_00539
OG0001133	Prar.g_01309	Prah.g_00521
OG0001134	Prar.g_01296	Prah.g_02524
OG0001136	Prar.g_01266	Prah.g_01324
OG0001137	Prar.g_01255	Prah.g_01305
OG0001138	Prar.g_01237	Prah.g_01253
OG0001139	Prar.g_01236	Prah.g_01251
OG0001140	Prar.g_01235	Prah.g_01250
OG0001141	Prar.g_01234	Prah.g_01249
OG0001142	Prar.g_01233	Prah.g_01248
OG0001143	Prar.g_01226	Prah.g_01264
OG0001144	Prar.g_01221	Prah.g_01273
OG0001145	Prar.g_00963	Prah.g_01353
OG0001146	Prar.g_00951	Prah.g_01369
OG0001147	Prar.g_00925	Prah.g_00323
OG0001148	Prar.g_00909	Prah.g_01577
OG0001149	Prar.g_00908	Prah.g_01578
OG0001150	Prar.g_00907	Prah.g_01579
OG0001151	Prar.g_00896	Prah.g_01591
OG0001152	Prar.g_00895	Prah.g_01592
OG0001153	Prar.g_00815	Prah.g_00366
OG0001154	Prar.g_00814	Prah.g_00365
OG0001155	Prar.g_00802	Prah.g_01617
OG0001156	Prar.g_00799	Prah.g_01620
OG0001157	Prar.g_00798	Prah.g_00538
OG0001158	Prar.g_00797	Prah.g_01621
OG0001159	Prar.g_00796	Prah.g_01622
OG0001160	Prar.g_00772	Prah.g_01651
OG0001161	Prar.g_00760	Prah.g_00541
OG0001162	Prar.g_00749	Prah.g_01050
OG0001163	Prar.g_01151	Prah.g_01665
OG0001164	Prar.g_01147	Prah.g_01670
OG0001165	Prar.g_01144	Prah.g_01673
OG0001166	Prar.g_01124	Prah.g_01699
OG0001167	Prar.g_01959	Prah.g_01725
OG0001168	Prar.g_01957	Prah.g_01727
OG0001169	Prar.g_00596	Prah.g_01729
OG0001170	Prar.g_00598	Prah.g_01731
OG0001171	Prar.g_00607	Prah.g_01742
OG0001172	Prar.g_01111	Prah.g_02068
OG0001173	Prar.g_01110	Prah.g_02067
OG0001174	Prar.g_01102	Prah.g_02059
OG0001175	Prar.g_01101	Prah.g_02058
OG0001176	Prar.g_01094	Prah.g_02042
OG0001177	Prar.g_01091	Prah.g_02044
OG0001178	Prar.g_01086	Prah.g_01682
OG0001179	Prar.g_01043	Prah.g_02013
OG0001180	Prar.g_01022	Prah.g_01988
OG0001181	Prar.g_01018	Prah.g_01984
OG0001182	Prar.g_01011	Prah.g_01976
OG0001183	Prar.g_00618	Prah.g_01965
OG0001184	Prar.g_00634	Prah.g_02239
OG0001185	Prar.g_00648	Prah.g_00156
OG0001186	Prar.g_00670	Prah.g_00088
OG0001187	Prar.g_00674	Prah.g_00085
OG0001188	Prar.g_00676	Prah.g_00080
OG0001189	Prar.g_00693	Prah.g_00057
OG0001190	Prar.g_00697	Prah.g_02490
OG0001191	Prar.g_00707	Prah.g_02503
OG0001192	Prar.g_00074	Prah.g_02508
OG0001193	Prar.g_00064	Prah.g_02548
OG0001194	Prar.g_00063	Prah.g_02550
OG0001195	Prar.g_00062	Prah.g_02551
OG0001196	Prar.g_00049	Prah.g_02587
OG0001197	Prar.g_00048	Prah.g_02589
OG0001198	Prar.g_00041	Prah.g_02601
OG0001199	Prar.g_00254	Prah.g_01844
OG0001200	Prar.g_00252	Prah.g_01846
OG0001201	Prar.g_00220	Prah.g_01898
OG0001202	Prar.g_00128	Prah.g_02359
OG0001204	Prar.g_00084	Prah.g_02077
OG0001205	Prar.g_00493	Prah.g_00240
OG0001206	Prar.g_00511	Prah.g_00291
OG0001207	Prar.g_00527	Prah.g_01575
OG0001208	Prar.g_00532	Prah.g_01564
OG0001209	Prar.g_01365	Prah.g_01498
OG0001210	Prar.g_01370	Prah.g_01484
OG0001211	Prar.g_01380	Prah.g_01467
OG0001212	Prar.g_01426	Prah.g_01407
OG0001213	Prar.g_01459	Prah.g_00510
OG0001214	Prar.g_01467	Prah.g_00499
OG0001215	Prar.g_01520	Prah.g_00973
OG0001216	Prar.g_01601	Prah.g_00885
OG0001217	Prar.g_01638	Prah.g_01447
OG0001219	Prar.g_01672	Prah.g_00755
OG0001220	Prar.g_01735	Prah.g_00575
OG0001221	Prar.g_01787	Prah.g_00715
OG0001222	Prar.g_01825	Prah.g_02517
OG0001223	Prar.g_01851	Prah.g_00824
OG0001224	Prar.g_01900	Prah.g_00911
OG0001225	Prar.g_01902	Prah.g_00913
OG0001226	Prar.g_01928	Prah.g_01192
OG0001227	Prar.g_01947	Prah.g_01601
OG0001228	Prar.g_01218	Prah.g_01278
OG0001229	Prar.g_00913	Prah.g_01663
OG0001230	Prar.g_00347	Prah.g_00418
OG0001231	Prar.g_00751	Prah.g_00018
OG0001232	Prar.g_01120	Prah.g_01704
OG0001233	Prar.g_00599	Prah.g_01732
OG0001234	Prar.g_01099	Prah.g_02055
OG0001235	Prar.g_01089	Prah.g_02047
OG0001236	Prar.g_00631	Prah.g_02235
OG0001237	Prar.g_00635	Prah.g_02240
OG0001238	Prar.g_00708	Prah.g_02504
OG0001239	Prar.g_00547	Prah.g_01841
OG0001240	Prar.g_00235	Prah.g_01881
OG0001241	Prar.g_00227	Prah.g_01891
OG0001242	Prar.g_00209	Prah.g_00185
OG0001243	Prar.g_00203	Prah.g_02251
OG0001244	Prar.g_00187	Prah.g_02279
OG0001245	Prar.g_00441	Prah.g_01181
OG0001246	Prar.g_01335	Prah.g_01537
OG0001247	Prar.g_01513	Prah.g_00625
OG0001248	Prar.g_01515	Prah.g_00981
OG0001249	Prar.g_01661	Prah.g_01946
OG0001250	Prar.g_01724	Prah.g_00597
OG0001252	Prar.g_01895	Prah.g_00906
OG0001253	Prar.g_01948	Prah.g_01176
OG0001254	Prar.g_01294	Prah.g_02525
OG0001255	Prar.g_01279	Prah.g_01037
OG0001256	Prar.g_00758	Prah.g_01658
OG0001258	Prar.g_01146	Prah.g_01671
OG0001259	Prar.g_00597	Prah.g_01730
OG0001260	Prar.g_00613	Prah.g_01761
OG0001261	Prar.g_01035	Prah.g_02004
OG0001262	Prar.g_00691	Prah.g_00060
OG0001263	Prar.g_00200	Prah.g_02253
OG0001265	Prar.g_00210	Prah.g_00187
OG0001266	Prar.g_00124	Prah.g_02363
OG0001267	Prar.g_00307	Prah.g_02134
OG0001268	Prar.g_00399	Prah.g_01934
OG0001269	Prar.g_00419	Prah.g_00579
OG0001270	Prar.g_00482	Prah.g_00228
OG0001271	Prar.g_00522	Prah.g_00309
OG0001272	Prar.g_00536	Prah.g_01560
OG0001273	Prar.g_01461	Prah.g_00506
OG0001274	Prar.g_01533	Prah.g_02393
OG0001275	Prar.g_01860	Prah.g_00837
OG0001276	Prar.g_01879	Prah.g_00855
OG0001277	Prar.g_01937	Prah.g_02573
OG0001278	Prar.g_01213	Prah.g_01284
OG0001280	Prar.g_00956	Prah.g_01361
OG0001281	Prar.g_00950	Prah.g_01370
OG0001283	Prar.g_00891	Prah.g_02582
OG0001285	Prar.g_01966	Prah.g_01709
OG0001287	Prar.g_00655	Prah.g_00148
OG0001288	Prar.g_00663	Prah.g_00130
OG0001290	Prar.g_00228	Prah.g_01890
OG0001291	Prar.g_00193	Prah.g_02263
OG0001292	Prar.g_00079	Prah.g_02083
OG0001293	Prar.g_00326	Prah.g_02108
OG0001294	Prar.g_00439	Prah.g_00443
OG0001295	Prar.g_00516	Prah.g_01481
OG0001296	Prar.g_01340	Prah.g_01531
OG0001298	Prar.g_01406	Prah.g_01435
OG0001300	Prar.g_01523	Prah.g_00986
OG0001301	Prar.g_01526	Prah.g_01023
OG0001302	Prar.g_01670	Prah.g_01802
OG0001303	Prar.g_01864	Prah.g_00756
OG0001307	Prar.g_00928	Prah.g_00326
OG0001308	Prar.g_00837	Prah.g_00396
OG0001309	Prar.g_00754	Prah.g_01521
OG0001310	Prar.g_01131	Prah.g_01693
OG0001311	Prar.g_01881	Prah.g_00857
OG0001312	Prar.g_01814	Prah.g_00766
OG0001316	Prar.g_00188	Prah.g_02269
OG0001319	Prar.g_00315	Prah.g_02124
OG0001321	Prar.g_00499	Prah.g_00253
OG0001322	Prar.g_00500	Prah.g_00254
OG0001323	Prar.g_01349	Prah.g_01518
OG0001324	Prar.g_01524	Prah.g_00987
OG0001326	Prar.g_01547	Prah.g_02557
OG0001327	Prar.g_01920	Prah.g_00555
OG0001328	Prar.g_01946	Prah.g_00722
OG0001329	Prar.g_01302	Prah.g_01213
OG0001330	Prar.g_00977	Prah.g_01354
OG0001331	Prar.g_00905	Prah.g_01581
OG0001332	Prar.g_00804	Prah.g_01605
OG0001333	Prar.g_01958	Prah.g_01726
OG0001334	Prar.g_00621	Prah.g_01961
OG0001335	Prar.g_00622	Prah.g_01960
OG0001336	Prar.g_00052	Prah.g_02583
OG0001339	Prar.g_00225	Prah.g_01893
OG0001340	Prar.g_00259	Prah.g_01949
OG0001341	Prar.g_01636	Prah.g_00615
OG0001344	Prar.g_01259	Prah.g_01317
OG0001348	Prar.g_00732	Prah.g_02412
OG0001350	Prar.g_00090	Prah.g_01778
OG0001351	Prar.g_00502	Prah.g_00256
OG0001352	Prar.g_01510	Prah.g_01029
OG0001355	Prar.g_00722, Prar.g_01158	Prah.g_00710
OG0001356	Prar.g_01181	Prah.g_02519
OG0001358	Prar.g_01450	Prah.g_00527
OG0001360	Prar.g_01949	Prah.g_01240
OG0001361	Prar.g_01247	Prah.g_01294
OG0001362	Prar.g_00833	Prah.g_00390
OG0001363	Prar.g_00831	Prah.g_00388
OG0001365	Prar.g_00701	Prah.g_02495
OG0001369	Prar.g_00236	Prah.g_01880
OG0001370	Prar.g_00508	Prah.g_00617
OG0001371	Prar.g_01509	Prah.g_01789
OG0001372	Prar.g_01644	Prah.g_01812
OG0001373	Prar.g_01548	Prah.g_02556
OG0001374	Prar.g_01540	Prah.g_02564
OG0001376	Prar.g_01914	Prah.g_02511
OG0001377	Prar.g_01915	Prah.g_02510
OG0001378	Prar.g_01325	Prah.g_00223
OG0001380	Prar.g_00923	Prah.g_00571
OG0001381	Prar.g_00917	Prah.g_00895
OG0001382	Prar.g_00738	Prah.g_00891
OG0001385	Prar.g_01551	Prah.g_02553
OG0001386	Prar.g_01550	Prah.g_02554
OG0001387	Prar.g_01549	Prah.g_02555
OG0001388	Prar.g_01546	Prah.g_02558
OG0001389	Prar.g_01545	Prah.g_02559
OG0001390	Prar.g_01544	Prah.g_02560
OG0001391	Prar.g_01543	Prah.g_02561
OG0001392	Prar.g_01542	Prah.g_02562
OG0001393	Prar.g_01541	Prah.g_02563
OG0001395	Prar.g_01891	Prah.g_00868
OG0001397	Prar.g_00832	Prah.g_00389
OG0001399	Prar.g_01097	Prah.g_01971, Prah.g_00340
OG0001400	Prar.g_00368	Prah.g_02278
OG0001403	Prar.g_00008	Prah.g_00037
OG0001405	Prar.g_00261	Prah.g_01957
OG0001406	Prar.g_01913	Prah.g_02512
OG0001409	Prar.g_01256	Prah.g_01307
OG0001410	Prar.g_00927	Prah.g_00325
OG0001414	Prar.g_00098	Prah.g_01786
OG0001415	Prar.g_00096	Prah.g_01412
OG0001416	Prar.g_00507	Prah.g_01367
OG0001418	Prar.g_01514	Prah.g_02051
OG0001422	Prar.g_00734	Prah.g_00282
OG0001423	Prar.g_01560	Prah.g_01078
OG0001431	Prar.g_00979	Prah.g_00998
OG0001433	Prar.g_01180	Prah.g_01162
OG0001435	Prar.g_01772	Prah.g_00737
OG0001437	Prar.g_00097	Prah.g_01411
OG0001438	Prar.g_00294	Prah.g_02149
OG0001441	Prar.g_01351	Prah.g_01516
OG0001442	Prar.g_01629	Prah.g_00691
OG0001446	Prar.g_00249	Prah.g_01211
OG0001450	Prar.g_01517	Prah.g_00965
OG0001451	Prar.g_01745	Prah.g_00866
OG0001452	Prar.g_01762	Prah.g_01220
OG0001455	Prar.g_01307	Prah.g_02425
OG0001462	Prar.g_00003	Prah.g_00044
OG0001463	Prar.g_00301	Prah.g_02142
OG0001464	Prar.g_00258	Prah.g_01948
OG0001470	Prar.g_00889	Prah.g_00119
OG0001475	Prar.g_00887	Prah.g_00121
OG0001479	Prar.g_00397	Prah.g_01936
OG0001485	Prar.g_01166	Prah.g_01609
OG0001491	Prar.g_01668	Prah.g_01231, Prah.g_01233
OG0001500	Prar.g_00324	Prah.g_01785
OG0001501	Prar.g_01535	Prah.g_01344
OG0001503	Prar.g_01289	Prah.g_01803
OG0001506	Prar.g_00806	Prah.g_01217
OG0001508	Prar.g_00890	Prah.g_00118
OG0001528	Prar.g_00888	Prah.g_00120
OG0001550	Prar.g_01304	Prah.g_01182
OG0001553	Prar.g_00342	Prah.g_00411
OG0001555	Prar.g_00742	Prah.g_01817
OG0001565	Prar.g_00475	Prah.g_00621
OG0001572	Prar.g_01192	Prah.g_01101
OG0001585	Prar.g_00998	Prah.g_01081
OG0001588	Prar.g_00363	Prah.g_02223
OG0001627	Prar.g_01643	Prah.g_01613
OG0001670	Prar.g_01169, Prar.g_01194, Prar.g_01161, Prar.g_00718	Prah.g_01003
OG0001684	Prar.g_01418	Prah.g_01419
OG0001696	Prar.g_01746	Prah.g_00964
OG0001698	Prar.g_01921	Prah.g_01034
OG0001712	Prar.g_00472	Prah.g_00612
OG0001726	Prar.g_00469	Prah.g_00745
OG0001746	Prar.g_01188	Prah.g_00213
OG0001992	Prar.g_01650	Prah.g_00339, Prah.g_01973
OG0002063	Prar.g_01973	Prah.g_01054
OG0002110	Prar.g_01553, Prar.g_01556	Prah.g_00725
OG0002273	Prar.g_00559	Prah.g_00992
OG0002445	Prar.g_01085	Prah.g_00352
OG0002898	Prar.g_01009	Prah.g_00346
OG0003214	Prar.g_01073	Prah.g_00334
