Orthogroup	Prbd	Prak
OG0000000	Prbd.g_01914, Prbd.g_01568	Prak.g_01562
OG0000002	Prbd.g_01771	Prak.g_00908, Prak.g_00913
OG0000002	Prbd.g_00566	Prak.g_01202, Prak.g_01323, Prak.g_01200, Prak.g_01207, Prak.g_01494, Prak.g_00805
OG0000004	Prbd.g_00549	Prak.g_00826
OG0000004	Prbd.g_01007	Prak.g_00248
OG0000005	Prbd.g_01612	Prak.g_01474
OG0000006	Prbd.g_00998	Prak.g_00258
OG0000007	Prbd.g_00745	Prak.g_00458
OG0000007	Prbd.g_01525	Prak.g_01645
OG0000009	Prbd.g_01887	Prak.g_01486
OG0000010	Prbd.g_00768	Prak.g_00739, Prak.g_01034, Prak.g_00435
OG0000011	Prbd.g_00836	Prak.g_00660
OG0000012	Prbd.g_00621	Prak.g_01506, Prak.g_00584
OG0000013	Prbd.g_00912	Prak.g_00343
OG0000014	Prbd.g_00933	Prak.g_00325
OG0000015	Prbd.g_00065, Prbd.g_00826	Prak.g_01584, Prak.g_01630
OG0000016	Prbd.g_01224	Prak.g_00013
OG0000017	Prbd.g_00646	Prak.g_00559
OG0000018	Prbd.g_00449	Prak.g_01194
OG0000018	Prbd.g_00129	Prak.g_00873
OG0000019	Prbd.g_00990	Prak.g_00266
OG0000019	Prbd.g_00082	Prak.g_01196
OG0000020	Prbd.g_00406	Prak.g_01498
OG0000021	Prbd.g_01546, Prbd.g_00874	Prak.g_01499
OG0000022	Prbd.g_00061	Prak.g_01482
OG0000023	Prbd.g_00879	Prak.g_00721
OG0000024	Prbd.g_00045	Prak.g_01038
OG0000024	Prbd.g_00569	Prak.g_00802
OG0000025	Prbd.g_00137, Prbd.g_00908	Prak.g_00881
OG0000026	Prbd.g_01206, Prbd.g_00355	Prak.g_00032
OG0000027	Prbd.g_00772, Prbd.g_01832	Prak.g_01521
OG0000028	Prbd.g_01864	Prak.g_01543
OG0000029	Prbd.g_00863	Prak.g_01735
OG0000029	Prbd.g_00052	Prak.g_01534, Prak.g_01576
OG0000030	Prbd.g_01325	Prak.g_01853
OG0000033	Prbd.g_01071	Prak.g_00181
OG0000034	Prbd.g_01791	Prak.g_01288
OG0000037	Prbd.g_01135	Prak.g_00115
OG0000038	Prbd.g_01283	Prak.g_01893
OG0000039	Prbd.g_00558	Prak.g_00814
OG0000041	Prbd.g_01478	Prak.g_01692
OG0000042	Prbd.g_01328	Prak.g_01850
OG0000043	Prbd.g_00174	Prak.g_01193
OG0000045	Prbd.g_00867	Prak.g_01216
OG0000048	Prbd.g_00439, Prbd.g_00864	Prak.g_00289
OG0000050	Prbd.g_01928	Prak.g_00741
OG0000053	Prbd.g_01669	Prak.g_01590, Prak.g_01412
OG0000054	Prbd.g_00638	Prak.g_00568
OG0000055	Prbd.g_00083	Prak.g_01221
OG0000057	Prbd.g_00546	Prak.g_00829
OG0000058	Prbd.g_01733	Prak.g_01351
OG0000059	Prbd.g_01439	Prak.g_01732
OG0000061	Prbd.g_00468	Prak.g_01172
OG0000062	Prbd.g_01610	Prak.g_01476
OG0000063	Prbd.g_01204	Prak.g_01530
OG0000065	Prbd.g_01137	Prak.g_00113
OG0000066	Prbd.g_00703	Prak.g_00498, Prak.g_01557
OG0000067	Prbd.g_00102	Prak.g_00845
OG0000068	Prbd.g_01764	Prak.g_01329
OG0000069	Prbd.g_01575	Prak.g_00416
OG0000070	Prbd.g_00792	Prak.g_00412
OG0000071	Prbd.g_01801	Prak.g_01277
OG0000072	Prbd.g_01069	Prak.g_00183
OG0000073	Prbd.g_00743	Prak.g_00461
OG0000074	Prbd.g_00562	Prak.g_00809
OG0000075	Prbd.g_01359	Prak.g_01816
OG0000076	Prbd.g_01335	Prak.g_01842
OG0000077	Prbd.g_01166	Prak.g_00083
OG0000078	Prbd.g_01000	Prak.g_00256
OG0000079	Prbd.g_00987	Prak.g_00269
OG0000081	Prbd.g_00711	Prak.g_00490
OG0000082	Prbd.g_00658	Prak.g_00546, Prak.g_01634
OG0000084	Prbd.g_01693	Prak.g_01388
OG0000085	Prbd.g_01532	Prak.g_01637, Prak.g_01516
OG0000086	Prbd.g_01156	Prak.g_00092
OG0000087	Prbd.g_01104, Prbd.g_01103	Prak.g_00147
OG0000088	Prbd.g_01074	Prak.g_00178
OG0000089	Prbd.g_00883	Prak.g_00379
OG0000090	Prbd.g_00709	Prak.g_00492
OG0000091	Prbd.g_00602	Prak.g_01100
OG0000092	Prbd.g_00211	Prak.g_00775
OG0000093	Prbd.g_00232	Prak.g_01071
OG0000094	Prbd.g_00321	Prak.g_01022
OG0000095	Prbd.g_00340	Prak.g_00920
OG0000096	Prbd.g_01840, Prbd.g_00409, Prbd.g_01870	Prak.g_00702
OG0000097	Prbd.g_00509	Prak.g_01126
OG0000098	Prbd.g_01782	Prak.g_01305
OG0000099	Prbd.g_01734	Prak.g_01352
OG0000100	Prbd.g_01614	Prak.g_01470
OG0000101	Prbd.g_01391	Prak.g_01780
OG0000102	Prbd.g_01330	Prak.g_01847
OG0000103	Prbd.g_01250	Prak.g_01932
OG0000104	Prbd.g_01241	Prak.g_01941
OG0000105	Prbd.g_00965	Prak.g_00292
OG0000106	Prbd.g_00868	Prak.g_00687
OG0000107	Prbd.g_00852	Prak.g_01709
OG0000108	Prbd.g_00762	Prak.g_00441
OG0000109	Prbd.g_00748	Prak.g_00455
OG0000110	Prbd.g_00668	Prak.g_00535
OG0000111	Prbd.g_00545	Prak.g_00830
OG0000112	Prbd.g_00066	Prak.g_00608
OG0000113	Prbd.g_00124	Prak.g_00868
OG0000114	Prbd.g_00206	Prak.g_00770
OG0000115	Prbd.g_00401	Prak.g_01241
OG0000116	Prbd.g_00458	Prak.g_01183
OG0000117	Prbd.g_01895	Prak.g_01145
OG0000118	Prbd.g_01789	Prak.g_01290
OG0000119	Prbd.g_01768	Prak.g_01226, Prak.g_01488
OG0000120	Prbd.g_01737	Prak.g_01349
OG0000121	Prbd.g_01687	Prak.g_01393
OG0000122	Prbd.g_01649	Prak.g_01248, Prak.g_01434
OG0000123	Prbd.g_01384	Prak.g_01787
OG0000124	Prbd.g_01318	Prak.g_01859
OG0000125	Prbd.g_01281	Prak.g_01895
OG0000126	Prbd.g_01242	Prak.g_01940
OG0000128	Prbd.g_01226	Prak.g_00011
OG0000129	Prbd.g_01194	Prak.g_00045
OG0000130	Prbd.g_01175	Prak.g_00074
OG0000131	Prbd.g_01095	Prak.g_00156
OG0000132	Prbd.g_01076	Prak.g_00176
OG0000133	Prbd.g_00917	Prak.g_00339
OG0000134	Prbd.g_00882	Prak.g_00381
OG0000135	Prbd.g_00855	Prak.g_01259
OG0000136	Prbd.g_01722, Prbd.g_00801	Prak.g_00403
OG0000137	Prbd.g_00767	Prak.g_00436
OG0000138	Prbd.g_00747	Prak.g_00456
OG0000139	Prbd.g_00705	Prak.g_00496
OG0000140	Prbd.g_00704	Prak.g_00497
OG0000141	Prbd.g_00637	Prak.g_00569
OG0000142	Prbd.g_00609	Prak.g_01108
OG0000143	Prbd.g_00605	Prak.g_01104
OG0000144	Prbd.g_00592	Prak.g_01090
OG0000145	Prbd.g_00062	Prak.g_01261
OG0000146	Prbd.g_00067	Prak.g_00607
OG0000147	Prbd.g_00068	Prak.g_00606
OG0000148	Prbd.g_00118	Prak.g_00862
OG0000149	Prbd.g_00149	Prak.g_00894
OG0000150	Prbd.g_00157	Prak.g_00904
OG0000151	Prbd.g_00216	Prak.g_00780
OG0000152	Prbd.g_00264	Prak.g_00973
OG0000153	Prbd.g_00283	Prak.g_00992
OG0000154	Prbd.g_00314	Prak.g_01012
OG0000155	Prbd.g_00488	Prak.g_01151
OG0000156	Prbd.g_01812	Prak.g_01266
OG0000157	Prbd.g_01811	Prak.g_01267
OG0000158	Prbd.g_01736	Prak.g_01824
OG0000159	Prbd.g_01735	Prak.g_00065
OG0000160	Prbd.g_01688	Prak.g_01392
OG0000161	Prbd.g_01682	Prak.g_01398
OG0000162	Prbd.g_01676	Prak.g_01404
OG0000163	Prbd.g_01642	Prak.g_01443
OG0000164	Prbd.g_01501	Prak.g_01669
OG0000165	Prbd.g_01494	Prak.g_01676
OG0000166	Prbd.g_01427	Prak.g_01743
OG0000167	Prbd.g_01361	Prak.g_01814
OG0000168	Prbd.g_01351	Prak.g_01825
OG0000169	Prbd.g_01341	Prak.g_01835
OG0000170	Prbd.g_01339	Prak.g_01838
OG0000171	Prbd.g_01319	Prak.g_01858
OG0000172	Prbd.g_01310	Prak.g_01865
OG0000173	Prbd.g_01295	Prak.g_01880
OG0000174	Prbd.g_01268	Prak.g_01910
OG0000175	Prbd.g_01258	Prak.g_01923
OG0000176	Prbd.g_01233	Prak.g_00004
OG0000177	Prbd.g_01232	Prak.g_00005
OG0000178	Prbd.g_01231	Prak.g_00006
OG0000179	Prbd.g_01221	Prak.g_00016
OG0000180	Prbd.g_01220	Prak.g_00017
OG0000181	Prbd.g_01219	Prak.g_00018
OG0000182	Prbd.g_01218	Prak.g_00019
OG0000183	Prbd.g_01214	Prak.g_00023
OG0000184	Prbd.g_01191	Prak.g_00049
OG0000185	Prbd.g_01188	Prak.g_00052
OG0000186	Prbd.g_01180	Prak.g_00068
OG0000187	Prbd.g_01179	Prak.g_00069
OG0000188	Prbd.g_01162	Prak.g_00086
OG0000189	Prbd.g_01148	Prak.g_00100
OG0000190	Prbd.g_01147	Prak.g_00102
OG0000191	Prbd.g_01126	Prak.g_00125
OG0000192	Prbd.g_01122	Prak.g_00130
OG0000193	Prbd.g_01094	Prak.g_00157
OG0000194	Prbd.g_01091	Prak.g_00160
OG0000195	Prbd.g_01089	Prak.g_00162
OG0000196	Prbd.g_01079	Prak.g_00173
OG0000197	Prbd.g_01078	Prak.g_00174
OG0000198	Prbd.g_01077	Prak.g_00175
OG0000199	Prbd.g_01070	Prak.g_00182
OG0000200	Prbd.g_01056	Prak.g_00196
OG0000201	Prbd.g_01048	Prak.g_00205
OG0000202	Prbd.g_01047	Prak.g_00206
OG0000203	Prbd.g_01046	Prak.g_00207
OG0000204	Prbd.g_01045	Prak.g_00208
OG0000205	Prbd.g_01038	Prak.g_00215
OG0000206	Prbd.g_01033	Prak.g_00220
OG0000207	Prbd.g_01031	Prak.g_00223
OG0000208	Prbd.g_01030	Prak.g_00224
OG0000209	Prbd.g_01021	Prak.g_00233
OG0000210	Prbd.g_01020	Prak.g_00234
OG0000211	Prbd.g_01006	Prak.g_00249
OG0000212	Prbd.g_00999	Prak.g_00257
OG0000213	Prbd.g_00982	Prak.g_00275
OG0000214	Prbd.g_00972	Prak.g_00285
OG0000215	Prbd.g_00947	Prak.g_00312
OG0000216	Prbd.g_00945	Prak.g_00313
OG0000217	Prbd.g_00942	Prak.g_00316
OG0000218	Prbd.g_00940	Prak.g_00318
OG0000219	Prbd.g_00939	Prak.g_00319
OG0000220	Prbd.g_00938	Prak.g_00320
OG0000221	Prbd.g_00937	Prak.g_00321
OG0000222	Prbd.g_00929	Prak.g_00328
OG0000223	Prbd.g_00916	Prak.g_00340
OG0000224	Prbd.g_00914	Prak.g_00342
OG0000225	Prbd.g_00893	Prak.g_00368
OG0000226	Prbd.g_00889	Prak.g_00372
OG0000227	Prbd.g_00887	Prak.g_00374
OG0000228	Prbd.g_00884	Prak.g_00378
OG0000229	Prbd.g_00806	Prak.g_00398
OG0000230	Prbd.g_00804	Prak.g_00400
OG0000231	Prbd.g_00793	Prak.g_00411
OG0000232	Prbd.g_00784	Prak.g_00422
OG0000233	Prbd.g_00779	Prak.g_00428
OG0000234	Prbd.g_00766	Prak.g_00437
OG0000235	Prbd.g_00763	Prak.g_00440
OG0000236	Prbd.g_00749	Prak.g_00454
OG0000237	Prbd.g_00736	Prak.g_00467
OG0000238	Prbd.g_00730	Prak.g_00473
OG0000239	Prbd.g_00717	Prak.g_00484
OG0000240	Prbd.g_00716	Prak.g_00485
OG0000241	Prbd.g_00712	Prak.g_00489
OG0000242	Prbd.g_00710	Prak.g_00491
OG0000243	Prbd.g_00699	Prak.g_00502
OG0000244	Prbd.g_00696	Prak.g_00506
OG0000245	Prbd.g_00694	Prak.g_00508
OG0000246	Prbd.g_00690	Prak.g_00512
OG0000247	Prbd.g_00680	Prak.g_00522
OG0000248	Prbd.g_00678	Prak.g_00525
OG0000249	Prbd.g_00676	Prak.g_00527
OG0000250	Prbd.g_00671	Prak.g_00532
OG0000251	Prbd.g_00653	Prak.g_00552
OG0000252	Prbd.g_00650	Prak.g_00555
OG0000253	Prbd.g_00649	Prak.g_00556
OG0000254	Prbd.g_00633	Prak.g_00573
OG0000255	Prbd.g_00627	Prak.g_00579
OG0000256	Prbd.g_00617	Prak.g_00589
OG0000257	Prbd.g_00614	Prak.g_01113
OG0000258	Prbd.g_00601	Prak.g_01099
OG0000259	Prbd.g_00584	Prak.g_01082
OG0000260	Prbd.g_00581	Prak.g_01079
OG0000261	Prbd.g_00579	Prak.g_01076
OG0000262	Prbd.g_00575	Prak.g_01072
OG0000263	Prbd.g_00563	Prak.g_00808
OG0000264	Prbd.g_00553	Prak.g_00819
OG0000265	Prbd.g_00007	Prak.g_00837
OG0000266	Prbd.g_00017	Prak.g_01053
OG0000267	Prbd.g_00028	Prak.g_01041
OG0000268	Prbd.g_00029	Prak.g_01040
OG0000269	Prbd.g_00097	Prak.g_00840
OG0000270	Prbd.g_00100	Prak.g_00843
OG0000271	Prbd.g_00108	Prak.g_00851
OG0000272	Prbd.g_00109	Prak.g_00852
OG0000273	Prbd.g_00132	Prak.g_00876
OG0000274	Prbd.g_00133	Prak.g_00877
OG0000275	Prbd.g_00136	Prak.g_00880
OG0000276	Prbd.g_00141	Prak.g_00886
OG0000277	Prbd.g_00142	Prak.g_00887
OG0000278	Prbd.g_00145	Prak.g_00890
OG0000279	Prbd.g_00152	Prak.g_00897
OG0000280	Prbd.g_00153	Prak.g_00898
OG0000281	Prbd.g_00158	Prak.g_00905
OG0000282	Prbd.g_00208	Prak.g_00772
OG0000283	Prbd.g_00241	Prak.g_00949
OG0000284	Prbd.g_00246	Prak.g_00954
OG0000285	Prbd.g_00251	Prak.g_00959
OG0000286	Prbd.g_00263	Prak.g_00972
OG0000287	Prbd.g_00280	Prak.g_01238
OG0000288	Prbd.g_00313	Prak.g_01011
OG0000289	Prbd.g_00324	Prak.g_01027
OG0000290	Prbd.g_00337	Prak.g_00923
OG0000291	Prbd.g_00339	Prak.g_00921
OG0000292	Prbd.g_00389	Prak.g_01217
OG0000293	Prbd.g_00459	Prak.g_01182
OG0000294	Prbd.g_00460	Prak.g_01181
OG0000295	Prbd.g_00480	Prak.g_01158
OG0000296	Prbd.g_00482	Prak.g_01156
OG0000297	Prbd.g_00490	Prak.g_01147
OG0000298	Prbd.g_00491	Prak.g_01146
OG0000299	Prbd.g_00508	Prak.g_01127
OG0000300	Prbd.g_00511	Prak.g_01124
OG0000301	Prbd.g_00512	Prak.g_01123
OG0000302	Prbd.g_00514	Prak.g_01121
OG0000303	Prbd.g_00521	Prak.g_01115
OG0000304	Prbd.g_00525	Prak.g_00594
OG0000305	Prbd.g_01772	Prak.g_01215
OG0000306	Prbd.g_01769	Prak.g_00909
OG0000307	Prbd.g_01755	Prak.g_01338
OG0000308	Prbd.g_01754	Prak.g_01339
OG0000309	Prbd.g_01750	Prak.g_01343
OG0000310	Prbd.g_01704	Prak.g_01377
OG0000311	Prbd.g_01702	Prak.g_01379
OG0000312	Prbd.g_01699	Prak.g_01382
OG0000313	Prbd.g_01685	Prak.g_01395
OG0000314	Prbd.g_01662	Prak.g_01418
OG0000315	Prbd.g_01652	Prak.g_01428
OG0000316	Prbd.g_01632	Prak.g_01453
OG0000317	Prbd.g_01527	Prak.g_01642
OG0000318	Prbd.g_01524	Prak.g_01646
OG0000319	Prbd.g_01511	Prak.g_01659
OG0000320	Prbd.g_01509	Prak.g_01661
OG0000321	Prbd.g_01508	Prak.g_01662
OG0000322	Prbd.g_01507	Prak.g_01663
OG0000323	Prbd.g_01498	Prak.g_01672
OG0000324	Prbd.g_01471	Prak.g_01699
OG0000325	Prbd.g_01462	Prak.g_01710
OG0000326	Prbd.g_01456	Prak.g_01717
OG0000327	Prbd.g_01432	Prak.g_01738
OG0000328	Prbd.g_01431	Prak.g_01739
OG0000329	Prbd.g_01414	Prak.g_01756
OG0000330	Prbd.g_01413	Prak.g_01757
OG0000331	Prbd.g_01412	Prak.g_01758
OG0000332	Prbd.g_01398	Prak.g_01772
OG0000333	Prbd.g_01396	Prak.g_01774
OG0000334	Prbd.g_01388	Prak.g_01783
OG0000335	Prbd.g_01383	Prak.g_01788
OG0000336	Prbd.g_01379	Prak.g_01792
OG0000337	Prbd.g_01363	Prak.g_01810
OG0000338	Prbd.g_01362	Prak.g_01811
OG0000339	Prbd.g_01358	Prak.g_01817
OG0000340	Prbd.g_01350	Prak.g_01826
OG0000341	Prbd.g_01348	Prak.g_01828
OG0000342	Prbd.g_01347	Prak.g_01829
OG0000343	Prbd.g_01346	Prak.g_01830
OG0000344	Prbd.g_01343	Prak.g_01833
OG0000345	Prbd.g_01338	Prak.g_01839
OG0000346	Prbd.g_01334	Prak.g_01843
OG0000347	Prbd.g_01317	Prak.g_01860
OG0000348	Prbd.g_01307	Prak.g_01868
OG0000349	Prbd.g_01290	Prak.g_01886
OG0000350	Prbd.g_01272	Prak.g_00656
OG0000351	Prbd.g_01255	Prak.g_01926
OG0000352	Prbd.g_01254	Prak.g_01927
OG0000353	Prbd.g_01238	Prak.g_01944
OG0000355	Prbd.g_01236	Prak.g_00001
OG0000356	Prbd.g_01235	Prak.g_00002
OG0000357	Prbd.g_01234	Prak.g_00003
OG0000358	Prbd.g_01230	Prak.g_00007
OG0000359	Prbd.g_01229	Prak.g_00008
OG0000360	Prbd.g_01228	Prak.g_00009
OG0000361	Prbd.g_01227	Prak.g_00010
OG0000362	Prbd.g_01225	Prak.g_00012
OG0000363	Prbd.g_01223	Prak.g_00014
OG0000364	Prbd.g_01222	Prak.g_00015
OG0000365	Prbd.g_01217	Prak.g_00020
OG0000366	Prbd.g_01216	Prak.g_00021
OG0000367	Prbd.g_01215	Prak.g_00022
OG0000368	Prbd.g_01213	Prak.g_00024
OG0000369	Prbd.g_01212	Prak.g_00025
OG0000370	Prbd.g_01211	Prak.g_00026
OG0000371	Prbd.g_01205	Prak.g_00033
OG0000372	Prbd.g_01202	Prak.g_00036
OG0000373	Prbd.g_01201	Prak.g_00037
OG0000374	Prbd.g_01200	Prak.g_00038
OG0000375	Prbd.g_01198	Prak.g_00040
OG0000376	Prbd.g_01196	Prak.g_00042
OG0000377	Prbd.g_01192	Prak.g_00046
OG0000378	Prbd.g_01190	Prak.g_00050
OG0000379	Prbd.g_01187	Prak.g_00053
OG0000380	Prbd.g_01178	Prak.g_00070
OG0000381	Prbd.g_01174	Prak.g_00075
OG0000382	Prbd.g_01163	Prak.g_00085
OG0000383	Prbd.g_01161	Prak.g_00087
OG0000384	Prbd.g_01160	Prak.g_00088
OG0000385	Prbd.g_01159	Prak.g_00089
OG0000386	Prbd.g_01158	Prak.g_00090
OG0000387	Prbd.g_01145	Prak.g_00104
OG0000388	Prbd.g_01142	Prak.g_00108
OG0000389	Prbd.g_01138	Prak.g_00111
OG0000390	Prbd.g_01131	Prak.g_00121
OG0000391	Prbd.g_01127	Prak.g_00124
OG0000392	Prbd.g_01123	Prak.g_00128
OG0000393	Prbd.g_01121	Prak.g_00131
OG0000394	Prbd.g_01120	Prak.g_00132
OG0000395	Prbd.g_01119	Prak.g_00133
OG0000396	Prbd.g_01116	Prak.g_00135
OG0000397	Prbd.g_01114	Prak.g_00137
OG0000398	Prbd.g_01112	Prak.g_00140
OG0000399	Prbd.g_01111	Prak.g_00141
OG0000400	Prbd.g_01110	Prak.g_00142
OG0000401	Prbd.g_01109	Prak.g_00143
OG0000402	Prbd.g_01107	Prak.g_01035
OG0000403	Prbd.g_01106	Prak.g_00145
OG0000404	Prbd.g_01105	Prak.g_00146
OG0000405	Prbd.g_01100	Prak.g_00150
OG0000406	Prbd.g_01093	Prak.g_00158
OG0000407	Prbd.g_01092	Prak.g_00159
OG0000408	Prbd.g_01090	Prak.g_00161
OG0000409	Prbd.g_01088	Prak.g_00163
OG0000410	Prbd.g_01087	Prak.g_00164
OG0000411	Prbd.g_01086	Prak.g_00165
OG0000412	Prbd.g_01085	Prak.g_00166
OG0000413	Prbd.g_01084	Prak.g_00168
OG0000414	Prbd.g_01083	Prak.g_00169
OG0000415	Prbd.g_01082	Prak.g_00170
OG0000416	Prbd.g_01081	Prak.g_00171
OG0000417	Prbd.g_01080	Prak.g_00172
OG0000418	Prbd.g_01075	Prak.g_00177
OG0000419	Prbd.g_01073	Prak.g_00179
OG0000420	Prbd.g_01072	Prak.g_00180
OG0000421	Prbd.g_01067	Prak.g_00185
OG0000422	Prbd.g_01066	Prak.g_00186
OG0000423	Prbd.g_01065	Prak.g_00187
OG0000424	Prbd.g_01064	Prak.g_00188
OG0000425	Prbd.g_01063	Prak.g_00189
OG0000426	Prbd.g_01062	Prak.g_00190
OG0000427	Prbd.g_01061	Prak.g_00191
OG0000428	Prbd.g_01059	Prak.g_00193
OG0000429	Prbd.g_01058	Prak.g_00194
OG0000430	Prbd.g_01057	Prak.g_00195
OG0000431	Prbd.g_01055	Prak.g_00197
OG0000432	Prbd.g_01052	Prak.g_00201
OG0000433	Prbd.g_01051	Prak.g_00202
OG0000434	Prbd.g_01050	Prak.g_00203
OG0000435	Prbd.g_01049	Prak.g_00204
OG0000436	Prbd.g_01044	Prak.g_00209
OG0000437	Prbd.g_01043	Prak.g_00210
OG0000438	Prbd.g_01042	Prak.g_00211
OG0000439	Prbd.g_01040	Prak.g_00213
OG0000440	Prbd.g_01039	Prak.g_00214
OG0000441	Prbd.g_01036	Prak.g_00217
OG0000442	Prbd.g_01035	Prak.g_00218
OG0000443	Prbd.g_01034	Prak.g_00219
OG0000444	Prbd.g_01029	Prak.g_00225
OG0000445	Prbd.g_01028	Prak.g_00226
OG0000446	Prbd.g_01027	Prak.g_00227
OG0000447	Prbd.g_01026	Prak.g_00228
OG0000448	Prbd.g_01025	Prak.g_00229
OG0000449	Prbd.g_01024	Prak.g_00230
OG0000450	Prbd.g_01023	Prak.g_00231
OG0000451	Prbd.g_01022	Prak.g_00232
OG0000452	Prbd.g_01019	Prak.g_00235
OG0000453	Prbd.g_01018	Prak.g_00236
OG0000454	Prbd.g_01017	Prak.g_00237
OG0000455	Prbd.g_01016	Prak.g_00238
OG0000456	Prbd.g_01015	Prak.g_00239
OG0000457	Prbd.g_01013	Prak.g_00241
OG0000458	Prbd.g_01012	Prak.g_00242
OG0000459	Prbd.g_01011	Prak.g_00243
OG0000460	Prbd.g_01004	Prak.g_00251
OG0000461	Prbd.g_00997	Prak.g_00259
OG0000462	Prbd.g_00995	Prak.g_00261
OG0000463	Prbd.g_00994	Prak.g_00262
OG0000464	Prbd.g_00993	Prak.g_00263
OG0000465	Prbd.g_00992	Prak.g_00264
OG0000466	Prbd.g_00989	Prak.g_00267
OG0000467	Prbd.g_00988	Prak.g_00268
OG0000468	Prbd.g_00986	Prak.g_00271
OG0000469	Prbd.g_00977	Prak.g_00279
OG0000470	Prbd.g_00975	Prak.g_00281
OG0000471	Prbd.g_00974	Prak.g_00282
OG0000472	Prbd.g_00973	Prak.g_00284
OG0000473	Prbd.g_00971	Prak.g_00286
OG0000474	Prbd.g_00970	Prak.g_00287
OG0000475	Prbd.g_00969	Prak.g_00288
OG0000476	Prbd.g_00968	Prak.g_00290
OG0000477	Prbd.g_00964	Prak.g_00293
OG0000478	Prbd.g_00963	Prak.g_00294
OG0000479	Prbd.g_00962	Prak.g_00295
OG0000480	Prbd.g_00957	Prak.g_00300
OG0000481	Prbd.g_00955	Prak.g_00303
OG0000482	Prbd.g_00954	Prak.g_00304
OG0000483	Prbd.g_00951	Prak.g_00307
OG0000484	Prbd.g_00950	Prak.g_00308
OG0000485	Prbd.g_00949	Prak.g_00310
OG0000486	Prbd.g_00948	Prak.g_00311
OG0000487	Prbd.g_00944	Prak.g_00314
OG0000488	Prbd.g_00941	Prak.g_00317
OG0000489	Prbd.g_00936	Prak.g_00322
OG0000490	Prbd.g_00931	Prak.g_00326
OG0000491	Prbd.g_00930	Prak.g_00327
OG0000492	Prbd.g_00928	Prak.g_00329
OG0000493	Prbd.g_00927	Prak.g_00330
OG0000494	Prbd.g_00926	Prak.g_00331
OG0000495	Prbd.g_00925	Prak.g_00332
OG0000496	Prbd.g_00924	Prak.g_00333
OG0000497	Prbd.g_00923	Prak.g_00334
OG0000498	Prbd.g_00922	Prak.g_00335
OG0000499	Prbd.g_00921	Prak.g_00336
OG0000500	Prbd.g_00920	Prak.g_00337
OG0000501	Prbd.g_00918	Prak.g_00338
OG0000502	Prbd.g_00915	Prak.g_00341
OG0000503	Prbd.g_00905	Prak.g_00356
OG0000504	Prbd.g_00904	Prak.g_00358
OG0000505	Prbd.g_00903	Prak.g_00359
OG0000506	Prbd.g_00901	Prak.g_00360
OG0000507	Prbd.g_00898	Prak.g_00363
OG0000508	Prbd.g_00894	Prak.g_00367
OG0000509	Prbd.g_00892	Prak.g_00369
OG0000510	Prbd.g_00891	Prak.g_00370
OG0000511	Prbd.g_00890	Prak.g_00371
OG0000512	Prbd.g_00888	Prak.g_00373
OG0000513	Prbd.g_00881	Prak.g_00382
OG0000514	Prbd.g_00811	Prak.g_00393
OG0000515	Prbd.g_00810	Prak.g_00394
OG0000516	Prbd.g_00809	Prak.g_00395
OG0000517	Prbd.g_00807	Prak.g_00397
OG0000518	Prbd.g_00796	Prak.g_00408
OG0000519	Prbd.g_00795	Prak.g_00409
OG0000520	Prbd.g_00794	Prak.g_00410
OG0000521	Prbd.g_00789	Prak.g_00418
OG0000522	Prbd.g_00787	Prak.g_00420
OG0000523	Prbd.g_00786	Prak.g_00421
OG0000524	Prbd.g_00781	Prak.g_00426
OG0000525	Prbd.g_00778	Prak.g_00430
OG0000526	Prbd.g_00777	Prak.g_00431
OG0000527	Prbd.g_00769	Prak.g_00434
OG0000528	Prbd.g_00764	Prak.g_00439
OG0000529	Prbd.g_00761	Prak.g_00442
OG0000530	Prbd.g_00758	Prak.g_00445
OG0000531	Prbd.g_00757	Prak.g_00446
OG0000532	Prbd.g_00755	Prak.g_00448
OG0000533	Prbd.g_00754	Prak.g_00449
OG0000534	Prbd.g_00753	Prak.g_00450
OG0000535	Prbd.g_00752	Prak.g_00451
OG0000536	Prbd.g_00751	Prak.g_00452
OG0000537	Prbd.g_00750	Prak.g_00453
OG0000538	Prbd.g_00742	Prak.g_00462
OG0000539	Prbd.g_00741	Prak.g_00463
OG0000540	Prbd.g_00740	Prak.g_00464
OG0000541	Prbd.g_00739	Prak.g_00465
OG0000542	Prbd.g_00737	Prak.g_00466
OG0000543	Prbd.g_00735	Prak.g_00468
OG0000544	Prbd.g_00734	Prak.g_00469
OG0000545	Prbd.g_00732	Prak.g_00471
OG0000546	Prbd.g_00729	Prak.g_00474
OG0000547	Prbd.g_00727	Prak.g_00476
OG0000548	Prbd.g_00726	Prak.g_00477
OG0000549	Prbd.g_00724	Prak.g_00479
OG0000550	Prbd.g_00719	Prak.g_00483
OG0000551	Prbd.g_00715	Prak.g_00486
OG0000552	Prbd.g_00714	Prak.g_00487
OG0000553	Prbd.g_00713	Prak.g_00488
OG0000554	Prbd.g_00708	Prak.g_00493
OG0000555	Prbd.g_00700	Prak.g_00501
OG0000556	Prbd.g_00698	Prak.g_00503
OG0000557	Prbd.g_00697	Prak.g_00504
OG0000558	Prbd.g_00695	Prak.g_00507
OG0000559	Prbd.g_00691	Prak.g_00511
OG0000560	Prbd.g_00688	Prak.g_00514
OG0000561	Prbd.g_00687	Prak.g_00515
OG0000562	Prbd.g_00686	Prak.g_00516
OG0000563	Prbd.g_00685	Prak.g_00517
OG0000564	Prbd.g_00684	Prak.g_00518
OG0000565	Prbd.g_00681	Prak.g_00520
OG0000566	Prbd.g_00679	Prak.g_00524
OG0000567	Prbd.g_00675	Prak.g_00528
OG0000568	Prbd.g_00674	Prak.g_00529
OG0000569	Prbd.g_00673	Prak.g_00530
OG0000570	Prbd.g_00672	Prak.g_00531
OG0000571	Prbd.g_00670	Prak.g_00533
OG0000572	Prbd.g_00657	Prak.g_00547
OG0000573	Prbd.g_00652	Prak.g_00553
OG0000574	Prbd.g_00651	Prak.g_00554
OG0000575	Prbd.g_00647	Prak.g_00558
OG0000576	Prbd.g_00645	Prak.g_00560
OG0000577	Prbd.g_00644	Prak.g_00561
OG0000578	Prbd.g_00643	Prak.g_00562
OG0000579	Prbd.g_00642	Prak.g_00563
OG0000580	Prbd.g_00641	Prak.g_00564
OG0000581	Prbd.g_00639	Prak.g_00567
OG0000582	Prbd.g_00636	Prak.g_00570
OG0000583	Prbd.g_00635	Prak.g_00571
OG0000584	Prbd.g_00634	Prak.g_00572
OG0000585	Prbd.g_00632	Prak.g_00574
OG0000586	Prbd.g_00631	Prak.g_00575
OG0000587	Prbd.g_00630	Prak.g_00576
OG0000588	Prbd.g_00626	Prak.g_00580
OG0000589	Prbd.g_00623	Prak.g_00582
OG0000590	Prbd.g_00622	Prak.g_00583
OG0000591	Prbd.g_00619	Prak.g_00587
OG0000592	Prbd.g_00618	Prak.g_00588
OG0000593	Prbd.g_00612	Prak.g_01111
OG0000594	Prbd.g_00611	Prak.g_01110
OG0000595	Prbd.g_00610	Prak.g_01109
OG0000596	Prbd.g_00606	Prak.g_01105
OG0000597	Prbd.g_00604	Prak.g_01102
OG0000598	Prbd.g_00603	Prak.g_01101
OG0000599	Prbd.g_00600	Prak.g_01098
OG0000600	Prbd.g_00599	Prak.g_01097
OG0000601	Prbd.g_00598	Prak.g_01096
OG0000602	Prbd.g_00596	Prak.g_01094
OG0000603	Prbd.g_00595	Prak.g_01093
OG0000604	Prbd.g_00594	Prak.g_01092
OG0000605	Prbd.g_00593	Prak.g_01091
OG0000606	Prbd.g_00590	Prak.g_01088
OG0000607	Prbd.g_00587	Prak.g_01085
OG0000608	Prbd.g_00586	Prak.g_01084
OG0000609	Prbd.g_00585	Prak.g_01083
OG0000610	Prbd.g_00580	Prak.g_01077
OG0000611	Prbd.g_00577	Prak.g_01074
OG0000612	Prbd.g_00576	Prak.g_01073
OG0000613	Prbd.g_00571	Prak.g_00800
OG0000614	Prbd.g_00552	Prak.g_00821
OG0000615	Prbd.g_00544	Prak.g_00832
OG0000616	Prbd.g_00540	Prak.g_01934
OG0000617	Prbd.g_00013	Prak.g_01057
OG0000618	Prbd.g_00014	Prak.g_01056
OG0000619	Prbd.g_00015	Prak.g_01055
OG0000620	Prbd.g_00018	Prak.g_01052
OG0000621	Prbd.g_00019	Prak.g_01051
OG0000622	Prbd.g_00020	Prak.g_01050
OG0000623	Prbd.g_00021	Prak.g_01049
OG0000624	Prbd.g_00022	Prak.g_01047
OG0000625	Prbd.g_00023	Prak.g_01046
OG0000626	Prbd.g_00024	Prak.g_01045
OG0000627	Prbd.g_00025	Prak.g_01044
OG0000628	Prbd.g_00026	Prak.g_01043
OG0000629	Prbd.g_00027	Prak.g_01042
OG0000630	Prbd.g_00030	Prak.g_01039
OG0000631	Prbd.g_00093	Prak.g_00946
OG0000632	Prbd.g_00094	Prak.g_00947
OG0000633	Prbd.g_00095	Prak.g_00948
OG0000634	Prbd.g_00098	Prak.g_00841
OG0000635	Prbd.g_00099	Prak.g_00842
OG0000636	Prbd.g_00101	Prak.g_00844
OG0000637	Prbd.g_00103	Prak.g_00846
OG0000638	Prbd.g_00104	Prak.g_00847
OG0000639	Prbd.g_00105	Prak.g_00848
OG0000640	Prbd.g_00106	Prak.g_00849
OG0000641	Prbd.g_00110	Prak.g_00853
OG0000642	Prbd.g_00111	Prak.g_00854
OG0000643	Prbd.g_00112	Prak.g_00855
OG0000644	Prbd.g_00113	Prak.g_00856
OG0000645	Prbd.g_00114	Prak.g_00857
OG0000646	Prbd.g_00116	Prak.g_00859
OG0000647	Prbd.g_00117	Prak.g_00861
OG0000648	Prbd.g_00119	Prak.g_00863
OG0000649	Prbd.g_00120	Prak.g_00864
OG0000650	Prbd.g_00121	Prak.g_00865
OG0000651	Prbd.g_00122	Prak.g_00866
OG0000652	Prbd.g_00123	Prak.g_00867
OG0000653	Prbd.g_00125	Prak.g_00869
OG0000654	Prbd.g_00126	Prak.g_00870
OG0000655	Prbd.g_00127	Prak.g_00871
OG0000656	Prbd.g_00130	Prak.g_00874
OG0000657	Prbd.g_00138	Prak.g_00882
OG0000658	Prbd.g_00139	Prak.g_00884
OG0000659	Prbd.g_00140	Prak.g_00885
OG0000660	Prbd.g_00144	Prak.g_00889
OG0000661	Prbd.g_00146	Prak.g_00891
OG0000662	Prbd.g_00148	Prak.g_00893
OG0000663	Prbd.g_00150	Prak.g_00895
OG0000664	Prbd.g_00151	Prak.g_00896
OG0000665	Prbd.g_00155	Prak.g_00902
OG0000666	Prbd.g_00156	Prak.g_00903
OG0000667	Prbd.g_00160	Prak.g_00907
OG0000668	Prbd.g_00190	Prak.g_00748
OG0000669	Prbd.g_00197	Prak.g_00759
OG0000670	Prbd.g_00199	Prak.g_00762
OG0000671	Prbd.g_00201	Prak.g_00765
OG0000672	Prbd.g_00204	Prak.g_00768
OG0000673	Prbd.g_00207	Prak.g_00771
OG0000674	Prbd.g_00209	Prak.g_00773
OG0000675	Prbd.g_00210	Prak.g_00774
OG0000676	Prbd.g_00212	Prak.g_00776
OG0000677	Prbd.g_00213	Prak.g_00777
OG0000678	Prbd.g_00215	Prak.g_00779
OG0000679	Prbd.g_00219	Prak.g_00783
OG0000680	Prbd.g_00220	Prak.g_00784
OG0000681	Prbd.g_00222	Prak.g_00787
OG0000682	Prbd.g_00223	Prak.g_00788
OG0000683	Prbd.g_00224	Prak.g_00789
OG0000684	Prbd.g_00226	Prak.g_00791
OG0000685	Prbd.g_00228	Prak.g_00793
OG0000686	Prbd.g_00229	Prak.g_00794
OG0000687	Prbd.g_00230	Prak.g_00795
OG0000688	Prbd.g_00233	Prak.g_01069
OG0000689	Prbd.g_00234	Prak.g_01068
OG0000690	Prbd.g_00235	Prak.g_01067
OG0000691	Prbd.g_00236	Prak.g_01066
OG0000692	Prbd.g_00238	Prak.g_01064
OG0000693	Prbd.g_00239	Prak.g_01063
OG0000694	Prbd.g_00240	Prak.g_01062
OG0000695	Prbd.g_00242	Prak.g_00950
OG0000696	Prbd.g_00243	Prak.g_00951
OG0000697	Prbd.g_00244	Prak.g_00952
OG0000698	Prbd.g_00247	Prak.g_00955
OG0000699	Prbd.g_00248	Prak.g_00956
OG0000700	Prbd.g_00249	Prak.g_00957
OG0000701	Prbd.g_00250	Prak.g_00958
OG0000702	Prbd.g_00252	Prak.g_00960
OG0000703	Prbd.g_00253	Prak.g_00961
OG0000704	Prbd.g_00254	Prak.g_00963
OG0000705	Prbd.g_00258	Prak.g_00966
OG0000706	Prbd.g_00259	Prak.g_00967
OG0000707	Prbd.g_00260	Prak.g_00968
OG0000708	Prbd.g_00261	Prak.g_00970
OG0000709	Prbd.g_00265	Prak.g_00974
OG0000710	Prbd.g_00268	Prak.g_00977
OG0000711	Prbd.g_00285	Prak.g_00995
OG0000712	Prbd.g_00287	Prak.g_00996
OG0000713	Prbd.g_00288	Prak.g_00997
OG0000714	Prbd.g_00289	Prak.g_00998
OG0000715	Prbd.g_00291	Prak.g_01000
OG0000716	Prbd.g_00293	Prak.g_01002
OG0000717	Prbd.g_00294	Prak.g_01003
OG0000718	Prbd.g_00309	Prak.g_01007
OG0000719	Prbd.g_00311	Prak.g_01009
OG0000720	Prbd.g_00320	Prak.g_01021
OG0000721	Prbd.g_00322	Prak.g_01025
OG0000722	Prbd.g_00323	Prak.g_01026
OG0000723	Prbd.g_00326	Prak.g_01030
OG0000724	Prbd.g_00335	Prak.g_00925
OG0000725	Prbd.g_00341	Prak.g_00919
OG0000726	Prbd.g_00342	Prak.g_00918
OG0000727	Prbd.g_00343	Prak.g_00917
OG0000728	Prbd.g_00345	Prak.g_00915
OG0000729	Prbd.g_00391	Prak.g_01255
OG0000730	Prbd.g_00395	Prak.g_01214
OG0000731	Prbd.g_00399	Prak.g_00362
OG0000732	Prbd.g_00408	Prak.g_01885
OG0000733	Prbd.g_00428	Prak.g_01551
OG0000734	Prbd.g_00453	Prak.g_01188
OG0000735	Prbd.g_00455	Prak.g_01186
OG0000736	Prbd.g_00456	Prak.g_01185
OG0000737	Prbd.g_00457	Prak.g_01184
OG0000738	Prbd.g_00461	Prak.g_01180
OG0000739	Prbd.g_00462	Prak.g_01179
OG0000740	Prbd.g_00463	Prak.g_01178
OG0000741	Prbd.g_00464	Prak.g_01176
OG0000742	Prbd.g_00467	Prak.g_01173
OG0000743	Prbd.g_00469	Prak.g_01171
OG0000744	Prbd.g_00470	Prak.g_01170
OG0000745	Prbd.g_00471	Prak.g_01169
OG0000746	Prbd.g_00473	Prak.g_01167
OG0000747	Prbd.g_00474	Prak.g_01166
OG0000748	Prbd.g_00477	Prak.g_01162
OG0000749	Prbd.g_00478	Prak.g_01161
OG0000750	Prbd.g_00479	Prak.g_01160
OG0000751	Prbd.g_00481	Prak.g_01157
OG0000752	Prbd.g_00483	Prak.g_01155
OG0000753	Prbd.g_00486	Prak.g_01153
OG0000754	Prbd.g_00489	Prak.g_01150
OG0000755	Prbd.g_00492	Prak.g_01144
OG0000756	Prbd.g_00493	Prak.g_01143
OG0000757	Prbd.g_00499	Prak.g_01136
OG0000758	Prbd.g_00500	Prak.g_01135
OG0000759	Prbd.g_00501	Prak.g_01134
OG0000760	Prbd.g_00502	Prak.g_01133
OG0000761	Prbd.g_00503	Prak.g_01132
OG0000762	Prbd.g_00504	Prak.g_01131
OG0000763	Prbd.g_00506	Prak.g_01129
OG0000764	Prbd.g_00507	Prak.g_01128
OG0000765	Prbd.g_00516	Prak.g_01120
OG0000766	Prbd.g_00517	Prak.g_01119
OG0000767	Prbd.g_00519	Prak.g_01117
OG0000768	Prbd.g_00520	Prak.g_01116
OG0000769	Prbd.g_00522	Prak.g_01114
OG0000770	Prbd.g_00524	Prak.g_00593
OG0000771	Prbd.g_01921	Prak.g_01487
OG0000772	Prbd.g_01858	Prak.g_01571
OG0000773	Prbd.g_01810	Prak.g_01268
OG0000774	Prbd.g_01808	Prak.g_01270
OG0000775	Prbd.g_01806	Prak.g_01272
OG0000776	Prbd.g_01805	Prak.g_01273
OG0000777	Prbd.g_01804	Prak.g_01274
OG0000778	Prbd.g_01803	Prak.g_01275
OG0000779	Prbd.g_01799	Prak.g_01279
OG0000780	Prbd.g_01798	Prak.g_01280
OG0000781	Prbd.g_01795	Prak.g_01284
OG0000782	Prbd.g_01794	Prak.g_01285
OG0000783	Prbd.g_01793	Prak.g_01286
OG0000784	Prbd.g_01792	Prak.g_01287
OG0000785	Prbd.g_01790	Prak.g_01289
OG0000786	Prbd.g_01788	Prak.g_01292
OG0000787	Prbd.g_01787	Prak.g_01293
OG0000788	Prbd.g_01777	Prak.g_00460
OG0000789	Prbd.g_01774	Prak.g_01490
OG0000790	Prbd.g_01759	Prak.g_01334
OG0000791	Prbd.g_01757	Prak.g_01336
OG0000792	Prbd.g_01756	Prak.g_01337
OG0000793	Prbd.g_01753	Prak.g_01340
OG0000794	Prbd.g_01752	Prak.g_01341
OG0000795	Prbd.g_01751	Prak.g_01342
OG0000796	Prbd.g_01747	Prak.g_01346
OG0000797	Prbd.g_01746	Prak.g_01347
OG0000799	Prbd.g_01707	Prak.g_01374
OG0000800	Prbd.g_01706	Prak.g_01375
OG0000801	Prbd.g_01705	Prak.g_01376
OG0000802	Prbd.g_01703	Prak.g_01378
OG0000803	Prbd.g_01701	Prak.g_01380
OG0000804	Prbd.g_01700	Prak.g_01381
OG0000805	Prbd.g_01698	Prak.g_01383
OG0000806	Prbd.g_01696	Prak.g_01385
OG0000807	Prbd.g_01695	Prak.g_01386
OG0000808	Prbd.g_01694	Prak.g_01387
OG0000809	Prbd.g_01691	Prak.g_01389
OG0000810	Prbd.g_01690	Prak.g_01390
OG0000811	Prbd.g_01686	Prak.g_01394
OG0000812	Prbd.g_01684	Prak.g_01396
OG0000813	Prbd.g_01683	Prak.g_01397
OG0000814	Prbd.g_01681	Prak.g_01399
OG0000815	Prbd.g_01680	Prak.g_01400
OG0000816	Prbd.g_01678	Prak.g_01402
OG0000817	Prbd.g_01677	Prak.g_01403
OG0000818	Prbd.g_01672	Prak.g_01408
OG0000819	Prbd.g_01671	Prak.g_01409
OG0000820	Prbd.g_01670	Prak.g_01410
OG0000821	Prbd.g_01666	Prak.g_01414
OG0000822	Prbd.g_01665	Prak.g_01415
OG0000823	Prbd.g_01664	Prak.g_01416
OG0000824	Prbd.g_01661	Prak.g_01419
OG0000825	Prbd.g_01660	Prak.g_01420
OG0000826	Prbd.g_01659	Prak.g_01421
OG0000827	Prbd.g_01658	Prak.g_01422
OG0000828	Prbd.g_01655	Prak.g_01425
OG0000829	Prbd.g_01654	Prak.g_01426
OG0000830	Prbd.g_01653	Prak.g_01427
OG0000831	Prbd.g_01651	Prak.g_01429
OG0000832	Prbd.g_01645	Prak.g_01439
OG0000833	Prbd.g_01637	Prak.g_01448
OG0000834	Prbd.g_01636	Prak.g_01449
OG0000835	Prbd.g_01635	Prak.g_01450
OG0000836	Prbd.g_01634	Prak.g_01451
OG0000837	Prbd.g_01633	Prak.g_01452
OG0000838	Prbd.g_01631	Prak.g_01454
OG0000839	Prbd.g_01630	Prak.g_01455
OG0000840	Prbd.g_01629	Prak.g_01456
OG0000841	Prbd.g_01628	Prak.g_01457
OG0000842	Prbd.g_01627	Prak.g_01458
OG0000843	Prbd.g_01626	Prak.g_01459
OG0000844	Prbd.g_01625	Prak.g_01460
OG0000845	Prbd.g_01624	Prak.g_01461
OG0000846	Prbd.g_01623	Prak.g_01462
OG0000847	Prbd.g_01622	Prak.g_01463
OG0000848	Prbd.g_01621	Prak.g_01464
OG0000849	Prbd.g_01620	Prak.g_01465
OG0000850	Prbd.g_01617	Prak.g_01467
OG0000851	Prbd.g_01616	Prak.g_01468
OG0000852	Prbd.g_01615	Prak.g_01469
OG0000853	Prbd.g_01611	Prak.g_01475
OG0000854	Prbd.g_01609	Prak.g_01477
OG0000855	Prbd.g_01608	Prak.g_01478
OG0000856	Prbd.g_01593	Prak.g_00590
OG0000857	Prbd.g_01566	Prak.g_00860
OG0000858	Prbd.g_01531	Prak.g_01638
OG0000859	Prbd.g_01530	Prak.g_01639
OG0000860	Prbd.g_01523	Prak.g_01647
OG0000861	Prbd.g_01522	Prak.g_01648
OG0000862	Prbd.g_01521	Prak.g_01649
OG0000863	Prbd.g_01519	Prak.g_01651
OG0000864	Prbd.g_01518	Prak.g_01652
OG0000865	Prbd.g_01517	Prak.g_01653
OG0000866	Prbd.g_01516	Prak.g_01654
OG0000867	Prbd.g_01515	Prak.g_01655
OG0000868	Prbd.g_01514	Prak.g_01657
OG0000869	Prbd.g_01510	Prak.g_01660
OG0000870	Prbd.g_01505	Prak.g_01665
OG0000871	Prbd.g_01504	Prak.g_01666
OG0000872	Prbd.g_01503	Prak.g_01667
OG0000873	Prbd.g_01500	Prak.g_01670
OG0000874	Prbd.g_01497	Prak.g_01673
OG0000875	Prbd.g_01496	Prak.g_01674
OG0000876	Prbd.g_01495	Prak.g_01675
OG0000877	Prbd.g_01493	Prak.g_01677
OG0000878	Prbd.g_01492	Prak.g_01678
OG0000879	Prbd.g_01491	Prak.g_01679
OG0000880	Prbd.g_01490	Prak.g_01680
OG0000881	Prbd.g_01486	Prak.g_01684
OG0000882	Prbd.g_01481	Prak.g_01689
OG0000883	Prbd.g_01479	Prak.g_01691
OG0000884	Prbd.g_01477	Prak.g_01693
OG0000885	Prbd.g_01476	Prak.g_01694
OG0000886	Prbd.g_01475	Prak.g_01695
OG0000887	Prbd.g_01474	Prak.g_01696
OG0000888	Prbd.g_01472	Prak.g_01698
OG0000889	Prbd.g_01470	Prak.g_01700
OG0000890	Prbd.g_01469	Prak.g_01701
OG0000891	Prbd.g_01468	Prak.g_01702
OG0000892	Prbd.g_01466	Prak.g_01704
OG0000893	Prbd.g_01463	Prak.g_01708
OG0000894	Prbd.g_01461	Prak.g_01711
OG0000895	Prbd.g_01458	Prak.g_01715
OG0000896	Prbd.g_01457	Prak.g_01716
OG0000897	Prbd.g_01455	Prak.g_01718
OG0000898	Prbd.g_01454	Prak.g_01719
OG0000899	Prbd.g_01453	Prak.g_01720
OG0000900	Prbd.g_01452	Prak.g_01721
OG0000901	Prbd.g_01449	Prak.g_01724
OG0000902	Prbd.g_01447	Prak.g_01726
OG0000903	Prbd.g_01444	Prak.g_01730
OG0000904	Prbd.g_01442	Prak.g_01734
OG0000905	Prbd.g_01437	Prak.g_01728
OG0000906	Prbd.g_01436	Prak.g_01727
OG0000907	Prbd.g_01433	Prak.g_01737
OG0000908	Prbd.g_01430	Prak.g_01740
OG0000909	Prbd.g_01429	Prak.g_01741
OG0000910	Prbd.g_01428	Prak.g_01742
OG0000911	Prbd.g_01426	Prak.g_01744
OG0000912	Prbd.g_01425	Prak.g_01745
OG0000913	Prbd.g_01424	Prak.g_01746
OG0000914	Prbd.g_01423	Prak.g_01747
OG0000915	Prbd.g_01422	Prak.g_01748
OG0000916	Prbd.g_01421	Prak.g_01749
OG0000917	Prbd.g_01420	Prak.g_01750
OG0000918	Prbd.g_01419	Prak.g_01751
OG0000919	Prbd.g_01418	Prak.g_01752
OG0000920	Prbd.g_01417	Prak.g_01753
OG0000921	Prbd.g_01416	Prak.g_01754
OG0000922	Prbd.g_01415	Prak.g_01755
OG0000923	Prbd.g_01411	Prak.g_01759
OG0000924	Prbd.g_01410	Prak.g_01760
OG0000925	Prbd.g_01409	Prak.g_01761
OG0000926	Prbd.g_01408	Prak.g_01762
OG0000927	Prbd.g_01406	Prak.g_01764
OG0000928	Prbd.g_01405	Prak.g_01765
OG0000929	Prbd.g_01404	Prak.g_01766
OG0000930	Prbd.g_01403	Prak.g_01767
OG0000931	Prbd.g_01402	Prak.g_01768
OG0000932	Prbd.g_01401	Prak.g_01769
OG0000933	Prbd.g_01397	Prak.g_01773
OG0000934	Prbd.g_01395	Prak.g_01775
OG0000935	Prbd.g_01394	Prak.g_01776
OG0000936	Prbd.g_01393	Prak.g_01777
OG0000937	Prbd.g_01392	Prak.g_01778
OG0000938	Prbd.g_01390	Prak.g_01781
OG0000939	Prbd.g_01389	Prak.g_01782
OG0000940	Prbd.g_01382	Prak.g_01789
OG0000941	Prbd.g_01380	Prak.g_01791
OG0000942	Prbd.g_01378	Prak.g_01793
OG0000943	Prbd.g_01377	Prak.g_01794
OG0000944	Prbd.g_01376	Prak.g_01796
OG0000945	Prbd.g_01375	Prak.g_01797
OG0000946	Prbd.g_01371	Prak.g_01802
OG0000947	Prbd.g_01369	Prak.g_01804
OG0000948	Prbd.g_01368	Prak.g_01805
OG0000949	Prbd.g_01365	Prak.g_01808
OG0000950	Prbd.g_01360	Prak.g_01815
OG0000951	Prbd.g_01356	Prak.g_01819
OG0000952	Prbd.g_01352	Prak.g_01823
OG0000953	Prbd.g_01349	Prak.g_01827
OG0000954	Prbd.g_01345	Prak.g_01831
OG0000955	Prbd.g_01344	Prak.g_01832
OG0000956	Prbd.g_01342	Prak.g_01834
OG0000957	Prbd.g_01337	Prak.g_01840
OG0000958	Prbd.g_01336	Prak.g_01841
OG0000959	Prbd.g_01332	Prak.g_01845
OG0000960	Prbd.g_01331	Prak.g_01846
OG0000961	Prbd.g_01329	Prak.g_01849
OG0000962	Prbd.g_01327	Prak.g_01851
OG0000963	Prbd.g_01323	Prak.g_01855
OG0000964	Prbd.g_01321	Prak.g_01856
OG0000965	Prbd.g_01320	Prak.g_01857
OG0000966	Prbd.g_01312	Prak.g_01863
OG0000967	Prbd.g_01308	Prak.g_01867
OG0000968	Prbd.g_01306	Prak.g_01869
OG0000969	Prbd.g_01305	Prak.g_01870
OG0000970	Prbd.g_01304	Prak.g_01871
OG0000971	Prbd.g_01303	Prak.g_01872
OG0000972	Prbd.g_01302	Prak.g_01873
OG0000973	Prbd.g_01301	Prak.g_01874
OG0000974	Prbd.g_01300	Prak.g_01875
OG0000975	Prbd.g_01299	Prak.g_01876
OG0000976	Prbd.g_01298	Prak.g_01877
OG0000977	Prbd.g_01297	Prak.g_01878
OG0000978	Prbd.g_01296	Prak.g_01879
OG0000979	Prbd.g_01293	Prak.g_01882
OG0000980	Prbd.g_01291	Prak.g_01884
OG0000981	Prbd.g_01289	Prak.g_01887
OG0000982	Prbd.g_01287	Prak.g_01889
OG0000983	Prbd.g_01286	Prak.g_01890
OG0000984	Prbd.g_01285	Prak.g_01891
OG0000985	Prbd.g_01282	Prak.g_01894
OG0000986	Prbd.g_01280	Prak.g_01896
OG0000987	Prbd.g_01279	Prak.g_01897
OG0000988	Prbd.g_01276	Prak.g_01900
OG0000989	Prbd.g_01273	Prak.g_01904
OG0000990	Prbd.g_01270	Prak.g_01908
OG0000991	Prbd.g_01269	Prak.g_01909
OG0000992	Prbd.g_01267	Prak.g_01912
OG0000993	Prbd.g_01266	Prak.g_01913
OG0000994	Prbd.g_01265	Prak.g_01914
OG0000995	Prbd.g_01261	Prak.g_01918
OG0000996	Prbd.g_01260	Prak.g_01919
OG0000997	Prbd.g_01259	Prak.g_01922
OG0000998	Prbd.g_01257	Prak.g_01924
OG0000999	Prbd.g_01256	Prak.g_01925
OG0001000	Prbd.g_01253	Prak.g_01928
OG0001001	Prbd.g_01251	Prak.g_01931
OG0001002	Prbd.g_01247	Prak.g_01936
OG0001003	Prbd.g_01245	Prak.g_01937
OG0001004	Prbd.g_01244	Prak.g_01938
OG0001005	Prbd.g_01243	Prak.g_01939
OG0001006	Prbd.g_01239	Prak.g_01943
OG0001007	Prbd.g_01237	Prak.g_01945
OG0001008	Prbd.g_00805	Prak.g_00399
OG0001009	Prbd.g_01210	Prak.g_00027
OG0001010	Prbd.g_01209	Prak.g_00028
OG0001011	Prbd.g_01208	Prak.g_00030
OG0001012	Prbd.g_01195	Prak.g_00044
OG0001013	Prbd.g_01189	Prak.g_00051
OG0001014	Prbd.g_01186	Prak.g_00054
OG0001015	Prbd.g_01185	Prak.g_00056
OG0001016	Prbd.g_01171	Prak.g_00078
OG0001017	Prbd.g_01167	Prak.g_00082
OG0001018	Prbd.g_01164	Prak.g_00084
OG0001019	Prbd.g_01155	Prak.g_00093
OG0001020	Prbd.g_01154	Prak.g_00094
OG0001021	Prbd.g_01153	Prak.g_00095
OG0001022	Prbd.g_01150	Prak.g_00098
OG0001023	Prbd.g_01149	Prak.g_00099
OG0001024	Prbd.g_01146	Prak.g_00103
OG0001025	Prbd.g_01140	Prak.g_00110
OG0001026	Prbd.g_01133	Prak.g_00119
OG0001027	Prbd.g_01132	Prak.g_00120
OG0001028	Prbd.g_01130	Prak.g_00122
OG0001029	Prbd.g_01128	Prak.g_00123
OG0001030	Prbd.g_01113	Prak.g_00139
OG0001031	Prbd.g_01054	Prak.g_00199
OG0001032	Prbd.g_01053	Prak.g_00200
OG0001033	Prbd.g_01032	Prak.g_00221
OG0001034	Prbd.g_01003	Prak.g_00252
OG0001035	Prbd.g_00985	Prak.g_00272
OG0001036	Prbd.g_00980	Prak.g_00276
OG0001037	Prbd.g_00979	Prak.g_00277
OG0001038	Prbd.g_00961	Prak.g_00296
OG0001039	Prbd.g_00958	Prak.g_00299
OG0001040	Prbd.g_00956	Prak.g_00301
OG0001041	Prbd.g_00952	Prak.g_00306
OG0001042	Prbd.g_00935	Prak.g_00323
OG0001043	Prbd.g_00934	Prak.g_00324
OG0001044	Prbd.g_00906	Prak.g_00355
OG0001045	Prbd.g_00897	Prak.g_00364
OG0001046	Prbd.g_00859	Prak.g_01597
OG0001047	Prbd.g_00803	Prak.g_00401
OG0001048	Prbd.g_00802	Prak.g_00402
OG0001049	Prbd.g_00800	Prak.g_00404
OG0001050	Prbd.g_00799	Prak.g_00405
OG0001051	Prbd.g_00798	Prak.g_00406
OG0001052	Prbd.g_00771	Prak.g_00432
OG0001053	Prbd.g_00759	Prak.g_00444
OG0001054	Prbd.g_00744	Prak.g_00459
OG0001055	Prbd.g_00725	Prak.g_00478
OG0001056	Prbd.g_00706	Prak.g_00495
OG0001057	Prbd.g_00701	Prak.g_00500
OG0001058	Prbd.g_00693	Prak.g_00509
OG0001059	Prbd.g_00689	Prak.g_00513
OG0001060	Prbd.g_00682	Prak.g_00519
OG0001061	Prbd.g_00669	Prak.g_00534
OG0001062	Prbd.g_00667	Prak.g_00536
OG0001063	Prbd.g_00665	Prak.g_00538
OG0001064	Prbd.g_00664	Prak.g_00539
OG0001065	Prbd.g_00663	Prak.g_00540
OG0001066	Prbd.g_00662	Prak.g_00541
OG0001067	Prbd.g_00661	Prak.g_00542
OG0001068	Prbd.g_00660	Prak.g_00543
OG0001069	Prbd.g_00659	Prak.g_00544
OG0001070	Prbd.g_00656	Prak.g_00548
OG0001071	Prbd.g_00655	Prak.g_00549
OG0001072	Prbd.g_00654	Prak.g_00551
OG0001073	Prbd.g_00640	Prak.g_00565
OG0001074	Prbd.g_00629	Prak.g_00577
OG0001075	Prbd.g_00628	Prak.g_00578
OG0001076	Prbd.g_00620	Prak.g_00585
OG0001077	Prbd.g_00616	Prak.g_00591
OG0001078	Prbd.g_00608	Prak.g_01107
OG0001079	Prbd.g_00597	Prak.g_01095
OG0001080	Prbd.g_00591	Prak.g_01089
OG0001081	Prbd.g_00589	Prak.g_01087
OG0001082	Prbd.g_00588	Prak.g_01086
OG0001083	Prbd.g_00583	Prak.g_01081
OG0001084	Prbd.g_00582	Prak.g_01080
OG0001085	Prbd.g_00574	Prak.g_00797
OG0001086	Prbd.g_00573	Prak.g_00798
OG0001087	Prbd.g_00556	Prak.g_00816
OG0001088	Prbd.g_00555	Prak.g_00817
OG0001089	Prbd.g_00547	Prak.g_00828
OG0001090	Prbd.g_00008	Prak.g_00838
OG0001091	Prbd.g_00010	Prak.g_01060
OG0001092	Prbd.g_00011	Prak.g_01059
OG0001093	Prbd.g_00016	Prak.g_01054
OG0001094	Prbd.g_00096	Prak.g_01061
OG0001095	Prbd.g_00115	Prak.g_00858
OG0001096	Prbd.g_00128	Prak.g_00872
OG0001097	Prbd.g_00147	Prak.g_00892
OG0001098	Prbd.g_00162	Prak.g_00911
OG0001099	Prbd.g_00194	Prak.g_00753
OG0001100	Prbd.g_00198	Prak.g_00761
OG0001101	Prbd.g_00200	Prak.g_00764
OG0001102	Prbd.g_00203	Prak.g_00767
OG0001103	Prbd.g_00205	Prak.g_00769
OG0001104	Prbd.g_00227	Prak.g_00792
OG0001105	Prbd.g_00231	Prak.g_00796
OG0001106	Prbd.g_00255	Prak.g_00964
OG0001107	Prbd.g_00262	Prak.g_00971
OG0001108	Prbd.g_00266	Prak.g_00975
OG0001109	Prbd.g_00267	Prak.g_00976
OG0001110	Prbd.g_00269	Prak.g_00978
OG0001111	Prbd.g_00270	Prak.g_00979
OG0001112	Prbd.g_00271	Prak.g_00980
OG0001113	Prbd.g_00272	Prak.g_00981
OG0001114	Prbd.g_00273	Prak.g_00982
OG0001115	Prbd.g_00275	Prak.g_00984
OG0001116	Prbd.g_00276	Prak.g_00985
OG0001117	Prbd.g_00277	Prak.g_00986
OG0001118	Prbd.g_00278	Prak.g_00987
OG0001119	Prbd.g_00279	Prak.g_00988
OG0001120	Prbd.g_00281	Prak.g_00990
OG0001122	Prbd.g_00312	Prak.g_01010
OG0001123	Prbd.g_00316	Prak.g_01016
OG0001124	Prbd.g_00318	Prak.g_01018
OG0001125	Prbd.g_00319	Prak.g_01020
OG0001126	Prbd.g_00329	Prak.g_00931
OG0001127	Prbd.g_00330	Prak.g_00930
OG0001128	Prbd.g_00332	Prak.g_00928
OG0001129	Prbd.g_00333	Prak.g_00927
OG0001130	Prbd.g_00334	Prak.g_00926
OG0001131	Prbd.g_00370	Prak.g_00383
OG0001132	Prbd.g_00380	Prak.g_00712
OG0001133	Prbd.g_00414	Prak.g_01328
OG0001134	Prbd.g_00427	Prak.g_01550
OG0001135	Prbd.g_00430	Prak.g_01553
OG0001136	Prbd.g_00465	Prak.g_01175
OG0001137	Prbd.g_00476	Prak.g_01163
OG0001138	Prbd.g_00494	Prak.g_01142
OG0001139	Prbd.g_00495	Prak.g_01140
OG0001140	Prbd.g_00496	Prak.g_01139
OG0001141	Prbd.g_00497	Prak.g_01138
OG0001142	Prbd.g_00498	Prak.g_01137
OG0001143	Prbd.g_00505	Prak.g_01130
OG0001144	Prbd.g_00510	Prak.g_01125
OG0001145	Prbd.g_01809	Prak.g_01269
OG0001146	Prbd.g_01797	Prak.g_01281
OG0001147	Prbd.g_01778	Prak.g_01301
OG0001148	Prbd.g_01762	Prak.g_01331
OG0001149	Prbd.g_01761	Prak.g_01332
OG0001150	Prbd.g_01760	Prak.g_01333
OG0001151	Prbd.g_01749	Prak.g_01344
OG0001152	Prbd.g_01748	Prak.g_01345
OG0001153	Prbd.g_01657	Prak.g_01423
OG0001154	Prbd.g_01656	Prak.g_01424
OG0001155	Prbd.g_01644	Prak.g_01441
OG0001156	Prbd.g_01641	Prak.g_01444
OG0001157	Prbd.g_01640	Prak.g_01445
OG0001158	Prbd.g_01639	Prak.g_01446
OG0001159	Prbd.g_01638	Prak.g_01447
OG0001160	Prbd.g_01613	Prak.g_01473
OG0001161	Prbd.g_01600	Prak.g_01588
OG0001162	Prbd.g_01589	Prak.g_01526
OG0001163	Prbd.g_01533	Prak.g_01636
OG0001164	Prbd.g_01529	Prak.g_01640
OG0001165	Prbd.g_01526	Prak.g_01643
OG0001166	Prbd.g_01506	Prak.g_01664
OG0001167	Prbd.g_01489	Prak.g_01681
OG0001168	Prbd.g_01487	Prak.g_01683
OG0001169	Prbd.g_01485	Prak.g_01685
OG0001170	Prbd.g_01483	Prak.g_01687
OG0001171	Prbd.g_01473	Prak.g_01697
OG0001172	Prbd.g_01460	Prak.g_01713
OG0001173	Prbd.g_01459	Prak.g_01714
OG0001174	Prbd.g_01451	Prak.g_01722
OG0001175	Prbd.g_01450	Prak.g_01723
OG0001176	Prbd.g_01443	Prak.g_01731
OG0001177	Prbd.g_01440	Prak.g_01733
OG0001178	Prbd.g_01435	Prak.g_01650
OG0001179	Prbd.g_01407	Prak.g_01763
OG0001180	Prbd.g_01385	Prak.g_01786
OG0001181	Prbd.g_01381	Prak.g_01790
OG0001182	Prbd.g_01374	Prak.g_01798
OG0001183	Prbd.g_01370	Prak.g_01803
OG0001184	Prbd.g_01354	Prak.g_01821
OG0001185	Prbd.g_01340	Prak.g_01837
OG0001186	Prbd.g_01316	Prak.g_01861
OG0001187	Prbd.g_01311	Prak.g_01864
OG0001188	Prbd.g_01309	Prak.g_01866
OG0001189	Prbd.g_01292	Prak.g_01883
OG0001190	Prbd.g_01288	Prak.g_01888
OG0001191	Prbd.g_01278	Prak.g_01898
OG0001192	Prbd.g_01274	Prak.g_01903
OG0001193	Prbd.g_01264	Prak.g_01915
OG0001194	Prbd.g_01263	Prak.g_01916
OG0001195	Prbd.g_01262	Prak.g_01917
OG0001196	Prbd.g_01249	Prak.g_01933
OG0001197	Prbd.g_01248	Prak.g_01935
OG0001198	Prbd.g_01240	Prak.g_01942
OG0001199	Prbd.g_01170	Prak.g_00079
OG0001200	Prbd.g_01168	Prak.g_00081
OG0001201	Prbd.g_01136	Prak.g_00114
OG0001202	Prbd.g_01041	Prak.g_00212
OG0001203	Prbd.g_01001	Prak.g_00254
OG0001204	Prbd.g_00996	Prak.g_00260
OG0001205	Prbd.g_00797	Prak.g_00407
OG0001206	Prbd.g_00780	Prak.g_00427
OG0001207	Prbd.g_00765	Prak.g_00438
OG0001208	Prbd.g_00760	Prak.g_00443
OG0001209	Prbd.g_00707	Prak.g_00494
OG0001210	Prbd.g_00702	Prak.g_00499
OG0001211	Prbd.g_00692	Prak.g_00510
OG0001212	Prbd.g_00648	Prak.g_00557
OG0001213	Prbd.g_00615	Prak.g_00592
OG0001214	Prbd.g_00607	Prak.g_01106
OG0001215	Prbd.g_00554	Prak.g_00818
OG0001216	Prbd.g_00009	Prak.g_00839
OG0001217	Prbd.g_00049	Prak.g_00728
OG0001218	Prbd.g_00056	Prak.g_01235
OG0001219	Prbd.g_00091	Prak.g_00944
OG0001220	Prbd.g_00154	Prak.g_00901
OG0001221	Prbd.g_00217	Prak.g_00781
OG0001222	Prbd.g_00256	Prak.g_01023
OG0001223	Prbd.g_00282	Prak.g_00991
OG0001224	Prbd.g_00336	Prak.g_00924
OG0001225	Prbd.g_00338	Prak.g_00922
OG0001226	Prbd.g_00364	Prak.g_00600
OG0001227	Prbd.g_00383	Prak.g_01220
OG0001228	Prbd.g_00513	Prak.g_01122
OG0001229	Prbd.g_01766	Prak.g_01234
OG0001230	Prbd.g_01697	Prak.g_01384
OG0001231	Prbd.g_01591	Prak.g_00384
OG0001232	Prbd.g_01502	Prak.g_01668
OG0001233	Prbd.g_01482	Prak.g_01688
OG0001234	Prbd.g_01448	Prak.g_01725
OG0001235	Prbd.g_01438	Prak.g_01729
OG0001236	Prbd.g_01357	Prak.g_01818
OG0001237	Prbd.g_01353	Prak.g_01822
OG0001238	Prbd.g_01277	Prak.g_01899
OG0001239	Prbd.g_01173	Prak.g_00076
OG0001240	Prbd.g_01151	Prak.g_00097
OG0001241	Prbd.g_01143	Prak.g_00107
OG0001242	Prbd.g_01124	Prak.g_00127
OG0001243	Prbd.g_01118	Prak.g_00134
OG0001244	Prbd.g_01101	Prak.g_00149
OG0001245	Prbd.g_00858	Prak.g_01211
OG0001247	Prbd.g_00561	Prak.g_00811
OG0001248	Prbd.g_00559	Prak.g_00813
OG0001249	Prbd.g_00080	Prak.g_00353
OG0001250	Prbd.g_00143	Prak.g_00888
OG0001251	Prbd.g_00191	Prak.g_00749
OG0001252	Prbd.g_00331	Prak.g_00929
OG0001253	Prbd.g_00384	Prak.g_00603
OG0001254	Prbd.g_00429	Prak.g_01552
OG0001255	Prbd.g_00452	Prak.g_01190
OG0001256	Prbd.g_01598	Prak.g_01480
OG0001258	Prbd.g_01528	Prak.g_01641
OG0001259	Prbd.g_01484	Prak.g_01686
OG0001260	Prbd.g_01467	Prak.g_01703
OG0001261	Prbd.g_01399	Prak.g_01771
OG0001262	Prbd.g_01294	Prak.g_01881
OG0001263	Prbd.g_01115	Prak.g_00136
OG0001265	Prbd.g_01125	Prak.g_00126
OG0001266	Prbd.g_01037	Prak.g_00216
OG0001267	Prbd.g_00959	Prak.g_00298
OG0001268	Prbd.g_00900	Prak.g_00361
OG0001269	Prbd.g_00880	Prak.g_00900
OG0001270	Prbd.g_00808	Prak.g_00396
OG0001271	Prbd.g_00770	Prak.g_00433
OG0001272	Prbd.g_00756	Prak.g_00447
OG0001273	Prbd.g_00613	Prak.g_01112
OG0001274	Prbd.g_00541	Prak.g_00240
OG0001275	Prbd.g_00292	Prak.g_01001
OG0001276	Prbd.g_00315	Prak.g_01015
OG0001277	Prbd.g_00372	Prak.g_01921
OG0001278	Prbd.g_00518	Prak.g_01118
OG0001279	Prbd.g_01893	Prak.g_00668
OG0001280	Prbd.g_01802	Prak.g_01276
OG0001281	Prbd.g_01796	Prak.g_01282
OG0001282	Prbd.g_01763	Prak.g_01330
OG0001283	Prbd.g_01744	Prak.g_01930
OG0001284	Prbd.g_01618, Prbd.g_01619	Prak.g_01466
OG0001285	Prbd.g_01499	Prak.g_01671
OG0001286	Prbd.g_01387	Prak.g_01784
OG0001287	Prbd.g_01333	Prak.g_01844
OG0001288	Prbd.g_01324	Prak.g_01854
OG0001289	Prbd.g_01157	Prak.g_00091
OG0001290	Prbd.g_01144	Prak.g_00106
OG0001291	Prbd.g_01108	Prak.g_00144
OG0001292	Prbd.g_00991	Prak.g_00265
OG0001293	Prbd.g_00978	Prak.g_00278
OG0001295	Prbd.g_00775	Prak.g_01514
OG0001296	Prbd.g_00733	Prak.g_00470
OG0001297	Prbd.g_00728	Prak.g_00475
OG0001298	Prbd.g_00666	Prak.g_00537
OG0001299	Prbd.g_00578	Prak.g_01075
OG0001300	Prbd.g_00551	Prak.g_00822
OG0001301	Prbd.g_00548	Prak.g_00827
OG0001302	Prbd.g_00089	Prak.g_00940
OG0001303	Prbd.g_00296	Prak.g_01607
OG0001304	Prbd.g_00325	Prak.g_01028
OG0001305	Prbd.g_00344	Prak.g_00916
OG0001306	Prbd.g_00454	Prak.g_01187
OG0001307	Prbd.g_01781	Prak.g_01304
OG0001308	Prbd.g_01679	Prak.g_01401
OG0001309	Prbd.g_01594	Prak.g_01508
OG0001310	Prbd.g_01513	Prak.g_01658
OG0001311	Prbd.g_00317	Prak.g_01017
OG0001312	Prbd.g_00245	Prak.g_00953
OG0001314	Prbd.g_00039	Prak.g_00635
OG0001315	Prbd.g_01182	Prak.g_01225
OG0001316	Prbd.g_01102	Prak.g_00148
OG0001317	Prbd.g_01005	Prak.g_00250
OG0001318	Prbd.g_00983	Prak.g_00274
OG0001319	Prbd.g_00967	Prak.g_00291
OG0001320	Prbd.g_00856	Prak.g_01573, Prak.g_01606
OG0001321	Prbd.g_00791	Prak.g_00413
OG0001322	Prbd.g_00790	Prak.g_00414
OG0001323	Prbd.g_00723	Prak.g_00480
OG0001324	Prbd.g_00550	Prak.g_00823
OG0001325	Prbd.g_00012	Prak.g_01058
OG0001327	Prbd.g_00356	Prak.g_00758
OG0001328	Prbd.g_00382	Prak.g_01258
OG0001329	Prbd.g_00421	Prak.g_01604
OG0001331	Prbd.g_01758	Prak.g_01335
OG0001332	Prbd.g_01646	Prak.g_01437
OG0001333	Prbd.g_01488	Prak.g_01682
OG0001334	Prbd.g_01367	Prak.g_01806
OG0001335	Prbd.g_01366	Prak.g_01807
OG0001339	Prbd.g_01141	Prak.g_00109
OG0001340	Prbd.g_00911	Prak.g_00349
OG0001341	Prbd.g_00047	Prak.g_01227
OG0001342	Prbd.g_00084	Prak.g_01627
OG0001343	Prbd.g_00188	Prak.g_00746
OG0001344	Prbd.g_00472	Prak.g_01168
OG0001345	Prbd.g_00487	Prak.g_01152
OG0001346	Prbd.g_01800	Prak.g_01278
OG0001348	Prbd.g_01570	Prak.g_01512
OG0001349	Prbd.g_01719	Prak.g_01353
OG0001350	Prbd.g_01002, Prbd.g_01537	Prak.g_00253
OG0001351	Prbd.g_00788	Prak.g_00419
OG0001352	Prbd.g_00564	Prak.g_00807
OG0001353	Prbd.g_00134	Prak.g_00878
OG0001354	Prbd.g_00274	Prak.g_00983
OG0001356	Prbd.g_00830	Prak.g_01633
OG0001359	Prbd.g_00189	Prak.g_00747
OG0001362	Prbd.g_01675	Prak.g_01405
OG0001363	Prbd.g_01673	Prak.g_01407
OG0001364	Prbd.g_01364	Prak.g_01809
OG0001365	Prbd.g_01284	Prak.g_01892
OG0001369	Prbd.g_01152	Prak.g_00096
OG0001371	Prbd.g_00565	Prak.g_00806
OG0001372	Prbd.g_00055	Prak.g_00601
OG0001375	Prbd.g_00187	Prak.g_00745
OG0001379	Prbd.g_01807	Prak.g_01271
OG0001380	Prbd.g_01776	Prak.g_01237
OG0001381	Prbd.g_01770	Prak.g_01197
OG0001382	Prbd.g_01578	Prak.g_01240
OG0001394	Prbd.g_00221	Prak.g_00785
OG0001397	Prbd.g_01674	Prak.g_01406
OG0001398	Prbd.g_01565	Prak.g_01537
OG0001402	Prbd.g_00063	Prak.g_00586
OG0001403	Prbd.g_01207	Prak.g_00031
OG0001404	Prbd.g_01176	Prak.g_00073
OG0001407	Prbd.g_00362	Prak.g_01244
OG0001409	Prbd.g_00475	Prak.g_01164
OG0001410	Prbd.g_01780	Prak.g_01303
OG0001411	Prbd.g_01732	Prak.g_00066
OG0001414	Prbd.g_01010	Prak.g_00245
OG0001415	Prbd.g_01008	Prak.g_00247
OG0001418	Prbd.g_00560	Prak.g_00812
OG0001419	Prbd.g_00363	Prak.g_01243
OG0001421	Prbd.g_01597	Prak.g_01481
OG0001422	Prbd.g_01572	Prak.g_01247
OG0001423	Prbd.g_00832	Prak.g_00645
OG0001424	Prbd.g_00379, Prbd.g_00192	Prak.g_00709
OG0001428	Prbd.g_01068	Prak.g_00184
OG0001429	Prbd.g_00092	Prak.g_00945
OG0001431	Prbd.g_01860	Prak.g_01218, Prak.g_01522
OG0001433	Prbd.g_00829	Prak.g_01632
OG0001434	Prbd.g_00225	Prak.g_00790
OG0001435	Prbd.g_00202	Prak.g_00766
OG0001437	Prbd.g_01009	Prak.g_00246
OG0001440	Prbd.g_00833	Prak.g_01609, Prak.g_01603
OG0001446	Prbd.g_01165	Prak.g_00717
OG0001448	Prbd.g_00872	Prak.g_00417
OG0001450	Prbd.g_00557	Prak.g_00815
OG0001451	Prbd.g_00163	Prak.g_00912
OG0001460	Prbd.g_00828	Prak.g_01631
OG0001461	Prbd.g_00823	Prak.g_00057
OG0001463	Prbd.g_00953	Prak.g_00305
OG0001464	Prbd.g_00910	Prak.g_00350
OG0001465	Prbd.g_00542	Prak.g_00834
OG0001467	Prbd.g_00081	Prak.g_01324
OG0001468	Prbd.g_00354	Prak.g_00737
OG0001472	Prbd.g_01595	Prak.g_00609
OG0001481	Prbd.g_00865	Prak.g_01257
OG0001483	Prbd.g_01913	Prak.g_01561
OG0001484	Prbd.g_01837	Prak.g_01496
OG0001485	Prbd.g_01561	Prak.g_00661
OG0001486	Prbd.g_00466	Prak.g_01174
OG0001491	Prbd.g_00087	Prak.g_00937
OG0001500	Prbd.g_00976	Prak.g_00280
OG0001501	Prbd.g_00539	Prak.g_00756
OG0001503	Prbd.g_00434	Prak.g_00723
OG0001506	Prbd.g_01648	Prak.g_01435
OG0001521	Prbd.g_00048	Prak.g_00935
OG0001522	Prbd.g_00135	Prak.g_00879
OG0001523	Prbd.g_00431	Prak.g_01555
OG0001524	Prbd.g_00432	Prak.g_01556
OG0001525	Prbd.g_01586	Prak.g_01610
OG0001549	Prbd.g_00161	Prak.g_00910
OG0001550	Prbd.g_00418	Prak.g_00727
OG0001552	Prbd.g_01922	Prak.g_01484
OG0001566	Prbd.g_00568	Prak.g_00803
OG0001569	Prbd.g_00390	Prak.g_00632
OG0001571	Prbd.g_00412	Prak.g_00671
OG0001572	Prbd.g_00003	Prak.g_00669
OG0001581	Prbd.g_01096	Prak.g_01296
OG0001583	Prbd.g_00086	Prak.g_00936
OG0001584	Prbd.g_00237	Prak.g_01065
OG0001587	Prbd.g_01465	Prak.g_01705
OG0001595	Prbd.g_01177	Prak.g_00071
OG0001596	Prbd.g_01169	Prak.g_00080
OG0001597	Prbd.g_00877	Prak.g_01432
OG0001598	Prbd.g_00835	Prak.g_00825
OG0001599	Prbd.g_00782	Prak.g_00425
OG0001600	Prbd.g_00731	Prak.g_00472
OG0001601	Prbd.g_00570	Prak.g_00801
OG0001603	Prbd.g_00088	Prak.g_00939
OG0001604	Prbd.g_00214	Prak.g_00778
OG0001605	Prbd.g_00308	Prak.g_00722
OG0001606	Prbd.g_00369	Prak.g_00732
OG0001607	Prbd.g_00433	Prak.g_00659
OG0001608	Prbd.g_01773	Prak.g_01031
OG0001609	Prbd.g_01650	Prak.g_01433
OG0001610	Prbd.g_01647	Prak.g_01436
OG0001611	Prbd.g_01584	Prak.g_01566
OG0001626	Prbd.g_00046	Prak.g_00654
OG0001628	Prbd.g_00058, Prbd.g_01923	Prak.g_00599
OG0001629	Prbd.g_00059	Prak.g_00680
OG0001630	Prbd.g_00195	Prak.g_00754
OG0001631	Prbd.g_00359	Prak.g_00663
OG0001648	Prbd.g_00866	Prak.g_01581
OG0001649	Prbd.g_00360	Prak.g_00730
OG0001650	Prbd.g_01784	Prak.g_01519
OG0001651	Prbd.g_01585	Prak.g_01208
OG0001663	Prbd.g_00451	Prak.g_01191
OG0001664	Prbd.g_01866	Prak.g_01542
OG0001665	Prbd.g_01863	Prak.g_01198
OG0001669	Prbd.g_01712	Prak.g_01295, Prak.g_01587
OG0001685	Prbd.g_00165	Prak.g_00604
OG0001686	Prbd.g_00307	Prak.g_01212
OG0001687	Prbd.g_00353	Prak.g_00423
OG0001689	Prbd.g_01326	Prak.g_01852
OG0001697	Prbd.g_00173	Prak.g_00938
OG0001699	Prbd.g_01912	Prak.g_01549
OG0001705	Prbd.g_00840	Prak.g_01707
OG0001706	Prbd.g_01901	Prak.g_01532
OG0001707	Prbd.g_00377	Prak.g_01219
OG0001710	Prbd.g_01445	Prak.g_00617
OG0001725	Prbd.g_00850	Prak.g_01528
OG0001820	Prbd.g_00041, Prbd.g_01896	Prak.g_00711
OG0001988	Prbd.g_01785	Prak.g_01253
OG0002034	Prbd.g_00526	Prak.g_00595
OG0002275	Prbd.g_00532	Prak.g_01615
OG0002321	Prbd.g_01741	Prak.g_01359
