Orthogroup	Prbb	Prav
OG0000000	Prbb.g_00433, Prbb.g_01318, Prbb.g_01353, Prbb.g_01119, Prbb.g_01243, Prbb.g_01400	Prav.g_01736, Prav.g_01415
OG0000000	Prbb.g_00431, Prbb.g_01121, Prbb.g_01319, Prbb.g_01244	Prav.g_01695, Prav.g_00973
OG0000000	Prbb.g_00103	Prav.g_01738, Prav.g_01694, Prav.g_01821
OG0000000	Prbb.g_01313	Prav.g_01730, Prav.g_01715
OG0000001	Prbb.g_01883	Prav.g_01748
OG0000001	Prbb.g_01611	Prav.g_01458
OG0000001	Prbb.g_01157	Prav.g_00962, Prav.g_01820, Prav.g_02007
OG0000002	Prbb.g_00844	Prav.g_01466
OG0000002	Prbb.g_01546, Prbb.g_01545, Prbb.g_01550, Prbb.g_01544, Prbb.g_01549, Prbb.g_00683	Prav.g_01276
OG0000004	Prbb.g_01450	Prav.g_01293
OG0000004	Prbb.g_00288	Prav.g_00806
OG0000005	Prbb.g_01393	Prav.g_01774
OG0000005	Prbb.g_01766	Prav.g_01654
OG0000006	Prbb.g_00299, Prbb.g_01328, Prbb.g_01560	Prav.g_02001
OG0000007	Prbb.g_00501	Prav.g_01095
OG0000007	Prbb.g_01823	Prav.g_01761
OG0000008	Prbb.g_01884	Prav.g_01749
OG0000008	Prbb.g_01885	Prav.g_01750
OG0000010	Prbb.g_00477	Prav.g_01072
OG0000010	Prbb.g_01072	Prav.g_00218
OG0000011	Prbb.g_01229	Prav.g_01407
OG0000011	Prbb.g_01199	Prav.g_01334
OG0000012	Prbb.g_01111	Prav.g_01221
OG0000013	Prbb.g_00378	Prav.g_01973
OG0000014	Prbb.g_00357	Prav.g_01952
OG0000015	Prbb.g_01158	Prav.g_00363, Prav.g_00961
OG0000016	Prbb.g_00014	Prav.g_00081
OG0000016	Prbb.g_01919	Prav.g_01385
OG0000017	Prbb.g_00598, Prbb.g_00605	Prav.g_01194
OG0000018	Prbb.g_00812	Prav.g_00424
OG0000018	Prbb.g_01539	Prav.g_00046
OG0000019	Prbb.g_00761	Prav.g_00375
OG0000020	Prbb.g_01180	Prav.g_01386
OG0000021	Prbb.g_01914, Prbb.g_00099	Prav.g_00984
OG0000022	Prbb.g_01258	Prav.g_00029
OG0000022	Prbb.g_01231	Prav.g_00360
OG0000023	Prbb.g_01411, Prbb.g_01373	Prav.g_00979
OG0000024	Prbb.g_01175	Prav.g_00343
OG0000024	Prbb.g_00680	Prav.g_01273
OG0000025	Prbb.g_00052, Prbb.g_00818	Prav.g_01977
OG0000026	Prbb.g_00032	Prav.g_01324, Prav.g_00099, Prav.g_00226
OG0000027	Prbb.g_01375	Prav.g_01068, Prav.g_01416
OG0000028	Prbb.g_01635	Prav.g_01885
OG0000029	Prbb.g_01800	Prav.g_00350
OG0000030	Prbb.g_02073	Prav.g_00699
OG0000033	Prbb.g_00226	Prav.g_00869
OG0000034	Prbb.g_01596	Prav.g_01448
OG0000035	Prbb.g_01686	Prav.g_01578
OG0000037	Prbb.g_00164	Prav.g_00174
OG0000038	Prbb.g_02129	Prav.g_00739
OG0000039	Prbb.g_00692	Prav.g_01284
OG0000040	Prbb.g_01790	Prav.g_01720
OG0000041	Prbb.g_01868	Prav.g_01808
OG0000042	Prbb.g_02069	Prav.g_00696
OG0000047	Prbb.g_00386	Prav.g_01976
OG0000048	Prbb.g_00325	Prav.g_00993
OG0000050	Prbb.g_01452	Prav.g_01013
OG0000050	Prbb.g_00116	Prav.g_00247
OG0000053	Prbb.g_01705	Prav.g_01598
OG0000054	Prbb.g_00607	Prav.g_01202
OG0000055	Prbb.g_00747, Prbb.g_01897	Prav.g_00376
OG0000056	Prbb.g_00078	Prav.g_00106, Prav.g_00107, Prav.g_01421
OG0000057	Prbb.g_01359, Prbb.g_00706	Prav.g_01296
OG0000059	Prbb.g_01946	Prav.g_00292
OG0000060	Prbb.g_01153	Prav.g_00964
OG0000061	Prbb.g_01517	Prav.g_00065
OG0000062	Prbb.g_01768	Prav.g_01656
OG0000063	Prbb.g_01921	Prav.g_00101
OG0000065	Prbb.g_00162	Prav.g_00172
OG0000066	Prbb.g_00542	Prav.g_01137
OG0000067	Prbb.g_00783	Prav.g_00397
OG0000068	Prbb.g_01639	Prav.g_01473
OG0000069	Prbb.g_01324, Prbb.g_01729	Prav.g_01881, Prav.g_01689
OG0000070	Prbb.g_00455	Prav.g_01049
OG0000071	Prbb.g_01586	Prav.g_01438
OG0000072	Prbb.g_00228	Prav.g_00867
OG0000073	Prbb.g_00503	Prav.g_01097
OG0000074	Prbb.g_00687, Prbb.g_00915, Prbb.g_01104	Prav.g_01280
OG0000075	Prbb.g_02036	Prav.g_00665
OG0000076	Prbb.g_02061	Prav.g_00689
OG0000077	Prbb.g_00133	Prav.g_00143
OG0000078	Prbb.g_00297	Prav.g_00799
OG0000079	Prbb.g_00308	Prav.g_01899
OG0000081	Prbb.g_00534	Prav.g_01129
OG0000082	Prbb.g_01882	Prav.g_01182
OG0000083	Prbb.g_00425	Prav.g_00338, Prav.g_00330
OG0000084	Prbb.g_01683	Prav.g_01574
OG0000085	Prbb.g_01816	Prav.g_01754
OG0000086	Prbb.g_00143	Prav.g_00153
OG0000087	Prbb.g_00196	Prav.g_00204
OG0000088	Prbb.g_00223	Prav.g_00872
OG0000089	Prbb.g_00416	Prav.g_00975
OG0000090	Prbb.g_00536	Prav.g_01131
OG0000091	Prbb.g_00643	Prav.g_01240
OG0000092	Prbb.g_00937	Prav.g_01735
OG0000093	Prbb.g_01606	Prav.g_01497
OG0000093	Prbb.g_00768	Prav.g_00525
OG0000094	Prbb.g_00892	Prav.g_00914
OG0000095	Prbb.g_01070	Prav.g_00933
OG0000096	Prbb.g_01294	Prav.g_01732, Prav.g_01400
OG0000097	Prbb.g_01470	Prav.g_01840
OG0000098	Prbb.g_01608	Prav.g_01455
OG0000099	Prbb.g_00388	Prav.g_01514
OG0000100	Prbb.g_01763	Prav.g_01652
OG0000101	Prbb.g_02001	Prav.g_00632
OG0000102	Prbb.g_02066	Prav.g_00694
OG0000103	Prbb.g_02174	Prav.g_00773
OG0000104	Prbb.g_02185	Prav.g_00782
OG0000105	Prbb.g_00327	Prav.g_01920
OG0000106	Prbb.g_01197, Prbb.g_01329	Prav.g_00989
OG0000107	Prbb.g_01923	Prav.g_01001
OG0000108	Prbb.g_00484, Prbb.g_00485	Prav.g_01078
OG0000109	Prbb.g_00498	Prav.g_01092
OG0000110	Prbb.g_00578	Prav.g_01172
OG0000111	Prbb.g_00707	Prav.g_01297
OG0000112	Prbb.g_00983	Prav.g_00364
OG0000113	Prbb.g_00807, Prbb.g_01218	Prav.g_00419
OG0000114	Prbb.g_00932	Prav.g_00499
OG0000115	Prbb.g_01780	Prav.g_00010
OG0000116	Prbb.g_01528	Prav.g_00055
OG0000117	Prbb.g_01399	Prav.g_01390
OG0000118	Prbb.g_01598	Prav.g_01450
OG0000119	Prbb.g_01632	Prav.g_01469
OG0000120	Prbb.g_00678	Prav.g_01513
OG0000121	Prbb.g_01688	Prav.g_01580
OG0000122	Prbb.g_01727	Prav.g_01618
OG0000123	Prbb.g_02008	Prav.g_00639
OG0000124	Prbb.g_02079	Prav.g_00705
OG0000125	Prbb.g_02131	Prav.g_00741
OG0000126	Prbb.g_02183	Prav.g_00781
OG0000128	Prbb.g_00012	Prav.g_00079
OG0000129	Prbb.g_00059	Prav.g_00115
OG0000130	Prbb.g_00124	Prav.g_00134
OG0000131	Prbb.g_00202	Prav.g_00212
OG0000132	Prbb.g_00221	Prav.g_00874
OG0000133	Prbb.g_00373	Prav.g_01968
OG0000134	Prbb.g_00418	Prav.g_00976
OG0000135	Prbb.g_01326	Prav.g_00999
OG0000136	Prbb.g_00446	Prav.g_01040
OG0000137	Prbb.g_00478	Prav.g_01073
OG0000138	Prbb.g_00499	Prav.g_01093
OG0000139	Prbb.g_00540	Prav.g_01135
OG0000140	Prbb.g_00541	Prav.g_01136
OG0000141	Prbb.g_00608	Prav.g_01203
OG0000142	Prbb.g_00636	Prav.g_01233
OG0000143	Prbb.g_00640	Prav.g_01237
OG0000144	Prbb.g_00653	Prav.g_01250
OG0000145	Prbb.g_01099	Prav.g_00362
OG0000146	Prbb.g_00982	Prav.g_00365
OG0000147	Prbb.g_00981	Prav.g_00366
OG0000148	Prbb.g_00801	Prav.g_00413
OG0000149	Prbb.g_00832	Prav.g_00443
OG0000150	Prbb.g_00840	Prav.g_00451
OG0000151	Prbb.g_00943	Prav.g_00509
OG0000152	Prbb.g_00991	Prav.g_00556
OG0000153	Prbb.g_01009	Prav.g_00575
OG0000154	Prbb.g_01040	Prav.g_00907
OG0000155	Prbb.g_01495	Prav.g_01861
OG0000156	Prbb.g_01575	Prav.g_01427
OG0000157	Prbb.g_01576	Prav.g_01428
OG0000158	Prbb.g_02044	Prav.g_01505
OG0000159	Prbb.g_02093, Prbb.g_02083	Prav.g_01506
OG0000160	Prbb.g_01687	Prav.g_01579
OG0000161	Prbb.g_01693	Prav.g_01585
OG0000162	Prbb.g_01699	Prav.g_01591
OG0000163	Prbb.g_01735	Prav.g_01625
OG0000164	Prbb.g_01845	Prav.g_01785
OG0000165	Prbb.g_01853	Prav.g_01792
OG0000166	Prbb.g_01964	Prav.g_00596
OG0000167	Prbb.g_02034	Prav.g_00663
OG0000168	Prbb.g_02045	Prav.g_00673
OG0000169	Prbb.g_02055	Prav.g_00683
OG0000170	Prbb.g_02057	Prav.g_00685
OG0000171	Prbb.g_02078	Prav.g_00704
OG0000172	Prbb.g_02101	Prav.g_00712
OG0000173	Prbb.g_02116	Prav.g_00727
OG0000174	Prbb.g_02147	Prav.g_00755
OG0000175	Prbb.g_02165	Prav.g_00765
OG0000176	Prbb.g_00004	Prav.g_00790
OG0000177	Prbb.g_00005	Prav.g_00791
OG0000178	Prbb.g_00007, Prbb.g_00006	Prav.g_00792
OG0000179	Prbb.g_00017	Prav.g_00084
OG0000180	Prbb.g_00018	Prav.g_00085
OG0000181	Prbb.g_00019	Prav.g_00086
OG0000182	Prbb.g_00020	Prav.g_00087
OG0000183	Prbb.g_00024	Prav.g_00091
OG0000184	Prbb.g_00061	Prav.g_00117
OG0000185	Prbb.g_00064	Prav.g_00120
OG0000186	Prbb.g_00119	Prav.g_00129
OG0000187	Prbb.g_00120	Prav.g_00130
OG0000188	Prbb.g_00137	Prav.g_00147
OG0000189	Prbb.g_00151	Prav.g_00161
OG0000190	Prbb.g_00152	Prav.g_00162
OG0000191	Prbb.g_00175	Prav.g_00182
OG0000192	Prbb.g_00179	Prav.g_00186
OG0000193	Prbb.g_00203	Prav.g_00213
OG0000194	Prbb.g_00206	Prav.g_00216
OG0000195	Prbb.g_00208	Prav.g_00887
OG0000196	Prbb.g_00218	Prav.g_00877
OG0000197	Prbb.g_00219	Prav.g_00876
OG0000198	Prbb.g_00220	Prav.g_00875
OG0000199	Prbb.g_00227	Prav.g_00868
OG0000200	Prbb.g_00240	Prav.g_00854
OG0000201	Prbb.g_00249	Prav.g_00846
OG0000202	Prbb.g_00250	Prav.g_00845
OG0000203	Prbb.g_00251	Prav.g_00844
OG0000204	Prbb.g_00252	Prav.g_00843
OG0000205	Prbb.g_00259	Prav.g_00836
OG0000206	Prbb.g_00263	Prav.g_00831
OG0000207	Prbb.g_00265	Prav.g_00829
OG0000208	Prbb.g_00266	Prav.g_00828
OG0000209	Prbb.g_00275	Prav.g_00819
OG0000210	Prbb.g_00276	Prav.g_00818
OG0000211	Prbb.g_00290	Prav.g_00805
OG0000212	Prbb.g_00298	Prav.g_00798
OG0000213	Prbb.g_00313	Prav.g_01904
OG0000214	Prbb.g_00321	Prav.g_01914
OG0000215	Prbb.g_00344	Prav.g_01938
OG0000216	Prbb.g_00345	Prav.g_01940
OG0000217	Prbb.g_00348	Prav.g_01943
OG0000218	Prbb.g_00350	Prav.g_01945
OG0000219	Prbb.g_00351	Prav.g_01946
OG0000220	Prbb.g_00352	Prav.g_01947
OG0000221	Prbb.g_00353	Prav.g_01948
OG0000222	Prbb.g_00361	Prav.g_01956
OG0000223	Prbb.g_00374	Prav.g_01969
OG0000224	Prbb.g_00376	Prav.g_01971
OG0000225	Prbb.g_00405	Prav.g_01992
OG0000226	Prbb.g_00409	Prav.g_01996
OG0000227	Prbb.g_00411	Prav.g_01998
OG0000228	Prbb.g_00415	Prav.g_00974
OG0000229	Prbb.g_00441	Prav.g_01035
OG0000230	Prbb.g_00443	Prav.g_01037
OG0000231	Prbb.g_00454	Prav.g_01048
OG0000232	Prbb.g_00462	Prav.g_01056
OG0000233	Prbb.g_00470	Prav.g_01061
OG0000234	Prbb.g_00479	Prav.g_01074
OG0000235	Prbb.g_00483	Prav.g_01077
OG0000236	Prbb.g_00497	Prav.g_01091
OG0000237	Prbb.g_00510	Prav.g_01104
OG0000238	Prbb.g_00516	Prav.g_01110
OG0000239	Prbb.g_00528	Prav.g_01123
OG0000240	Prbb.g_00529	Prav.g_01124
OG0000241	Prbb.g_00533	Prav.g_01128
OG0000242	Prbb.g_00535	Prav.g_01130
OG0000243	Prbb.g_00546	Prav.g_01141, Prav.g_00954
OG0000244	Prbb.g_00550	Prav.g_01144
OG0000245	Prbb.g_00552	Prav.g_01146
OG0000246	Prbb.g_00556	Prav.g_01150
OG0000247	Prbb.g_00566	Prav.g_01160
OG0000248	Prbb.g_00568	Prav.g_01162
OG0000249	Prbb.g_00570	Prav.g_01164
OG0000250	Prbb.g_00575	Prav.g_01169
OG0000251	Prbb.g_00591	Prav.g_01187
OG0000252	Prbb.g_00593	Prav.g_01190
OG0000253	Prbb.g_00595	Prav.g_01191
OG0000254	Prbb.g_00612	Prav.g_01207
OG0000255	Prbb.g_00618	Prav.g_01213
OG0000256	Prbb.g_00628	Prav.g_01225
OG0000257	Prbb.g_00631	Prav.g_01228
OG0000258	Prbb.g_00644	Prav.g_01241
OG0000259	Prbb.g_00661	Prav.g_01258
OG0000260	Prbb.g_00665	Prav.g_01261
OG0000261	Prbb.g_00668	Prav.g_01263
OG0000262	Prbb.g_00673	Prav.g_01267
OG0000263	Prbb.g_00686	Prav.g_01279
OG0000264	Prbb.g_00697, Prbb.g_00698	Prav.g_01289
OG0000265	Prbb.g_00713	Prav.g_00306
OG0000266	Prbb.g_00723	Prav.g_00316
OG0000267	Prbb.g_00736	Prav.g_00327
OG0000268	Prbb.g_00737	Prav.g_00328
OG0000269	Prbb.g_00778	Prav.g_00392
OG0000270	Prbb.g_00781	Prav.g_00395
OG0000271	Prbb.g_00789	Prav.g_00403
OG0000272	Prbb.g_00790	Prav.g_00404
OG0000273	Prbb.g_00814	Prav.g_00427
OG0000274	Prbb.g_00815	Prav.g_00428
OG0000275	Prbb.g_00817	Prav.g_00430
OG0000276	Prbb.g_00823	Prav.g_00435
OG0000277	Prbb.g_00824	Prav.g_00436
OG0000278	Prbb.g_00828	Prav.g_00439
OG0000279	Prbb.g_00835	Prav.g_00446
OG0000280	Prbb.g_01370	Prav.g_00447
OG0000281	Prbb.g_00841	Prav.g_00452
OG0000282	Prbb.g_00934	Prav.g_00501
OG0000283	Prbb.g_00965	Prav.g_00533
OG0000284	Prbb.g_00970	Prav.g_00538
OG0000285	Prbb.g_00975	Prav.g_00543
OG0000286	Prbb.g_00990	Prav.g_00555
OG0000287	Prbb.g_00101	Prav.g_00572
OG0000288	Prbb.g_01039	Prav.g_00906
OG0000289	Prbb.g_01051	Prav.g_00917
OG0000290	Prbb.g_01067	Prav.g_00930
OG0000291	Prbb.g_01069	Prav.g_00932
OG0000292	Prbb.g_01238	Prav.g_00261
OG0000293	Prbb.g_01527	Prav.g_00056
OG0000294	Prbb.g_01526	Prav.g_00057
OG0000295	Prbb.g_01502	Prav.g_00077
OG0000296	Prbb.g_01500	Prav.g_01867
OG0000297	Prbb.g_01491	Prav.g_01859
OG0000298	Prbb.g_01490	Prav.g_01858
OG0000299	Prbb.g_01471	Prav.g_01841
OG0000300	Prbb.g_01468	Prav.g_01838
OG0000301	Prbb.g_01467	Prav.g_00955, Prav.g_01837
OG0000302	Prbb.g_01464	Prav.g_01835
OG0000303	Prbb.g_01459	Prav.g_01828
OG0000304	Prbb.g_01456	Prav.g_01824
OG0000305	Prbb.g_01789	Prav.g_01465
OG0000306	Prbb.g_00845	Prav.g_01468
OG0000307	Prbb.g_01648	Prav.g_01482
OG0000308	Prbb.g_01649	Prav.g_01483
OG0000309	Prbb.g_01653	Prav.g_01487
OG0000310	Prbb.g_01671	Prav.g_01563
OG0000311	Prbb.g_01673	Prav.g_01565
OG0000312	Prbb.g_01676	Prav.g_01568
OG0000313	Prbb.g_01690	Prav.g_01582
OG0000314	Prbb.g_01711	Prav.g_01605
OG0000315	Prbb.g_01721	Prav.g_01615
OG0000316	Prbb.g_01746	Prav.g_01635
OG0000317	Prbb.g_01821	Prav.g_01759
OG0000318	Prbb.g_01824	Prav.g_01762
OG0000319	Prbb.g_01835	Prav.g_01775
OG0000320	Prbb.g_01837	Prav.g_01777
OG0000321	Prbb.g_01838	Prav.g_01778
OG0000322	Prbb.g_01839	Prav.g_01779
OG0000323	Prbb.g_01848	Prav.g_01788
OG0000324	Prbb.g_01875	Prav.g_01815
OG0000325	Prbb.g_01924	Prav.g_00269
OG0000326	Prbb.g_01930	Prav.g_00275
OG0000327	Prbb.g_01959	Prav.g_00591
OG0000328	Prbb.g_01960	Prav.g_00592
OG0000329	Prbb.g_01977	Prav.g_00609
OG0000330	Prbb.g_01978	Prav.g_00610
OG0000331	Prbb.g_01979	Prav.g_00611
OG0000332	Prbb.g_01993	Prav.g_00625
OG0000333	Prbb.g_01995	Prav.g_00627
OG0000334	Prbb.g_02004	Prav.g_00635
OG0000335	Prbb.g_02009	Prav.g_00640
OG0000336	Prbb.g_02013	Prav.g_00644
OG0000337	Prbb.g_02031	Prav.g_00661
OG0000338	Prbb.g_02032	Prav.g_00662
OG0000339	Prbb.g_02037	Prav.g_00666
OG0000340	Prbb.g_02046	Prav.g_00674
OG0000341	Prbb.g_02048	Prav.g_00676
OG0000342	Prbb.g_02049	Prav.g_00677
OG0000343	Prbb.g_02050	Prav.g_00678
OG0000344	Prbb.g_02053	Prav.g_00681
OG0000345	Prbb.g_02058	Prav.g_00686
OG0000346	Prbb.g_02062	Prav.g_00690
OG0000347	Prbb.g_02082	Prav.g_00706
OG0000348	Prbb.g_02104	Prav.g_00715
OG0000349	Prbb.g_02122	Prav.g_00732
OG0000350	Prbb.g_02143	Prav.g_00751
OG0000351	Prbb.g_02168	Prav.g_00768
OG0000352	Prbb.g_02169	Prav.g_00769
OG0000353	Prbb.g_02188	Prav.g_00785
OG0000355	Prbb.g_00001	Prav.g_00787
OG0000356	Prbb.g_00002	Prav.g_00788
OG0000357	Prbb.g_00003	Prav.g_00789
OG0000358	Prbb.g_00008	Prav.g_00793
OG0000359	Prbb.g_00009	Prav.g_00794
OG0000360	Prbb.g_00010	Prav.g_00795
OG0000361	Prbb.g_00011	Prav.g_00078
OG0000362	Prbb.g_00013	Prav.g_00080
OG0000363	Prbb.g_00015	Prav.g_00082
OG0000364	Prbb.g_00016	Prav.g_00083
OG0000365	Prbb.g_00021	Prav.g_00088
OG0000366	Prbb.g_00022	Prav.g_00089
OG0000367	Prbb.g_00023	Prav.g_00090
OG0000368	Prbb.g_00025	Prav.g_00092
OG0000369	Prbb.g_00026	Prav.g_00093
OG0000370	Prbb.g_00027	Prav.g_00094
OG0000371	Prbb.g_00033	Prav.g_00100
OG0000372	Prbb.g_00035	Prav.g_00103
OG0000373	Prbb.g_00036	Prav.g_00104
OG0000374	Prbb.g_00037	Prav.g_00105
OG0000375	Prbb.g_00055	Prav.g_00111
OG0000376	Prbb.g_00057	Prav.g_00113
OG0000377	Prbb.g_00060	Prav.g_00116
OG0000378	Prbb.g_00062	Prav.g_00118
OG0000379	Prbb.g_00065	Prav.g_00121
OG0000380	Prbb.g_00121	Prav.g_00131
OG0000381	Prbb.g_00125	Prav.g_00135
OG0000382	Prbb.g_00136	Prav.g_00146
OG0000383	Prbb.g_00138	Prav.g_00148
OG0000384	Prbb.g_00139	Prav.g_00149
OG0000385	Prbb.g_00140	Prav.g_00150
OG0000386	Prbb.g_00141	Prav.g_00151
OG0000387	Prbb.g_00154	Prav.g_00164
OG0000388	Prbb.g_00158	Prav.g_00167
OG0000389	Prbb.g_00161	Prav.g_00171
OG0000390	Prbb.g_00170	Prav.g_00178
OG0000391	Prbb.g_00174	Prav.g_00181
OG0000392	Prbb.g_00177	Prav.g_00185
OG0000393	Prbb.g_00180	Prav.g_00187
OG0000394	Prbb.g_00181	Prav.g_00188
OG0000395	Prbb.g_00182	Prav.g_00189
OG0000396	Prbb.g_00185	Prav.g_00192
OG0000397	Prbb.g_00187	Prav.g_00194
OG0000398	Prbb.g_00190	Prav.g_00196
OG0000399	Prbb.g_00191	Prav.g_00197
OG0000400	Prbb.g_00192	Prav.g_00198
OG0000401	Prbb.g_00193	Prav.g_00199
OG0000402	Prbb.g_01101	Prav.g_00201
OG0000403	Prbb.g_00194	Prav.g_00202
OG0000404	Prbb.g_00195	Prav.g_00203
OG0000405	Prbb.g_00200	Prav.g_00207
OG0000406	Prbb.g_00204	Prav.g_00214
OG0000407	Prbb.g_00205	Prav.g_00215
OG0000409	Prbb.g_00209	Prav.g_00886
OG0000410	Prbb.g_00210	Prav.g_00885
OG0000411	Prbb.g_00211	Prav.g_00884
OG0000412	Prbb.g_00212	Prav.g_00883
OG0000413	Prbb.g_00213	Prav.g_00882
OG0000414	Prbb.g_00214	Prav.g_00881
OG0000415	Prbb.g_00215	Prav.g_00880
OG0000416	Prbb.g_00216	Prav.g_00879
OG0000417	Prbb.g_00217	Prav.g_00878
OG0000418	Prbb.g_00222	Prav.g_00873
OG0000419	Prbb.g_00224	Prav.g_00871
OG0000420	Prbb.g_00225	Prav.g_00870
OG0000421	Prbb.g_00229	Prav.g_00865
OG0000422	Prbb.g_00230	Prav.g_00864
OG0000423	Prbb.g_00231	Prav.g_00863
OG0000424	Prbb.g_00232	Prav.g_00862
OG0000425	Prbb.g_00233	Prav.g_00861
OG0000426	Prbb.g_00234	Prav.g_00860
OG0000427	Prbb.g_00235	Prav.g_00859
OG0000428	Prbb.g_00237	Prav.g_00857
OG0000429	Prbb.g_00238	Prav.g_00856
OG0000430	Prbb.g_00239	Prav.g_00855
OG0000431	Prbb.g_00241	Prav.g_00853
OG0000432	Prbb.g_00245	Prav.g_00850
OG0000433	Prbb.g_00246	Prav.g_00849
OG0000434	Prbb.g_00247	Prav.g_00848
OG0000435	Prbb.g_00248	Prav.g_00847
OG0000436	Prbb.g_00253	Prav.g_00842
OG0000437	Prbb.g_00254	Prav.g_00841
OG0000438	Prbb.g_00255	Prav.g_00840
OG0000439	Prbb.g_00257	Prav.g_00838
OG0000440	Prbb.g_00258	Prav.g_00837
OG0000441	Prbb.g_00260	Prav.g_00834
OG0000442	Prbb.g_00261	Prav.g_00833
OG0000443	Prbb.g_00262	Prav.g_00832
OG0000444	Prbb.g_00267	Prav.g_00827
OG0000445	Prbb.g_00268	Prav.g_00826
OG0000446	Prbb.g_00269	Prav.g_00825
OG0000447	Prbb.g_00270	Prav.g_00824
OG0000448	Prbb.g_00271	Prav.g_00823
OG0000449	Prbb.g_00272	Prav.g_00822
OG0000450	Prbb.g_00273	Prav.g_00821
OG0000451	Prbb.g_00274	Prav.g_00820
OG0000452	Prbb.g_00277	Prav.g_00817
OG0000453	Prbb.g_00278	Prav.g_00816
OG0000454	Prbb.g_00279	Prav.g_00815
OG0000455	Prbb.g_00280	Prav.g_00814
OG0000456	Prbb.g_00281	Prav.g_00813
OG0000457	Prbb.g_00282	Prav.g_00812
OG0000458	Prbb.g_00283	Prav.g_00811
OG0000459	Prbb.g_00284	Prav.g_00810
OG0000460	Prbb.g_00292	Prav.g_00803
OG0000461	Prbb.g_00300	Prav.g_01889
OG0000462	Prbb.g_00302	Prav.g_01891
OG0000463	Prbb.g_00303	Prav.g_01892
OG0000464	Prbb.g_00304	Prav.g_01893
OG0000465	Prbb.g_00305	Prav.g_01894
OG0000466	Prbb.g_00306	Prav.g_01897
OG0000467	Prbb.g_00307	Prav.g_01898
OG0000468	Prbb.g_00309	Prav.g_01900
OG0000469	Prbb.g_00316	Prav.g_01909
OG0000470	Prbb.g_00318	Prav.g_01911
OG0000471	Prbb.g_00319	Prav.g_01912
OG0000472	Prbb.g_00320	Prav.g_01913
OG0000473	Prbb.g_00322	Prav.g_01915
OG0000474	Prbb.g_00323	Prav.g_01916
OG0000475	Prbb.g_00324	Prav.g_01917
OG0000476	Prbb.g_00326	Prav.g_01918
OG0000477	Prbb.g_00328	Prav.g_01921
OG0000478	Prbb.g_00329	Prav.g_01922
OG0000479	Prbb.g_00330	Prav.g_01923
OG0000480	Prbb.g_00334	Prav.g_01928
OG0000481	Prbb.g_00336	Prav.g_01930
OG0000482	Prbb.g_00337	Prav.g_01931
OG0000483	Prbb.g_00340	Prav.g_01934
OG0000484	Prbb.g_00341	Prav.g_01935
OG0000485	Prbb.g_00342	Prav.g_01936
OG0000486	Prbb.g_00343	Prav.g_01937
OG0000487	Prbb.g_00346	Prav.g_01941
OG0000488	Prbb.g_00349	Prav.g_01944
OG0000489	Prbb.g_00354	Prav.g_01949
OG0000490	Prbb.g_00359	Prav.g_01954
OG0000491	Prbb.g_00360	Prav.g_01955
OG0000492	Prbb.g_00362	Prav.g_01957
OG0000493	Prbb.g_00363	Prav.g_01958
OG0000494	Prbb.g_00364	Prav.g_01959
OG0000495	Prbb.g_00365	Prav.g_01960
OG0000496	Prbb.g_00366	Prav.g_01961
OG0000497	Prbb.g_00367	Prav.g_01962
OG0000498	Prbb.g_00368	Prav.g_01963
OG0000499	Prbb.g_00369	Prav.g_01964
OG0000500	Prbb.g_00370	Prav.g_01965
OG0000501	Prbb.g_00372	Prav.g_01967
OG0000502	Prbb.g_00375	Prav.g_01970
OG0000503	Prbb.g_00394	Prav.g_01980
OG0000504	Prbb.g_00396	Prav.g_01981
OG0000505	Prbb.g_00397	Prav.g_01982
OG0000506	Prbb.g_00398	Prav.g_01984
OG0000507	Prbb.g_00401	Prav.g_01987
OG0000508	Prbb.g_00404	Prav.g_01991
OG0000509	Prbb.g_00406	Prav.g_01993
OG0000510	Prbb.g_00407	Prav.g_01994
OG0000511	Prbb.g_00408	Prav.g_01995
OG0000512	Prbb.g_00410	Prav.g_01997
OG0000513	Prbb.g_00419	Prav.g_00977
OG0000514	Prbb.g_00436	Prav.g_01030
OG0000515	Prbb.g_00437	Prav.g_01031
OG0000516	Prbb.g_00438	Prav.g_01032
OG0000517	Prbb.g_00440	Prav.g_01034
OG0000518	Prbb.g_00451	Prav.g_01045
OG0000519	Prbb.g_00452	Prav.g_01046
OG0000520	Prbb.g_00453	Prav.g_01047
OG0000521	Prbb.g_00458	Prav.g_01052
OG0000522	Prbb.g_00460	Prav.g_01053
OG0000523	Prbb.g_00461	Prav.g_01054
OG0000524	Prbb.g_00468	Prav.g_01059
OG0000525	Prbb.g_00472	Prav.g_01062
OG0000526	Prbb.g_00473	Prav.g_01063
OG0000527	Prbb.g_00476	Prav.g_01071
OG0000528	Prbb.g_00482	Prav.g_01076
OG0000529	Prbb.g_00486	Prav.g_01079
OG0000530	Prbb.g_00489	Prav.g_01082
OG0000531	Prbb.g_00490	Prav.g_01083
OG0000532	Prbb.g_00491	Prav.g_01085
OG0000533	Prbb.g_00492	Prav.g_01086
OG0000534	Prbb.g_00493	Prav.g_01087
OG0000535	Prbb.g_00494	Prav.g_01088
OG0000536	Prbb.g_00495	Prav.g_01089
OG0000537	Prbb.g_00496	Prav.g_01090
OG0000538	Prbb.g_00504	Prav.g_01098
OG0000539	Prbb.g_00505	Prav.g_01099
OG0000540	Prbb.g_00506	Prav.g_01100
OG0000541	Prbb.g_00507	Prav.g_01101
OG0000542	Prbb.g_00509	Prav.g_01103
OG0000543	Prbb.g_00511	Prav.g_01105
OG0000544	Prbb.g_00512	Prav.g_01106
OG0000545	Prbb.g_00514	Prav.g_01108
OG0000546	Prbb.g_00517	Prav.g_01111
OG0000547	Prbb.g_00519	Prav.g_01113
OG0000548	Prbb.g_00520	Prav.g_01114
OG0000549	Prbb.g_00523	Prav.g_01116
OG0000550	Prbb.g_00527	Prav.g_01121
OG0000551	Prbb.g_00530	Prav.g_01125
OG0000552	Prbb.g_00531	Prav.g_01126
OG0000553	Prbb.g_00532	Prav.g_01127
OG0000554	Prbb.g_00537	Prav.g_01132
OG0000555	Prbb.g_00545	Prav.g_01140
OG0000556	Prbb.g_00547	Prav.g_01142
OG0000557	Prbb.g_00548	Prav.g_01143
OG0000558	Prbb.g_00551	Prav.g_01145
OG0000559	Prbb.g_00555	Prav.g_01149
OG0000560	Prbb.g_00558	Prav.g_01152
OG0000561	Prbb.g_00559	Prav.g_01153
OG0000562	Prbb.g_00560	Prav.g_01154
OG0000563	Prbb.g_00561	Prav.g_01155
OG0000564	Prbb.g_00562	Prav.g_01156
OG0000565	Prbb.g_00565	Prav.g_01159
OG0000566	Prbb.g_00567	Prav.g_01161
OG0000567	Prbb.g_00571	Prav.g_01165
OG0000568	Prbb.g_00572	Prav.g_01166
OG0000569	Prbb.g_00573	Prav.g_01167
OG0000570	Prbb.g_00574	Prav.g_01168
OG0000571	Prbb.g_00576	Prav.g_01170
OG0000572	Prbb.g_00587	Prav.g_01183
OG0000573	Prbb.g_00592	Prav.g_01188
OG0000574	Prbb.g_00594	Prav.g_01189
OG0000575	Prbb.g_00597	Prav.g_01193
OG0000576	Prbb.g_00599	Prav.g_01195
OG0000577	Prbb.g_00600	Prav.g_01196
OG0000578	Prbb.g_00601	Prav.g_01197
OG0000579	Prbb.g_00602	Prav.g_01198
OG0000580	Prbb.g_00603	Prav.g_01199
OG0000581	Prbb.g_00606	Prav.g_01201
OG0000582	Prbb.g_00609	Prav.g_01204
OG0000583	Prbb.g_00610	Prav.g_01205
OG0000584	Prbb.g_00611	Prav.g_01206
OG0000585	Prbb.g_00613	Prav.g_01208
OG0000586	Prbb.g_00614	Prav.g_01209
OG0000587	Prbb.g_00615	Prav.g_01210
OG0000588	Prbb.g_00619	Prav.g_01214
OG0000589	Prbb.g_00622	Prav.g_01219
OG0000590	Prbb.g_00623	Prav.g_01220
OG0000591	Prbb.g_00626	Prav.g_01223
OG0000592	Prbb.g_00627	Prav.g_01224
OG0000593	Prbb.g_00633	Prav.g_01230
OG0000594	Prbb.g_00634	Prav.g_01231
OG0000595	Prbb.g_00635	Prav.g_01232
OG0000596	Prbb.g_00639	Prav.g_01236
OG0000597	Prbb.g_00641	Prav.g_01238
OG0000598	Prbb.g_00642	Prav.g_01239
OG0000599	Prbb.g_00645	Prav.g_01242
OG0000600	Prbb.g_00646	Prav.g_01243
OG0000601	Prbb.g_00647	Prav.g_01244
OG0000602	Prbb.g_00649	Prav.g_01246
OG0000603	Prbb.g_00650	Prav.g_01247
OG0000604	Prbb.g_00651	Prav.g_01248
OG0000605	Prbb.g_00652	Prav.g_01249
OG0000606	Prbb.g_00655	Prav.g_01252
OG0000607	Prbb.g_00658	Prav.g_01255
OG0000608	Prbb.g_00659	Prav.g_01256
OG0000609	Prbb.g_00660	Prav.g_01257
OG0000610	Prbb.g_00667	Prav.g_01262
OG0000611	Prbb.g_00670	Prav.g_01265
OG0000612	Prbb.g_00671	Prav.g_01266
OG0000613	Prbb.g_00677	Prav.g_01271
OG0000614	Prbb.g_00700	Prav.g_01290
OG0000615	Prbb.g_00708	Prav.g_01298
OG0000616	Prbb.g_02176	Prav.g_01312
OG0000617	Prbb.g_00719	Prav.g_00312
OG0000618	Prbb.g_00720	Prav.g_00313
OG0000619	Prbb.g_00721	Prav.g_00314
OG0000620	Prbb.g_00724	Prav.g_00317
OG0000621	Prbb.g_00725	Prav.g_00318
OG0000622	Prbb.g_00726	Prav.g_00319
OG0000623	Prbb.g_00727	Prav.g_00320
OG0000624	Prbb.g_00729	Prav.g_00321
OG0000625	Prbb.g_00730	Prav.g_00322
OG0000626	Prbb.g_00731	Prav.g_00323
OG0000627	Prbb.g_00733	Prav.g_00324
OG0000628	Prbb.g_00734	Prav.g_00325
OG0000629	Prbb.g_00735	Prav.g_00326
OG0000630	Prbb.g_00738	Prav.g_00329
OG0000631	Prbb.g_00962	Prav.g_00388
OG0000632	Prbb.g_00963	Prav.g_00389
OG0000633	Prbb.g_00964	Prav.g_00390
OG0000634	Prbb.g_00779	Prav.g_00393
OG0000635	Prbb.g_00780	Prav.g_00394
OG0000636	Prbb.g_00782	Prav.g_00396
OG0000637	Prbb.g_00784	Prav.g_00398
OG0000638	Prbb.g_00785	Prav.g_00399
OG0000639	Prbb.g_00786	Prav.g_00400
OG0000640	Prbb.g_00787	Prav.g_00401
OG0000641	Prbb.g_00791	Prav.g_00405
OG0000642	Prbb.g_00792	Prav.g_00406
OG0000643	Prbb.g_00793	Prav.g_00407
OG0000644	Prbb.g_00794	Prav.g_00408
OG0000645	Prbb.g_00795	Prav.g_00409
OG0000646	Prbb.g_00798	Prav.g_00411
OG0000647	Prbb.g_00800	Prav.g_00412
OG0000648	Prbb.g_00802	Prav.g_00414
OG0000649	Prbb.g_00803	Prav.g_00415
OG0000650	Prbb.g_00804	Prav.g_00416
OG0000651	Prbb.g_00805	Prav.g_00417
OG0000652	Prbb.g_00806	Prav.g_00418
OG0000653	Prbb.g_00808	Prav.g_00420
OG0000654	Prbb.g_00809	Prav.g_00421
OG0000655	Prbb.g_00810	Prav.g_00422
OG0000656	Prbb.g_00813	Prav.g_00425
OG0000657	Prbb.g_00819	Prav.g_00432
OG0000658	Prbb.g_00821	Prav.g_00433
OG0000659	Prbb.g_00822	Prav.g_00434
OG0000660	Prbb.g_00827	Prav.g_00438
OG0000661	Prbb.g_00829	Prav.g_00440
OG0000662	Prbb.g_00831	Prav.g_00442
OG0000663	Prbb.g_00833	Prav.g_00444
OG0000664	Prbb.g_00834	Prav.g_00445
OG0000665	Prbb.g_00838	Prav.g_00449
OG0000666	Prbb.g_00839	Prav.g_00450
OG0000667	Prbb.g_00843	Prav.g_00454
OG0000668	Prbb.g_00914	Prav.g_00483
OG0000669	Prbb.g_00922	Prav.g_00490
OG0000670	Prbb.g_00925	Prav.g_00492
OG0000671	Prbb.g_00927	Prav.g_00494
OG0000672	Prbb.g_00930	Prav.g_00497
OG0000673	Prbb.g_00933	Prav.g_00500
OG0000674	Prbb.g_00935	Prav.g_00502
OG0000675	Prbb.g_00936	Prav.g_00503
OG0000676	Prbb.g_00938	Prav.g_00505
OG0000677	Prbb.g_00939	Prav.g_00506
OG0000678	Prbb.g_00942	Prav.g_00508
OG0000679	Prbb.g_00946	Prav.g_00512
OG0000680	Prbb.g_00947	Prav.g_00513
OG0000681	Prbb.g_00950	Prav.g_00515
OG0000682	Prbb.g_00951	Prav.g_00516
OG0000683	Prbb.g_00952	Prav.g_00517
OG0000684	Prbb.g_00762	Prav.g_00519
OG0000685	Prbb.g_00764	Prav.g_00521
OG0000686	Prbb.g_00765	Prav.g_00522
OG0000687	Prbb.g_00766	Prav.g_00523
OG0000688	Prbb.g_00769	Prav.g_00526
OG0000689	Prbb.g_00770	Prav.g_00527
OG0000690	Prbb.g_00771	Prav.g_00528
OG0000691	Prbb.g_00772	Prav.g_00529
OG0000692	Prbb.g_00774	Prav.g_00530
OG0000693	Prbb.g_00775	Prav.g_00531
OG0000694	Prbb.g_00776	Prav.g_00532
OG0000695	Prbb.g_00966	Prav.g_00534
OG0000696	Prbb.g_00967	Prav.g_00535
OG0000697	Prbb.g_00968	Prav.g_00536
OG0000698	Prbb.g_00971	Prav.g_00539
OG0000699	Prbb.g_00972	Prav.g_00540
OG0000700	Prbb.g_00973	Prav.g_00541
OG0000701	Prbb.g_00974	Prav.g_00542
OG0000702	Prbb.g_00976	Prav.g_00544
OG0000703	Prbb.g_00977	Prav.g_00545
OG0000704	Prbb.g_00978	Prav.g_00546
OG0000705	Prbb.g_00984	Prav.g_00550
OG0000706	Prbb.g_00985	Prav.g_00551
OG0000707	Prbb.g_00986	Prav.g_00552
OG0000708	Prbb.g_00988	Prav.g_00553
OG0000709	Prbb.g_00992	Prav.g_00557
OG0000710	Prbb.g_00995	Prav.g_00560
OG0000711	Prbb.g_01010	Prav.g_00577
OG0000712	Prbb.g_01012	Prav.g_00579
OG0000713	Prbb.g_01013	Prav.g_00580
OG0000714	Prbb.g_01014	Prav.g_00581
OG0000715	Prbb.g_01016	Prav.g_00583
OG0000716	Prbb.g_01017	Prav.g_00585
OG0000717	Prbb.g_01018	Prav.g_00586
OG0000718	Prbb.g_01036	Prav.g_00902
OG0000719	Prbb.g_01037	Prav.g_00904
OG0000720	Prbb.g_01048	Prav.g_00913
OG0000721	Prbb.g_01049	Prav.g_00915
OG0000722	Prbb.g_01050	Prav.g_00916
OG0000723	Prbb.g_01054	Prav.g_00919
OG0000724	Prbb.g_01065	Prav.g_00928
OG0000725	Prbb.g_00891	Prav.g_00934
OG0000726	Prbb.g_00890	Prav.g_00935
OG0000727	Prbb.g_00889	Prav.g_00936
OG0000728	Prbb.g_00887	Prav.g_00938
OG0000729	Prbb.g_02071	Prav.g_00263
OG0000730	Prbb.g_00392	Prav.g_00004
OG0000731	Prbb.g_00400	Prav.g_00008
OG0000732	Prbb.g_02121	Prav.g_00016
OG0000733	Prbb.g_01888	Prav.g_00034
OG0000734	Prbb.g_01533	Prav.g_00050
OG0000735	Prbb.g_01531	Prav.g_00052
OG0000736	Prbb.g_01530	Prav.g_00053
OG0000737	Prbb.g_01529	Prav.g_00054
OG0000738	Prbb.g_01525	Prav.g_00058
OG0000739	Prbb.g_01524	Prav.g_00059
OG0000740	Prbb.g_01523	Prav.g_00060
OG0000741	Prbb.g_01521	Prav.g_00061
OG0000742	Prbb.g_01518	Prav.g_00064
OG0000743	Prbb.g_01516	Prav.g_00066
OG0000744	Prbb.g_01515	Prav.g_00067
OG0000745	Prbb.g_01513	Prav.g_00068
OG0000746	Prbb.g_01511	Prav.g_00070
OG0000747	Prbb.g_01510	Prav.g_00071
OG0000748	Prbb.g_01506	Prav.g_00074
OG0000749	Prbb.g_01505	Prav.g_00075
OG0000750	Prbb.g_01504	Prav.g_00076
OG0000751	Prbb.g_01501	Prav.g_01868
OG0000752	Prbb.g_01499	Prav.g_01866
OG0000753	Prbb.g_01497	Prav.g_01863
OG0000754	Prbb.g_01493	Prav.g_01860
OG0000755	Prbb.g_01488	Prav.g_01857
OG0000756	Prbb.g_01487	Prav.g_01856
OG0000757	Prbb.g_01480	Prav.g_01850
OG0000758	Prbb.g_01479	Prav.g_01849
OG0000759	Prbb.g_01478	Prav.g_01848
OG0000760	Prbb.g_01477	Prav.g_01847
OG0000761	Prbb.g_01476	Prav.g_01846
OG0000762	Prbb.g_01475	Prav.g_01845
OG0000763	Prbb.g_01473	Prav.g_01843
OG0000764	Prbb.g_01472	Prav.g_01842
OG0000765	Prbb.g_01463	Prav.g_01833
OG0000766	Prbb.g_01462	Prav.g_01832
OG0000767	Prbb.g_01461	Prav.g_01830
OG0000768	Prbb.g_01460	Prav.g_01829
OG0000769	Prbb.g_01458	Prav.g_01827
OG0000770	Prbb.g_01457	Prav.g_01825
OG0000771	Prbb.g_01060	Prav.g_02003
OG0000772	Prbb.g_01291	Prav.g_01409
OG0000773	Prbb.g_01577	Prav.g_01429
OG0000774	Prbb.g_01580	Prav.g_01431
OG0000775	Prbb.g_01581	Prav.g_01433
OG0000776	Prbb.g_01582	Prav.g_01434
OG0000777	Prbb.g_01583	Prav.g_01435
OG0000778	Prbb.g_01584	Prav.g_01436
OG0000779	Prbb.g_01588	Prav.g_01440
OG0000780	Prbb.g_01589	Prav.g_01441
OG0000781	Prbb.g_01592	Prav.g_01444
OG0000782	Prbb.g_01593	Prav.g_01445
OG0000783	Prbb.g_01594	Prav.g_01446
OG0000784	Prbb.g_01595	Prav.g_01447
OG0000785	Prbb.g_01597	Prav.g_01449
OG0000786	Prbb.g_01600	Prav.g_01451
OG0000787	Prbb.g_01601	Prav.g_01452
OG0000788	Prbb.g_00746	Prav.g_01460
OG0000789	Prbb.g_01057	Prav.g_01463
OG0000790	Prbb.g_01644	Prav.g_01478
OG0000791	Prbb.g_01646	Prav.g_01480
OG0000792	Prbb.g_01647	Prav.g_01481
OG0000793	Prbb.g_01650	Prav.g_01484
OG0000794	Prbb.g_01651	Prav.g_01485
OG0000795	Prbb.g_01652	Prav.g_01486
OG0000796	Prbb.g_01656	Prav.g_01490
OG0000797	Prbb.g_01657	Prav.g_01491
OG0000798	Prbb.g_00858	Prav.g_01556
OG0000799	Prbb.g_01668	Prav.g_01560
OG0000800	Prbb.g_01669	Prav.g_01561
OG0000801	Prbb.g_01670	Prav.g_01562
OG0000802	Prbb.g_01672	Prav.g_01564
OG0000803	Prbb.g_01674	Prav.g_01566
OG0000804	Prbb.g_01675	Prav.g_01567
OG0000805	Prbb.g_01677	Prav.g_01569
OG0000806	Prbb.g_01679	Prav.g_01571
OG0000807	Prbb.g_01680	Prav.g_01572
OG0000808	Prbb.g_01681	Prav.g_01573
OG0000809	Prbb.g_01684	Prav.g_01576
OG0000810	Prbb.g_01685	Prav.g_01577
OG0000811	Prbb.g_01689	Prav.g_01581
OG0000812	Prbb.g_01691	Prav.g_01583
OG0000813	Prbb.g_01692	Prav.g_01584
OG0000814	Prbb.g_01694	Prav.g_01586
OG0000815	Prbb.g_01695	Prav.g_01587
OG0000816	Prbb.g_01697	Prav.g_01589
OG0000817	Prbb.g_01698	Prav.g_01590
OG0000818	Prbb.g_01702	Prav.g_01595
OG0000819	Prbb.g_01703	Prav.g_01596
OG0000820	Prbb.g_01704	Prav.g_01597
OG0000821	Prbb.g_01707	Prav.g_01601
OG0000822	Prbb.g_01708	Prav.g_01602
OG0000823	Prbb.g_01709	Prav.g_01603
OG0000824	Prbb.g_01712	Prav.g_01606
OG0000825	Prbb.g_01713	Prav.g_01607
OG0000826	Prbb.g_01714	Prav.g_01608
OG0000827	Prbb.g_01715	Prav.g_01609
OG0000828	Prbb.g_01718	Prav.g_01612
OG0000829	Prbb.g_01719	Prav.g_01613
OG0000830	Prbb.g_01720	Prav.g_01614
OG0000831	Prbb.g_01722	Prav.g_01616
OG0000832	Prbb.g_01732	Prav.g_01622
OG0000833	Prbb.g_01740	Prav.g_01630
OG0000834	Prbb.g_01741	Prav.g_01631
OG0000835	Prbb.g_01742	Prav.g_01632
OG0000836	Prbb.g_01744	Prav.g_01633
OG0000837	Prbb.g_01745	Prav.g_01634
OG0000838	Prbb.g_01747	Prav.g_01636
OG0000839	Prbb.g_01748	Prav.g_01637
OG0000840	Prbb.g_01749	Prav.g_01638
OG0000841	Prbb.g_01750	Prav.g_01639
OG0000842	Prbb.g_01751	Prav.g_01640
OG0000843	Prbb.g_01752	Prav.g_01641
OG0000844	Prbb.g_01753	Prav.g_01642
OG0000845	Prbb.g_01754	Prav.g_01643
OG0000846	Prbb.g_01755	Prav.g_01644
OG0000847	Prbb.g_01756	Prav.g_01645
OG0000848	Prbb.g_01757	Prav.g_01646
OG0000849	Prbb.g_01758	Prav.g_01647
OG0000850	Prbb.g_01760	Prav.g_01649
OG0000851	Prbb.g_01761	Prav.g_01650
OG0000852	Prbb.g_01762	Prav.g_01651
OG0000853	Prbb.g_01767	Prav.g_01655
OG0000854	Prbb.g_01769	Prav.g_01657
OG0000855	Prbb.g_01770	Prav.g_01658
OG0000856	Prbb.g_01659	Prav.g_01671
OG0000857	Prbb.g_00799	Prav.g_01699
OG0000858	Prbb.g_01817	Prav.g_01755
OG0000859	Prbb.g_01818	Prav.g_01756
OG0000860	Prbb.g_01825	Prav.g_01763
OG0000861	Prbb.g_01826	Prav.g_01764
OG0000862	Prbb.g_01827	Prav.g_01765
OG0000863	Prbb.g_01828	Prav.g_01767
OG0000864	Prbb.g_01829	Prav.g_01768
OG0000865	Prbb.g_01830	Prav.g_01769
OG0000866	Prbb.g_01831	Prav.g_01770
OG0000867	Prbb.g_01832	Prav.g_01771
OG0000868	Prbb.g_01833	Prav.g_01772
OG0000869	Prbb.g_01836	Prav.g_01776
OG0000870	Prbb.g_01841	Prav.g_01781
OG0000871	Prbb.g_01842	Prav.g_01782
OG0000872	Prbb.g_01843	Prav.g_01783
OG0000873	Prbb.g_01846	Prav.g_01786
OG0000874	Prbb.g_01849	Prav.g_01789
OG0000875	Prbb.g_01851	Prav.g_01790
OG0000876	Prbb.g_01852	Prav.g_01791
OG0000877	Prbb.g_01854	Prav.g_01793
OG0000878	Prbb.g_01855	Prav.g_01794
OG0000879	Prbb.g_01856	Prav.g_01795
OG0000880	Prbb.g_01857	Prav.g_01796
OG0000881	Prbb.g_01860	Prav.g_01800
OG0000882	Prbb.g_01865	Prav.g_01805
OG0000883	Prbb.g_01867	Prav.g_01807
OG0000884	Prbb.g_01869	Prav.g_01809
OG0000885	Prbb.g_01870	Prav.g_01810
OG0000886	Prbb.g_01871	Prav.g_01811
OG0000887	Prbb.g_01872	Prav.g_01812
OG0000888	Prbb.g_01874	Prav.g_01814
OG0000889	Prbb.g_01876	Prav.g_01816
OG0000890	Prbb.g_01877	Prav.g_01817
OG0000891	Prbb.g_01878	Prav.g_01818
OG0000892	Prbb.g_01880	Prav.g_00264
OG0000893	Prbb.g_01922	Prav.g_00268
OG0000894	Prbb.g_01925	Prav.g_00270
OG0000895	Prbb.g_01928	Prav.g_00273
OG0000896	Prbb.g_01929	Prav.g_00274
OG0000897	Prbb.g_01931	Prav.g_00276
OG0000898	Prbb.g_01932	Prav.g_00277
OG0000899	Prbb.g_01933	Prav.g_00278
OG0000900	Prbb.g_01934	Prav.g_00279
OG0000901	Prbb.g_01937	Prav.g_00282
OG0000902	Prbb.g_01939	Prav.g_00284
OG0000903	Prbb.g_01948	Prav.g_00287
OG0000904	Prbb.g_01943	Prav.g_00289
OG0000905	Prbb.g_01941	Prav.g_00294
OG0000906	Prbb.g_01940	Prav.g_00295
OG0000907	Prbb.g_01958	Prav.g_00590
OG0000908	Prbb.g_01961	Prav.g_00593
OG0000909	Prbb.g_01962	Prav.g_00594
OG0000910	Prbb.g_01963	Prav.g_00595
OG0000911	Prbb.g_01965	Prav.g_00597
OG0000912	Prbb.g_01966	Prav.g_00598
OG0000913	Prbb.g_01967	Prav.g_00599
OG0000914	Prbb.g_01968	Prav.g_00600
OG0000915	Prbb.g_01969	Prav.g_00601
OG0000916	Prbb.g_01970	Prav.g_00602
OG0000917	Prbb.g_01971	Prav.g_00603
OG0000918	Prbb.g_01972	Prav.g_00604
OG0000919	Prbb.g_01973	Prav.g_00605
OG0000920	Prbb.g_01974	Prav.g_00606
OG0000921	Prbb.g_01975	Prav.g_00607
OG0000922	Prbb.g_01976	Prav.g_00608
OG0000923	Prbb.g_01980	Prav.g_00612
OG0000924	Prbb.g_01981	Prav.g_00613
OG0000925	Prbb.g_01982	Prav.g_00614
OG0000926	Prbb.g_01983	Prav.g_00615
OG0000927	Prbb.g_01985	Prav.g_00617
OG0000928	Prbb.g_01986	Prav.g_00618
OG0000929	Prbb.g_01987	Prav.g_00619
OG0000930	Prbb.g_01988	Prav.g_00620
OG0000931	Prbb.g_01989	Prav.g_00621
OG0000932	Prbb.g_01990	Prav.g_00622
OG0000933	Prbb.g_01994	Prav.g_00626
OG0000934	Prbb.g_01996	Prav.g_00628
OG0000935	Prbb.g_01997	Prav.g_00629
OG0000936	Prbb.g_01998	Prav.g_00630
OG0000937	Prbb.g_01999	Prav.g_00631
OG0000938	Prbb.g_02002	Prav.g_00633
OG0000939	Prbb.g_02003	Prav.g_00634
OG0000940	Prbb.g_02010	Prav.g_00641
OG0000941	Prbb.g_02012	Prav.g_00643
OG0000942	Prbb.g_02014	Prav.g_00645
OG0000943	Prbb.g_02015	Prav.g_00646
OG0000944	Prbb.g_02017	Prav.g_00647
OG0000945	Prbb.g_02018	Prav.g_00648
OG0000946	Prbb.g_02024	Prav.g_00653
OG0000947	Prbb.g_02026	Prav.g_00655
OG0000948	Prbb.g_02027	Prav.g_00656
OG0000949	Prbb.g_02030	Prav.g_00659
OG0000950	Prbb.g_02035	Prav.g_00664
OG0000951	Prbb.g_02039	Prav.g_00668
OG0000952	Prbb.g_02043	Prav.g_00672
OG0000953	Prbb.g_02047	Prav.g_00675
OG0000954	Prbb.g_02051	Prav.g_00679
OG0000955	Prbb.g_02052	Prav.g_00680
OG0000956	Prbb.g_02054	Prav.g_00682
OG0000957	Prbb.g_02059	Prav.g_00687
OG0000958	Prbb.g_02060	Prav.g_00688
OG0000959	Prbb.g_02064	Prav.g_00692
OG0000960	Prbb.g_02065	Prav.g_00693
OG0000961	Prbb.g_02068	Prav.g_00695
OG0000962	Prbb.g_02070	Prav.g_00697
OG0000963	Prbb.g_02075	Prav.g_00701
OG0000964	Prbb.g_02076	Prav.g_00702
OG0000965	Prbb.g_02077	Prav.g_00703
OG0000966	Prbb.g_02099	Prav.g_00710
OG0000967	Prbb.g_02103	Prav.g_00714
OG0000968	Prbb.g_02105	Prav.g_00716
OG0000969	Prbb.g_02106	Prav.g_00717
OG0000970	Prbb.g_02107	Prav.g_00718
OG0000971	Prbb.g_02108	Prav.g_00719
OG0000972	Prbb.g_02109	Prav.g_00720
OG0000973	Prbb.g_02110	Prav.g_00721
OG0000974	Prbb.g_02111	Prav.g_00722
OG0000975	Prbb.g_02112	Prav.g_00723
OG0000976	Prbb.g_02113	Prav.g_00724
OG0000977	Prbb.g_02114	Prav.g_00725
OG0000978	Prbb.g_02115	Prav.g_00726
OG0000979	Prbb.g_02118	Prav.g_00729
OG0000980	Prbb.g_02120	Prav.g_00731
OG0000981	Prbb.g_02123	Prav.g_00733
OG0000982	Prbb.g_02125	Prav.g_00735
OG0000983	Prbb.g_02126	Prav.g_00736
OG0000984	Prbb.g_02127	Prav.g_00737
OG0000985	Prbb.g_02130	Prav.g_00740
OG0000986	Prbb.g_02132	Prav.g_00742
OG0000987	Prbb.g_02133	Prav.g_00743
OG0000988	Prbb.g_02136	Prav.g_00746
OG0000989	Prbb.g_02140	Prav.g_00750
OG0000990	Prbb.g_02145	Prav.g_00753
OG0000991	Prbb.g_02146	Prav.g_00754
OG0000992	Prbb.g_02149	Prav.g_00756
OG0000993	Prbb.g_02150	Prav.g_00757
OG0000994	Prbb.g_02151	Prav.g_00758
OG0000995	Prbb.g_02155	Prav.g_00762
OG0000996	Prbb.g_02156	Prav.g_00763
OG0000997	Prbb.g_02164	Prav.g_00764
OG0000998	Prbb.g_02166	Prav.g_00766
OG0000999	Prbb.g_02167	Prav.g_00767
OG0001000	Prbb.g_02170	Prav.g_00770
OG0001001	Prbb.g_02173	Prav.g_00772
OG0001002	Prbb.g_02178	Prav.g_00776
OG0001003	Prbb.g_02180	Prav.g_00778
OG0001004	Prbb.g_02181	Prav.g_00779
OG0001005	Prbb.g_02182	Prav.g_00780
OG0001006	Prbb.g_02187	Prav.g_00784
OG0001007	Prbb.g_02189	Prav.g_00786
OG0001008	Prbb.g_00442	Prav.g_01036
OG0001009	Prbb.g_00028	Prav.g_00095
OG0001010	Prbb.g_00029	Prav.g_00096
OG0001011	Prbb.g_00030	Prav.g_00097
OG0001012	Prbb.g_00058	Prav.g_00114
OG0001013	Prbb.g_00063	Prav.g_00119
OG0001014	Prbb.g_00066	Prav.g_00122
OG0001015	Prbb.g_00067	Prav.g_00123
OG0001016	Prbb.g_00128	Prav.g_00138
OG0001017	Prbb.g_00132	Prav.g_00142
OG0001018	Prbb.g_00135	Prav.g_00145
OG0001019	Prbb.g_00144	Prav.g_00154
OG0001020	Prbb.g_00145	Prav.g_00155
OG0001021	Prbb.g_00146	Prav.g_00156
OG0001022	Prbb.g_00149	Prav.g_00159
OG0001023	Prbb.g_00150	Prav.g_00160
OG0001024	Prbb.g_00153	Prav.g_00163
OG0001025	Prbb.g_00160	Prav.g_00169
OG0001026	Prbb.g_00168	Prav.g_00176
OG0001027	Prbb.g_00169	Prav.g_00177
OG0001028	Prbb.g_00171	Prav.g_00179
OG0001029	Prbb.g_00173	Prav.g_00180
OG0001030	Prbb.g_00189	Prav.g_00195
OG0001031	Prbb.g_00243	Prav.g_00852
OG0001032	Prbb.g_00244	Prav.g_00851
OG0001033	Prbb.g_00264	Prav.g_00830
OG0001034	Prbb.g_00293	Prav.g_00802
OG0001035	Prbb.g_00310	Prav.g_01901
OG0001036	Prbb.g_00314	Prav.g_01906
OG0001037	Prbb.g_00315	Prav.g_01907
OG0001038	Prbb.g_00331	Prav.g_01924
OG0001040	Prbb.g_00335	Prav.g_01929
OG0001041	Prbb.g_00339	Prav.g_01933
OG0001042	Prbb.g_00355	Prav.g_01950
OG0001043	Prbb.g_00356	Prav.g_01951
OG0001044	Prbb.g_00393	Prav.g_01979
OG0001045	Prbb.g_00402	Prav.g_01988
OG0001046	Prbb.g_01124	Prav.g_00996
OG0001047	Prbb.g_00444	Prav.g_01038
OG0001048	Prbb.g_00445	Prav.g_01039
OG0001049	Prbb.g_00447	Prav.g_01041
OG0001050	Prbb.g_00448	Prav.g_01042
OG0001051	Prbb.g_00449	Prav.g_01043
OG0001052	Prbb.g_00475	Prav.g_01069
OG0001053	Prbb.g_00488	Prav.g_01081
OG0001054	Prbb.g_00502	Prav.g_01096
OG0001055	Prbb.g_00521	Prav.g_01115
OG0001056	Prbb.g_00539	Prav.g_01134
OG0001057	Prbb.g_00544	Prav.g_01139
OG0001058	Prbb.g_00553	Prav.g_01147
OG0001059	Prbb.g_00557	Prav.g_01151
OG0001060	Prbb.g_00564	Prav.g_01158
OG0001061	Prbb.g_00577	Prav.g_01171
OG0001062	Prbb.g_00579	Prav.g_01173
OG0001063	Prbb.g_00580	Prav.g_01175
OG0001064	Prbb.g_00581	Prav.g_01176
OG0001065	Prbb.g_00582	Prav.g_01177
OG0001066	Prbb.g_00583	Prav.g_01178
OG0001067	Prbb.g_00584	Prav.g_01179
OG0001068	Prbb.g_00585	Prav.g_01180
OG0001069	Prbb.g_00586	Prav.g_01181
OG0001070	Prbb.g_00588	Prav.g_01184
OG0001071	Prbb.g_00589	Prav.g_01185
OG0001072	Prbb.g_00590	Prav.g_01186
OG0001073	Prbb.g_00604	Prav.g_01200
OG0001074	Prbb.g_00616	Prav.g_01211
OG0001075	Prbb.g_00617	Prav.g_01212
OG0001076	Prbb.g_00624	Prav.g_01222
OG0001077	Prbb.g_00629	Prav.g_01226
OG0001078	Prbb.g_00637	Prav.g_01234
OG0001079	Prbb.g_00648	Prav.g_01245
OG0001080	Prbb.g_00654	Prav.g_01251
OG0001081	Prbb.g_00656	Prav.g_01253
OG0001082	Prbb.g_00657	Prav.g_01254
OG0001083	Prbb.g_00662	Prav.g_01259
OG0001084	Prbb.g_00664	Prav.g_01260
OG0001085	Prbb.g_00674	Prav.g_01268
OG0001086	Prbb.g_00675	Prav.g_01269
OG0001087	Prbb.g_00694	Prav.g_01286
OG0001088	Prbb.g_00695	Prav.g_01287
OG0001089	Prbb.g_00705	Prav.g_01295
OG0001090	Prbb.g_00714	Prav.g_00307
OG0001091	Prbb.g_00716	Prav.g_00309
OG0001092	Prbb.g_00717	Prav.g_00310
OG0001093	Prbb.g_00722	Prav.g_00315
OG0001094	Prbb.g_00777	Prav.g_00391
OG0001095	Prbb.g_00796	Prav.g_00410
OG0001096	Prbb.g_00811	Prav.g_00423
OG0001097	Prbb.g_00830	Prav.g_00441
OG0001098	Prbb.g_00847	Prav.g_00456
OG0001099	Prbb.g_00917	Prav.g_00487
OG0001100	Prbb.g_00924	Prav.g_00491
OG0001101	Prbb.g_00926	Prav.g_00493
OG0001102	Prbb.g_00929	Prav.g_00496
OG0001103	Prbb.g_00931	Prav.g_00498
OG0001104	Prbb.g_00763	Prav.g_00520
OG0001105	Prbb.g_00767	Prav.g_00524
OG0001106	Prbb.g_00979	Prav.g_00547
OG0001107	Prbb.g_00989	Prav.g_00554
OG0001108	Prbb.g_00993	Prav.g_00558
OG0001109	Prbb.g_00994	Prav.g_00559
OG0001110	Prbb.g_00996	Prav.g_00561
OG0001111	Prbb.g_00997	Prav.g_00562
OG0001112	Prbb.g_00998	Prav.g_00563
OG0001113	Prbb.g_00999	Prav.g_00564
OG0001114	Prbb.g_01000	Prav.g_00565
OG0001115	Prbb.g_01002	Prav.g_00567
OG0001116	Prbb.g_01003	Prav.g_00568
OG0001117	Prbb.g_01004	Prav.g_00569
OG0001118	Prbb.g_01005	Prav.g_00570
OG0001119	Prbb.g_01006	Prav.g_00571
OG0001120	Prbb.g_01007	Prav.g_00573
OG0001121	Prbb.g_01627	Prav.g_00031, Prav.g_00576
OG0001122	Prbb.g_01038	Prav.g_00905
OG0001123	Prbb.g_01043	Prav.g_00909
OG0001124	Prbb.g_01045	Prav.g_00911
OG0001125	Prbb.g_01047	Prav.g_00912
OG0001126	Prbb.g_01058	Prav.g_00922
OG0001127	Prbb.g_01059	Prav.g_00923
OG0001128	Prbb.g_01062	Prav.g_00925
OG0001129	Prbb.g_01063	Prav.g_00926
OG0001130	Prbb.g_01064	Prav.g_00927
OG0001131	Prbb.g_00897	Prav.g_00242
OG0001132	Prbb.g_01108	Prav.g_00252
OG0001133	Prbb.g_01085	Prav.g_00019
OG0001134	Prbb.g_01887	Prav.g_00033
OG0001135	Prbb.g_01890	Prav.g_00036
OG0001136	Prbb.g_01520	Prav.g_00062
OG0001137	Prbb.g_01507	Prav.g_00073
OG0001138	Prbb.g_01486	Prav.g_01855
OG0001139	Prbb.g_01484	Prav.g_01854
OG0001140	Prbb.g_01483	Prav.g_01853
OG0001141	Prbb.g_01482	Prav.g_01852
OG0001142	Prbb.g_01481	Prav.g_01851
OG0001143	Prbb.g_01474	Prav.g_01844
OG0001144	Prbb.g_01469	Prav.g_01839
OG0001145	Prbb.g_01578	Prav.g_01430
OG0001146	Prbb.g_01590	Prav.g_01442
OG0001147	Prbb.g_01612	Prav.g_01459
OG0001148	Prbb.g_01641	Prav.g_01475
OG0001149	Prbb.g_01642	Prav.g_01476
OG0001150	Prbb.g_01643	Prav.g_01477
OG0001151	Prbb.g_01654	Prav.g_01488
OG0001152	Prbb.g_01655	Prav.g_01489
OG0001153	Prbb.g_01716	Prav.g_01610
OG0001154	Prbb.g_01717	Prav.g_01611
OG0001155	Prbb.g_01733	Prav.g_01623
OG0001156	Prbb.g_01736	Prav.g_01626
OG0001157	Prbb.g_01737	Prav.g_01627
OG0001158	Prbb.g_01738	Prav.g_01628
OG0001159	Prbb.g_01739	Prav.g_01629
OG0001160	Prbb.g_01765	Prav.g_01653
OG0001161	Prbb.g_01555	Prav.g_01664
OG0001162	Prbb.g_01778	Prav.g_01675
OG0001163	Prbb.g_01815	Prav.g_01753
OG0001164	Prbb.g_01819	Prav.g_01757
OG0001165	Prbb.g_01822	Prav.g_01760
OG0001166	Prbb.g_01840	Prav.g_01780
OG0001167	Prbb.g_01858	Prav.g_01797
OG0001168	Prbb.g_01859	Prav.g_01799
OG0001169	Prbb.g_01861	Prav.g_01801
OG0001170	Prbb.g_01863	Prav.g_01803
OG0001171	Prbb.g_01873	Prav.g_01813
OG0001172	Prbb.g_01926	Prav.g_00271
OG0001173	Prbb.g_01927	Prav.g_00272
OG0001174	Prbb.g_01935	Prav.g_00280
OG0001175	Prbb.g_01936	Prav.g_00281
OG0001176	Prbb.g_01947	Prav.g_00288
OG0001177	Prbb.g_01945	Prav.g_00291
OG0001178	Prbb.g_01279	Prav.g_00296
OG0001179	Prbb.g_01984	Prav.g_00616
OG0001180	Prbb.g_02007	Prav.g_00638
OG0001181	Prbb.g_02011	Prav.g_00642
OG0001182	Prbb.g_02019	Prav.g_00649
OG0001183	Prbb.g_02025	Prav.g_00654
OG0001184	Prbb.g_02041	Prav.g_00670
OG0001185	Prbb.g_02056	Prav.g_00684
OG0001186	Prbb.g_02097	Prav.g_00707
OG0001187	Prbb.g_02100	Prav.g_00711
OG0001188	Prbb.g_02102	Prav.g_00713
OG0001189	Prbb.g_02119	Prav.g_00730
OG0001190	Prbb.g_02124	Prav.g_00734
OG0001191	Prbb.g_02134	Prav.g_00744
OG0001192	Prbb.g_02139	Prav.g_00749
OG0001193	Prbb.g_02152	Prav.g_00759
OG0001194	Prbb.g_02153	Prav.g_00760
OG0001195	Prbb.g_02154	Prav.g_00761
OG0001196	Prbb.g_02175	Prav.g_00774
OG0001197	Prbb.g_02177	Prav.g_00775
OG0001198	Prbb.g_02186	Prav.g_00783
OG0001199	Prbb.g_00129	Prav.g_00139
OG0001200	Prbb.g_00131	Prav.g_00141
OG0001201	Prbb.g_00163	Prav.g_00173
OG0001202	Prbb.g_00256	Prav.g_00839
OG0001203	Prbb.g_00295	Prav.g_00800
OG0001204	Prbb.g_00301	Prav.g_01890
OG0001205	Prbb.g_00450	Prav.g_01044
OG0001206	Prbb.g_00469	Prav.g_01060
OG0001207	Prbb.g_00480	Prav.g_01075
OG0001208	Prbb.g_00487	Prav.g_01080
OG0001209	Prbb.g_00538	Prav.g_01133
OG0001210	Prbb.g_00543	Prav.g_01138
OG0001211	Prbb.g_00554	Prav.g_01148
OG0001212	Prbb.g_00596	Prav.g_01192
OG0001213	Prbb.g_00630	Prav.g_01227
OG0001214	Prbb.g_00638	Prav.g_01235
OG0001215	Prbb.g_00696	Prav.g_01288
OG0001216	Prbb.g_00715	Prav.g_00308
OG0001217	Prbb.g_00108	Prav.g_00346
OG0001218	Prbb.g_00754	Prav.g_00355
OG0001219	Prbb.g_00960	Prav.g_00385
OG0001220	Prbb.g_00837	Prav.g_00448
OG0001221	Prbb.g_00944	Prav.g_00510
OG0001222	Prbb.g_00893	Prav.g_00548
OG0001223	Prbb.g_01008	Prav.g_00574
OG0001224	Prbb.g_01066	Prav.g_00929
OG0001225	Prbb.g_01068	Prav.g_00931
OG0001227	Prbb.g_01090	Prav.g_00255
OG0001228	Prbb.g_01465	Prav.g_01836
OG0001229	Prbb.g_01201	Prav.g_01471
OG0001230	Prbb.g_01678	Prav.g_01570
OG0001231	Prbb.g_00758	Prav.g_01673
OG0001232	Prbb.g_01844	Prav.g_01784
OG0001233	Prbb.g_01864	Prav.g_01804
OG0001234	Prbb.g_01938	Prav.g_00283
OG0001235	Prbb.g_01942	Prav.g_00293
OG0001236	Prbb.g_02038	Prav.g_00667
OG0001237	Prbb.g_02042	Prav.g_00671
OG0001238	Prbb.g_02135	Prav.g_00745
OG0001239	Prbb.g_00126	Prav.g_00136
OG0001240	Prbb.g_00148	Prav.g_00158
OG0001241	Prbb.g_00157	Prav.g_00166
OG0001242	Prbb.g_00176	Prav.g_00184
OG0001243	Prbb.g_00183	Prav.g_00190
OG0001244	Prbb.g_00199	Prav.g_00206
OG0001245	Prbb.g_01288	Prav.g_00997
OG0001246	Prbb.g_00508	Prav.g_01102
OG0001247	Prbb.g_00689	Prav.g_01281
OG0001248	Prbb.g_00691	Prav.g_01283
OG0001249	Prbb.g_00389	Prav.g_00373
OG0001251	Prbb.g_01913	Prav.g_00484
OG0001252	Prbb.g_01061	Prav.g_00924
OG0001253	Prbb.g_01783	Prav.g_00256
OG0001254	Prbb.g_01889	Prav.g_00035
OG0001255	Prbb.g_01534	Prav.g_00049
OG0001256	Prbb.g_01774	Prav.g_01666
OG0001257	Prbb.g_01779	Prav.g_01672
OG0001258	Prbb.g_01820	Prav.g_01758
OG0001259	Prbb.g_01862	Prav.g_01802
OG0001260	Prbb.g_01879	Prav.g_01819
OG0001261	Prbb.g_01992	Prav.g_00624
OG0001262	Prbb.g_02117	Prav.g_00728
OG0001263	Prbb.g_00186	Prav.g_00193
OG0001269	Prbb.g_00836	Prav.g_00978
OG0001273	Prbb.g_00632	Prav.g_01229
OG0001277	Prbb.g_02163	Prav.g_00244
OG0001279	Prbb.g_01196	Prav.g_01392
OG0001280	Prbb.g_01585	Prav.g_01437
OG0001281	Prbb.g_01591	Prav.g_01443
OG0001282	Prbb.g_01640	Prav.g_01474
OG0001283	Prbb.g_02171	Prav.g_01493
OG0001284	Prbb.g_01759	Prav.g_01648
OG0001285	Prbb.g_01847	Prav.g_01787
OG0001286	Prbb.g_02005	Prav.g_00636
OG0001287	Prbb.g_02063	Prav.g_00691
OG0001288	Prbb.g_02074	Prav.g_00700
OG0001289	Prbb.g_00142	Prav.g_00152
OG0001290	Prbb.g_00156	Prav.g_00165
OG0001294	Prbb.g_01553, Prbb.g_01628	Prav.g_00995
OG0001295	Prbb.g_01542	Prav.g_01065
OG0001296	Prbb.g_00513	Prav.g_01107
OG0001297	Prbb.g_00518	Prav.g_01112
OG0001299	Prbb.g_00669	Prav.g_01264
OG0001300	Prbb.g_00701	Prav.g_01291
OG0001301	Prbb.g_00703	Prav.g_01294
OG0001302	Prbb.g_00958	Prav.g_00383
OG0001303	Prbb.g_01388	Prav.g_00946
OG0001304	Prbb.g_01052	Prav.g_00918
OG0001305	Prbb.g_00888	Prav.g_00937
OG0001306	Prbb.g_01532	Prav.g_00051
OG0001307	Prbb.g_01609	Prav.g_01456
OG0001308	Prbb.g_01696	Prav.g_01588
OG0001309	Prbb.g_00522	Prav.g_01670
OG0001310	Prbb.g_01834	Prav.g_01773
OG0001311	Prbb.g_01044	Prav.g_00910
OG0001315	Prbb.g_02023	Prav.g_00126
OG0001316	Prbb.g_00197	Prav.g_00205
OG0001317	Prbb.g_00291	Prav.g_00804
OG0001318	Prbb.g_00312	Prav.g_01903
OG0001320	Prbb.g_01189	Prav.g_00998
OG0001321	Prbb.g_00456	Prav.g_01050
OG0001322	Prbb.g_00457	Prav.g_01051
OG0001324	Prbb.g_00702	Prav.g_01292
OG0001325	Prbb.g_00718	Prav.g_00311
OG0001326	Prbb.g_01905	Prav.g_00472
OG0001327	Prbb.g_00921	Prav.g_00227
OG0001328	Prbb.g_00940	Prav.g_00254
OG0001329	Prbb.g_01782	Prav.g_00026
OG0001330	Prbb.g_01579	Prav.g_01408
OG0001331	Prbb.g_01645	Prav.g_01479
OG0001332	Prbb.g_01731	Prav.g_01621
OG0001334	Prbb.g_02028	Prav.g_00657
OG0001335	Prbb.g_02029	Prav.g_00658
OG0001336	Prbb.g_02172	Prav.g_00771
OG0001339	Prbb.g_00159	Prav.g_00168
OG0001340	Prbb.g_00384	Prav.g_01974
OG0001341	Prbb.g_00086	Prav.g_00344
OG0001342	Prbb.g_01379, Prbb.g_01020, Prbb.g_01019, Prbb.g_01626, Prbb.g_01362, Prbb.g_01096	Prav.g_00377
OG0001343	Prbb.g_00912	Prav.g_00481
OG0001344	Prbb.g_01512	Prav.g_00069
OG0001345	Prbb.g_01496	Prav.g_01862
OG0001346	Prbb.g_01587	Prav.g_01439
OG0001348	Prbb.g_01125	Prav.g_01693
OG0001349	Prbb.g_00876	Prav.g_01558
OG0001350	Prbb.g_00294	Prav.g_00801
OG0001352	Prbb.g_00685	Prav.g_01278
OG0001354	Prbb.g_01001	Prav.g_00566
OG0001355	Prbb.g_01781	Prav.g_01704, Prav.g_00969
OG0001356	Prbb.g_01164	Prav.g_00957
OG0001358	Prbb.g_00621	Prav.g_01218
OG0001359	Prbb.g_00913	Prav.g_00482
OG0001360	Prbb.g_01494	Prav.g_00257
OG0001362	Prbb.g_01700	Prav.g_01592
OG0001363	Prbb.g_00465	Prav.g_01594
OG0001365	Prbb.g_02128	Prav.g_00738
OG0001369	Prbb.g_00147	Prav.g_00157
OG0001371	Prbb.g_00684	Prav.g_01277
OG0001372	Prbb.g_00053	Prav.g_01325
OG0001373	Prbb.g_01904	Prav.g_00471
OG0001374	Prbb.g_01912	Prav.g_00479
OG0001375	Prbb.g_00911	Prav.g_00480
OG0001376	Prbb.g_00899	Prav.g_00220
OG0001377	Prbb.g_00900	Prav.g_00221
OG0001378	Prbb.g_00439	Prav.g_00003
OG0001380	Prbb.g_01541	Prav.g_01461
OG0001381	Prbb.g_01637	Prav.g_01467
OG0001384	Prbb.g_01127, Prbb.g_01114	Prav.g_00333, Prav.g_01309
OG0001385	Prbb.g_01901	Prav.g_00468
OG0001386	Prbb.g_01902	Prav.g_00469
OG0001387	Prbb.g_01903	Prav.g_00470
OG0001388	Prbb.g_01906	Prav.g_00473
OG0001389	Prbb.g_01907	Prav.g_00474
OG0001390	Prbb.g_01908	Prav.g_00475
OG0001391	Prbb.g_01909	Prav.g_00476
OG0001392	Prbb.g_01910	Prav.g_00477
OG0001393	Prbb.g_01911	Prav.g_00478
OG0001395	Prbb.g_01055	Prav.g_00920
OG0001396	Prbb.g_02089	Prav.g_00300
OG0001397	Prbb.g_01701	Prav.g_01593
OG0001398	Prbb.g_00732	Prav.g_01700
OG0001401	Prbb.g_00820	Prav.g_01365
OG0001402	Prbb.g_00625	Prav.g_01328
OG0001403	Prbb.g_00031	Prav.g_00098
OG0001404	Prbb.g_00123	Prav.g_00133
OG0001405	Prbb.g_00377	Prav.g_01972
OG0001406	Prbb.g_00898	Prav.g_00219
OG0001407	Prbb.g_00903	Prav.g_00234
OG0001408	Prbb.g_00097	Prav.g_00239
OG0001409	Prbb.g_01508	Prav.g_00072
OG0001410	Prbb.g_01610	Prav.g_01457
OG0001412	Prbb.g_02086	Prav.g_00298
OG0001413	Prbb.g_00759	Prav.g_01662
OG0001414	Prbb.g_00285	Prav.g_00809
OG0001415	Prbb.g_00287	Prav.g_00807
OG0001417	Prbb.g_01552	Prav.g_01067
OG0001418	Prbb.g_00690	Prav.g_01282
OG0001419	Prbb.g_00750	Prav.g_00235
OG0001420	Prbb.g_01183	Prav.g_00012
OG0001421	Prbb.g_01775	Prav.g_01667
OG0001422	Prbb.g_01086	Prav.g_01691
OG0001424	Prbb.g_01449	Prav.g_01877
OG0001425	Prbb.g_02138	Prav.g_00748
OG0001429	Prbb.g_00961	Prav.g_00386
OG0001430	Prbb.g_00901	Prav.g_01403
OG0001431	Prbb.g_01207	Prav.g_01406
OG0001432	Prbb.g_01033	Prav.g_01661
OG0001433	Prbb.g_01163	Prav.g_00958
OG0001434	Prbb.g_00953	Prav.g_00518
OG0001435	Prbb.g_00928	Prav.g_00495
OG0001437	Prbb.g_00286	Prav.g_00808
OG0001439	Prbb.g_00358	Prav.g_01953
OG0001440	Prbb.g_01286	Prav.g_01022
OG0001441	Prbb.g_00525	Prav.g_01119
OG0001442	Prbb.g_01667	Prav.g_00337
OG0001443	Prbb.g_01896	Prav.g_01744
OG0001446	Prbb.g_00134	Prav.g_00144
OG0001447	Prbb.g_00184	Prav.g_00191
OG0001450	Prbb.g_00693	Prav.g_01285
OG0001451	Prbb.g_00848	Prav.g_00457
OG0001453	Prbb.g_01011	Prav.g_00578
OG0001454	Prbb.g_01280	Prav.g_00250
OG0001455	Prbb.g_00054	Prav.g_00021, Prav.g_01388
OG0001456	Prbb.g_01559	Prav.g_00042
OG0001457	Prbb.g_01558	Prav.g_00043
OG0001458	Prbb.g_01557	Prav.g_00044
OG0001460	Prbb.g_01162	Prav.g_00959
OG0001463	Prbb.g_00338	Prav.g_01932
OG0001464	Prbb.g_00739	Prav.g_01975
OG0001466	Prbb.g_01212	Prav.g_00335
OG0001467	Prbb.g_00115	Prav.g_00374
OG0001468	Prbb.g_00910	Prav.g_00225
OG0001470	Prbb.g_00853	Prav.g_01509
OG0001471	Prbb.g_01554	Prav.g_01663
OG0001472	Prbb.g_01371	Prav.g_01669
OG0001473	Prbb.g_01623	Prav.g_00708
OG0001474	Prbb.g_00399	Prav.g_01986
OG0001475	Prbb.g_00855	Prav.g_01511
OG0001480	Prbb.g_01215	Prav.g_00988
OG0001481	Prbb.g_01077	Prav.g_00992
OG0001482	Prbb.g_01089	Prav.g_01055
OG0001485	Prbb.g_01208	Prav.g_01705
OG0001486	Prbb.g_01519	Prav.g_00063
OG0001491	Prbb.g_00954	Prav.g_00381
OG0001494	Prbb.g_00870	Prav.g_01553
OG0001495	Prbb.g_01944	Prav.g_00290
OG0001499	Prbb.g_00110	Prav.g_00125
OG0001500	Prbb.g_00317	Prav.g_01910
OG0001501	Prbb.g_01260	Prav.g_01313
OG0001503	Prbb.g_01126	Prav.g_00039
OG0001505	Prbb.g_00857	Prav.g_01548, Prav.g_01503
OG0001506	Prbb.g_01728	Prav.g_01619
OG0001507	Prbb.g_01181	Prav.g_01722
OG0001508	Prbb.g_02096	Prav.g_01508
OG0001521	Prbb.g_01027, Prbb.g_01446	Prav.g_00345
OG0001523	Prbb.g_01892	Prav.g_00037
OG0001524	Prbb.g_01893	Prav.g_00038
OG0001526	Prbb.g_00955	Prav.g_01504
OG0001528	Prbb.g_00854	Prav.g_01510
OG0001548	Prbb.g_01105	Prav.g_00371
OG0001549	Prbb.g_00846	Prav.g_00455
OG0001550	Prbb.g_01247	Prav.g_00024
OG0001551	Prbb.g_01898	Prav.g_00041
OG0001552	Prbb.g_01895	Prav.g_02005
OG0001555	Prbb.g_01803	Prav.g_01683
OG0001556	Prbb.g_01154	Prav.g_00963
OG0001566	Prbb.g_00681	Prav.g_01274
OG0001569	Prbb.g_01433	Prav.g_00262
OG0001571	Prbb.g_01325	Prav.g_00017
OG0001581	Prbb.g_01103	Prav.g_00211
OG0001582	Prbb.g_01551	Prav.g_01066
OG0001585	Prbb.g_01306	Prav.g_01395
OG0001586	Prbb.g_00872	Prav.g_01549, Prav.g_01523
OG0001595	Prbb.g_00122	Prav.g_00132
OG0001596	Prbb.g_00130	Prav.g_00140
OG0001597	Prbb.g_01725	Prav.g_00981
OG0001598	Prbb.g_01073	Prav.g_01879, Prav.g_01383
OG0001599	Prbb.g_00467	Prav.g_01058
OG0001600	Prbb.g_00515	Prav.g_01109
OG0001601	Prbb.g_00679	Prav.g_01272
OG0001603	Prbb.g_00957	Prav.g_00382
OG0001604	Prbb.g_00941	Prav.g_00507
OG0001606	Prbb.g_01139	Prav.g_00241
OG0001608	Prbb.g_01116	Prav.g_01464
OG0001609	Prbb.g_01726	Prav.g_01617
OG0001610	Prbb.g_01730	Prav.g_01620
OG0001611	Prbb.g_01141	Prav.g_01680
OG0001612	Prbb.g_00426, Prbb.g_01166	Prav.g_01321
OG0001612	Prbb.g_01241	Prav.g_01707
OG0001613	Prbb.g_02022	Prav.g_00652
OG0001629	Prbb.g_01179	Prav.g_00358
OG0001630	Prbb.g_00918	Prav.g_00488
OG0001631	Prbb.g_00740	Prav.g_00231
OG0001632	Prbb.g_01187	Prav.g_00588, Prav.g_00948, Prav.g_00943, Prav.g_01394
OG0001633	Prbb.g_01920	Prav.g_01470
OG0001648	Prbb.g_01796	Prav.g_00991
OG0001649	Prbb.g_00902	Prav.g_00232
OG0001650	Prbb.g_01432, Prbb.g_01270	Prav.g_01717
OG0001651	Prbb.g_01113	Prav.g_01679
OG0001662	Prbb.g_01365	Prav.g_00009
OG0001664	Prbb.g_01634	Prav.g_01882
OG0001665	Prbb.g_01636	Prav.g_01886
OG0001667	Prbb.g_01206	Prav.g_01411
OG0001668	Prbb.g_01886	Prav.g_01747
OG0001688	Prbb.g_01021, Prbb.g_01448	Prav.g_00230
OG0001689	Prbb.g_02072	Prav.g_00698
OG0001696	Prbb.g_00849	Prav.g_00458
OG0001698	Prbb.g_01660	Prav.g_00228
OG0001700	Prbb.g_01161	Prav.g_00960
OG0001706	Prbb.g_01281	Prav.g_00891
OG0001708	Prbb.g_01536	Prav.g_00047
OG0001709	Prbb.g_00875	Prav.g_01559
OG0001718	Prbb.g_01140	Prav.g_00982
OG0001719	Prbb.g_01267, Prbb.g_01425	Prav.g_01004
OG0001721	Prbb.g_01788	Prav.g_00348
OG0001722	Prbb.g_00916	Prav.g_00486
OG0001723	Prbb.g_01793	Prav.g_01393, Prav.g_01020
OG0001724	Prbb.g_01297, Prbb.g_01301, Prbb.g_01303	Prav.g_01716
OG0001742	Prbb.g_01249	Prav.g_00994
OG0001743	Prbb.g_01317	Prav.g_00007
OG0001744	Prbb.g_01261	Prav.g_01419
OG0001772	Prbb.g_01250	Prav.g_01012, Prav.g_01323
OG0001774	Prbb.g_00682	Prav.g_01275
OG0001775	Prbb.g_00109	Prav.g_00237
OG0001776	Prbb.g_01097	Prav.g_00005
OG0001778	Prbb.g_01602	Prav.g_01405
OG0001779	Prbb.g_01228	Prav.g_01420
OG0001781	Prbb.g_01257	Prav.g_01692
OG0001819	Prbb.g_01080	Prav.g_01005
OG0001820	Prbb.g_01220	Prav.g_01381
OG0001821	Prbb.g_01191	Prav.g_00349
OG0001822	Prbb.g_01028	Prav.g_00368
OG0001823	Prbb.g_01343	Prav.g_00460
OG0001824	Prbb.g_00744	Prav.g_00899
OG0001825	Prbb.g_01074	Prav.g_00238
OG0001826	Prbb.g_00751	Prav.g_00240
OG0001827	Prbb.g_01088	Prav.g_00243
OG0001828	Prbb.g_00096	Prav.g_00002
OG0001829	Prbb.g_01178	Prav.g_00006
OG0001830	Prbb.g_01214	Prav.g_00020
OG0001831	Prbb.g_01102	Prav.g_00032
OG0001832	Prbb.g_01340	Prav.g_01401
OG0001833	Prbb.g_01638	Prav.g_01472
OG0001921	Prbb.g_01394	Prav.g_00462
OG0001963	Prbb.g_01949	Prav.g_01742
OG0001982	Prbb.g_01795	Prav.g_00987
OG0001987	Prbb.g_01374	Prav.g_01332, Prav.g_01751
OG0001988	Prbb.g_01211	Prav.g_00109
OG0001991	Prbb.g_01165	Prav.g_01343
OG0002027	Prbb.g_00755	Prav.g_00464
OG0002033	Prbb.g_00072	Prav.g_00942
OG0002036	Prbb.g_01253	Prav.g_01724
OG0002147	Prbb.g_01296	Prav.g_01314
OG0002271	Prbb.g_01397	Prav.g_01709
OG0002293	Prbb.g_01079	Prav.g_01368
OG0002325	Prbb.g_01252	Prav.g_01726
OG0002327	Prbb.g_01337	Prav.g_01706
OG0002346	Prbb.g_01633	Prav.g_01887
OG0002372	Prbb.g_01894	Prav.g_01687
OG0002374	Prbb.g_01159	Prav.g_00956
OG0002380	Prbb.g_01431	Prav.g_01880
OG0002427	Prbb.g_01117	Prav.g_01728
OG0002619	Prbb.g_01171	Prav.g_00892
OG0002701	Prbb.g_01168, Prbb.g_01290	Prav.g_01333
OG0002719	Prbb.g_01128	Prav.g_01739, Prav.g_01875
OG0003170	Prbb.g_01406	Prav.g_01320
OG0003215	Prbb.g_01188	Prav.g_01681
