Orthogroup	Prar	Prao
OG0000000	Prar.g_00918	Prao.g_01246
OG0000000	Prar.g_01508	Prao.g_00116
OG0000001	Prar.g_00730, Prar.g_01204	Prao.g_01029
OG0000002	Prar.g_00926	Prao.g_01254
OG0000002	Prar.g_01203	Prao.g_01529
OG0000002	Prar.g_01202	Prao.g_01852
OG0000003	Prar.g_00973	Prao.g_01296
OG0000003	Prar.g_00727	Prao.g_01518
OG0000004	Prar.g_01623	Prao.g_00673
OG0000004	Prar.g_01630	Prao.g_00679
OG0000005	Prar.g_00729	Prao.g_01515
OG0000006	Prar.g_01328	Prao.g_00603
OG0000006	Prar.g_01143	Prao.g_01552
OG0000007	Prar.g_01502	Prao.g_00111
OG0000008	Prar.g_00445	Prao.g_00517
OG0000008	Prar.g_01002	Prao.g_01333
OG0000009	Prar.g_01663	Prao.g_00720
OG0000009	Prar.g_00078	Prao.g_00387
OG0000010	Prar.g_01313	Prao.g_01142
OG0000010	Prar.g_00991	Prao.g_01316
OG0000011	Prar.g_00257	Prao.g_00466
OG0000012	Prar.g_01428	Prao.g_00036
OG0000014	Prar.g_00520	Prao.g_00576
OG0000015	Prar.g_00443	Prao.g_00515
OG0000016	Prar.g_00915	Prao.g_01243
OG0000017	Prar.g_00827	Prao.g_01417
OG0000018	Prar.g_00086	Prao.g_00379
OG0000019	Prar.g_00425	Prao.g_00500
OG0000020	Prar.g_00435	Prao.g_00509
OG0000021	Prar.g_01665	Prao.g_00722
OG0000022	Prar.g_00971	Prao.g_01294
OG0000023	Prar.g_00737	Prao.g_01507
OG0000024	Prar.g_00281	Prao.g_01213
OG0000025	Prar.g_01940	Prao.g_01012
OG0000026	Prar.g_00005, Prar.g_00004	Prao.g_00179
OG0000027	Prar.g_00761	Prao.g_01483
OG0000027	Prar.g_01626	Prao.g_00675
OG0000028	Prar.g_00339	Prao.g_01397
OG0000029	Prar.g_00736	Prao.g_01508
OG0000030	Prar.g_00593	Prao.g_00015
OG0000033	Prar.g_00025	Prao.g_00160
OG0000035	Prar.g_01943	Prao.g_01015
OG0000035	Prar.g_01761	Prao.g_00831
OG0000036	Prar.g_01414	Prao.g_00024
OG0000037	Prar.g_01453	Prao.g_00062
OG0000038	Prar.g_01649	Prao.g_00699
OG0000039	Prar.g_00161	Prao.g_00304
OG0000040	Prar.g_00420	Prao.g_00494
OG0000041	Prar.g_00476	Prao.g_00532
OG0000042	Prar.g_01599	Prao.g_00648
OG0000043	Prar.g_01668	Prao.g_00725
OG0000044	Prar.g_01263	Prao.g_01089
OG0000045	Prar.g_00870	Prao.g_01191
OG0000046	Prar.g_01150	Prao.g_01545
OG0000047	Prar.g_00653	Prao.g_01743
OG0000048	Prar.g_00660	Prao.g_01750
OG0000050	Prar.g_00007	Prao.g_00177
OG0000051	Prar.g_01569, Prar.g_00170	Prao.g_00295
OG0000052	Prar.g_00431	Prao.g_00505
OG0000054	Prar.g_01644	Prao.g_00693
OG0000055	Prar.g_01706	Prao.g_00763
OG0000056	Prar.g_01307	Prao.g_01135
OG0000057	Prar.g_00090	Prao.g_00375
OG0000058	Prar.g_00525	Prao.g_00581
OG0000059	Prar.g_01528	Prao.g_00136
OG0000060	Prar.g_01628	Prao.g_00677
OG0000060	Prar.g_01558, Prar.g_01562, Prar.g_01004	Prao.g_01340
OG0000061	Prar.g_01298	Prao.g_01124
OG0000062	Prar.g_01296	Prao.g_01122
OG0000063	Prar.g_01003	Prao.g_01332
OG0000064	Prar.g_00997	Prao.g_01327
OG0000065	Prar.g_00955	Prao.g_01276
OG0000066	Prar.g_00880	Prao.g_01215
OG0000068	Prar.g_01027	Prao.g_01687
OG0000069	Prar.g_00886	Prao.g_01201, Prao.g_01362
OG0000071	Prar.g_00027	Prao.g_00158
OG0000072	Prar.g_00265	Prao.g_00458
OG0000073	Prar.g_01499	Prao.g_00108
OG0000074	Prar.g_01521	Prao.g_00129
OG0000075	Prar.g_01691	Prao.g_00748
OG0000076	Prar.g_01904	Prao.g_00974
OG0000078	Prar.g_00872	Prao.g_01214
OG0000079	Prar.g_00769	Prao.g_01474
OG0000080	Prar.g_01166	Prao.g_01522
OG0000081	Prar.g_00627	Prao.g_01717
OG0000082	Prar.g_00072	Prao.g_01806
OG0000083	Prar.g_00035	Prao.g_01844
OG0000084	Prar.g_00032	Prao.g_01847
OG0000085	Prar.g_00015	Prao.g_00170
OG0000086	Prar.g_00581	Prao.g_00185
OG0000087	Prar.g_00570	Prao.g_00195
OG0000088	Prar.g_00215	Prao.g_00251
OG0000089	Prar.g_00207	Prao.g_00260
OG0000090	Prar.g_00189	Prao.g_00277
OG0000091	Prar.g_00158	Prao.g_00307
OG0000092	Prar.g_00157	Prao.g_00308
OG0000093	Prar.g_00143	Prao.g_00322
OG0000094	Prar.g_00125	Prao.g_00340
OG0000095	Prar.g_00120	Prao.g_00345
OG0000097	Prar.g_00313	Prao.g_01378
OG0000098	Prar.g_00303	Prao.g_00421
OG0000099	Prar.g_00293	Prao.g_00431
OG0000100	Prar.g_00290	Prao.g_00434
OG0000101	Prar.g_00417	Prao.g_00491
OG0000102	Prar.g_00444	Prao.g_00516
OG0000103	Prar.g_00526	Prao.g_00582
OG0000104	Prar.g_00530	Prao.g_00586
OG0000105	Prar.g_01330	Prao.g_00605
OG0000106	Prar.g_01362	Prao.g_01859
OG0000107	Prar.g_01363	Prao.g_01858
OG0000108	Prar.g_01373	Prao.g_01162
OG0000109	Prar.g_01382	Prao.g_01171
OG0000110	Prar.g_01398	Prao.g_01187
OG0000111	Prar.g_01481	Prao.g_00090
OG0000112	Prar.g_01482	Prao.g_00091
OG0000113	Prar.g_01621	Prao.g_00670
OG0000114	Prar.g_01682	Prao.g_00739
OG0000115	Prar.g_01833	Prao.g_00902
OG0000116	Prar.g_01837	Prao.g_00906
OG0000117	Prar.g_01901	Prao.g_00971
OG0000118	Prar.g_01953	Prao.g_01025
OG0000119	Prar.g_01293	Prao.g_01119
OG0000120	Prar.g_01257	Prao.g_01083
OG0000121	Prar.g_01238	Prao.g_01064
OG0000122	Prar.g_01219	Prao.g_01045
OG0000123	Prar.g_01206	Prao.g_01032
OG0000124	Prar.g_00376	Prao.g_00014
OG0000125	Prar.g_00943	Prao.g_01264
OG0000126	Prar.g_00911	Prao.g_01239
OG0000127	Prar.g_00352	Prao.g_01384
OG0000128	Prar.g_00338	Prao.g_01398
OG0000129	Prar.g_00810	Prao.g_01433
OG0000130	Prar.g_01145	Prao.g_01550
OG0000131	Prar.g_01959	Prao.g_01588
OG0000132	Prar.g_00595, Prar.g_01956	Prao.g_01591
OG0000133	Prar.g_01068	Prao.g_01646
OG0000134	Prar.g_01032	Prao.g_01682
OG0000135	Prar.g_01030	Prao.g_01684
OG0000136	Prar.g_00638	Prao.g_01728
OG0000137	Prar.g_00669	Prao.g_01760
OG0000138	Prar.g_00704	Prao.g_01796
OG0000139	Prar.g_00055	Prao.g_01823
OG0000140	Prar.g_00037	Prao.g_01842
OG0000141	Prar.g_00036	Prao.g_01843
OG0000142	Prar.g_00034	Prao.g_01845
OG0000143	Prar.g_00033	Prao.g_01846
OG0000144	Prar.g_00031	Prao.g_01848
OG0000145	Prar.g_00030	Prao.g_01849
OG0000146	Prar.g_00029	Prao.g_01850
OG0000147	Prar.g_00028	Prao.g_00157
OG0000148	Prar.g_00026	Prao.g_00159
OG0000149	Prar.g_00024	Prao.g_00161
OG0000150	Prar.g_00023	Prao.g_00162
OG0000151	Prar.g_00022	Prao.g_00163
OG0000152	Prar.g_00021	Prao.g_00164
OG0000153	Prar.g_00020	Prao.g_00165
OG0000154	Prar.g_00019	Prao.g_00166
OG0000155	Prar.g_00018	Prao.g_00167
OG0000156	Prar.g_00017	Prao.g_00168
OG0000157	Prar.g_00016	Prao.g_00169
OG0000158	Prar.g_00014	Prao.g_00171
OG0000159	Prar.g_00013	Prao.g_00172
OG0000160	Prar.g_00012	Prao.g_00173
OG0000161	Prar.g_00011	Prao.g_00174
OG0000162	Prar.g_00010	Prao.g_00175
OG0000163	Prar.g_00009	Prao.g_00176
OG0000164	Prar.g_00006	Prao.g_00178
OG0000165	Prar.g_00002	Prao.g_00181
OG0000166	Prar.g_00001	Prao.g_00182
OG0000167	Prar.g_00594	Prao.g_00183
OG0000168	Prar.g_00580	Prao.g_00186
OG0000169	Prar.g_00578	Prao.g_00188
OG0000170	Prar.g_00577	Prao.g_00189
OG0000171	Prar.g_00576	Prao.g_00190
OG0000172	Prar.g_00574	Prao.g_00191
OG0000173	Prar.g_00573	Prao.g_00192
OG0000174	Prar.g_00572	Prao.g_00193
OG0000175	Prar.g_00571	Prao.g_00194
OG0000176	Prar.g_00569	Prao.g_00196
OG0000177	Prar.g_00568	Prao.g_00197
OG0000178	Prar.g_00567	Prao.g_00198
OG0000179	Prar.g_00554	Prao.g_00203
OG0000180	Prar.g_00553	Prao.g_00204
OG0000181	Prar.g_00552	Prao.g_00205
OG0000182	Prar.g_00549	Prao.g_00208
OG0000183	Prar.g_00548	Prao.g_00209
OG0000184	Prar.g_00255	Prao.g_00212
OG0000185	Prar.g_00251	Prao.g_00216
OG0000186	Prar.g_00250	Prao.g_00217
OG0000187	Prar.g_00249	Prao.g_00218
OG0000188	Prar.g_00248	Prao.g_00219
OG0000189	Prar.g_00247	Prao.g_00220
OG0000190	Prar.g_00246	Prao.g_00221
OG0000191	Prar.g_00245	Prao.g_00222
OG0000192	Prar.g_00244	Prao.g_00223
OG0000193	Prar.g_00243	Prao.g_00224
OG0000194	Prar.g_00242	Prao.g_00225
OG0000195	Prar.g_00240	Prao.g_00227
OG0000196	Prar.g_00239	Prao.g_00228
OG0000197	Prar.g_00238	Prao.g_00229
OG0000198	Prar.g_00237	Prao.g_00230
OG0000199	Prar.g_00234	Prao.g_00233
OG0000200	Prar.g_00233	Prao.g_00234
OG0000201	Prar.g_00232	Prao.g_00235
OG0000202	Prar.g_00231	Prao.g_00236
OG0000203	Prar.g_00230	Prao.g_00237
OG0000204	Prar.g_00229	Prao.g_00238
OG0000205	Prar.g_00228	Prao.g_00239
OG0000206	Prar.g_00227	Prao.g_00240
OG0000207	Prar.g_00226	Prao.g_00241
OG0000208	Prar.g_00225	Prao.g_00242
OG0000209	Prar.g_00224	Prao.g_00243
OG0000210	Prar.g_00222	Prao.g_00244
OG0000211	Prar.g_00221	Prao.g_00245
OG0000212	Prar.g_00220	Prao.g_00246
OG0000213	Prar.g_00219	Prao.g_00247
OG0000214	Prar.g_00217	Prao.g_00249
OG0000215	Prar.g_00216	Prao.g_00250
OG0000216	Prar.g_00214	Prao.g_00252
OG0000217	Prar.g_00213	Prao.g_00254
OG0000218	Prar.g_00212	Prao.g_00255
OG0000219	Prar.g_00211	Prao.g_00256
OG0000220	Prar.g_00208	Prao.g_00259
OG0000221	Prar.g_00206	Prao.g_00261
OG0000222	Prar.g_00205	Prao.g_00262
OG0000223	Prar.g_00204	Prao.g_00263
OG0000224	Prar.g_00201	Prao.g_00266
OG0000225	Prar.g_00199	Prao.g_00268
OG0000226	Prar.g_00198	Prao.g_00269
OG0000227	Prar.g_00197	Prao.g_00270
OG0000228	Prar.g_00196	Prao.g_00271
OG0000229	Prar.g_00195	Prao.g_00272
OG0000230	Prar.g_00194	Prao.g_00273
OG0000231	Prar.g_00192	Prao.g_00274
OG0000232	Prar.g_00191	Prao.g_00275
OG0000233	Prar.g_00188	Prao.g_00278
OG0000234	Prar.g_00186	Prao.g_00280
OG0000235	Prar.g_00182	Prao.g_00283
OG0000236	Prar.g_00181	Prao.g_00284
OG0000237	Prar.g_00180	Prao.g_00285
OG0000238	Prar.g_00179	Prao.g_00286
OG0000239	Prar.g_00178	Prao.g_00287
OG0000240	Prar.g_00176	Prao.g_00289
OG0000241	Prar.g_00175	Prao.g_00290
OG0000242	Prar.g_00174	Prao.g_00291
OG0000243	Prar.g_00173	Prao.g_00292
OG0000244	Prar.g_00172	Prao.g_00293
OG0000245	Prar.g_00171	Prao.g_00294
OG0000246	Prar.g_00169	Prao.g_00296
OG0000247	Prar.g_00168	Prao.g_00297
OG0000248	Prar.g_00167	Prao.g_00298
OG0000249	Prar.g_00166	Prao.g_00299
OG0000250	Prar.g_00165	Prao.g_00300
OG0000251	Prar.g_00164	Prao.g_00301
OG0000252	Prar.g_00163	Prao.g_00302
OG0000253	Prar.g_00162	Prao.g_00303
OG0000254	Prar.g_00160	Prao.g_00305
OG0000255	Prar.g_00159	Prao.g_00306
OG0000256	Prar.g_00156	Prao.g_00309
OG0000257	Prar.g_00154	Prao.g_00311
OG0000258	Prar.g_00153	Prao.g_00312
OG0000259	Prar.g_00152	Prao.g_00313
OG0000260	Prar.g_00151	Prao.g_00314
OG0000261	Prar.g_00150	Prao.g_00315
OG0000262	Prar.g_00149	Prao.g_00316
OG0000263	Prar.g_00148	Prao.g_00317
OG0000264	Prar.g_00146	Prao.g_00319
OG0000265	Prar.g_00145	Prao.g_00320
OG0000266	Prar.g_00144	Prao.g_00321
OG0000267	Prar.g_00142	Prao.g_00323
OG0000268	Prar.g_00141	Prao.g_00324
OG0000269	Prar.g_00140	Prao.g_00325
OG0000270	Prar.g_00139	Prao.g_00326
OG0000271	Prar.g_00138	Prao.g_00327
OG0000272	Prar.g_00137	Prao.g_00328
OG0000273	Prar.g_00136	Prao.g_00329
OG0000274	Prar.g_00135	Prao.g_00330
OG0000275	Prar.g_00134	Prao.g_00331
OG0000276	Prar.g_00133	Prao.g_00332
OG0000277	Prar.g_00132	Prao.g_00333
OG0000278	Prar.g_00131	Prao.g_00334
OG0000279	Prar.g_00130	Prao.g_00335
OG0000280	Prar.g_00129	Prao.g_00336
OG0000281	Prar.g_00127	Prao.g_00338
OG0000282	Prar.g_00126	Prao.g_00339
OG0000283	Prar.g_00123	Prao.g_00342
OG0000284	Prar.g_00122	Prao.g_00343
OG0000285	Prar.g_00121	Prao.g_00344
OG0000286	Prar.g_00119	Prao.g_00346
OG0000287	Prar.g_00118	Prao.g_00347
OG0000288	Prar.g_00117	Prao.g_00348
OG0000289	Prar.g_00116	Prao.g_00349
OG0000290	Prar.g_00115	Prao.g_00350
OG0000291	Prar.g_00114	Prao.g_00351
OG0000292	Prar.g_00113	Prao.g_00352
OG0000293	Prar.g_00112	Prao.g_00353
OG0000294	Prar.g_00111	Prao.g_00354
OG0000295	Prar.g_00110	Prao.g_00355
OG0000296	Prar.g_00109	Prao.g_00356
OG0000297	Prar.g_00108	Prao.g_00357
OG0000298	Prar.g_00107	Prao.g_00358
OG0000299	Prar.g_00106	Prao.g_00359
OG0000300	Prar.g_00105	Prao.g_00360
OG0000301	Prar.g_00104	Prao.g_00361
OG0000302	Prar.g_00103	Prao.g_00362
OG0000303	Prar.g_00102	Prao.g_00363
OG0000304	Prar.g_00101	Prao.g_00364
OG0000305	Prar.g_00100	Prao.g_00365
OG0000306	Prar.g_00099	Prao.g_00366
OG0000307	Prar.g_00098	Prao.g_00367
OG0000308	Prar.g_00097	Prao.g_00368
OG0000309	Prar.g_00096	Prao.g_00369
OG0000310	Prar.g_00095	Prao.g_00370
OG0000311	Prar.g_00094	Prao.g_00371
OG0000312	Prar.g_00092	Prao.g_00373
OG0000313	Prar.g_00091	Prao.g_00374
OG0000314	Prar.g_00088	Prao.g_00377
OG0000315	Prar.g_00087	Prao.g_00378
OG0000316	Prar.g_00085	Prao.g_00380
OG0000317	Prar.g_00083	Prao.g_00382
OG0000318	Prar.g_00082	Prao.g_00383
OG0000319	Prar.g_00081	Prao.g_00384
OG0000320	Prar.g_00080	Prao.g_00385
OG0000321	Prar.g_00077	Prao.g_00388
OG0000322	Prar.g_00334	Prao.g_00391
OG0000323	Prar.g_00333	Prao.g_00392
OG0000324	Prar.g_00330	Prao.g_00395
OG0000325	Prar.g_00328	Prao.g_00397
OG0000326	Prar.g_00327	Prao.g_00398
OG0000327	Prar.g_00325	Prao.g_00400
OG0000328	Prar.g_00324	Prao.g_00401
OG0000329	Prar.g_00323	Prao.g_00402
OG0000330	Prar.g_00322	Prao.g_00403
OG0000331	Prar.g_00321	Prao.g_00404
OG0000332	Prar.g_00320	Prao.g_00405
OG0000333	Prar.g_00319	Prao.g_00406
OG0000334	Prar.g_00318	Prao.g_00407
OG0000335	Prar.g_00317	Prao.g_00408
OG0000336	Prar.g_00316	Prao.g_00409
OG0000337	Prar.g_00312	Prao.g_00412
OG0000338	Prar.g_00311	Prao.g_00413
OG0000339	Prar.g_00310	Prao.g_00414
OG0000340	Prar.g_00309	Prao.g_00415
OG0000341	Prar.g_00305	Prao.g_00419
OG0000342	Prar.g_00304	Prao.g_00420
OG0000343	Prar.g_00302	Prao.g_00422
OG0000344	Prar.g_00301	Prao.g_00423
OG0000345	Prar.g_00300	Prao.g_00424
OG0000346	Prar.g_00299	Prao.g_00425
OG0000347	Prar.g_00298	Prao.g_00426
OG0000348	Prar.g_00297	Prao.g_00427
OG0000349	Prar.g_00296	Prao.g_00428
OG0000350	Prar.g_00295	Prao.g_00429
OG0000351	Prar.g_00292	Prao.g_00432
OG0000352	Prar.g_00289	Prao.g_00435
OG0000353	Prar.g_00288	Prao.g_00436
OG0000354	Prar.g_00287	Prao.g_00437
OG0000355	Prar.g_00286	Prao.g_00438
OG0000356	Prar.g_00285	Prao.g_00439
OG0000357	Prar.g_00284	Prao.g_00440
OG0000358	Prar.g_00283	Prao.g_00441
OG0000359	Prar.g_00282	Prao.g_00442
OG0000360	Prar.g_00279	Prao.g_00444
OG0000361	Prar.g_00278	Prao.g_00445
OG0000362	Prar.g_00277	Prao.g_00446
OG0000363	Prar.g_00276	Prao.g_00447
OG0000364	Prar.g_00275	Prao.g_00448
OG0000365	Prar.g_00274	Prao.g_00449
OG0000366	Prar.g_00273	Prao.g_00450
OG0000367	Prar.g_00272	Prao.g_00451
OG0000368	Prar.g_00271	Prao.g_00452
OG0000369	Prar.g_00270	Prao.g_00453
OG0000370	Prar.g_00269	Prao.g_00454
OG0000371	Prar.g_00268	Prao.g_00455
OG0000372	Prar.g_00266	Prao.g_00457
OG0000373	Prar.g_00264	Prao.g_00459
OG0000374	Prar.g_00263	Prao.g_00460
OG0000375	Prar.g_00262	Prao.g_00461
OG0000376	Prar.g_00260	Prao.g_00463
OG0000377	Prar.g_00259	Prao.g_00464
OG0000378	Prar.g_00258	Prao.g_00465
OG0000379	Prar.g_00394	Prao.g_00470
OG0000380	Prar.g_00395	Prao.g_00471
OG0000381	Prar.g_00396	Prao.g_00472
OG0000382	Prar.g_00398	Prao.g_00474
OG0000383	Prar.g_00401	Prao.g_00476
OG0000384	Prar.g_00402	Prao.g_00477
OG0000385	Prar.g_00405	Prao.g_00479
OG0000386	Prar.g_00406	Prao.g_00480
OG0000387	Prar.g_00407	Prao.g_00481
OG0000388	Prar.g_00408	Prao.g_00482
OG0000389	Prar.g_00409	Prao.g_00483
OG0000390	Prar.g_00410	Prao.g_00484
OG0000391	Prar.g_00411	Prao.g_00485
OG0000392	Prar.g_00412	Prao.g_00486
OG0000393	Prar.g_00415	Prao.g_00489
OG0000394	Prar.g_00416	Prao.g_00490
OG0000395	Prar.g_00418	Prao.g_00492
OG0000396	Prar.g_00419	Prao.g_00493
OG0000397	Prar.g_00432	Prao.g_00506
OG0000398	Prar.g_00440	Prao.g_00513
OG0000399	Prar.g_00441	Prao.g_00514
OG0000400	Prar.g_00446	Prao.g_00518
OG0000401	Prar.g_00479	Prao.g_00535
OG0000402	Prar.g_00480	Prao.g_00536
OG0000403	Prar.g_00481	Prao.g_00537
OG0000404	Prar.g_00483	Prao.g_00539
OG0000405	Prar.g_00484	Prao.g_00540
OG0000406	Prar.g_00486	Prao.g_00542
OG0000407	Prar.g_00487	Prao.g_00543
OG0000408	Prar.g_00488	Prao.g_00544
OG0000409	Prar.g_00489	Prao.g_00545
OG0000410	Prar.g_00490	Prao.g_00546
OG0000411	Prar.g_00491	Prao.g_00547
OG0000412	Prar.g_00492	Prao.g_00548
OG0000413	Prar.g_00493	Prao.g_00549
OG0000414	Prar.g_00494	Prao.g_00550
OG0000415	Prar.g_00495	Prao.g_00551
OG0000416	Prar.g_00496	Prao.g_00552
OG0000417	Prar.g_00497	Prao.g_00553
OG0000418	Prar.g_00498	Prao.g_00554
OG0000419	Prar.g_00499	Prao.g_00555
OG0000420	Prar.g_00500	Prao.g_00556
OG0000421	Prar.g_00501	Prao.g_00557
OG0000422	Prar.g_00503	Prao.g_00559
OG0000423	Prar.g_00504	Prao.g_00560
OG0000424	Prar.g_00506	Prao.g_00564
OG0000425	Prar.g_00510	Prao.g_00567
OG0000426	Prar.g_00511	Prao.g_00568
OG0000427	Prar.g_00512	Prao.g_00569
OG0000428	Prar.g_00513	Prao.g_00570
OG0000429	Prar.g_00514	Prao.g_00571
OG0000430	Prar.g_00521	Prao.g_00577
OG0000431	Prar.g_00523	Prao.g_00579
OG0000432	Prar.g_00524	Prao.g_00580
OG0000433	Prar.g_00527	Prao.g_00583
OG0000434	Prar.g_00528	Prao.g_00584
OG0000435	Prar.g_00529	Prao.g_00585
OG0000436	Prar.g_00531	Prao.g_00587
OG0000437	Prar.g_00533	Prao.g_00589
OG0000438	Prar.g_00534	Prao.g_00590
OG0000439	Prar.g_00535	Prao.g_00591
OG0000440	Prar.g_00537	Prao.g_00593
OG0000441	Prar.g_00538	Prao.g_00594
OG0000442	Prar.g_00539	Prao.g_00595
OG0000443	Prar.g_00540	Prao.g_00596
OG0000444	Prar.g_00541	Prao.g_00597
OG0000445	Prar.g_00542	Prao.g_00598
OG0000446	Prar.g_00543	Prao.g_00599
OG0000447	Prar.g_00544	Prao.g_00600
OG0000448	Prar.g_00545	Prao.g_00601
OG0000449	Prar.g_01331	Prao.g_00606
OG0000450	Prar.g_01332	Prao.g_00607
OG0000451	Prar.g_01333	Prao.g_00608
OG0000452	Prar.g_01334	Prao.g_00609
OG0000453	Prar.g_01336	Prao.g_00611
OG0000454	Prar.g_01337	Prao.g_00612
OG0000455	Prar.g_01338	Prao.g_00613
OG0000456	Prar.g_01339	Prao.g_00614
OG0000457	Prar.g_01341	Prao.g_00616
OG0000458	Prar.g_01343	Prao.g_00618
OG0000459	Prar.g_01344	Prao.g_00619
OG0000460	Prar.g_01345	Prao.g_00621
OG0000461	Prar.g_01346	Prao.g_00622
OG0000462	Prar.g_01347	Prao.g_00623
OG0000463	Prar.g_01348	Prao.g_00624
OG0000464	Prar.g_01353	Prao.g_00629
OG0000465	Prar.g_01355	Prao.g_00631
OG0000466	Prar.g_01356	Prao.g_00632
OG0000467	Prar.g_01357	Prao.g_00633
OG0000468	Prar.g_01358	Prao.g_00634
OG0000469	Prar.g_01359	Prao.g_00635
OG0000470	Prar.g_01360	Prao.g_01861
OG0000471	Prar.g_01361	Prao.g_01860
OG0000472	Prar.g_01364	Prao.g_01857
OG0000473	Prar.g_01365	Prao.g_01856
OG0000474	Prar.g_01366	Prao.g_01855
OG0000475	Prar.g_01367	Prao.g_01854
OG0000476	Prar.g_01368	Prao.g_01853
OG0000477	Prar.g_01370	Prao.g_01159
OG0000478	Prar.g_01371	Prao.g_01160
OG0000479	Prar.g_01372	Prao.g_01161
OG0000480	Prar.g_01374	Prao.g_01163
OG0000481	Prar.g_01375	Prao.g_01164
OG0000482	Prar.g_01376	Prao.g_01165
OG0000483	Prar.g_01377	Prao.g_01166
OG0000484	Prar.g_01378	Prao.g_01167
OG0000485	Prar.g_01379	Prao.g_01168
OG0000486	Prar.g_01380	Prao.g_01169
OG0000487	Prar.g_01381	Prao.g_01170
OG0000488	Prar.g_01383	Prao.g_01172
OG0000489	Prar.g_01384	Prao.g_01173
OG0000490	Prar.g_01385	Prao.g_01174
OG0000491	Prar.g_01386	Prao.g_01175
OG0000492	Prar.g_01387	Prao.g_01176
OG0000493	Prar.g_01388	Prao.g_01177
OG0000494	Prar.g_01390	Prao.g_01179
OG0000495	Prar.g_01391	Prao.g_01180
OG0000496	Prar.g_01392	Prao.g_01181
OG0000497	Prar.g_01393	Prao.g_01182
OG0000498	Prar.g_01394	Prao.g_01183
OG0000499	Prar.g_01396	Prao.g_01185
OG0000500	Prar.g_01397	Prao.g_01186
OG0000501	Prar.g_01399	Prao.g_01862
OG0000502	Prar.g_01400	Prao.g_01863
OG0000503	Prar.g_01401	Prao.g_01864
OG0000504	Prar.g_01402	Prao.g_01865
OG0000505	Prar.g_01403	Prao.g_01866
OG0000506	Prar.g_01404	Prao.g_01867
OG0000507	Prar.g_01405	Prao.g_01868
OG0000508	Prar.g_01407	Prao.g_01870
OG0000509	Prar.g_01408	Prao.g_00018
OG0000510	Prar.g_01409	Prao.g_00019
OG0000511	Prar.g_01410	Prao.g_00020
OG0000512	Prar.g_01411	Prao.g_00021
OG0000513	Prar.g_01412	Prao.g_00022
OG0000514	Prar.g_01413	Prao.g_00023
OG0000515	Prar.g_01415	Prao.g_00025
OG0000516	Prar.g_01416	Prao.g_00026
OG0000517	Prar.g_01417	Prao.g_00027
OG0000518	Prar.g_01420	Prao.g_00029
OG0000519	Prar.g_01422	Prao.g_00030
OG0000520	Prar.g_01423	Prao.g_00031
OG0000521	Prar.g_01424	Prao.g_00032
OG0000522	Prar.g_01425	Prao.g_00033
OG0000523	Prar.g_01426	Prao.g_00034
OG0000524	Prar.g_01427	Prao.g_00035
OG0000525	Prar.g_01429	Prao.g_00037
OG0000526	Prar.g_01430	Prao.g_00038
OG0000527	Prar.g_01431	Prao.g_00039
OG0000528	Prar.g_01432	Prao.g_00040
OG0000529	Prar.g_01433	Prao.g_00041
OG0000530	Prar.g_01434	Prao.g_00042
OG0000531	Prar.g_01435	Prao.g_00043
OG0000532	Prar.g_01436	Prao.g_00044
OG0000533	Prar.g_01437	Prao.g_00045
OG0000534	Prar.g_01438	Prao.g_00046
OG0000535	Prar.g_01439	Prao.g_00047
OG0000536	Prar.g_01440	Prao.g_00048
OG0000537	Prar.g_01441	Prao.g_00049
OG0000538	Prar.g_01442	Prao.g_00050
OG0000539	Prar.g_01443	Prao.g_00051
OG0000540	Prar.g_01444	Prao.g_00052
OG0000541	Prar.g_01445	Prao.g_00053
OG0000542	Prar.g_01446	Prao.g_00054
OG0000543	Prar.g_01447	Prao.g_00055
OG0000544	Prar.g_01448	Prao.g_00056
OG0000545	Prar.g_01451	Prao.g_00060
OG0000546	Prar.g_01452	Prao.g_00061
OG0000547	Prar.g_01454	Prao.g_00063
OG0000548	Prar.g_01455	Prao.g_00064
OG0000549	Prar.g_01456	Prao.g_00065
OG0000550	Prar.g_01457	Prao.g_00066
OG0000551	Prar.g_01458	Prao.g_00067
OG0000552	Prar.g_01459	Prao.g_00068
OG0000553	Prar.g_01460	Prao.g_00069
OG0000554	Prar.g_01461	Prao.g_00070
OG0000555	Prar.g_01462	Prao.g_00071
OG0000556	Prar.g_01463	Prao.g_00072
OG0000557	Prar.g_01464	Prao.g_00073
OG0000558	Prar.g_01465	Prao.g_00074
OG0000559	Prar.g_01466	Prao.g_00075
OG0000560	Prar.g_01468	Prao.g_00077
OG0000561	Prar.g_01469	Prao.g_00078
OG0000562	Prar.g_01470	Prao.g_00079
OG0000563	Prar.g_01471	Prao.g_00080
OG0000564	Prar.g_01472	Prao.g_00081
OG0000565	Prar.g_01473	Prao.g_00082
OG0000566	Prar.g_01474	Prao.g_00083
OG0000567	Prar.g_01475	Prao.g_00084
OG0000568	Prar.g_01476	Prao.g_00085
OG0000569	Prar.g_01477	Prao.g_00086
OG0000570	Prar.g_01478	Prao.g_00087
OG0000571	Prar.g_01479	Prao.g_00088
OG0000572	Prar.g_01480	Prao.g_00089
OG0000573	Prar.g_01483	Prao.g_00092
OG0000574	Prar.g_01484	Prao.g_00093
OG0000575	Prar.g_01485	Prao.g_00094
OG0000576	Prar.g_01486	Prao.g_00095
OG0000577	Prar.g_01487	Prao.g_00096
OG0000578	Prar.g_01488	Prao.g_00097
OG0000579	Prar.g_01489	Prao.g_00098
OG0000580	Prar.g_01490	Prao.g_00099
OG0000581	Prar.g_01491	Prao.g_00100
OG0000582	Prar.g_01492	Prao.g_00101
OG0000583	Prar.g_01493	Prao.g_00102
OG0000584	Prar.g_01494	Prao.g_00103
OG0000585	Prar.g_01495	Prao.g_00104
OG0000586	Prar.g_01497	Prao.g_00106
OG0000587	Prar.g_01498	Prao.g_00107
OG0000588	Prar.g_01500	Prao.g_00109
OG0000589	Prar.g_01501	Prao.g_00110
OG0000590	Prar.g_01503	Prao.g_00112
OG0000591	Prar.g_01509	Prao.g_00117
OG0000592	Prar.g_01510	Prao.g_00118
OG0000593	Prar.g_01511	Prao.g_00119
OG0000594	Prar.g_01513	Prao.g_00121
OG0000595	Prar.g_01514	Prao.g_00122
OG0000596	Prar.g_01515	Prao.g_00123
OG0000597	Prar.g_01517	Prao.g_00125
OG0000598	Prar.g_01518	Prao.g_00126
OG0000599	Prar.g_01519	Prao.g_00127
OG0000600	Prar.g_01520	Prao.g_00128
OG0000601	Prar.g_01522	Prao.g_00130
OG0000602	Prar.g_01523	Prao.g_00131
OG0000603	Prar.g_01524	Prao.g_00132
OG0000604	Prar.g_01525	Prao.g_00133
OG0000605	Prar.g_01526	Prao.g_00134
OG0000606	Prar.g_01527	Prao.g_00135
OG0000607	Prar.g_01529	Prao.g_00137
OG0000608	Prar.g_01530	Prao.g_00138
OG0000609	Prar.g_01534	Prao.g_00142
OG0000610	Prar.g_01535	Prao.g_00143
OG0000611	Prar.g_01600	Prao.g_00649
OG0000612	Prar.g_01601	Prao.g_00650
OG0000613	Prar.g_01602	Prao.g_00651
OG0000614	Prar.g_01603	Prao.g_00652
OG0000615	Prar.g_01605	Prao.g_00654
OG0000616	Prar.g_01606	Prao.g_00655
OG0000617	Prar.g_01607	Prao.g_00656
OG0000618	Prar.g_01608	Prao.g_00657
OG0000619	Prar.g_01609	Prao.g_00658
OG0000620	Prar.g_01610	Prao.g_00659
OG0000621	Prar.g_01611	Prao.g_00660
OG0000622	Prar.g_01612	Prao.g_00661
OG0000623	Prar.g_01613	Prao.g_00662
OG0000624	Prar.g_01614	Prao.g_00663
OG0000625	Prar.g_01615	Prao.g_00664
OG0000626	Prar.g_01616	Prao.g_00665
OG0000627	Prar.g_01617	Prao.g_00666
OG0000628	Prar.g_01618	Prao.g_00667
OG0000629	Prar.g_01619	Prao.g_00668
OG0000630	Prar.g_01620	Prao.g_00669
OG0000631	Prar.g_01622	Prao.g_00671
OG0000632	Prar.g_01634	Prao.g_00683
OG0000633	Prar.g_01638	Prao.g_00687
OG0000634	Prar.g_01651	Prao.g_00701
OG0000635	Prar.g_01652	Prao.g_00704
OG0000636	Prar.g_01653	Prao.g_00705
OG0000637	Prar.g_01654	Prao.g_00706
OG0000638	Prar.g_01661	Prao.g_00718
OG0000639	Prar.g_01670	Prao.g_00727
OG0000640	Prar.g_01672	Prao.g_00729
OG0000641	Prar.g_01675	Prao.g_00732
OG0000642	Prar.g_01676	Prao.g_00733
OG0000643	Prar.g_01677	Prao.g_00734
OG0000644	Prar.g_01678	Prao.g_00735
OG0000645	Prar.g_01679	Prao.g_00736
OG0000646	Prar.g_01680	Prao.g_00737
OG0000647	Prar.g_01681	Prao.g_00738
OG0000648	Prar.g_01683	Prao.g_00740
OG0000649	Prar.g_01684	Prao.g_00741
OG0000650	Prar.g_01685	Prao.g_00742
OG0000651	Prar.g_01686	Prao.g_00743
OG0000652	Prar.g_01687	Prao.g_00744
OG0000653	Prar.g_01688	Prao.g_00745
OG0000654	Prar.g_01690	Prao.g_00747
OG0000655	Prar.g_01692	Prao.g_00749
OG0000656	Prar.g_01693	Prao.g_00750
OG0000657	Prar.g_01694	Prao.g_00751
OG0000658	Prar.g_01695	Prao.g_00752
OG0000659	Prar.g_01696	Prao.g_00753
OG0000660	Prar.g_01697	Prao.g_00754
OG0000661	Prar.g_01698	Prao.g_00755
OG0000662	Prar.g_01699	Prao.g_00756
OG0000663	Prar.g_01700	Prao.g_00757
OG0000664	Prar.g_01701	Prao.g_00758
OG0000665	Prar.g_01702	Prao.g_00759
OG0000666	Prar.g_01703	Prao.g_00760
OG0000667	Prar.g_01704	Prao.g_00761
OG0000668	Prar.g_01705	Prao.g_00762
OG0000669	Prar.g_01707	Prao.g_00764
OG0000670	Prar.g_01708	Prao.g_00765
OG0000671	Prar.g_01709	Prao.g_00766
OG0000672	Prar.g_01710	Prao.g_00767
OG0000673	Prar.g_01711	Prao.g_00768
OG0000674	Prar.g_01712	Prao.g_00769
OG0000675	Prar.g_01714	Prao.g_00771
OG0000676	Prar.g_01715	Prao.g_00772
OG0000677	Prar.g_01717	Prao.g_00775
OG0000678	Prar.g_01719	Prao.g_00777
OG0000679	Prar.g_01720	Prao.g_00778
OG0000680	Prar.g_01721	Prao.g_00779
OG0000681	Prar.g_01722	Prao.g_00780
OG0000682	Prar.g_01723	Prao.g_00781
OG0000683	Prar.g_01725	Prao.g_00783
OG0000684	Prar.g_01726	Prao.g_00784
OG0000685	Prar.g_01727	Prao.g_00785
OG0000686	Prar.g_01728	Prao.g_00786
OG0000687	Prar.g_01729	Prao.g_00787
OG0000688	Prar.g_01730	Prao.g_00788
OG0000689	Prar.g_01731	Prao.g_00789
OG0000690	Prar.g_01732	Prao.g_00790
OG0000691	Prar.g_01733	Prao.g_00791
OG0000692	Prar.g_01735	Prao.g_00793
OG0000693	Prar.g_01736	Prao.g_00794
OG0000694	Prar.g_01737	Prao.g_00795
OG0000695	Prar.g_01738	Prao.g_00796
OG0000696	Prar.g_01740	Prao.g_00797
OG0000697	Prar.g_01742	Prao.g_00799
OG0000698	Prar.g_01744	Prao.g_00801
OG0000699	Prar.g_01745	Prao.g_00802
OG0000700	Prar.g_01759	Prao.g_00829
OG0000701	Prar.g_01764	Prao.g_00834
OG0000702	Prar.g_01767	Prao.g_00837
OG0000703	Prar.g_01768	Prao.g_00838
OG0000704	Prar.g_01769	Prao.g_00839
OG0000705	Prar.g_01770	Prao.g_00840
OG0000706	Prar.g_01771	Prao.g_00841
OG0000707	Prar.g_01773	Prao.g_00842
OG0000708	Prar.g_01774	Prao.g_00843
OG0000709	Prar.g_01776	Prao.g_00845
OG0000710	Prar.g_01777	Prao.g_00846
OG0000711	Prar.g_01778	Prao.g_00847
OG0000712	Prar.g_01779	Prao.g_00848
OG0000713	Prar.g_01780	Prao.g_00849
OG0000714	Prar.g_01782	Prao.g_00851
OG0000715	Prar.g_01783	Prao.g_00852
OG0000716	Prar.g_01785	Prao.g_00854
OG0000717	Prar.g_01786	Prao.g_00855
OG0000718	Prar.g_01787	Prao.g_00856
OG0000719	Prar.g_01789	Prao.g_00858
OG0000720	Prar.g_01790	Prao.g_00859
OG0000721	Prar.g_01792	Prao.g_00861
OG0000722	Prar.g_01793	Prao.g_00862
OG0000723	Prar.g_01794	Prao.g_00863
OG0000724	Prar.g_01795	Prao.g_00864
OG0000725	Prar.g_01796	Prao.g_00865
OG0000726	Prar.g_01797	Prao.g_00866
OG0000727	Prar.g_01798	Prao.g_00867
OG0000728	Prar.g_01799	Prao.g_00868
OG0000729	Prar.g_01800	Prao.g_00869
OG0000730	Prar.g_01801	Prao.g_00870
OG0000731	Prar.g_01802	Prao.g_00871
OG0000732	Prar.g_01803	Prao.g_00872
OG0000733	Prar.g_01804	Prao.g_00873
OG0000734	Prar.g_01805	Prao.g_00874
OG0000735	Prar.g_01807	Prao.g_00876
OG0000736	Prar.g_01808	Prao.g_00877
OG0000737	Prar.g_01809	Prao.g_00878
OG0000738	Prar.g_01810	Prao.g_00879
OG0000739	Prar.g_01811	Prao.g_00880
OG0000740	Prar.g_01812	Prao.g_00881
OG0000741	Prar.g_01813	Prao.g_00882
OG0000742	Prar.g_01815	Prao.g_00884
OG0000743	Prar.g_01816	Prao.g_00885
OG0000744	Prar.g_01817	Prao.g_00886
OG0000745	Prar.g_01818	Prao.g_00887
OG0000746	Prar.g_01819	Prao.g_00888
OG0000747	Prar.g_01820	Prao.g_00889
OG0000748	Prar.g_01821	Prao.g_00890
OG0000749	Prar.g_01822	Prao.g_00891
OG0000750	Prar.g_01823	Prao.g_00892
OG0000751	Prar.g_01824	Prao.g_00893
OG0000752	Prar.g_01825	Prao.g_00894
OG0000753	Prar.g_01827	Prao.g_00896
OG0000754	Prar.g_01828	Prao.g_00897
OG0000755	Prar.g_01829	Prao.g_00898
OG0000756	Prar.g_01830	Prao.g_00899
OG0000757	Prar.g_01831	Prao.g_00900
OG0000758	Prar.g_01832	Prao.g_00901
OG0000759	Prar.g_01834	Prao.g_00903
OG0000760	Prar.g_01835	Prao.g_00904
OG0000761	Prar.g_01836	Prao.g_00905
OG0000762	Prar.g_01838	Prao.g_00907
OG0000763	Prar.g_01839	Prao.g_00908
OG0000764	Prar.g_01840	Prao.g_00909
OG0000765	Prar.g_01841	Prao.g_00910
OG0000766	Prar.g_01842	Prao.g_00911
OG0000767	Prar.g_01844	Prao.g_00913
OG0000768	Prar.g_01845	Prao.g_00914
OG0000769	Prar.g_01846	Prao.g_00915
OG0000770	Prar.g_01847	Prao.g_00916
OG0000771	Prar.g_01848	Prao.g_00917
OG0000772	Prar.g_01849	Prao.g_00918
OG0000773	Prar.g_01850	Prao.g_00919
OG0000774	Prar.g_01851	Prao.g_00920
OG0000775	Prar.g_01852	Prao.g_00921
OG0000776	Prar.g_01853	Prao.g_00923
OG0000777	Prar.g_01855	Prao.g_00925
OG0000778	Prar.g_01856	Prao.g_00926
OG0000779	Prar.g_01857	Prao.g_00927
OG0000780	Prar.g_01859	Prao.g_00929
OG0000781	Prar.g_01861	Prao.g_00931
OG0000782	Prar.g_01862	Prao.g_00932
OG0000783	Prar.g_01873	Prao.g_00943
OG0000784	Prar.g_01875	Prao.g_00945
OG0000785	Prar.g_01876	Prao.g_00946
OG0000786	Prar.g_01877	Prao.g_00947
OG0000787	Prar.g_01878	Prao.g_00948
OG0000788	Prar.g_01882	Prao.g_00952
OG0000789	Prar.g_01884	Prao.g_00954
OG0000790	Prar.g_01885	Prao.g_00955
OG0000791	Prar.g_01886	Prao.g_00956
OG0000792	Prar.g_01887	Prao.g_00957
OG0000793	Prar.g_01888	Prao.g_00958
OG0000794	Prar.g_01890	Prao.g_00960
OG0000795	Prar.g_01893	Prao.g_00963
OG0000796	Prar.g_01894	Prao.g_00964
OG0000797	Prar.g_01896	Prao.g_00966
OG0000798	Prar.g_01897	Prao.g_00967
OG0000799	Prar.g_01898	Prao.g_00968
OG0000800	Prar.g_01899	Prao.g_00969
OG0000801	Prar.g_01902	Prao.g_00972
OG0000802	Prar.g_01903	Prao.g_00973
OG0000803	Prar.g_01905	Prao.g_00975
OG0000804	Prar.g_01906	Prao.g_00976
OG0000805	Prar.g_01907	Prao.g_00977
OG0000806	Prar.g_01909	Prao.g_00979
OG0000807	Prar.g_01935	Prao.g_01007
OG0000808	Prar.g_01944	Prao.g_01016
OG0000809	Prar.g_01947	Prao.g_01019
OG0000810	Prar.g_01948	Prao.g_01020
OG0000811	Prar.g_01955	Prao.g_01027
OG0000812	Prar.g_01324	Prao.g_01156
OG0000813	Prar.g_01320	Prao.g_01152
OG0000814	Prar.g_01318	Prao.g_01150
OG0000815	Prar.g_01309	Prao.g_01137
OG0000816	Prar.g_01295	Prao.g_01121
OG0000817	Prar.g_01294	Prao.g_01120
OG0000818	Prar.g_01289	Prao.g_01115
OG0000819	Prar.g_01282	Prao.g_01108
OG0000820	Prar.g_01278	Prao.g_01104
OG0000821	Prar.g_01276	Prao.g_01102
OG0000822	Prar.g_01275	Prao.g_01101
OG0000823	Prar.g_01274	Prao.g_01100
OG0000824	Prar.g_01273	Prao.g_01099
OG0000825	Prar.g_01272	Prao.g_01098
OG0000826	Prar.g_01271	Prao.g_01097
OG0000827	Prar.g_01270	Prao.g_01096
OG0000828	Prar.g_01269	Prao.g_01095
OG0000829	Prar.g_01268	Prao.g_01094
OG0000830	Prar.g_01267	Prao.g_01093
OG0000831	Prar.g_01264	Prao.g_01090
OG0000832	Prar.g_01262	Prao.g_01088
OG0000833	Prar.g_01261	Prao.g_01087
OG0000834	Prar.g_01260	Prao.g_01086
OG0000835	Prar.g_01259	Prao.g_01085
OG0000836	Prar.g_01258	Prao.g_01084
OG0000837	Prar.g_01256	Prao.g_01082
OG0000838	Prar.g_01255	Prao.g_01081
OG0000839	Prar.g_01254	Prao.g_01080
OG0000840	Prar.g_01253	Prao.g_01079
OG0000841	Prar.g_01252	Prao.g_01078
OG0000842	Prar.g_01251	Prao.g_01077
OG0000843	Prar.g_01250	Prao.g_01076
OG0000844	Prar.g_01249	Prao.g_01075
OG0000845	Prar.g_01248	Prao.g_01074
OG0000846	Prar.g_01245	Prao.g_01071
OG0000847	Prar.g_01243	Prao.g_01069
OG0000848	Prar.g_01242	Prao.g_01068
OG0000849	Prar.g_01241	Prao.g_01067
OG0000850	Prar.g_01240	Prao.g_01066
OG0000851	Prar.g_01239	Prao.g_01065
OG0000852	Prar.g_01237	Prao.g_01063
OG0000853	Prar.g_01236	Prao.g_01062
OG0000854	Prar.g_01234	Prao.g_01060
OG0000855	Prar.g_01233	Prao.g_01059
OG0000856	Prar.g_01232	Prao.g_01058
OG0000857	Prar.g_01231	Prao.g_01057
OG0000858	Prar.g_01230	Prao.g_01056
OG0000859	Prar.g_01229	Prao.g_01055
OG0000860	Prar.g_01228	Prao.g_01054
OG0000861	Prar.g_01227	Prao.g_01053
OG0000862	Prar.g_01226	Prao.g_01052
OG0000863	Prar.g_01225	Prao.g_01051
OG0000864	Prar.g_01224	Prao.g_01050
OG0000865	Prar.g_01223	Prao.g_01049
OG0000866	Prar.g_01222	Prao.g_01048
OG0000867	Prar.g_01221	Prao.g_01047
OG0000868	Prar.g_01220	Prao.g_01046
OG0000869	Prar.g_01218	Prao.g_01044
OG0000870	Prar.g_01217	Prao.g_01043
OG0000871	Prar.g_01215	Prao.g_01041
OG0000872	Prar.g_01214	Prao.g_01040
OG0000873	Prar.g_01212	Prao.g_01038
OG0000874	Prar.g_01211	Prao.g_01037
OG0000875	Prar.g_01210	Prao.g_01036
OG0000876	Prar.g_01209	Prao.g_01035
OG0000877	Prar.g_01207	Prao.g_01033
OG0000878	Prar.g_00976	Prao.g_01305
OG0000879	Prar.g_00966	Prao.g_01287
OG0000880	Prar.g_00965	Prao.g_01286
OG0000881	Prar.g_00964	Prao.g_01285
OG0000882	Prar.g_00963	Prao.g_01284
OG0000883	Prar.g_00962	Prao.g_01283
OG0000884	Prar.g_00960	Prao.g_01281
OG0000885	Prar.g_00959	Prao.g_01280
OG0000886	Prar.g_00958	Prao.g_01279
OG0000887	Prar.g_00957	Prao.g_01278
OG0000888	Prar.g_00956	Prao.g_01277
OG0000889	Prar.g_00953	Prao.g_01274
OG0000890	Prar.g_00952	Prao.g_01273
OG0000891	Prar.g_00951	Prao.g_01272
OG0000892	Prar.g_00949	Prao.g_01270
OG0000893	Prar.g_00948	Prao.g_01269
OG0000894	Prar.g_00947	Prao.g_01268
OG0000895	Prar.g_00946	Prao.g_01267
OG0000896	Prar.g_00945	Prao.g_01266
OG0000897	Prar.g_00944	Prao.g_01265
OG0000898	Prar.g_00942	Prao.g_01263
OG0000899	Prar.g_00941	Prao.g_01262
OG0000900	Prar.g_00929	Prao.g_01257
OG0000901	Prar.g_00925	Prao.g_01253
OG0000902	Prar.g_00924	Prao.g_01252
OG0000903	Prar.g_00923	Prao.g_01251
OG0000904	Prar.g_00921	Prao.g_01249
OG0000905	Prar.g_00919	Prao.g_01247
OG0000906	Prar.g_00917	Prao.g_01245
OG0000907	Prar.g_00916	Prao.g_01244
OG0000908	Prar.g_00913	Prao.g_01241
OG0000909	Prar.g_00909	Prao.g_01237
OG0000910	Prar.g_00908	Prao.g_01236
OG0000911	Prar.g_00907	Prao.g_01235
OG0000912	Prar.g_00906	Prao.g_01234
OG0000913	Prar.g_00905	Prao.g_01233
OG0000914	Prar.g_00904	Prao.g_01232
OG0000915	Prar.g_00903	Prao.g_01231
OG0000916	Prar.g_00902	Prao.g_01230
OG0000917	Prar.g_00901	Prao.g_01229
OG0000918	Prar.g_00900	Prao.g_01228
OG0000919	Prar.g_00899	Prao.g_01227
OG0000920	Prar.g_00898	Prao.g_01226
OG0000921	Prar.g_00897	Prao.g_01225
OG0000922	Prar.g_00896	Prao.g_01224
OG0000923	Prar.g_00895	Prao.g_01223
OG0000924	Prar.g_00894	Prao.g_01222
OG0000925	Prar.g_00893	Prao.g_01221
OG0000926	Prar.g_00375	Prao.g_01220
OG0000927	Prar.g_00357	Prao.g_01379
OG0000928	Prar.g_00356	Prao.g_01380
OG0000929	Prar.g_00355	Prao.g_01381
OG0000930	Prar.g_00354	Prao.g_01382
OG0000931	Prar.g_00353	Prao.g_01383
OG0000932	Prar.g_00351	Prao.g_01385
OG0000933	Prar.g_00350	Prao.g_01386
OG0000934	Prar.g_00349	Prao.g_01387
OG0000935	Prar.g_00348	Prao.g_01388
OG0000936	Prar.g_00347	Prao.g_01389
OG0000937	Prar.g_00346	Prao.g_01390
OG0000938	Prar.g_00345	Prao.g_01391
OG0000939	Prar.g_00344	Prao.g_01392
OG0000940	Prar.g_00343	Prao.g_01393
OG0000941	Prar.g_00341	Prao.g_01395
OG0000942	Prar.g_00340	Prao.g_01396
OG0000943	Prar.g_00337	Prao.g_01399
OG0000944	Prar.g_00336	Prao.g_01400
OG0000945	Prar.g_00335	Prao.g_01401
OG0000946	Prar.g_00842	Prao.g_01402
OG0000947	Prar.g_00841	Prao.g_01403
OG0000948	Prar.g_00840	Prao.g_01404
OG0000949	Prar.g_00839	Prao.g_01405
OG0000950	Prar.g_00838	Prao.g_01406
OG0000951	Prar.g_00837	Prao.g_01407
OG0000952	Prar.g_00836	Prao.g_01408
OG0000953	Prar.g_00835	Prao.g_01409
OG0000954	Prar.g_00834	Prao.g_01410
OG0000955	Prar.g_00833	Prao.g_01411
OG0000956	Prar.g_00832	Prao.g_01412
OG0000957	Prar.g_00831	Prao.g_01413
OG0000958	Prar.g_00830	Prao.g_01414
OG0000959	Prar.g_00829	Prao.g_01415
OG0000960	Prar.g_00828	Prao.g_01416
OG0000961	Prar.g_00824	Prao.g_01419
OG0000962	Prar.g_00823	Prao.g_01420
OG0000963	Prar.g_00822	Prao.g_01421
OG0000964	Prar.g_00820	Prao.g_01423
OG0000965	Prar.g_00819	Prao.g_01424
OG0000966	Prar.g_00818	Prao.g_01425
OG0000967	Prar.g_00817	Prao.g_01426
OG0000968	Prar.g_00816	Prao.g_01427
OG0000969	Prar.g_00815	Prao.g_01428
OG0000970	Prar.g_00814	Prao.g_01429
OG0000971	Prar.g_00813	Prao.g_01430
OG0000972	Prar.g_00812	Prao.g_01431
OG0000973	Prar.g_00811	Prao.g_01432
OG0000974	Prar.g_00809	Prao.g_01434
OG0000975	Prar.g_00806	Prao.g_01437
OG0000976	Prar.g_00804	Prao.g_01439
OG0000977	Prar.g_00803	Prao.g_01440
OG0000978	Prar.g_00802	Prao.g_01441
OG0000979	Prar.g_00800	Prao.g_01443
OG0000980	Prar.g_00799	Prao.g_01444
OG0000981	Prar.g_00798	Prao.g_01445
OG0000982	Prar.g_00797	Prao.g_01446
OG0000983	Prar.g_00795	Prao.g_01448
OG0000984	Prar.g_00794	Prao.g_01449
OG0000985	Prar.g_00793	Prao.g_01450
OG0000986	Prar.g_00792	Prao.g_01451
OG0000987	Prar.g_00791	Prao.g_01452
OG0000988	Prar.g_00790	Prao.g_01453
OG0000989	Prar.g_00789	Prao.g_01454
OG0000990	Prar.g_00788	Prao.g_01455
OG0000991	Prar.g_00787	Prao.g_01456
OG0000992	Prar.g_00786	Prao.g_01457
OG0000993	Prar.g_00785	Prao.g_01458
OG0000994	Prar.g_00784	Prao.g_01459
OG0000995	Prar.g_00783	Prao.g_01460
OG0000996	Prar.g_00782	Prao.g_01461
OG0000997	Prar.g_00781	Prao.g_01462
OG0000998	Prar.g_00780	Prao.g_01463
OG0000999	Prar.g_00779	Prao.g_01464
OG0001000	Prar.g_00778	Prao.g_01465
OG0001001	Prar.g_00776	Prao.g_01467
OG0001002	Prar.g_00775	Prao.g_01468
OG0001003	Prar.g_00774	Prao.g_01469
OG0001004	Prar.g_00773	Prao.g_01470
OG0001005	Prar.g_00772	Prao.g_01471
OG0001006	Prar.g_00771	Prao.g_01472
OG0001007	Prar.g_00770	Prao.g_01473
OG0001008	Prar.g_00768	Prao.g_01475
OG0001009	Prar.g_00767	Prao.g_01476
OG0001010	Prar.g_00760	Prao.g_01484
OG0001011	Prar.g_00753	Prao.g_01491
OG0001012	Prar.g_00725	Prao.g_01519
OG0001013	Prar.g_01149	Prao.g_01546
OG0001014	Prar.g_01148	Prao.g_01547
OG0001015	Prar.g_01142	Prao.g_01553
OG0001016	Prar.g_01141	Prao.g_01554
OG0001017	Prar.g_01140	Prao.g_01555
OG0001018	Prar.g_01139	Prao.g_01556
OG0001019	Prar.g_01137	Prao.g_01558
OG0001020	Prar.g_01136	Prao.g_01559
OG0001021	Prar.g_01135	Prao.g_01560
OG0001022	Prar.g_01134	Prao.g_01561
OG0001023	Prar.g_01133	Prao.g_01562
OG0001024	Prar.g_01132	Prao.g_01563
OG0001025	Prar.g_01131	Prao.g_01564
OG0001026	Prar.g_01129	Prao.g_01566
OG0001027	Prar.g_01128	Prao.g_01567
OG0001028	Prar.g_01127	Prao.g_01568
OG0001029	Prar.g_01126	Prao.g_01569
OG0001030	Prar.g_01125	Prao.g_01570
OG0001031	Prar.g_01124	Prao.g_01571
OG0001032	Prar.g_01123	Prao.g_01572
OG0001033	Prar.g_01122	Prao.g_01573
OG0001034	Prar.g_01121	Prao.g_01574
OG0001035	Prar.g_01964	Prao.g_01576
OG0001036	Prar.g_01965	Prao.g_01577
OG0001037	Prar.g_01966	Prao.g_01578
OG0001038	Prar.g_01967	Prao.g_01579
OG0001039	Prar.g_01968	Prao.g_01580
OG0001040	Prar.g_01969	Prao.g_01581
OG0001041	Prar.g_01970	Prao.g_01582
OG0001042	Prar.g_01971	Prao.g_01583
OG0001043	Prar.g_01963	Prao.g_01584
OG0001044	Prar.g_01962	Prao.g_01585
OG0001045	Prar.g_01961	Prao.g_01586
OG0001046	Prar.g_01960	Prao.g_01587
OG0001047	Prar.g_01957	Prao.g_01590
OG0001048	Prar.g_00596	Prao.g_01592
OG0001049	Prar.g_00597	Prao.g_01593
OG0001050	Prar.g_00598	Prao.g_01594
OG0001051	Prar.g_00599	Prao.g_01595
OG0001052	Prar.g_00600	Prao.g_01596
OG0001053	Prar.g_00601	Prao.g_01597
OG0001054	Prar.g_00603	Prao.g_01599
OG0001055	Prar.g_00604	Prao.g_01600
OG0001056	Prar.g_00605	Prao.g_01601
OG0001057	Prar.g_00606	Prao.g_01602
OG0001058	Prar.g_00607	Prao.g_01603
OG0001059	Prar.g_00608	Prao.g_01604
OG0001060	Prar.g_00609	Prao.g_01605
OG0001061	Prar.g_00610	Prao.g_01606
OG0001062	Prar.g_00611	Prao.g_01607
OG0001063	Prar.g_00612	Prao.g_01608
OG0001064	Prar.g_01119	Prao.g_01610
OG0001065	Prar.g_01114	Prao.g_01615
OG0001066	Prar.g_01113	Prao.g_01616
OG0001067	Prar.g_01112	Prao.g_01617
OG0001068	Prar.g_01110	Prao.g_01619
OG0001069	Prar.g_01109	Prao.g_01620
OG0001070	Prar.g_01108	Prao.g_01621
OG0001071	Prar.g_01107	Prao.g_01622
OG0001072	Prar.g_01106	Prao.g_01623
OG0001073	Prar.g_01105	Prao.g_01624
OG0001074	Prar.g_01104	Prao.g_01625
OG0001075	Prar.g_01103	Prao.g_01626
OG0001076	Prar.g_01102	Prao.g_01627
OG0001077	Prar.g_01101	Prao.g_01628
OG0001078	Prar.g_01100	Prao.g_01629
OG0001079	Prar.g_01099	Prao.g_01630
OG0001080	Prar.g_01098	Prao.g_01631
OG0001081	Prar.g_01095	Prao.g_01634
OG0001082	Prar.g_01094	Prao.g_01635
OG0001083	Prar.g_01093	Prao.g_01636
OG0001084	Prar.g_01091	Prao.g_01638
OG0001085	Prar.g_01090	Prao.g_01639
OG0001086	Prar.g_01089	Prao.g_01640
OG0001087	Prar.g_01088	Prao.g_01641
OG0001088	Prar.g_01087	Prao.g_01642
OG0001089	Prar.g_01069	Prao.g_01645
OG0001090	Prar.g_01067	Prao.g_01647
OG0001091	Prar.g_01066	Prao.g_01648
OG0001092	Prar.g_01065	Prao.g_01649
OG0001093	Prar.g_01064	Prao.g_01650
OG0001094	Prar.g_01063	Prao.g_01651
OG0001095	Prar.g_01062	Prao.g_01652
OG0001096	Prar.g_01061	Prao.g_01653
OG0001097	Prar.g_01060	Prao.g_01654
OG0001098	Prar.g_01059	Prao.g_01655
OG0001099	Prar.g_01058	Prao.g_01656
OG0001100	Prar.g_01057	Prao.g_01657
OG0001101	Prar.g_01056	Prao.g_01658
OG0001102	Prar.g_01055	Prao.g_01659
OG0001103	Prar.g_01054	Prao.g_01660
OG0001104	Prar.g_01053	Prao.g_01661
OG0001105	Prar.g_01052	Prao.g_01662
OG0001106	Prar.g_01051	Prao.g_01663
OG0001107	Prar.g_01050	Prao.g_01664
OG0001108	Prar.g_01049	Prao.g_01665
OG0001109	Prar.g_01048	Prao.g_01666
OG0001110	Prar.g_01047	Prao.g_01667
OG0001111	Prar.g_01046	Prao.g_01668
OG0001112	Prar.g_01045	Prao.g_01669
OG0001113	Prar.g_01044	Prao.g_01670
OG0001114	Prar.g_01043	Prao.g_01671
OG0001115	Prar.g_01042	Prao.g_01672
OG0001116	Prar.g_01041	Prao.g_01673
OG0001117	Prar.g_01040	Prao.g_01674
OG0001118	Prar.g_01039	Prao.g_01675
OG0001119	Prar.g_01038	Prao.g_01676
OG0001120	Prar.g_01037	Prao.g_01677
OG0001121	Prar.g_01035	Prao.g_01679
OG0001122	Prar.g_01034	Prao.g_01680
OG0001123	Prar.g_01033	Prao.g_01681
OG0001124	Prar.g_01031	Prao.g_01683
OG0001125	Prar.g_01029	Prao.g_01685
OG0001126	Prar.g_01028	Prao.g_01686
OG0001127	Prar.g_01026	Prao.g_01688
OG0001128	Prar.g_01025	Prao.g_01689
OG0001129	Prar.g_01024	Prao.g_01690
OG0001130	Prar.g_01022	Prao.g_01693
OG0001131	Prar.g_01021	Prao.g_01694
OG0001132	Prar.g_01020	Prao.g_01695
OG0001133	Prar.g_01019	Prao.g_01696
OG0001134	Prar.g_01018	Prao.g_01697
OG0001135	Prar.g_01017	Prao.g_01698
OG0001136	Prar.g_01016	Prao.g_01699
OG0001137	Prar.g_01015	Prao.g_01700
OG0001138	Prar.g_01014	Prao.g_01701
OG0001139	Prar.g_01013	Prao.g_01702
OG0001140	Prar.g_01012	Prao.g_01703
OG0001141	Prar.g_01011	Prao.g_01704
OG0001142	Prar.g_00617	Prao.g_01707
OG0001143	Prar.g_00618	Prao.g_01708
OG0001144	Prar.g_00619	Prao.g_01709
OG0001145	Prar.g_00620	Prao.g_01710
OG0001146	Prar.g_00621	Prao.g_01711
OG0001147	Prar.g_00622	Prao.g_01712
OG0001148	Prar.g_00623	Prao.g_01713
OG0001149	Prar.g_00625	Prao.g_01715
OG0001150	Prar.g_00626	Prao.g_01716
OG0001151	Prar.g_00628	Prao.g_01718
OG0001152	Prar.g_00629	Prao.g_01719
OG0001153	Prar.g_00630	Prao.g_01720
OG0001154	Prar.g_00632	Prao.g_01722
OG0001155	Prar.g_00634	Prao.g_01724
OG0001156	Prar.g_00636	Prao.g_01726
OG0001157	Prar.g_00637	Prao.g_01727
OG0001158	Prar.g_00639	Prao.g_01729
OG0001159	Prar.g_00640	Prao.g_01730
OG0001160	Prar.g_00641	Prao.g_01731
OG0001161	Prar.g_00642	Prao.g_01732
OG0001162	Prar.g_00643	Prao.g_01733
OG0001163	Prar.g_00644	Prao.g_01734
OG0001164	Prar.g_00645	Prao.g_01735
OG0001165	Prar.g_00646	Prao.g_01736
OG0001166	Prar.g_00647	Prao.g_01737
OG0001167	Prar.g_00648	Prao.g_01738
OG0001168	Prar.g_00649	Prao.g_01739
OG0001169	Prar.g_00650	Prao.g_01740
OG0001170	Prar.g_00651	Prao.g_01741
OG0001171	Prar.g_00652	Prao.g_01742
OG0001172	Prar.g_00654	Prao.g_01744
OG0001173	Prar.g_00656	Prao.g_01746
OG0001174	Prar.g_00657	Prao.g_01747
OG0001175	Prar.g_00658	Prao.g_01748
OG0001176	Prar.g_00659	Prao.g_01749
OG0001177	Prar.g_00661	Prao.g_01751
OG0001178	Prar.g_00663	Prao.g_01754
OG0001179	Prar.g_00664	Prao.g_01755
OG0001180	Prar.g_00665	Prao.g_01756
OG0001181	Prar.g_00666	Prao.g_01757
OG0001182	Prar.g_00667	Prao.g_01758
OG0001183	Prar.g_00668	Prao.g_01759
OG0001184	Prar.g_00670	Prao.g_01761
OG0001185	Prar.g_00673	Prao.g_01764
OG0001186	Prar.g_00674	Prao.g_01765
OG0001187	Prar.g_00675	Prao.g_01767
OG0001188	Prar.g_00676	Prao.g_01768
OG0001189	Prar.g_00677	Prao.g_01769
OG0001190	Prar.g_00678	Prao.g_01770
OG0001191	Prar.g_00679	Prao.g_01771
OG0001192	Prar.g_00680	Prao.g_01772
OG0001193	Prar.g_00681	Prao.g_01773
OG0001194	Prar.g_00682	Prao.g_01774
OG0001195	Prar.g_00683	Prao.g_01775
OG0001196	Prar.g_00684	Prao.g_01776
OG0001197	Prar.g_00685	Prao.g_01777
OG0001198	Prar.g_00686	Prao.g_01778
OG0001199	Prar.g_00687	Prao.g_01779
OG0001200	Prar.g_00688	Prao.g_01780
OG0001201	Prar.g_00689	Prao.g_01781
OG0001202	Prar.g_00690	Prao.g_01782
OG0001203	Prar.g_00692	Prao.g_01784
OG0001204	Prar.g_00694	Prao.g_01786
OG0001205	Prar.g_00695	Prao.g_01787
OG0001206	Prar.g_00696	Prao.g_01788
OG0001207	Prar.g_00697	Prao.g_01789
OG0001208	Prar.g_00698	Prao.g_01790
OG0001209	Prar.g_00699	Prao.g_01791
OG0001210	Prar.g_00700	Prao.g_01792
OG0001211	Prar.g_00701	Prao.g_01793
OG0001212	Prar.g_00702	Prao.g_01794
OG0001213	Prar.g_00703	Prao.g_01795
OG0001214	Prar.g_00705	Prao.g_01797
OG0001215	Prar.g_00706	Prao.g_01798
OG0001216	Prar.g_00707	Prao.g_01799
OG0001217	Prar.g_00708	Prao.g_01800
OG0001218	Prar.g_00709	Prao.g_01801
OG0001219	Prar.g_00074	Prao.g_01804
OG0001220	Prar.g_00073	Prao.g_01805
OG0001221	Prar.g_00070	Prao.g_01808
OG0001222	Prar.g_00069	Prao.g_01809
OG0001223	Prar.g_00068	Prao.g_01810
OG0001224	Prar.g_00067	Prao.g_01811
OG0001225	Prar.g_00066	Prao.g_01812
OG0001226	Prar.g_00065	Prao.g_01813
OG0001227	Prar.g_00064	Prao.g_01814
OG0001228	Prar.g_00063	Prao.g_01815
OG0001229	Prar.g_00062	Prao.g_01816
OG0001230	Prar.g_00061	Prao.g_01817
OG0001231	Prar.g_00060	Prao.g_01818
OG0001232	Prar.g_00059	Prao.g_01819
OG0001233	Prar.g_00058	Prao.g_01820
OG0001234	Prar.g_00057	Prao.g_01821
OG0001235	Prar.g_00056	Prao.g_01822
OG0001236	Prar.g_00054	Prao.g_01824
OG0001237	Prar.g_00053	Prao.g_01825
OG0001238	Prar.g_00051	Prao.g_01827
OG0001239	Prar.g_00050	Prao.g_01828
OG0001240	Prar.g_00049	Prao.g_01829
OG0001241	Prar.g_00047	Prao.g_01831
OG0001242	Prar.g_00046	Prao.g_01833
OG0001243	Prar.g_00045	Prao.g_01834
OG0001244	Prar.g_00044	Prao.g_01835
OG0001245	Prar.g_00043	Prao.g_01836
OG0001246	Prar.g_00042	Prao.g_01837
OG0001247	Prar.g_00041	Prao.g_01838
OG0001248	Prar.g_00040	Prao.g_01839
OG0001249	Prar.g_00039	Prao.g_01840
OG0001250	Prar.g_00038	Prao.g_01841
OG0001251	Prar.g_00236	Prao.g_00231
OG0001252	Prar.g_00190	Prao.g_00276
OG0001253	Prar.g_00177	Prao.g_00288
OG0001254	Prar.g_00306	Prao.g_00418
OG0001255	Prar.g_00393	Prao.g_00469
OG0001256	Prar.g_00978	Prao.g_00529
OG0001257	Prar.g_00532	Prao.g_00588
OG0001258	Prar.g_01329	Prao.g_00604
OG0001259	Prar.g_01419	Prao.g_00028
OG0001260	Prar.g_01637	Prao.g_00686
OG0001261	Prar.g_01718	Prao.g_00776
OG0001262	Prar.g_01734	Prao.g_00792
OG0001263	Prar.g_01755	Prao.g_00812
OG0001264	Prar.g_01775	Prao.g_00844
OG0001265	Prar.g_01880	Prao.g_00950
OG0001266	Prar.g_01928	Prao.g_01001
OG0001267	Prar.g_01279	Prao.g_01105
OG0001268	Prar.g_01266	Prao.g_01092
OG0001269	Prar.g_00928	Prao.g_01256
OG0001270	Prar.g_00807	Prao.g_01436
OG0001271	Prar.g_00796	Prao.g_01447
OG0001272	Prar.g_00755	Prao.g_01489
OG0001273	Prar.g_00754	Prao.g_01490
OG0001274	Prar.g_00749	Prao.g_01495
OG0001275	Prar.g_00734	Prao.g_01511
OG0001276	Prar.g_00722	Prao.g_01521
OG0001277	Prar.g_00715	Prao.g_01531
OG0001278	Prar.g_01151	Prao.g_01544
OG0001279	Prar.g_01147	Prao.g_01548
OG0001280	Prar.g_01144	Prao.g_01551
OG0001281	Prar.g_01111	Prao.g_01618
OG0001282	Prar.g_01086	Prao.g_01643
OG0001284	Prar.g_00662	Prao.g_01753
OG0001285	Prar.g_00693	Prao.g_01785
OG0001286	Prar.g_00048	Prao.g_01830
OG0001288	Prar.g_00485	Prao.g_00541
OG0001291	Prar.g_00547	Prao.g_00210
OG0001292	Prar.g_00254	Prao.g_00213
OG0001293	Prar.g_00252	Prao.g_00215
OG0001294	Prar.g_00235	Prao.g_00232
OG0001295	Prar.g_00209	Prao.g_00258
OG0001296	Prar.g_00203	Prao.g_00264
OG0001297	Prar.g_00128	Prao.g_00337
OG0001298	Prar.g_00084	Prao.g_00381
OG0001300	Prar.g_00434	Prao.g_00508
OG0001301	Prar.g_01467	Prao.g_00076
OG0001304	Prar.g_01895	Prao.g_00965
OG0001305	Prar.g_01900	Prao.g_00970
OG0001306	Prar.g_01937	Prao.g_01009
OG0001307	Prar.g_01946	Prao.g_01018
OG0001308	Prar.g_01315	Prao.g_01145
OG0001309	Prar.g_01314	Prao.g_01143
OG0001310	Prar.g_01304	Prao.g_01132
OG0001311	Prar.g_01235	Prao.g_01061
OG0001312	Prar.g_00927	Prao.g_01255
OG0001313	Prar.g_00751	Prao.g_01493
OG0001314	Prar.g_01120	Prao.g_01575
OG0001315	Prar.g_00613	Prao.g_01609
OG0001316	Prar.g_00631	Prao.g_01721
OG0001318	Prar.g_00187	Prao.g_00279
OG0001319	Prar.g_00089	Prao.g_00376
OG0001320	Prar.g_00516	Prao.g_00573
OG0001321	Prar.g_01646	Prao.g_00696
OG0001322	Prar.g_01664	Prao.g_00721
OG0001323	Prar.g_01920	Prao.g_00993
OG0001324	Prar.g_01954	Prao.g_01026
OG0001325	Prar.g_01311	Prao.g_01139
OG0001326	Prar.g_00979	Prao.g_01308
OG0001327	Prar.g_00977	Prao.g_01306
OG0001328	Prar.g_00950	Prao.g_01271
OG0001329	Prar.g_00891	Prao.g_01216
OG0001330	Prar.g_00758	Prao.g_01486
OG0001331	Prar.g_01146	Prao.g_01549
OG0001332	Prar.g_00602	Prao.g_01598
OG0001334	Prar.g_00655	Prao.g_01745
OG0001335	Prar.g_00691	Prao.g_01783
OG0001336	Prar.g_00200	Prao.g_00267
OG0001337	Prar.g_00210	Prao.g_00257
OG0001338	Prar.g_00183	Prao.g_00282
OG0001339	Prar.g_00124	Prao.g_00341
OG0001340	Prar.g_00079	Prao.g_00386
OG0001341	Prar.g_00326	Prao.g_00399
OG0001342	Prar.g_00307	Prao.g_00417
OG0001343	Prar.g_00399	Prao.g_00475
OG0001344	Prar.g_00439	Prao.g_00512
OG0001345	Prar.g_00482	Prao.g_00538
OG0001346	Prar.g_00522	Prao.g_00578
OG0001347	Prar.g_00536	Prao.g_00592
OG0001348	Prar.g_01335	Prao.g_00610
OG0001349	Prar.g_01340	Prao.g_00615
OG0001351	Prar.g_01406	Prao.g_01869
OG0001352	Prar.g_01512	Prao.g_00120
OG0001353	Prar.g_01533	Prao.g_00141
OG0001354	Prar.g_01667	Prao.g_00724
OG0001355	Prar.g_01724	Prao.g_00782
OG0001356	Prar.g_01757	Prao.g_00826
OG0001357	Prar.g_01860	Prao.g_00930
OG0001358	Prar.g_01879	Prao.g_00949
OG0001359	Prar.g_01292	Prao.g_01118
OG0001360	Prar.g_01291	Prao.g_01117
OG0001361	Prar.g_01213	Prao.g_01039
OG0001363	Prar.g_00871	Prao.g_01219
OG0001364	Prar.g_00777	Prao.g_01466
OG0001365	Prar.g_01116	Prao.g_01613
OG0001366	Prar.g_01958	Prao.g_01589
OG0001367	Prar.g_01097	Prao.g_01632
OG0001369	Prar.g_01881	Prao.g_00951
OG0001371	Prar.g_00551	Prao.g_00206
OG0001372	Prar.g_00550	Prao.g_00207
OG0001373	Prar.g_00253	Prao.g_00214
OG0001374	Prar.g_00241	Prao.g_00226
OG0001376	Prar.g_00093	Prao.g_00372
OG0001377	Prar.g_00331	Prao.g_00394
OG0001378	Prar.g_00315	Prao.g_00410
OG0001379	Prar.g_00422	Prao.g_00497
OG0001381	Prar.g_00502	Prao.g_00558
OG0001382	Prar.g_00509	Prao.g_00566
OG0001383	Prar.g_01342	Prao.g_00617
OG0001384	Prar.g_01349	Prao.g_00625
OG0001385	Prar.g_01496	Prao.g_00105
OG0001386	Prar.g_01504	Prao.g_00113
OG0001387	Prar.g_01506	Prao.g_00115
OG0001388	Prar.g_01516	Prao.g_00124
OG0001389	Prar.g_01604	Prao.g_00653
OG0001390	Prar.g_01636	Prao.g_00685
OG0001391	Prar.g_01669	Prao.g_00726
OG0001392	Prar.g_01756	Prao.g_00825
OG0001393	Prar.g_01758	Prao.g_00828
OG0001394	Prar.g_01781	Prao.g_00850
OG0001395	Prar.g_01784	Prao.g_00853
OG0001397	Prar.g_01889	Prao.g_00959
OG0001398	Prar.g_01908	Prao.g_00978
OG0001399	Prar.g_01918	Prao.g_00991
OG0001400	Prar.g_01926	Prao.g_00999
OG0001401	Prar.g_01934	Prao.g_01336
OG0001402	Prar.g_01277	Prao.g_01103
OG0001403	Prar.g_00954	Prao.g_01275
OG0001404	Prar.g_00920	Prao.g_01248
OG0001405	Prar.g_00910	Prao.g_01238
OG0001406	Prar.g_00808	Prao.g_01435
OG0001407	Prar.g_00805	Prao.g_01438
OG0001408	Prar.g_00757	Prao.g_01487
OG0001409	Prar.g_00744	Prao.g_01499
OG0001412	Prar.g_01814	Prao.g_00883
OG0001414	Prar.g_00556	Prao.g_00200
OG0001415	Prar.g_00261	Prao.g_00462
OG0001416	Prar.g_01351	Prao.g_00627
OG0001417	Prar.g_01505	Prao.g_00114
OG0001418	Prar.g_01647	Prao.g_00697
OG0001419	Prar.g_01673	Prao.g_00730
OG0001420	Prar.g_01760	Prao.g_00830
OG0001421	Prar.g_01765	Prao.g_00835
OG0001422	Prar.g_01923	Prao.g_00996
OG0001423	Prar.g_01290	Prao.g_01116
OG0001424	Prar.g_01201	Prao.g_00016
OG0001425	Prar.g_00738	Prao.g_01505
OG0001426	Prar.g_00052	Prao.g_01826
OG0001427	Prar.g_00433	Prao.g_00507
OG0001430	Prar.g_01872	Prao.g_00942
OG0001431	Prar.g_01924	Prao.g_00997
OG0001432	Prar.g_01927	Prao.g_01000
OG0001433	Prar.g_01000	Prao.g_01330
OG0001435	Prar.g_00746	Prao.g_01498
OG0001438	Prar.g_01450	Prao.g_00059
OG0001440	Prar.g_01883	Prao.g_00953
OG0001441	Prar.g_01319	Prao.g_01151
OG0001442	Prar.g_01302	Prao.g_01129
OG0001443	Prar.g_01280	Prao.g_01106
OG0001444	Prar.g_01244	Prao.g_01070
OG0001445	Prar.g_00987	Prao.g_01350
OG0001446	Prar.g_00985	Prao.g_01348
OG0001447	Prar.g_00984	Prao.g_01347
OG0001449	Prar.g_00867	Prao.g_01360
OG0001451	Prar.g_01560	Prao.g_01368
OG0001453	Prar.g_00718	Prao.g_01526
OG0001454	Prar.g_00427	Prao.g_00502
OG0001457	Prar.g_01532	Prao.g_00140
OG0001458	Prar.g_01635	Prao.g_00684
OG0001459	Prar.g_01662	Prao.g_00719
OG0001460	Prar.g_01747	Prao.g_00804
OG0001461	Prar.g_01806	Prao.g_00875
OG0001462	Prar.g_01871	Prao.g_00941
OG0001463	Prar.g_01917	Prao.g_00990
OG0001464	Prar.g_01922	Prao.g_00995
OG0001465	Prar.g_00982	Prao.g_01312
OG0001467	Prar.g_00342	Prao.g_01394
OG0001468	Prar.g_00624	Prao.g_01714
OG0001469	Prar.g_01265	Prao.g_01091
OG0001470	Prar.g_00267	Prao.g_00456
OG0001472	Prar.g_01746	Prao.g_00803
OG0001473	Prar.g_01754	Prao.g_00811
OG0001474	Prar.g_01551	Prao.g_00813
OG0001475	Prar.g_01913	Prao.g_00986
OG0001476	Prar.g_01914	Prao.g_00987
OG0001477	Prar.g_01915	Prao.g_00988
OG0001478	Prar.g_01921	Prao.g_00994
OG0001479	Prar.g_01949	Prao.g_01021
OG0001480	Prar.g_01325	Prao.g_01157
OG0001481	Prar.g_01247	Prao.g_01073
OG0001484	Prar.g_00869	Prao.g_01218
OG0001485	Prar.g_01118	Prao.g_01611
OG0001488	Prar.g_00155	Prao.g_00310
OG0001489	Prar.g_00436	Prao.g_00510
OG0001490	Prar.g_00463	Prao.g_00528
OG0001491	Prar.g_01659	Prao.g_00716
OG0001492	Prar.g_01716	Prao.g_00774
OG0001493	Prar.g_01550	Prao.g_00814
OG0001494	Prar.g_01549	Prao.g_00815
OG0001495	Prar.g_01548	Prao.g_00816
OG0001496	Prar.g_01547	Prao.g_00817
OG0001497	Prar.g_01546	Prao.g_00818
OG0001498	Prar.g_01545	Prao.g_00819
OG0001499	Prar.g_01544	Prao.g_00820
OG0001500	Prar.g_01543	Prao.g_00821
OG0001501	Prar.g_01542	Prao.g_00822
OG0001502	Prar.g_01541	Prao.g_00823
OG0001503	Prar.g_01540	Prao.g_00824
OG0001505	Prar.g_01196	Prao.g_00005
OG0001506	Prar.g_01941	Prao.g_01013
OG0001507	Prar.g_01281	Prao.g_01107
OG0001509	Prar.g_01096	Prao.g_01633
OG0001510	Prar.g_00616	Prao.g_01706
OG0001514	Prar.g_00972	Prao.g_01295
OG0001515	Prar.g_01641	Prao.g_00688
OG0001516	Prar.g_01854	Prao.g_00924
OG0001517	Prar.g_01931	Prao.g_01005
OG0001521	Prar.g_01115	Prao.g_01614
OG0001523	Prar.g_00557	Prao.g_00199
OG0001524	Prar.g_00437	Prao.g_00511
OG0001525	Prar.g_00507	Prao.g_00565
OG0001526	Prar.g_01763	Prao.g_00833
OG0001527	Prar.g_01321	Prao.g_01153
OG0001528	Prar.g_01001	Prao.g_01334
OG0001529	Prar.g_00998	Prao.g_01329
OG0001532	Prar.g_00003	Prao.g_00180
OG0001534	Prar.g_00740	Prao.g_01503
OG0001536	Prar.g_01323	Prao.g_01155
OG0001537	Prar.g_01190	Prao.g_01337
OG0001538	Prar.g_00980	Prao.g_01309
OG0001539	Prar.g_00968	Prao.g_01290
OG0001540	Prar.g_00967	Prao.g_01289
OG0001542	Prar.g_00742	Prao.g_01501
OG0001543	Prar.g_00733	Prao.g_01512
OG0001549	Prar.g_00202	Prao.g_00265
OG0001550	Prar.g_00280	Prao.g_00443
OG0001551	Prar.g_00256	Prao.g_00467
OG0001552	Prar.g_00429	Prao.g_00504
OG0001553	Prar.g_00451	Prao.g_00520
OG0001554	Prar.g_00452	Prao.g_00521
OG0001555	Prar.g_00505	Prao.g_00561
OG0001556	Prar.g_00519	Prao.g_00575
OG0001559	Prar.g_01642	Prao.g_00689
OG0001560	Prar.g_01655	Prao.g_00708
OG0001561	Prar.g_01748	Prao.g_00805
OG0001562	Prar.g_01870	Prao.g_00940
OG0001563	Prar.g_01929	Prao.g_01002
OG0001564	Prar.g_01930	Prao.g_01004
OG0001565	Prar.g_01933	Prao.g_01006
OG0001566	Prar.g_01936	Prao.g_01008
OG0001567	Prar.g_01942	Prao.g_01014
OG0001568	Prar.g_01326	Prao.g_01158
OG0001569	Prar.g_01322	Prao.g_01154
OG0001570	Prar.g_01316	Prao.g_01148
OG0001571	Prar.g_01308	Prao.g_01136
OG0001572	Prar.g_01300	Prao.g_01126
OG0001573	Prar.g_01297	Prao.g_01123
OG0001575	Prar.g_00990	Prao.g_01315
OG0001576	Prar.g_00975	Prao.g_01303
OG0001577	Prar.g_00914	Prao.g_01242
OG0001578	Prar.g_00912	Prao.g_01240
OG0001579	Prar.g_00868	Prao.g_01196
OG0001582	Prar.g_00764	Prao.g_01479
OG0001583	Prar.g_00763	Prao.g_01481
OG0001584	Prar.g_00762	Prao.g_01482
OG0001585	Prar.g_00752	Prao.g_01492
OG0001586	Prar.g_00671	Prao.g_01762
OG0001589	Prar.g_00724	Prao.g_00057
OG0001590	Prar.g_00294	Prao.g_00430
OG0001591	Prar.g_00423	Prao.g_00498
OG0001594	Prar.g_00517	Prao.g_00574
OG0001595	Prar.g_01536	Prao.g_00144
OG0001596	Prar.g_01643	Prao.g_00691
OG0001597	Prar.g_01750	Prao.g_00806
OG0001598	Prar.g_01762	Prao.g_00832
OG0001599	Prar.g_01287	Prao.g_01113
OG0001600	Prar.g_01286	Prao.g_01112
OG0001601	Prar.g_01285	Prao.g_01111
OG0001602	Prar.g_01284	Prao.g_01110
OG0001603	Prar.g_00714	Prao.g_01532
OG0001604	Prar.g_01130	Prao.g_01565
OG0001609	Prar.g_00428	Prao.g_00503
OG0001610	Prar.g_01531	Prao.g_00139
OG0001611	Prar.g_01624	Prao.g_00674
OG0001612	Prar.g_01660	Prao.g_00717
OG0001613	Prar.g_01753	Prao.g_00810
OG0001614	Prar.g_01858	Prao.g_00928
OG0001615	Prar.g_00996	Prao.g_01323
OG0001619	Prar.g_00922	Prao.g_01250
OG0001621	Prar.g_01650	Prao.g_00700
OG0001623	Prar.g_00397	Prao.g_00473
OG0001624	Prar.g_01751	Prao.g_00808
OG0001625	Prar.g_01865	Prao.g_00935
OG0001626	Prar.g_00995	Prao.g_01322
OG0001628	Prar.g_00723	Prao.g_01520
OG0001639	Prar.g_00218	Prao.g_00248
OG0001640	Prar.g_00147	Prao.g_00318
OG0001641	Prar.g_00424	Prao.g_00499
OG0001642	Prar.g_00426	Prao.g_00501
OG0001643	Prar.g_00460	Prao.g_00523
OG0001644	Prar.g_00461	Prao.g_00524
OG0001645	Prar.g_00462	Prao.g_00526
OG0001647	Prar.g_00515	Prao.g_00572
OG0001648	Prar.g_01389	Prao.g_01178
OG0001649	Prar.g_01395	Prao.g_01184
OG0001650	Prar.g_01598	Prao.g_00647
OG0001651	Prar.g_01631	Prao.g_00681
OG0001652	Prar.g_01633	Prao.g_00682
OG0001653	Prar.g_01656	Prao.g_00709
OG0001654	Prar.g_01658	Prao.g_00715
OG0001655	Prar.g_01666	Prao.g_00723
OG0001656	Prar.g_01689	Prao.g_00746
OG0001657	Prar.g_01741	Prao.g_00798
OG0001658	Prar.g_01752	Prao.g_00809
OG0001659	Prar.g_01788	Prao.g_00857
OG0001660	Prar.g_01866	Prao.g_00936
OG0001661	Prar.g_01869	Prao.g_00939
OG0001662	Prar.g_01874	Prao.g_00944
OG0001663	Prar.g_01891	Prao.g_00961
OG0001664	Prar.g_01892	Prao.g_00962
OG0001665	Prar.g_01912	Prao.g_00985
OG0001666	Prar.g_01916	Prao.g_00989
OG0001667	Prar.g_01919	Prao.g_00992
OG0001668	Prar.g_01925	Prao.g_00998
OG0001669	Prar.g_01938	Prao.g_01010
OG0001670	Prar.g_01939	Prao.g_01011
OG0001671	Prar.g_01945	Prao.g_01017
OG0001672	Prar.g_01950	Prao.g_01022
OG0001673	Prar.g_01951	Prao.g_01023
OG0001674	Prar.g_01952	Prao.g_01024
OG0001675	Prar.g_01310	Prao.g_01138
OG0001676	Prar.g_01305	Prao.g_01133
OG0001677	Prar.g_01288	Prao.g_01114
OG0001678	Prar.g_01216	Prao.g_01042
OG0001679	Prar.g_01208	Prao.g_01034
OG0001680	Prar.g_01159	Prao.g_00981
OG0001681	Prar.g_00974	Prao.g_01302
OG0001682	Prar.g_00970	Prao.g_01292
OG0001684	Prar.g_00765	Prao.g_01478
OG0001685	Prar.g_00759	Prao.g_01485
OG0001686	Prar.g_00756	Prao.g_01488
OG0001687	Prar.g_00750	Prao.g_01494
OG0001688	Prar.g_00747	Prao.g_01497
OG0001689	Prar.g_00743	Prao.g_01500
OG0001690	Prar.g_00741	Prao.g_01502
OG0001691	Prar.g_00739	Prao.g_01504
OG0001692	Prar.g_01138	Prao.g_01557
OG0001693	Prar.g_00075	Prao.g_01802
OG0001698	Prar.g_01327	Prao.g_00602
OG0001700	Prar.g_01627	Prao.g_00676
OG0001701	Prar.g_01629	Prao.g_00678
OG0001702	Prar.g_01645	Prao.g_00695
OG0001703	Prar.g_01657	Prao.g_00710
OG0001704	Prar.g_01867	Prao.g_00937
OG0001706	Prar.g_01306	Prao.g_01134
OG0001707	Prar.g_01283	Prao.g_01109
OG0001708	Prar.g_00983	Prao.g_01313
OG0001710	Prar.g_01868	Prao.g_00938
OG0001724	Prar.g_01671	Prao.g_00728
OG0001726	Prar.g_01317	Prao.g_01149
OG0001728	Prar.g_00969	Prao.g_01291
OG0001732	Prar.g_00720	Prao.g_01525
OG0001733	Prar.g_00447	Prao.g_00519
OG0001734	Prar.g_01597	Prao.g_00149
OG0001783	Prar.g_00579	Prao.g_00187
OG0001784	Prar.g_01354	Prao.g_00630
OG0001786	Prar.g_01713	Prao.g_00770
OG0001787	Prar.g_01303	Prao.g_01130
OG0001788	Prar.g_00986	Prao.g_01349
OG0001790	Prar.g_00994	Prao.g_01319
OG0001791	Prar.g_00992	Prao.g_01318
OG0001796	Prar.g_01301	Prao.g_01127
OG0001798	Prar.g_01152	Prao.g_01339
OG0001807	Prar.g_00454	Prao.g_00522
OG0001808	Prar.g_00999	Prao.g_00530
OG0001809	Prar.g_01648	Prao.g_00698
OG0001816	Prar.g_01911	Prao.g_00984
OG0001819	Prar.g_00467	Prao.g_01338
OG0001820	Prar.g_00981	Prao.g_01310
OG0001821	Prar.g_01077	Prao.g_01299
OG0001824	Prar.g_00748	Prao.g_01496
OG0001826	Prar.g_00716	Prao.g_01530
OG0001829	Prar.g_00721	Prao.g_01523
OG0001841	Prar.g_00989	Prao.g_01314
OG0001849	Prar.g_00735	Prao.g_01510
OG0001850	Prar.g_01299	Prao.g_01125
OG0001859	Prar.g_00329	Prao.g_00396
OG0001862	Prar.g_01312	Prao.g_01140
OG0001872	Prar.g_00728	Prao.g_01517
OG0001906	Prar.g_00314	Prao.g_00411
OG0001966	Prar.g_00561	Prao.g_01344
OG0001982	Prar.g_00421	Prao.g_00495
OG0002030	Prar.g_01791	Prao.g_00860
OG0002120	Prar.g_01674	Prao.g_00731
OG0002349	Prar.g_00731	Prao.g_01513
OG0002535	Prar.g_00386	Prao.g_01202
