Orthogroup	Prav	Pran
OG0000000	Prav.g_01736, Prav.g_01415	Pran.g_00582
OG0000000	Prav.g_01695	Pran.g_01423, Pran.g_00931, Pran.g_00601
OG0000000	Prav.g_01694	Pran.g_00001
OG0000000	Prav.g_01821	Pran.g_00001
OG0000000	Prav.g_01694	Pran.g_00602
OG0000000	Prav.g_01821	Pran.g_00602
OG0000000	Prav.g_01730, Prav.g_01715	Pran.g_00593
OG0000000	Prav.g_01413	Pran.g_00894
OG0000001	Prav.g_00962	Pran.g_01395
OG0000002	Prav.g_01276	Pran.g_01500
OG0000004	Prav.g_01293	Pran.g_01483
OG0000004	Prav.g_00806	Pran.g_00200
OG0000005	Prav.g_01774	Pran.g_00983
OG0000005	Prav.g_01654	Pran.g_00657
OG0000006	Prav.g_02001	Pran.g_01951
OG0000007	Prav.g_01095	Pran.g_01681
OG0000007	Prav.g_01761	Pran.g_00970
OG0000008	Prav.g_01270	Pran.g_01506
OG0000009	Prav.g_01688	Pran.g_00615
OG0000009	Prav.g_00170	Pran.g_00328
OG0000010	Prav.g_01072	Pran.g_01704
OG0000010	Prav.g_00218	Pran.g_00175
OG0000011	Prav.g_01334	Pran.g_01384
OG0000012	Prav.g_01221	Pran.g_01555
OG0000013	Prav.g_01973	Pran.g_01867
OG0000014	Prav.g_01952	Pran.g_01888
OG0000015	Prav.g_00363, Prav.g_00961	Pran.g_01394
OG0000016	Prav.g_01385	Pran.g_00620
OG0000017	Prav.g_01194	Pran.g_01580
OG0000018	Prav.g_00424	Pran.g_01316
OG0000018	Prav.g_00046	Pran.g_00078
OG0000019	Prav.g_01896	Pran.g_01943
OG0000019	Prav.g_00375	Pran.g_01363
OG0000020	Prav.g_00014	Pran.g_00117
OG0000020	Prav.g_01386	Pran.g_01804
OG0000021	Prav.g_00984	Pran.g_01829
OG0000022	Prav.g_00029	Pran.g_00097
OG0000022	Prav.g_00360	Pran.g_01401
OG0000023	Prav.g_00979	Pran.g_01834
OG0000024	Prav.g_00343	Pran.g_01420
OG0000024	Prav.g_01273	Pran.g_01503
OG0000025	Prav.g_01977	Pran.g_01863
OG0000025	Prav.g_00431	Pran.g_01309
OG0000026	Prav.g_01324	Pran.g_00930
OG0000026	Prav.g_00099	Pran.g_00393
OG0000026	Prav.g_00226	Pran.g_00168
OG0000027	Prav.g_01068, Prav.g_01416	Pran.g_00583
OG0000028	Prav.g_01966	Pran.g_01874
OG0000029	Prav.g_00350	Pran.g_01410
OG0000030	Prav.g_00699	Pran.g_01170
OG0000033	Prav.g_00869	Pran.g_00263
OG0000034	Prav.g_01448	Pran.g_00866
OG0000035	Prav.g_01578	Pran.g_00733
OG0000037	Prav.g_00174	Pran.g_00324
OG0000038	Prav.g_00739	Pran.g_01210
OG0000039	Prav.g_01284	Pran.g_01492
OG0000040	Prav.g_01720	Pran.g_00923
OG0000040	Prav.g_00045	Pran.g_00079
OG0000041	Prav.g_01808	Pran.g_01016
OG0000042	Prav.g_00696	Pran.g_01167
OG0000043	Prav.g_00467	Pran.g_00179
OG0000045	Prav.g_00990	Pran.g_01823
OG0000047	Prav.g_01976	Pran.g_01864
OG0000048	Prav.g_00993	Pran.g_01820
OG0000049	Prav.g_01000	Pran.g_01811
OG0000049	Prav.g_01016	Pran.g_00526
OG0000050	Prav.g_01013	Pran.g_01789
OG0000050	Prav.g_00247	Pran.g_00149
OG0000051	Prav.g_01410	Pran.g_00898
OG0000052	Prav.g_01533	Pran.g_00777
OG0000053	Prav.g_01598	Pran.g_00713
OG0000054	Prav.g_01202	Pran.g_01572
OG0000055	Prav.g_00376	Pran.g_01362
OG0000057	Prav.g_01296	Pran.g_01480
OG0000058	Prav.g_01512	Pran.g_00807
OG0000059	Prav.g_00292	Pran.g_01056
OG0000060	Prav.g_00964	Pran.g_01399
OG0000061	Prav.g_00065	Pran.g_00060
OG0000062	Prav.g_01656	Pran.g_00655
OG0000063	Prav.g_00101	Pran.g_00391
OG0000065	Prav.g_00172	Pran.g_00326
OG0000066	Prav.g_01137	Pran.g_01639
OG0000067	Prav.g_00397	Pran.g_01343
OG0000068	Prav.g_01473	Pran.g_00841
OG0000069	Prav.g_01689	Pran.g_00614
OG0000070	Prav.g_01049	Pran.g_01727
OG0000071	Prav.g_01438	Pran.g_00938, Pran.g_00876
OG0000072	Prav.g_00867	Pran.g_00261
OG0000073	Prav.g_01097	Pran.g_01679
OG0000074	Prav.g_01280	Pran.g_01496
OG0000075	Prav.g_00665	Pran.g_01137
OG0000076	Prav.g_00689	Pran.g_01160
OG0000077	Prav.g_00143	Pran.g_00354
OG0000078	Prav.g_00799	Pran.g_00194
OG0000079	Prav.g_01899	Pran.g_01940
OG0000081	Prav.g_01129	Pran.g_01647
OG0000082	Prav.g_01182	Pran.g_01593
OG0000083	Prav.g_00330	Pran.g_00576
OG0000084	Prav.g_01574	Pran.g_00737
OG0000085	Prav.g_01754	Pran.g_00963
OG0000086	Prav.g_00153	Pran.g_00344
OG0000087	Prav.g_00204	Pran.g_00295
OG0000088	Prav.g_00872	Pran.g_00266
OG0000089	Prav.g_00975	Pran.g_01839
OG0000090	Prav.g_01131	Pran.g_01645
OG0000091	Prav.g_01240	Pran.g_01536
OG0000092	Prav.g_00504	Pran.g_00434
OG0000093	Prav.g_00525	Pran.g_00455
OG0000094	Prav.g_00914	Pran.g_00549
OG0000095	Prav.g_00933	Pran.g_00903, Pran.g_00568
OG0000096	Prav.g_01732	Pran.g_00603
OG0000097	Prav.g_01840	Pran.g_00019
OG0000098	Prav.g_01455	Pran.g_00855
OG0000099	Prav.g_01514	Pran.g_00806
OG0000100	Prav.g_01652	Pran.g_00659
OG0000101	Prav.g_00632	Pran.g_01105
OG0000102	Prav.g_00694	Pran.g_01165
OG0000103	Prav.g_00773	Pran.g_01244
OG0000104	Prav.g_00782	Pran.g_01253
OG0000105	Prav.g_01920	Pran.g_01920
OG0000106	Prav.g_00989	Pran.g_01824
OG0000107	Prav.g_01001	Pran.g_01808
OG0000108	Prav.g_01078	Pran.g_01698
OG0000109	Prav.g_01092	Pran.g_01684
OG0000110	Prav.g_01172	Pran.g_01603
OG0000111	Prav.g_01297	Pran.g_01479
OG0000112	Prav.g_00364	Pran.g_01378
OG0000113	Prav.g_00419	Pran.g_01321
OG0000114	Prav.g_00499	Pran.g_00429
OG0000115	Prav.g_00010	Pran.g_00123
OG0000116	Prav.g_00055	Pran.g_00070
OG0000117	Prav.g_01390	Pran.g_01466
OG0000118	Prav.g_01450	Pran.g_00864
OG0000119	Prav.g_01469	Pran.g_00845
OG0000120	Prav.g_01513	Pran.g_00752
OG0000121	Prav.g_01580	Pran.g_00731
OG0000122	Prav.g_01618	Pran.g_00693
OG0000123	Prav.g_00639	Pran.g_01112
OG0000124	Prav.g_00705	Pran.g_01176
OG0000125	Prav.g_00741	Pran.g_01212
OG0000126	Prav.g_00781	Pran.g_01252
OG0000128	Prav.g_00079	Pran.g_01268
OG0000129	Prav.g_00115	Pran.g_00381
OG0000130	Prav.g_00134	Pran.g_00363
OG0000131	Prav.g_00212	Pran.g_00288
OG0000132	Prav.g_00874	Pran.g_00268
OG0000133	Prav.g_01968	Pran.g_01872
OG0000134	Prav.g_00976	Pran.g_01838
OG0000135	Prav.g_00999	Pran.g_01812
OG0000136	Prav.g_01040	Pran.g_01739
OG0000137	Prav.g_01073	Pran.g_01703
OG0000138	Prav.g_01093	Pran.g_01683
OG0000139	Prav.g_01135	Pran.g_01641
OG0000140	Prav.g_01136	Pran.g_01640
OG0000141	Prav.g_01203	Pran.g_01571
OG0000142	Prav.g_01233	Pran.g_01543
OG0000143	Prav.g_01237	Pran.g_01539
OG0000144	Prav.g_01250	Pran.g_01526
OG0000145	Prav.g_00362	Pran.g_01400
OG0000146	Prav.g_00365	Pran.g_01377
OG0000147	Prav.g_00366	Pran.g_01376
OG0000148	Prav.g_00413	Pran.g_01327
OG0000149	Prav.g_00443	Pran.g_01297
OG0000150	Prav.g_00451	Pran.g_01289
OG0000151	Prav.g_00509	Pran.g_00439
OG0000152	Prav.g_00556	Pran.g_00487
OG0000153	Prav.g_00575	Pran.g_00506
OG0000154	Prav.g_00907	Pran.g_00542
OG0000155	Prav.g_01861	Pran.g_00040
OG0000156	Prav.g_01427	Pran.g_00887
OG0000157	Prav.g_01428	Pran.g_00886
OG0000158	Prav.g_01505	Pran.g_00822
OG0000159	Prav.g_01506	Pran.g_00808
OG0000160	Prav.g_01579	Pran.g_00732
OG0000161	Prav.g_01585	Pran.g_00726
OG0000162	Prav.g_01591	Pran.g_00720
OG0000163	Prav.g_01625	Pran.g_00686
OG0000164	Prav.g_01785	Pran.g_00994
OG0000165	Prav.g_01792	Pran.g_01001
OG0000166	Prav.g_00596	Pran.g_01069, Pran.g_01068
OG0000167	Prav.g_00663	Pran.g_01135
OG0000168	Prav.g_00673	Pran.g_01144
OG0000169	Prav.g_00683	Pran.g_01154
OG0000170	Prav.g_00685	Pran.g_01156
OG0000171	Prav.g_00704	Pran.g_01175
OG0000172	Prav.g_00712	Pran.g_01184
OG0000173	Prav.g_00727	Pran.g_01199
OG0000174	Prav.g_00755	Pran.g_01226
OG0000175	Prav.g_00765	Pran.g_01236
OG0000176	Prav.g_00790	Pran.g_01261
OG0000177	Prav.g_00791	Pran.g_01262
OG0000178	Prav.g_00792	Pran.g_01263
OG0000179	Prav.g_00084	Pran.g_00408
OG0000180	Prav.g_00085	Pran.g_00407
OG0000181	Prav.g_00086	Pran.g_00406
OG0000182	Prav.g_00087	Pran.g_00405
OG0000183	Prav.g_00091	Pran.g_00401
OG0000184	Prav.g_00117	Pran.g_00379
OG0000185	Prav.g_00120	Pran.g_00376
OG0000186	Prav.g_00129	Pran.g_00368
OG0000187	Prav.g_00130	Pran.g_00367
OG0000188	Prav.g_00147	Pran.g_00350
OG0000189	Prav.g_00161	Pran.g_00337
OG0000190	Prav.g_00162	Pran.g_00336
OG0000191	Prav.g_00182	Pran.g_00316
OG0000192	Prav.g_00186	Pran.g_00312
OG0000193	Prav.g_00213	Pran.g_00287
OG0000194	Prav.g_00216	Pran.g_00283
OG0000195	Prav.g_00887	Pran.g_00281
OG0000196	Prav.g_00877	Pran.g_00271
OG0000197	Prav.g_00876	Pran.g_00270
OG0000198	Prav.g_00875	Pran.g_00269
OG0000199	Prav.g_00868	Pran.g_00262
OG0000200	Prav.g_00854	Pran.g_00248
OG0000201	Prav.g_00846	Pran.g_00240
OG0000202	Prav.g_00845	Pran.g_00239
OG0000203	Prav.g_00844	Pran.g_00238
OG0000204	Prav.g_00843	Pran.g_00237
OG0000205	Prav.g_00836	Pran.g_00230
OG0000206	Prav.g_00831	Pran.g_00225
OG0000207	Prav.g_00829	Pran.g_00223
OG0000208	Prav.g_00828	Pran.g_00222
OG0000209	Prav.g_00819	Pran.g_00213
OG0000210	Prav.g_00818	Pran.g_00212
OG0000211	Prav.g_00805	Pran.g_00199
OG0000212	Prav.g_00798	Pran.g_00193
OG0000213	Prav.g_01904	Pran.g_01935
OG0000214	Prav.g_01914	Pran.g_01926
OG0000215	Prav.g_01938	Pran.g_01902
OG0000216	Prav.g_01940	Pran.g_01900
OG0000217	Prav.g_01943	Pran.g_01897
OG0000218	Prav.g_01945	Pran.g_01895
OG0000219	Prav.g_01946	Pran.g_01894
OG0000220	Prav.g_01947	Pran.g_01893
OG0000221	Prav.g_01948	Pran.g_01892
OG0000222	Prav.g_01956	Pran.g_01884
OG0000223	Prav.g_01969	Pran.g_01871
OG0000224	Prav.g_01971	Pran.g_01869
OG0000225	Prav.g_01992	Pran.g_01849
OG0000226	Prav.g_01996	Pran.g_01845
OG0000227	Prav.g_01998	Pran.g_01843
OG0000228	Prav.g_00974	Pran.g_01840
OG0000229	Prav.g_01035	Pran.g_01744
OG0000230	Prav.g_01037	Pran.g_01742
OG0000231	Prav.g_01048	Pran.g_01728
OG0000232	Prav.g_01056	Pran.g_01720
OG0000233	Prav.g_01061	Pran.g_01715
OG0000234	Prav.g_01074	Pran.g_01702
OG0000235	Prav.g_01077	Pran.g_01699
OG0000236	Prav.g_01091	Pran.g_01685
OG0000237	Prav.g_01104	Pran.g_01672
OG0000238	Prav.g_01110	Pran.g_01666
OG0000239	Prav.g_01123	Pran.g_01653
OG0000240	Prav.g_01124	Pran.g_01652
OG0000241	Prav.g_01128	Pran.g_01648
OG0000242	Prav.g_01130	Pran.g_01646
OG0000243	Prav.g_01141	Pran.g_01635
OG0000244	Prav.g_01144	Pran.g_01632
OG0000245	Prav.g_01146	Pran.g_01630
OG0000246	Prav.g_01150	Pran.g_01626
OG0000247	Prav.g_01160	Pran.g_01616
OG0000248	Prav.g_01162	Pran.g_01613
OG0000249	Prav.g_01164	Pran.g_01611
OG0000250	Prav.g_01169	Pran.g_01606
OG0000251	Prav.g_01187	Pran.g_01587
OG0000252	Prav.g_01190	Pran.g_01584
OG0000253	Prav.g_01191	Pran.g_01583
OG0000254	Prav.g_01207	Pran.g_01567
OG0000255	Prav.g_01213	Pran.g_01561
OG0000256	Prav.g_01225	Pran.g_01551
OG0000257	Prav.g_01228	Pran.g_01548
OG0000258	Prav.g_01241	Pran.g_01535
OG0000259	Prav.g_01258	Pran.g_01518
OG0000260	Prav.g_01261	Pran.g_01515
OG0000261	Prav.g_01263	Pran.g_01513
OG0000262	Prav.g_01267	Pran.g_01509
OG0000263	Prav.g_01279	Pran.g_01497
OG0000264	Prav.g_01289	Pran.g_01487
OG0000265	Prav.g_00306	Pran.g_01460
OG0000266	Prav.g_00316	Pran.g_01450
OG0000267	Prav.g_00327	Pran.g_01439
OG0000268	Prav.g_00328	Pran.g_01438
OG0000269	Prav.g_00392	Pran.g_01348
OG0000270	Prav.g_00395	Pran.g_01345
OG0000271	Prav.g_00403	Pran.g_01337
OG0000272	Prav.g_00404	Pran.g_01336
OG0000273	Prav.g_00427	Pran.g_01313
OG0000274	Prav.g_00428	Pran.g_01312
OG0000275	Prav.g_00430	Pran.g_01310
OG0000276	Prav.g_00435	Pran.g_01305
OG0000277	Prav.g_00436	Pran.g_01304
OG0000278	Prav.g_00439	Pran.g_01301
OG0000279	Prav.g_00446	Pran.g_01294
OG0000280	Prav.g_00447	Pran.g_01293
OG0000281	Prav.g_00452	Pran.g_01287
OG0000282	Prav.g_00501	Pran.g_00431
OG0000283	Prav.g_00533	Pran.g_00464
OG0000284	Prav.g_00538	Pran.g_00469
OG0000285	Prav.g_00543	Pran.g_00474
OG0000286	Prav.g_00555	Pran.g_00486
OG0000287	Prav.g_00572	Pran.g_00503
OG0000288	Prav.g_00906	Pran.g_00541
OG0000289	Prav.g_00917	Pran.g_00552
OG0000290	Prav.g_00930	Pran.g_00565
OG0000291	Prav.g_00932	Pran.g_00567
OG0000292	Prav.g_00261	Pran.g_00135
OG0000293	Prav.g_00056	Pran.g_00069
OG0000294	Prav.g_00057	Pran.g_00068
OG0000295	Prav.g_00077	Pran.g_00048
OG0000296	Prav.g_01867	Pran.g_00046
OG0000297	Prav.g_01859	Pran.g_00038
OG0000298	Prav.g_01858	Pran.g_00037
OG0000299	Prav.g_01841	Pran.g_00020
OG0000300	Prav.g_01838	Pran.g_00017
OG0000301	Prav.g_00955, Prav.g_01837	Pran.g_00016
OG0000302	Prav.g_01835	Pran.g_00014
OG0000303	Prav.g_01828	Pran.g_00007
OG0000304	Prav.g_01824	Pran.g_00003
OG0000305	Prav.g_01465	Pran.g_00848
OG0000306	Prav.g_01468	Pran.g_00846
OG0000307	Prav.g_01482	Pran.g_00832
OG0000308	Prav.g_01483	Pran.g_00831
OG0000309	Prav.g_01487	Pran.g_00827
OG0000310	Prav.g_01563	Pran.g_00748
OG0000311	Prav.g_01565	Pran.g_00746
OG0000312	Prav.g_01568	Pran.g_00743
OG0000313	Prav.g_01582	Pran.g_00729
OG0000314	Prav.g_01605	Pran.g_00706
OG0000315	Prav.g_01615	Pran.g_00696
OG0000316	Prav.g_01635	Pran.g_00676
OG0000317	Prav.g_01759	Pran.g_00968
OG0000318	Prav.g_01762	Pran.g_00971
OG0000319	Prav.g_01775	Pran.g_00984
OG0000320	Prav.g_01777	Pran.g_00986
OG0000321	Prav.g_01778	Pran.g_00987
OG0000322	Prav.g_01779	Pran.g_00988
OG0000323	Prav.g_01788	Pran.g_00997
OG0000324	Prav.g_01815	Pran.g_01023
OG0000325	Prav.g_00269	Pran.g_01033
OG0000326	Prav.g_00275	Pran.g_01039
OG0000327	Prav.g_00591	Pran.g_01063
OG0000328	Prav.g_00592	Pran.g_01064
OG0000329	Prav.g_00609	Pran.g_01082
OG0000330	Prav.g_00610	Pran.g_01083
OG0000331	Prav.g_00611	Pran.g_01084
OG0000332	Prav.g_00625	Pran.g_01098
OG0000333	Prav.g_00627	Pran.g_01100
OG0000334	Prav.g_00635	Pran.g_01108
OG0000335	Prav.g_00640	Pran.g_01113
OG0000336	Prav.g_00644	Pran.g_01117
OG0000337	Prav.g_00661	Pran.g_01133
OG0000338	Prav.g_00662	Pran.g_01134
OG0000339	Prav.g_00666	Pran.g_01138
OG0000340	Prav.g_00674	Pran.g_01145
OG0000341	Prav.g_00676	Pran.g_01147
OG0000342	Prav.g_00677	Pran.g_01148
OG0000343	Prav.g_00678	Pran.g_01149
OG0000344	Prav.g_00681	Pran.g_01152
OG0000345	Prav.g_00686	Pran.g_01157
OG0000346	Prav.g_00690	Pran.g_01161
OG0000347	Prav.g_00706	Pran.g_01177
OG0000348	Prav.g_00715	Pran.g_01187
OG0000349	Prav.g_00732	Pran.g_01203
OG0000350	Prav.g_00751	Pran.g_01222
OG0000351	Prav.g_00768	Pran.g_01239
OG0000352	Prav.g_00769	Pran.g_01240
OG0000353	Prav.g_00785	Pran.g_01256
OG0000355	Prav.g_00787	Pran.g_01258
OG0000356	Prav.g_00788	Pran.g_01259
OG0000357	Prav.g_00789	Pran.g_01260
OG0000358	Prav.g_00793	Pran.g_01264
OG0000359	Prav.g_00794	Pran.g_01265
OG0000360	Prav.g_00795	Pran.g_01266
OG0000361	Prav.g_00078	Pran.g_01267
OG0000362	Prav.g_00080	Pran.g_01269
OG0000363	Prav.g_00082	Pran.g_00410
OG0000364	Prav.g_00083	Pran.g_00409
OG0000365	Prav.g_00088	Pran.g_00404
OG0000366	Prav.g_00089	Pran.g_00403
OG0000367	Prav.g_00090	Pran.g_00402
OG0000368	Prav.g_00092	Pran.g_00400
OG0000369	Prav.g_00093	Pran.g_00399
OG0000370	Prav.g_00094	Pran.g_00398
OG0000371	Prav.g_00100	Pran.g_00392
OG0000372	Prav.g_00103	Pran.g_00389
OG0000373	Prav.g_00104	Pran.g_00388
OG0000374	Prav.g_00105	Pran.g_00387
OG0000375	Prav.g_00111	Pran.g_00385
OG0000376	Prav.g_00113	Pran.g_00383
OG0000377	Prav.g_00116	Pran.g_00380
OG0000378	Prav.g_00118	Pran.g_00378
OG0000379	Prav.g_00121	Pran.g_00375
OG0000380	Prav.g_00131	Pran.g_00366
OG0000381	Prav.g_00135	Pran.g_00362
OG0000382	Prav.g_00146	Pran.g_00351
OG0000383	Prav.g_00148	Pran.g_00349
OG0000384	Prav.g_00149	Pran.g_00348
OG0000385	Prav.g_00150	Pran.g_00347
OG0000386	Prav.g_00151	Pran.g_00346
OG0000387	Prav.g_00164	Pran.g_00334
OG0000388	Prav.g_00167	Pran.g_00331
OG0000389	Prav.g_00171	Pran.g_00327
OG0000390	Prav.g_00178	Pran.g_00320
OG0000391	Prav.g_00181	Pran.g_00317
OG0000392	Prav.g_00185	Pran.g_00313
OG0000393	Prav.g_00187	Pran.g_00311
OG0000394	Prav.g_00188	Pran.g_00310
OG0000395	Prav.g_00189	Pran.g_00309
OG0000396	Prav.g_00192	Pran.g_00307
OG0000397	Prav.g_00194	Pran.g_00305
OG0000398	Prav.g_00196	Pran.g_00303
OG0000399	Prav.g_00197	Pran.g_00302
OG0000400	Prav.g_00198	Pran.g_00301
OG0000401	Prav.g_00199	Pran.g_00300
OG0000402	Prav.g_00201	Pran.g_00298
OG0000403	Prav.g_00202	Pran.g_00297
OG0000404	Prav.g_00203	Pran.g_00296
OG0000405	Prav.g_00207	Pran.g_00292
OG0000406	Prav.g_00214	Pran.g_00286
OG0000407	Prav.g_00215	Pran.g_00285
OG0000409	Prav.g_00886	Pran.g_00280
OG0000410	Prav.g_00885	Pran.g_00279
OG0000411	Prav.g_00884	Pran.g_00278
OG0000412	Prav.g_00883	Pran.g_00277
OG0000413	Prav.g_00882	Pran.g_00276
OG0000414	Prav.g_00881	Pran.g_00275
OG0000415	Prav.g_00880	Pran.g_00274
OG0000416	Prav.g_00879	Pran.g_00273
OG0000417	Prav.g_00878	Pran.g_00272
OG0000418	Prav.g_00873	Pran.g_00267
OG0000419	Prav.g_00871	Pran.g_00265
OG0000420	Prav.g_00870	Pran.g_00264
OG0000421	Prav.g_00865	Pran.g_00259
OG0000422	Prav.g_00864	Pran.g_00258
OG0000423	Prav.g_00863	Pran.g_00257
OG0000424	Prav.g_00862	Pran.g_00256
OG0000425	Prav.g_00861	Pran.g_00255
OG0000426	Prav.g_00860	Pran.g_00254
OG0000427	Prav.g_00859	Pran.g_00253
OG0000428	Prav.g_00857	Pran.g_00251
OG0000429	Prav.g_00856	Pran.g_00250
OG0000430	Prav.g_00855	Pran.g_00249
OG0000431	Prav.g_00853	Pran.g_00247
OG0000432	Prav.g_00850	Pran.g_00244
OG0000433	Prav.g_00849	Pran.g_00243
OG0000434	Prav.g_00848	Pran.g_00242
OG0000435	Prav.g_00847	Pran.g_00241
OG0000436	Prav.g_00842	Pran.g_00236
OG0000437	Prav.g_00841	Pran.g_00235
OG0000438	Prav.g_00840	Pran.g_00234
OG0000439	Prav.g_00838	Pran.g_00232
OG0000440	Prav.g_00837	Pran.g_00231
OG0000441	Prav.g_00834	Pran.g_00228
OG0000442	Prav.g_00833	Pran.g_00227
OG0000443	Prav.g_00832	Pran.g_00226
OG0000444	Prav.g_00827	Pran.g_00221
OG0000445	Prav.g_00826	Pran.g_00220
OG0000446	Prav.g_00825	Pran.g_00219
OG0000447	Prav.g_00824	Pran.g_00218
OG0000448	Prav.g_00823	Pran.g_00217
OG0000449	Prav.g_00822	Pran.g_00216
OG0000450	Prav.g_00821	Pran.g_00215
OG0000451	Prav.g_00820	Pran.g_00214
OG0000452	Prav.g_00817	Pran.g_00211
OG0000453	Prav.g_00816	Pran.g_00210
OG0000454	Prav.g_00815	Pran.g_00209
OG0000455	Prav.g_00814	Pran.g_00208
OG0000456	Prav.g_00813	Pran.g_00207
OG0000457	Prav.g_00812	Pran.g_00206
OG0000458	Prav.g_00811	Pran.g_00205
OG0000459	Prav.g_00810	Pran.g_00204
OG0000460	Prav.g_00803	Pran.g_00197
OG0000461	Prav.g_01889	Pran.g_01950
OG0000462	Prav.g_01891	Pran.g_01948
OG0000463	Prav.g_01892	Pran.g_01947
OG0000464	Prav.g_01893	Pran.g_01946
OG0000465	Prav.g_01894	Pran.g_01945
OG0000466	Prav.g_01897	Pran.g_01942
OG0000467	Prav.g_01898	Pran.g_01941
OG0000468	Prav.g_01900	Pran.g_01939
OG0000469	Prav.g_01909	Pran.g_01931
OG0000470	Prav.g_01911	Pran.g_01929
OG0000471	Prav.g_01912	Pran.g_01928
OG0000472	Prav.g_01913	Pran.g_01927
OG0000473	Prav.g_01915	Pran.g_01925
OG0000474	Prav.g_01916	Pran.g_01924
OG0000475	Prav.g_01917	Pran.g_01923
OG0000476	Prav.g_01918	Pran.g_01922
OG0000477	Prav.g_01921	Pran.g_01919
OG0000478	Prav.g_01922	Pran.g_01918
OG0000479	Prav.g_01923	Pran.g_01917
OG0000480	Prav.g_01928	Pran.g_01912
OG0000481	Prav.g_01930	Pran.g_01910
OG0000482	Prav.g_01931	Pran.g_01909
OG0000483	Prav.g_01934	Pran.g_01906
OG0000484	Prav.g_01935	Pran.g_01905
OG0000485	Prav.g_01936	Pran.g_01904
OG0000486	Prav.g_01937	Pran.g_01903
OG0000487	Prav.g_01941	Pran.g_01899
OG0000488	Prav.g_01944	Pran.g_01896
OG0000489	Prav.g_01949	Pran.g_01891
OG0000490	Prav.g_01954	Pran.g_01886
OG0000491	Prav.g_01955	Pran.g_01885
OG0000492	Prav.g_01957	Pran.g_01883
OG0000493	Prav.g_01958	Pran.g_01882
OG0000494	Prav.g_01959	Pran.g_01881
OG0000495	Prav.g_01960	Pran.g_01880
OG0000496	Prav.g_01961	Pran.g_01879
OG0000497	Prav.g_01962	Pran.g_01878
OG0000498	Prav.g_01963	Pran.g_01877
OG0000499	Prav.g_01964	Pran.g_01876
OG0000500	Prav.g_01965	Pran.g_01875
OG0000501	Prav.g_01967	Pran.g_01873
OG0000502	Prav.g_01970	Pran.g_01870
OG0000503	Prav.g_01980	Pran.g_01860
OG0000504	Prav.g_01981	Pran.g_01859
OG0000505	Prav.g_01982	Pran.g_01858
OG0000506	Prav.g_01984	Pran.g_01857
OG0000507	Prav.g_01987	Pran.g_01854
OG0000508	Prav.g_01991	Pran.g_01850
OG0000509	Prav.g_01993	Pran.g_01848
OG0000510	Prav.g_01994	Pran.g_01847
OG0000511	Prav.g_01995	Pran.g_01846
OG0000512	Prav.g_01997	Pran.g_01844
OG0000513	Prav.g_00977	Pran.g_01837
OG0000514	Prav.g_01030	Pran.g_01749
OG0000515	Prav.g_01031	Pran.g_01748
OG0000516	Prav.g_01032	Pran.g_01747
OG0000517	Prav.g_01034	Pran.g_01745
OG0000518	Prav.g_01045	Pran.g_01734
OG0000519	Prav.g_01046	Pran.g_01733
OG0000520	Prav.g_01047	Pran.g_01729
OG0000521	Prav.g_01052	Pran.g_01724
OG0000522	Prav.g_01053	Pran.g_01723
OG0000523	Prav.g_01054	Pran.g_01722
OG0000524	Prav.g_01059	Pran.g_01717
OG0000525	Prav.g_01062	Pran.g_01714
OG0000526	Prav.g_01063	Pran.g_01713
OG0000527	Prav.g_01071	Pran.g_01705
OG0000528	Prav.g_01076	Pran.g_01700
OG0000529	Prav.g_01079	Pran.g_01697
OG0000530	Prav.g_01082	Pran.g_01694
OG0000531	Prav.g_01083	Pran.g_01693
OG0000532	Prav.g_01085	Pran.g_01691
OG0000533	Prav.g_01086	Pran.g_01690
OG0000534	Prav.g_01087	Pran.g_01689
OG0000535	Prav.g_01088	Pran.g_01688
OG0000536	Prav.g_01089	Pran.g_01687
OG0000537	Prav.g_01090	Pran.g_01686
OG0000538	Prav.g_01098	Pran.g_01678
OG0000539	Prav.g_01099	Pran.g_01677
OG0000540	Prav.g_01100	Pran.g_01676
OG0000541	Prav.g_01101	Pran.g_01675
OG0000542	Prav.g_01103	Pran.g_01673
OG0000543	Prav.g_01105	Pran.g_01671
OG0000544	Prav.g_01106	Pran.g_01670
OG0000545	Prav.g_01108	Pran.g_01668
OG0000546	Prav.g_01111	Pran.g_01665
OG0000547	Prav.g_01113	Pran.g_01663
OG0000548	Prav.g_01114	Pran.g_01662
OG0000549	Prav.g_01116	Pran.g_01660
OG0000550	Prav.g_01121	Pran.g_01655
OG0000551	Prav.g_01125	Pran.g_01651
OG0000552	Prav.g_01126	Pran.g_01650
OG0000553	Prav.g_01127	Pran.g_01649
OG0000554	Prav.g_01132	Pran.g_01644
OG0000555	Prav.g_01140	Pran.g_01636
OG0000556	Prav.g_01142	Pran.g_01634
OG0000557	Prav.g_01143	Pran.g_01633
OG0000558	Prav.g_01145	Pran.g_01631
OG0000559	Prav.g_01149	Pran.g_01627
OG0000560	Prav.g_01152	Pran.g_01624
OG0000561	Prav.g_01153	Pran.g_01623
OG0000562	Prav.g_01154	Pran.g_01622
OG0000563	Prav.g_01155	Pran.g_01621
OG0000564	Prav.g_01156	Pran.g_01620
OG0000565	Prav.g_01159	Pran.g_01617
OG0000566	Prav.g_01161	Pran.g_01614
OG0000567	Prav.g_01165	Pran.g_01610
OG0000568	Prav.g_01166	Pran.g_01609
OG0000569	Prav.g_01167	Pran.g_01608
OG0000570	Prav.g_01168	Pran.g_01607
OG0000571	Prav.g_01170	Pran.g_01605
OG0000572	Prav.g_01183	Pran.g_01592
OG0000573	Prav.g_01188	Pran.g_01586
OG0000574	Prav.g_01189	Pran.g_01585
OG0000575	Prav.g_01193	Pran.g_01581
OG0000576	Prav.g_01195	Pran.g_01579
OG0000577	Prav.g_01196	Pran.g_01578
OG0000578	Prav.g_01197	Pran.g_01577
OG0000579	Prav.g_01198	Pran.g_01576
OG0000580	Prav.g_01199	Pran.g_01575
OG0000581	Prav.g_01201	Pran.g_01573
OG0000582	Prav.g_01204	Pran.g_01570
OG0000583	Prav.g_01205	Pran.g_01569
OG0000584	Prav.g_01206	Pran.g_01568
OG0000585	Prav.g_01208	Pran.g_01566
OG0000586	Prav.g_01209	Pran.g_01565
OG0000587	Prav.g_01210	Pran.g_01564
OG0000588	Prav.g_01214	Pran.g_01560
OG0000589	Prav.g_01219	Pran.g_01557
OG0000590	Prav.g_01220	Pran.g_01556
OG0000591	Prav.g_01223	Pran.g_01553
OG0000592	Prav.g_01224	Pran.g_01552
OG0000593	Prav.g_01230	Pran.g_01546
OG0000594	Prav.g_01231	Pran.g_01545
OG0000595	Prav.g_01232	Pran.g_01544
OG0000596	Prav.g_01236	Pran.g_01540
OG0000597	Prav.g_01238	Pran.g_01538
OG0000598	Prav.g_01239	Pran.g_01537
OG0000599	Prav.g_01242	Pran.g_01534
OG0000600	Prav.g_01243	Pran.g_01533
OG0000601	Prav.g_01244	Pran.g_01532
OG0000602	Prav.g_01246	Pran.g_01530
OG0000603	Prav.g_01247	Pran.g_01529
OG0000604	Prav.g_01248	Pran.g_01528
OG0000605	Prav.g_01249	Pran.g_01527
OG0000606	Prav.g_01252	Pran.g_01524
OG0000607	Prav.g_01255	Pran.g_01521
OG0000608	Prav.g_01256	Pran.g_01520
OG0000609	Prav.g_01257	Pran.g_01519
OG0000610	Prav.g_01262	Pran.g_01514
OG0000611	Prav.g_01265	Pran.g_01511
OG0000612	Prav.g_01266	Pran.g_01510
OG0000613	Prav.g_01271	Pran.g_01505
OG0000614	Prav.g_01290	Pran.g_01486
OG0000615	Prav.g_01298	Pran.g_01478
OG0000616	Prav.g_01312	Pran.g_01472
OG0000617	Prav.g_00312	Pran.g_01454
OG0000618	Prav.g_00313	Pran.g_01453
OG0000619	Prav.g_00314	Pran.g_01452
OG0000620	Prav.g_00317	Pran.g_01449
OG0000621	Prav.g_00318	Pran.g_01448
OG0000622	Prav.g_00319	Pran.g_01447
OG0000623	Prav.g_00320	Pran.g_01446
OG0000624	Prav.g_00321	Pran.g_01445
OG0000625	Prav.g_00322	Pran.g_01444
OG0000626	Prav.g_00323	Pran.g_01443
OG0000627	Prav.g_00324	Pran.g_01442
OG0000628	Prav.g_00325	Pran.g_01441
OG0000629	Prav.g_00326	Pran.g_01440
OG0000630	Prav.g_00329	Pran.g_01437
OG0000631	Prav.g_00388	Pran.g_01352
OG0000632	Prav.g_00389	Pran.g_01351
OG0000633	Prav.g_00390	Pran.g_01350
OG0000634	Prav.g_00393	Pran.g_01347
OG0000635	Prav.g_00394	Pran.g_01346
OG0000636	Prav.g_00396	Pran.g_01344
OG0000637	Prav.g_00398	Pran.g_01342
OG0000638	Prav.g_00399	Pran.g_01341
OG0000639	Prav.g_00400	Pran.g_01340
OG0000640	Prav.g_00401	Pran.g_01339
OG0000641	Prav.g_00405	Pran.g_01335
OG0000642	Prav.g_00406	Pran.g_01334
OG0000643	Prav.g_00407	Pran.g_01333
OG0000644	Prav.g_00408	Pran.g_01332
OG0000645	Prav.g_00409	Pran.g_01331
OG0000646	Prav.g_00411	Pran.g_01329
OG0000647	Prav.g_00412	Pran.g_01328
OG0000648	Prav.g_00414	Pran.g_01326
OG0000649	Prav.g_00415	Pran.g_01325
OG0000650	Prav.g_00416	Pran.g_01324
OG0000651	Prav.g_00417	Pran.g_01323
OG0000652	Prav.g_00418	Pran.g_01322
OG0000653	Prav.g_00420	Pran.g_01320
OG0000654	Prav.g_00421	Pran.g_01319
OG0000655	Prav.g_00422	Pran.g_01318
OG0000656	Prav.g_00425	Pran.g_01315
OG0000657	Prav.g_00432	Pran.g_01308
OG0000658	Prav.g_00433	Pran.g_01307
OG0000659	Prav.g_00434	Pran.g_01306
OG0000660	Prav.g_00438	Pran.g_01302
OG0000661	Prav.g_00440	Pran.g_01300
OG0000662	Prav.g_00442	Pran.g_01298
OG0000663	Prav.g_00444	Pran.g_01296
OG0000664	Prav.g_00445	Pran.g_01295
OG0000665	Prav.g_00449	Pran.g_01291
OG0000666	Prav.g_00450	Pran.g_01290
OG0000667	Prav.g_00454	Pran.g_01285
OG0000668	Prav.g_00483	Pran.g_00413
OG0000669	Prav.g_00490	Pran.g_00421
OG0000670	Prav.g_00492	Pran.g_00423
OG0000671	Prav.g_00494	Pran.g_00425
OG0000672	Prav.g_00497	Pran.g_00427
OG0000673	Prav.g_00500	Pran.g_00430
OG0000674	Prav.g_00502	Pran.g_00432
OG0000675	Prav.g_00503	Pran.g_00433
OG0000676	Prav.g_00505	Pran.g_00435
OG0000677	Prav.g_00506	Pran.g_00436
OG0000678	Prav.g_00508	Pran.g_00438
OG0000679	Prav.g_00512	Pran.g_00442
OG0000680	Prav.g_00513	Pran.g_00443
OG0000681	Prav.g_00515	Pran.g_00445
OG0000682	Prav.g_00516	Pran.g_00446
OG0000683	Prav.g_00517	Pran.g_00447
OG0000684	Prav.g_00519	Pran.g_00449
OG0000685	Prav.g_00521	Pran.g_00451
OG0000686	Prav.g_00522	Pran.g_00452
OG0000687	Prav.g_00523	Pran.g_00453
OG0000688	Prav.g_00526	Pran.g_00456
OG0000689	Prav.g_00527	Pran.g_00457
OG0000690	Prav.g_00528	Pran.g_00458
OG0000691	Prav.g_00529	Pran.g_00459
OG0000692	Prav.g_00530	Pran.g_00461
OG0000693	Prav.g_00531	Pran.g_00462
OG0000694	Prav.g_00532	Pran.g_00463
OG0000695	Prav.g_00534	Pran.g_00465
OG0000696	Prav.g_00535	Pran.g_00466
OG0000697	Prav.g_00536	Pran.g_00467
OG0000698	Prav.g_00539	Pran.g_00470
OG0000699	Prav.g_00540	Pran.g_00471
OG0000700	Prav.g_00541	Pran.g_00472
OG0000701	Prav.g_00542	Pran.g_00473
OG0000702	Prav.g_00544	Pran.g_00475
OG0000703	Prav.g_00545	Pran.g_00476
OG0000704	Prav.g_00546	Pran.g_00477
OG0000705	Prav.g_00550	Pran.g_00481
OG0000706	Prav.g_00551	Pran.g_00482
OG0000707	Prav.g_00552	Pran.g_00483
OG0000708	Prav.g_00553	Pran.g_00484
OG0000709	Prav.g_00557	Pran.g_00488
OG0000710	Prav.g_00560	Pran.g_00491
OG0000711	Prav.g_00577	Pran.g_00508
OG0000712	Prav.g_00579	Pran.g_00510
OG0000713	Prav.g_00580	Pran.g_00511
OG0000714	Prav.g_00581	Pran.g_00512
OG0000715	Prav.g_00583	Pran.g_00514
OG0000716	Prav.g_00585	Pran.g_00516
OG0000717	Prav.g_00586	Pran.g_00517
OG0000718	Prav.g_00902	Pran.g_00537
OG0000719	Prav.g_00904	Pran.g_00539
OG0000720	Prav.g_00913	Pran.g_00548
OG0000721	Prav.g_00915	Pran.g_00550
OG0000722	Prav.g_00916	Pran.g_00551
OG0000723	Prav.g_00919	Pran.g_00554
OG0000724	Prav.g_00928	Pran.g_00563
OG0000725	Prav.g_00934	Pran.g_00569
OG0000726	Prav.g_00935	Pran.g_00570
OG0000727	Prav.g_00936	Pran.g_00571
OG0000728	Prav.g_00938	Pran.g_00573
OG0000729	Prav.g_00263	Pran.g_00133
OG0000730	Prav.g_00004	Pran.g_00129
OG0000731	Prav.g_00008	Pran.g_00125
OG0000732	Prav.g_00016	Pran.g_00115
OG0000733	Prav.g_00034	Pran.g_00092
OG0000734	Prav.g_00050	Pran.g_00075
OG0000735	Prav.g_00052	Pran.g_00073
OG0000736	Prav.g_00053	Pran.g_00072
OG0000737	Prav.g_00054	Pran.g_00071
OG0000738	Prav.g_00058	Pran.g_00067
OG0000739	Prav.g_00059	Pran.g_00066
OG0000740	Prav.g_00060	Pran.g_00065
OG0000741	Prav.g_00061	Pran.g_00064
OG0000742	Prav.g_00064	Pran.g_00061
OG0000743	Prav.g_00066	Pran.g_00059
OG0000744	Prav.g_00067	Pran.g_00058
OG0000745	Prav.g_00068	Pran.g_00057
OG0000746	Prav.g_00070	Pran.g_00055
OG0000747	Prav.g_00071	Pran.g_00054
OG0000748	Prav.g_00074	Pran.g_00051
OG0000749	Prav.g_00075	Pran.g_00050
OG0000750	Prav.g_00076	Pran.g_00049
OG0000751	Prav.g_01868	Pran.g_00047
OG0000752	Prav.g_01866	Pran.g_00045
OG0000753	Prav.g_01863	Pran.g_00042
OG0000754	Prav.g_01860	Pran.g_00039
OG0000755	Prav.g_01857	Pran.g_00036
OG0000756	Prav.g_01856	Pran.g_00035
OG0000757	Prav.g_01850	Pran.g_00029
OG0000758	Prav.g_01849	Pran.g_00028
OG0000759	Prav.g_01848	Pran.g_00027
OG0000760	Prav.g_01847	Pran.g_00026
OG0000761	Prav.g_01846	Pran.g_00025
OG0000762	Prav.g_01845	Pran.g_00024
OG0000763	Prav.g_01843	Pran.g_00022
OG0000764	Prav.g_01842	Pran.g_00021
OG0000765	Prav.g_01833	Pran.g_00012
OG0000766	Prav.g_01832	Pran.g_00011
OG0000767	Prav.g_01830	Pran.g_00009
OG0000768	Prav.g_01829	Pran.g_00008
OG0000769	Prav.g_01827	Pran.g_00006
OG0000770	Prav.g_01825	Pran.g_00004
OG0000771	Prav.g_02003	Pran.g_00918
OG0000772	Prav.g_01409	Pran.g_00899
OG0000773	Prav.g_01429	Pran.g_00885
OG0000774	Prav.g_01431	Pran.g_00883
OG0000775	Prav.g_01433	Pran.g_00881
OG0000776	Prav.g_01434	Pran.g_00880
OG0000777	Prav.g_01435	Pran.g_00879
OG0000778	Prav.g_01436	Pran.g_00878
OG0000779	Prav.g_01440	Pran.g_00874
OG0000780	Prav.g_01441	Pran.g_00873
OG0000781	Prav.g_01444	Pran.g_00870
OG0000782	Prav.g_01445	Pran.g_00869
OG0000783	Prav.g_01446	Pran.g_00868
OG0000784	Prav.g_01447	Pran.g_00867
OG0000785	Prav.g_01449	Pran.g_00865
OG0000786	Prav.g_01451	Pran.g_00863
OG0000787	Prav.g_01452	Pran.g_00862
OG0000788	Prav.g_01460	Pran.g_00853
OG0000789	Prav.g_01463	Pran.g_00850
OG0000790	Prav.g_01478	Pran.g_00836
OG0000791	Prav.g_01480	Pran.g_00834
OG0000792	Prav.g_01481	Pran.g_00833
OG0000793	Prav.g_01484	Pran.g_00830
OG0000794	Prav.g_01485	Pran.g_00829
OG0000795	Prav.g_01486	Pran.g_00828
OG0000796	Prav.g_01490	Pran.g_00824
OG0000797	Prav.g_01491	Pran.g_00823
OG0000798	Prav.g_01556	Pran.g_00789
OG0000799	Prav.g_01560	Pran.g_00751
OG0000800	Prav.g_01561	Pran.g_00750
OG0000801	Prav.g_01562	Pran.g_00749
OG0000802	Prav.g_01564	Pran.g_00747
OG0000803	Prav.g_01566	Pran.g_00745
OG0000804	Prav.g_01567	Pran.g_00744
OG0000805	Prav.g_01569	Pran.g_00742
OG0000806	Prav.g_01571	Pran.g_00740
OG0000807	Prav.g_01572	Pran.g_00739
OG0000808	Prav.g_01573	Pran.g_00738
OG0000809	Prav.g_01576	Pran.g_00735
OG0000810	Prav.g_01577	Pran.g_00734
OG0000811	Prav.g_01581	Pran.g_00730
OG0000812	Prav.g_01583	Pran.g_00728
OG0000813	Prav.g_01584	Pran.g_00727
OG0000814	Prav.g_01586	Pran.g_00725
OG0000815	Prav.g_01587	Pran.g_00724
OG0000816	Prav.g_01589	Pran.g_00722
OG0000817	Prav.g_01590	Pran.g_00721
OG0000818	Prav.g_01595	Pran.g_00716
OG0000819	Prav.g_01596	Pran.g_00715
OG0000820	Prav.g_01597	Pran.g_00714
OG0000821	Prav.g_01601	Pran.g_00710
OG0000822	Prav.g_01602	Pran.g_00709
OG0000823	Prav.g_01603	Pran.g_00708
OG0000824	Prav.g_01606	Pran.g_00705
OG0000825	Prav.g_01607	Pran.g_00704
OG0000826	Prav.g_01608	Pran.g_00703
OG0000827	Prav.g_01609	Pran.g_00702
OG0000828	Prav.g_01612	Pran.g_00699
OG0000829	Prav.g_01613	Pran.g_00698
OG0000830	Prav.g_01614	Pran.g_00697
OG0000831	Prav.g_01616	Pran.g_00695
OG0000832	Prav.g_01622	Pran.g_00689
OG0000833	Prav.g_01630	Pran.g_00681
OG0000834	Prav.g_01631	Pran.g_00680
OG0000835	Prav.g_01632	Pran.g_00679
OG0000836	Prav.g_01633	Pran.g_00678
OG0000837	Prav.g_01634	Pran.g_00677
OG0000838	Prav.g_01636	Pran.g_00675
OG0000839	Prav.g_01637	Pran.g_00674
OG0000840	Prav.g_01638	Pran.g_00673
OG0000841	Prav.g_01639	Pran.g_00672
OG0000842	Prav.g_01640	Pran.g_00671
OG0000843	Prav.g_01641	Pran.g_00670
OG0000844	Prav.g_01642	Pran.g_00669
OG0000845	Prav.g_01643	Pran.g_00668
OG0000846	Prav.g_01644	Pran.g_00667
OG0000847	Prav.g_01645	Pran.g_00666
OG0000848	Prav.g_01646	Pran.g_00665
OG0000849	Prav.g_01647	Pran.g_00664
OG0000850	Prav.g_01649	Pran.g_00662
OG0000851	Prav.g_01650	Pran.g_00661
OG0000852	Prav.g_01651	Pran.g_00660
OG0000853	Prav.g_01655	Pran.g_00656
OG0000854	Prav.g_01657	Pran.g_00654
OG0000855	Prav.g_01658	Pran.g_00653
OG0000856	Prav.g_01671	Pran.g_00636
OG0000857	Prav.g_01699	Pran.g_00598
OG0000858	Prav.g_01755	Pran.g_00964
OG0000859	Prav.g_01756	Pran.g_00965
OG0000860	Prav.g_01763	Pran.g_00972
OG0000861	Prav.g_01764	Pran.g_00973
OG0000862	Prav.g_01765	Pran.g_00974
OG0000863	Prav.g_01767	Pran.g_00976
OG0000864	Prav.g_01768	Pran.g_00977
OG0000865	Prav.g_01769	Pran.g_00978
OG0000866	Prav.g_01770	Pran.g_00979
OG0000867	Prav.g_01771	Pran.g_00980
OG0000868	Prav.g_01772	Pran.g_00981
OG0000869	Prav.g_01776	Pran.g_00985
OG0000870	Prav.g_01781	Pran.g_00990
OG0000871	Prav.g_01782	Pran.g_00991
OG0000872	Prav.g_01783	Pran.g_00992
OG0000873	Prav.g_01786	Pran.g_00995
OG0000874	Prav.g_01789	Pran.g_00998
OG0000875	Prav.g_01790	Pran.g_00999
OG0000876	Prav.g_01791	Pran.g_01000
OG0000877	Prav.g_01793	Pran.g_01002
OG0000878	Prav.g_01794	Pran.g_01003
OG0000879	Prav.g_01795	Pran.g_01004
OG0000880	Prav.g_01796	Pran.g_01005
OG0000881	Prav.g_01800	Pran.g_01009
OG0000882	Prav.g_01805	Pran.g_01014
OG0000883	Prav.g_01807	Pran.g_01015
OG0000884	Prav.g_01809	Pran.g_01017
OG0000885	Prav.g_01810	Pran.g_01018
OG0000886	Prav.g_01811	Pran.g_01019
OG0000887	Prav.g_01812	Pran.g_01020
OG0000888	Prav.g_01814	Pran.g_01022
OG0000889	Prav.g_01816	Pran.g_01024
OG0000890	Prav.g_01817	Pran.g_01025
OG0000891	Prav.g_01818	Pran.g_01026
OG0000892	Prav.g_00264	Pran.g_01028
OG0000893	Prav.g_00268	Pran.g_01032
OG0000894	Prav.g_00270	Pran.g_01034
OG0000895	Prav.g_00273	Pran.g_01037
OG0000896	Prav.g_00274	Pran.g_01038
OG0000897	Prav.g_00276	Pran.g_01040
OG0000898	Prav.g_00277	Pran.g_01041
OG0000899	Prav.g_00278	Pran.g_01042
OG0000900	Prav.g_00279	Pran.g_01044
OG0000901	Prav.g_00282	Pran.g_01047
OG0000902	Prav.g_00284	Pran.g_01049
OG0000903	Prav.g_00287	Pran.g_01052
OG0000904	Prav.g_00289	Pran.g_01054
OG0000905	Prav.g_00294	Pran.g_01058
OG0000906	Prav.g_00295	Pran.g_01059
OG0000907	Prav.g_00590	Pran.g_01062
OG0000908	Prav.g_00593	Pran.g_01065
OG0000909	Prav.g_00594	Pran.g_01066
OG0000910	Prav.g_00595	Pran.g_01067
OG0000911	Prav.g_00597	Pran.g_01070
OG0000912	Prav.g_00598	Pran.g_01071
OG0000913	Prav.g_00599	Pran.g_01072
OG0000914	Prav.g_00600	Pran.g_01073
OG0000915	Prav.g_00601	Pran.g_01074
OG0000916	Prav.g_00602	Pran.g_01075
OG0000917	Prav.g_00603	Pran.g_01076
OG0000918	Prav.g_00604	Pran.g_01077
OG0000919	Prav.g_00605	Pran.g_01078
OG0000920	Prav.g_00606	Pran.g_01079
OG0000921	Prav.g_00607	Pran.g_01080
OG0000922	Prav.g_00608	Pran.g_01081
OG0000923	Prav.g_00612	Pran.g_01085
OG0000924	Prav.g_00613	Pran.g_01086
OG0000925	Prav.g_00614	Pran.g_01087
OG0000926	Prav.g_00615	Pran.g_01088
OG0000927	Prav.g_00617	Pran.g_01090
OG0000928	Prav.g_00618	Pran.g_01091
OG0000929	Prav.g_00619	Pran.g_01092
OG0000930	Prav.g_00620	Pran.g_01093
OG0000931	Prav.g_00621	Pran.g_01094
OG0000932	Prav.g_00622	Pran.g_01095
OG0000933	Prav.g_00626	Pran.g_01099
OG0000934	Prav.g_00628	Pran.g_01101
OG0000935	Prav.g_00629	Pran.g_01102
OG0000936	Prav.g_00630	Pran.g_01103
OG0000937	Prav.g_00631	Pran.g_01104
OG0000938	Prav.g_00633	Pran.g_01106
OG0000939	Prav.g_00634	Pran.g_01107
OG0000940	Prav.g_00641	Pran.g_01114
OG0000941	Prav.g_00643	Pran.g_01116
OG0000942	Prav.g_00645	Pran.g_01118
OG0000943	Prav.g_00646	Pran.g_01119
OG0000944	Prav.g_00647	Pran.g_01120
OG0000945	Prav.g_00648	Pran.g_01121
OG0000946	Prav.g_00653	Pran.g_01125
OG0000947	Prav.g_00655	Pran.g_01127
OG0000948	Prav.g_00656	Pran.g_01128
OG0000949	Prav.g_00659	Pran.g_01131
OG0000950	Prav.g_00664	Pran.g_01136
OG0000951	Prav.g_00668	Pran.g_01139
OG0000952	Prav.g_00672	Pran.g_01143
OG0000953	Prav.g_00675	Pran.g_01146
OG0000954	Prav.g_00679	Pran.g_01150
OG0000955	Prav.g_00680	Pran.g_01151
OG0000956	Prav.g_00682	Pran.g_01153
OG0000957	Prav.g_00687	Pran.g_01158
OG0000958	Prav.g_00688	Pran.g_01159
OG0000959	Prav.g_00692	Pran.g_01163
OG0000960	Prav.g_00693	Pran.g_01164
OG0000961	Prav.g_00695	Pran.g_01166
OG0000962	Prav.g_00697	Pran.g_01168
OG0000963	Prav.g_00701	Pran.g_01172
OG0000964	Prav.g_00702	Pran.g_01173
OG0000965	Prav.g_00703	Pran.g_01174
OG0000966	Prav.g_00710	Pran.g_01182
OG0000967	Prav.g_00714	Pran.g_01186
OG0000968	Prav.g_00716	Pran.g_01188
OG0000969	Prav.g_00717	Pran.g_01189
OG0000970	Prav.g_00718	Pran.g_01190
OG0000971	Prav.g_00719	Pran.g_01191
OG0000972	Prav.g_00720	Pran.g_01192
OG0000973	Prav.g_00721	Pran.g_01193
OG0000974	Prav.g_00722	Pran.g_01194
OG0000975	Prav.g_00723	Pran.g_01195
OG0000976	Prav.g_00724	Pran.g_01196
OG0000977	Prav.g_00725	Pran.g_01197
OG0000978	Prav.g_00726	Pran.g_01198
OG0000979	Prav.g_00729	Pran.g_01201
OG0000980	Prav.g_00731	Pran.g_01202
OG0000981	Prav.g_00733	Pran.g_01204
OG0000982	Prav.g_00735	Pran.g_01206
OG0000983	Prav.g_00736	Pran.g_01207
OG0000984	Prav.g_00737	Pran.g_01208
OG0000985	Prav.g_00740	Pran.g_01211
OG0000986	Prav.g_00742	Pran.g_01213
OG0000987	Prav.g_00743	Pran.g_01214
OG0000988	Prav.g_00746	Pran.g_01217
OG0000989	Prav.g_00750	Pran.g_01221
OG0000990	Prav.g_00753	Pran.g_01224
OG0000991	Prav.g_00754	Pran.g_01225
OG0000992	Prav.g_00756	Pran.g_01227
OG0000993	Prav.g_00757	Pran.g_01228
OG0000994	Prav.g_00758	Pran.g_01229
OG0000995	Prav.g_00762	Pran.g_01233
OG0000996	Prav.g_00763	Pran.g_01234
OG0000997	Prav.g_00764	Pran.g_01235
OG0000998	Prav.g_00766	Pran.g_01237
OG0000999	Prav.g_00767	Pran.g_01238
OG0001000	Prav.g_00770	Pran.g_01241
OG0001001	Prav.g_00772	Pran.g_01243
OG0001002	Prav.g_00776	Pran.g_01247
OG0001003	Prav.g_00778	Pran.g_01249
OG0001004	Prav.g_00779	Pran.g_01250
OG0001005	Prav.g_00780	Pran.g_01251
OG0001006	Prav.g_00784	Pran.g_01255
OG0001007	Prav.g_00786	Pran.g_01257
OG0001008	Prav.g_01036	Pran.g_01743
OG0001009	Prav.g_00095	Pran.g_00397
OG0001010	Prav.g_00096	Pran.g_00396
OG0001011	Prav.g_00097	Pran.g_00395
OG0001012	Prav.g_00114	Pran.g_00382
OG0001013	Prav.g_00119	Pran.g_00377
OG0001014	Prav.g_00122	Pran.g_00374
OG0001015	Prav.g_00123	Pran.g_00373
OG0001016	Prav.g_00138	Pran.g_00359
OG0001017	Prav.g_00142	Pran.g_00355
OG0001018	Prav.g_00145	Pran.g_00352
OG0001019	Prav.g_00154	Pran.g_00343
OG0001020	Prav.g_00155	Pran.g_00342
OG0001021	Prav.g_00156	Pran.g_00341
OG0001022	Prav.g_00159	Pran.g_00339
OG0001023	Prav.g_00160	Pran.g_00338
OG0001024	Prav.g_00163	Pran.g_00335
OG0001025	Prav.g_00169	Pran.g_00329
OG0001026	Prav.g_00176	Pran.g_00322
OG0001027	Prav.g_00177	Pran.g_00321
OG0001028	Prav.g_00179	Pran.g_00319
OG0001029	Prav.g_00180	Pran.g_00318
OG0001030	Prav.g_00195	Pran.g_00304
OG0001031	Prav.g_00852	Pran.g_00246
OG0001032	Prav.g_00851	Pran.g_00245
OG0001033	Prav.g_00830	Pran.g_00224
OG0001034	Prav.g_00802	Pran.g_00196
OG0001035	Prav.g_01901	Pran.g_01938
OG0001036	Prav.g_01906	Pran.g_01934
OG0001037	Prav.g_01907	Pran.g_01933
OG0001038	Prav.g_01924	Pran.g_01916
OG0001039	Prav.g_01927	Pran.g_01913
OG0001040	Prav.g_01929	Pran.g_01911
OG0001041	Prav.g_01933	Pran.g_01907
OG0001042	Prav.g_01950	Pran.g_01890
OG0001043	Prav.g_01951	Pran.g_01889
OG0001044	Prav.g_01979	Pran.g_01861
OG0001045	Prav.g_01988	Pran.g_01853
OG0001046	Prav.g_00996	Pran.g_01816
OG0001047	Prav.g_01038	Pran.g_01741
OG0001048	Prav.g_01039	Pran.g_01740
OG0001049	Prav.g_01041	Pran.g_01738
OG0001050	Prav.g_01042	Pran.g_01737
OG0001051	Prav.g_01043	Pran.g_01736
OG0001052	Prav.g_01069	Pran.g_01707
OG0001053	Prav.g_01081	Pran.g_01695
OG0001054	Prav.g_01096	Pran.g_01680
OG0001055	Prav.g_01115	Pran.g_01661
OG0001056	Prav.g_01134	Pran.g_01642
OG0001057	Prav.g_01139	Pran.g_01637
OG0001058	Prav.g_01147	Pran.g_01629
OG0001059	Prav.g_01151	Pran.g_01625
OG0001060	Prav.g_01158	Pran.g_01618
OG0001061	Prav.g_01171	Pran.g_01604
OG0001062	Prav.g_01173	Pran.g_01602
OG0001063	Prav.g_01175	Pran.g_01600
OG0001064	Prav.g_01176	Pran.g_01599
OG0001065	Prav.g_01177	Pran.g_01598
OG0001066	Prav.g_01178	Pran.g_01597
OG0001067	Prav.g_01179	Pran.g_01596
OG0001068	Prav.g_01180	Pran.g_01595
OG0001069	Prav.g_01181	Pran.g_01594
OG0001070	Prav.g_01184	Pran.g_01591
OG0001071	Prav.g_01185	Pran.g_01590
OG0001072	Prav.g_01186	Pran.g_01588
OG0001073	Prav.g_01200	Pran.g_01574
OG0001074	Prav.g_01211	Pran.g_01563
OG0001075	Prav.g_01212	Pran.g_01562
OG0001076	Prav.g_01222	Pran.g_01554
OG0001077	Prav.g_01226	Pran.g_01550
OG0001078	Prav.g_01234	Pran.g_01542
OG0001079	Prav.g_01245	Pran.g_01531
OG0001080	Prav.g_01251	Pran.g_01525
OG0001081	Prav.g_01253	Pran.g_01523
OG0001082	Prav.g_01254	Pran.g_01522
OG0001083	Prav.g_01259	Pran.g_01517
OG0001084	Prav.g_01260	Pran.g_01516
OG0001085	Prav.g_01268	Pran.g_01508
OG0001086	Prav.g_01269	Pran.g_01507
OG0001087	Prav.g_01286	Pran.g_01490
OG0001088	Prav.g_01287	Pran.g_01489
OG0001089	Prav.g_01295	Pran.g_01481
OG0001090	Prav.g_00307	Pran.g_01459
OG0001091	Prav.g_00309	Pran.g_01457
OG0001092	Prav.g_00310	Pran.g_01456
OG0001093	Prav.g_00315	Pran.g_01451
OG0001094	Prav.g_00391	Pran.g_01349
OG0001095	Prav.g_00410	Pran.g_01330
OG0001096	Prav.g_00423	Pran.g_01317
OG0001097	Prav.g_00441	Pran.g_01299
OG0001098	Prav.g_00456	Pran.g_01283
OG0001099	Prav.g_00487	Pran.g_00418
OG0001100	Prav.g_00491	Pran.g_00422
OG0001101	Prav.g_00493	Pran.g_00424
OG0001102	Prav.g_00496	Pran.g_00426
OG0001103	Prav.g_00498	Pran.g_00428
OG0001104	Prav.g_00520	Pran.g_00450
OG0001105	Prav.g_00524	Pran.g_00454
OG0001106	Prav.g_00547	Pran.g_00478
OG0001107	Prav.g_00554	Pran.g_00485
OG0001108	Prav.g_00558	Pran.g_00489
OG0001109	Prav.g_00559	Pran.g_00490
OG0001110	Prav.g_00561	Pran.g_00492
OG0001111	Prav.g_00562	Pran.g_00493
OG0001112	Prav.g_00563	Pran.g_00494
OG0001113	Prav.g_00564	Pran.g_00495
OG0001114	Prav.g_00565	Pran.g_00496
OG0001115	Prav.g_00567	Pran.g_00498
OG0001116	Prav.g_00568	Pran.g_00499
OG0001117	Prav.g_00569	Pran.g_00500
OG0001118	Prav.g_00570	Pran.g_00501
OG0001119	Prav.g_00571	Pran.g_00502
OG0001120	Prav.g_00573	Pran.g_00504
OG0001121	Prav.g_00031	Pran.g_00095
OG0001121	Prav.g_00576	Pran.g_00507
OG0001122	Prav.g_00905	Pran.g_00540
OG0001123	Prav.g_00909	Pran.g_00544
OG0001124	Prav.g_00911	Pran.g_00546
OG0001125	Prav.g_00912	Pran.g_00547
OG0001126	Prav.g_00922	Pran.g_00557
OG0001127	Prav.g_00923	Pran.g_00558
OG0001128	Prav.g_00925	Pran.g_00560
OG0001129	Prav.g_00926	Pran.g_00561
OG0001130	Prav.g_00927	Pran.g_00562
OG0001131	Prav.g_00242	Pran.g_00154
OG0001132	Prav.g_00252	Pran.g_00144
OG0001133	Prav.g_00019	Pran.g_00110
OG0001134	Prav.g_00033	Pran.g_00093
OG0001135	Prav.g_00036	Pran.g_00090
OG0001136	Prav.g_00062	Pran.g_00063
OG0001137	Prav.g_00073	Pran.g_00052
OG0001138	Prav.g_01855	Pran.g_00034
OG0001139	Prav.g_01854	Pran.g_00033
OG0001140	Prav.g_01853	Pran.g_00032
OG0001141	Prav.g_01852	Pran.g_00031
OG0001142	Prav.g_01851	Pran.g_00030
OG0001143	Prav.g_01844	Pran.g_00023
OG0001144	Prav.g_01839	Pran.g_00018
OG0001145	Prav.g_01430	Pran.g_00884
OG0001146	Prav.g_01442	Pran.g_00872
OG0001147	Prav.g_01459	Pran.g_00854
OG0001148	Prav.g_01475	Pran.g_00839
OG0001149	Prav.g_01476	Pran.g_00838
OG0001150	Prav.g_01477	Pran.g_00837
OG0001151	Prav.g_01488	Pran.g_00826
OG0001152	Prav.g_01489	Pran.g_00825
OG0001153	Prav.g_01610	Pran.g_00701
OG0001154	Prav.g_01611	Pran.g_00700
OG0001155	Prav.g_01623	Pran.g_00688
OG0001156	Prav.g_01626	Pran.g_00685
OG0001157	Prav.g_01627	Pran.g_00684
OG0001158	Prav.g_01628	Pran.g_00683
OG0001159	Prav.g_01629	Pran.g_00682
OG0001160	Prav.g_01653	Pran.g_00658
OG0001161	Prav.g_01664	Pran.g_00646
OG0001162	Prav.g_01675	Pran.g_00632
OG0001163	Prav.g_01753	Pran.g_00962
OG0001164	Prav.g_01757	Pran.g_00966
OG0001165	Prav.g_01760	Pran.g_00969
OG0001166	Prav.g_01780	Pran.g_00989
OG0001167	Prav.g_01797	Pran.g_01006
OG0001168	Prav.g_01799	Pran.g_01008
OG0001169	Prav.g_01801	Pran.g_01010
OG0001170	Prav.g_01803	Pran.g_01012
OG0001171	Prav.g_01813	Pran.g_01021
OG0001172	Prav.g_00271	Pran.g_01035
OG0001173	Prav.g_00272	Pran.g_01036
OG0001174	Prav.g_00280	Pran.g_01045
OG0001175	Prav.g_00281	Pran.g_01046
OG0001176	Prav.g_00288	Pran.g_01053
OG0001177	Prav.g_00291	Pran.g_01055
OG0001178	Prav.g_00296	Pran.g_01060
OG0001179	Prav.g_00616	Pran.g_01089
OG0001180	Prav.g_00638	Pran.g_01111
OG0001181	Prav.g_00642	Pran.g_01115
OG0001182	Prav.g_00649	Pran.g_01122
OG0001183	Prav.g_00654	Pran.g_01126
OG0001184	Prav.g_00670	Pran.g_01141
OG0001185	Prav.g_00684	Pran.g_01155
OG0001186	Prav.g_00707	Pran.g_01178
OG0001187	Prav.g_00711	Pran.g_01183
OG0001188	Prav.g_00713	Pran.g_01185
OG0001190	Prav.g_00734	Pran.g_01205
OG0001191	Prav.g_00744	Pran.g_01215
OG0001192	Prav.g_00749	Pran.g_01220
OG0001193	Prav.g_00759	Pran.g_01230
OG0001194	Prav.g_00760	Pran.g_01231
OG0001195	Prav.g_00761	Pran.g_01232
OG0001196	Prav.g_00774	Pran.g_01245
OG0001197	Prav.g_00775	Pran.g_01246
OG0001198	Prav.g_00783	Pran.g_01254
OG0001199	Prav.g_00139	Pran.g_00358
OG0001200	Prav.g_00141	Pran.g_00356
OG0001201	Prav.g_00173	Pran.g_00325
OG0001202	Prav.g_00839	Pran.g_00233
OG0001204	Prav.g_01890	Pran.g_01949
OG0001205	Prav.g_01044	Pran.g_01735
OG0001206	Prav.g_01060	Pran.g_01716
OG0001207	Prav.g_01075	Pran.g_01701
OG0001208	Prav.g_01080	Pran.g_01696
OG0001209	Prav.g_01133	Pran.g_01643
OG0001210	Prav.g_01138	Pran.g_01638
OG0001211	Prav.g_01148	Pran.g_01628
OG0001212	Prav.g_01192	Pran.g_01582
OG0001213	Prav.g_01227	Pran.g_01549
OG0001214	Prav.g_01235	Pran.g_01541
OG0001215	Prav.g_01288	Pran.g_01488
OG0001216	Prav.g_00308	Pran.g_01458
OG0001217	Prav.g_00346	Pran.g_01415
OG0001218	Prav.g_00355	Pran.g_01407
OG0001219	Prav.g_00385	Pran.g_01354
OG0001220	Prav.g_00448	Pran.g_01292
OG0001221	Prav.g_00510	Pran.g_00440
OG0001222	Prav.g_00548	Pran.g_00479
OG0001223	Prav.g_00574	Pran.g_00505
OG0001225	Prav.g_00931	Pran.g_00566
OG0001226	Prav.g_00236	Pran.g_00159
OG0001227	Prav.g_00255	Pran.g_00141
OG0001228	Prav.g_01836	Pran.g_00015
OG0001229	Prav.g_01471	Pran.g_00843
OG0001230	Prav.g_01570	Pran.g_00741
OG0001231	Prav.g_01673	Pran.g_00634
OG0001232	Prav.g_01784	Pran.g_00993
OG0001233	Prav.g_01804	Pran.g_01013
OG0001234	Prav.g_00283	Pran.g_01048
OG0001235	Prav.g_00293	Pran.g_01057
OG0001237	Prav.g_00671	Pran.g_01142
OG0001238	Prav.g_00745	Pran.g_01216
OG0001239	Prav.g_00136	Pran.g_00361
OG0001240	Prav.g_00158	Pran.g_00340
OG0001241	Prav.g_00166	Pran.g_00332
OG0001242	Prav.g_00184	Pran.g_00314
OG0001244	Prav.g_00206	Pran.g_00293
OG0001245	Prav.g_00997	Pran.g_01815
OG0001246	Prav.g_01102	Pran.g_01674
OG0001247	Prav.g_01281	Pran.g_01495
OG0001248	Prav.g_01283	Pran.g_01493
OG0001249	Prav.g_00373	Pran.g_01365
OG0001250	Prav.g_00437	Pran.g_01303
OG0001251	Prav.g_00484	Pran.g_00414
OG0001252	Prav.g_00924	Pran.g_00559
OG0001253	Prav.g_00256	Pran.g_00140
OG0001254	Prav.g_00035	Pran.g_00091
OG0001255	Prav.g_00049	Pran.g_00076
OG0001256	Prav.g_01666	Pran.g_00641
OG0001257	Prav.g_01672	Pran.g_00635
OG0001258	Prav.g_01758	Pran.g_00967
OG0001259	Prav.g_01802	Pran.g_01011
OG0001260	Prav.g_01819	Pran.g_01027
OG0001261	Prav.g_00624	Pran.g_01097
OG0001262	Prav.g_00728	Pran.g_01200
OG0001265	Prav.g_00183	Pran.g_00315
OG0001266	Prav.g_00835	Pran.g_00229
OG0001267	Prav.g_01926	Pran.g_01914
OG0001268	Prav.g_01985	Pran.g_01856
OG0001269	Prav.g_00978	Pran.g_01835
OG0001270	Prav.g_01033	Pran.g_01746
OG0001271	Prav.g_01070	Pran.g_01706
OG0001272	Prav.g_01084	Pran.g_01692
OG0001273	Prav.g_01229	Pran.g_01547
OG0001274	Prav.g_01308, Prav.g_01311	Pran.g_01473
OG0001275	Prav.g_00584	Pran.g_00515
OG0001276	Prav.g_00908	Pran.g_00543
OG0001277	Prav.g_00244	Pran.g_00152
OG0001278	Prav.g_01831	Pran.g_00010
OG0001279	Prav.g_01392	Pran.g_00609
OG0001280	Prav.g_01437	Pran.g_00877
OG0001281	Prav.g_01443	Pran.g_00871
OG0001282	Prav.g_01474	Pran.g_00840
OG0001283	Prav.g_01493	Pran.g_00820
OG0001284	Prav.g_01648	Pran.g_00663
OG0001285	Prav.g_01787	Pran.g_00996
OG0001286	Prav.g_00636	Pran.g_01109
OG0001287	Prav.g_00691	Pran.g_01162
OG0001288	Prav.g_00700	Pran.g_01171
OG0001289	Prav.g_00152	Pran.g_00345
OG0001290	Prav.g_00165	Pran.g_00333
OG0001291	Prav.g_00200	Pran.g_00299
OG0001292	Prav.g_01895	Pran.g_01944
OG0001293	Prav.g_01908	Pran.g_01932
OG0001294	Prav.g_00995	Pran.g_01817
OG0001295	Prav.g_01065	Pran.g_01711
OG0001296	Prav.g_01107	Pran.g_01669
OG0001297	Prav.g_01112	Pran.g_01664
OG0001298	Prav.g_01174	Pran.g_01601
OG0001299	Prav.g_01264	Pran.g_01512
OG0001300	Prav.g_01291	Pran.g_01485
OG0001301	Prav.g_01294	Pran.g_01482
OG0001302	Prav.g_00383	Pran.g_01356
OG0001303	Prav.g_00946	Pran.g_01434
OG0001304	Prav.g_00918	Pran.g_00553
OG0001305	Prav.g_00937	Pran.g_00572
OG0001306	Prav.g_00051	Pran.g_00074
OG0001308	Prav.g_01588	Pran.g_00723
OG0001309	Prav.g_01670	Pran.g_00637
OG0001310	Prav.g_01773	Pran.g_00982
OG0001311	Prav.g_00910	Pran.g_00545
OG0001315	Prav.g_00126	Pran.g_00371
OG0001316	Prav.g_00205	Pran.g_00294
OG0001317	Prav.g_00804	Pran.g_00198
OG0001318	Prav.g_01903	Pran.g_01936
OG0001319	Prav.g_01919	Pran.g_01921
OG0001320	Prav.g_00998	Pran.g_01813
OG0001321	Prav.g_01050	Pran.g_01726
OG0001322	Prav.g_01051	Pran.g_01725
OG0001323	Prav.g_01117	Pran.g_01659
OG0001324	Prav.g_01292	Pran.g_01484
OG0001325	Prav.g_00311	Pran.g_01455
OG0001326	Prav.g_00472	Pran.g_00184
OG0001327	Prav.g_00227	Pran.g_00167
OG0001328	Prav.g_00254	Pran.g_00142
OG0001329	Prav.g_00026	Pran.g_00101
OG0001331	Prav.g_01479	Pran.g_00835
OG0001332	Prav.g_01621	Pran.g_00690
OG0001333	Prav.g_01798	Pran.g_01007
OG0001334	Prav.g_00657	Pran.g_01129
OG0001335	Prav.g_00658	Pran.g_01130
OG0001336	Prav.g_00771	Pran.g_01242
OG0001339	Prav.g_00168	Pran.g_00330
OG0001340	Prav.g_01974	Pran.g_01866
OG0001341	Prav.g_00344	Pran.g_01418
OG0001342	Prav.g_00377	Pran.g_01361
OG0001343	Prav.g_00481	Pran.g_00411
OG0001344	Prav.g_00069	Pran.g_00056
OG0001345	Prav.g_01862	Pran.g_00041
OG0001346	Prav.g_01439	Pran.g_00875
OG0001348	Prav.g_01693	Pran.g_00604
OG0001349	Prav.g_01558	Pran.g_00805
OG0001350	Prav.g_00801	Pran.g_00195
OG0001352	Prav.g_01278	Pran.g_01498
OG0001353	Prav.g_00429	Pran.g_01311
OG0001354	Prav.g_00566	Pran.g_00497
OG0001356	Prav.g_00957	Pran.g_01390
OG0001358	Prav.g_01218	Pran.g_01558
OG0001359	Prav.g_00482	Pran.g_00412
OG0001360	Prav.g_00257	Pran.g_00139
OG0001361	Prav.g_01865	Pran.g_00044
OG0001362	Prav.g_01592	Pran.g_00719
OG0001363	Prav.g_01594	Pran.g_00717
OG0001364	Prav.g_00660	Pran.g_01132
OG0001365	Prav.g_00738	Pran.g_01209
OG0001371	Prav.g_01277	Pran.g_01499
OG0001372	Prav.g_00354	Pran.g_01408
OG0001372	Prav.g_01325	Pran.g_01379
OG0001373	Prav.g_00471	Pran.g_00183
OG0001374	Prav.g_00479	Pran.g_00191
OG0001375	Prav.g_00480	Pran.g_00192
OG0001376	Prav.g_00220	Pran.g_00173
OG0001377	Prav.g_00221	Pran.g_00172
OG0001378	Prav.g_00003	Pran.g_00130
OG0001379	Prav.g_01432	Pran.g_00882
OG0001380	Prav.g_01461	Pran.g_00852
OG0001381	Prav.g_01467	Pran.g_00847
OG0001382	Prav.g_01686	Pran.g_00618
OG0001384	Prav.g_00333, Prav.g_01309	Pran.g_01464
OG0001385	Prav.g_00468	Pran.g_00180
OG0001386	Prav.g_00469	Pran.g_00181
OG0001387	Prav.g_00470	Pran.g_00182
OG0001388	Prav.g_00473	Pran.g_00185
OG0001389	Prav.g_00474	Pran.g_00186
OG0001390	Prav.g_00475	Pran.g_00187
OG0001391	Prav.g_00476	Pran.g_00188
OG0001392	Prav.g_00477	Pran.g_00189
OG0001393	Prav.g_00478	Pran.g_00190
OG0001395	Prav.g_00920	Pran.g_00555
OG0001397	Prav.g_01593	Pran.g_00718
OG0001398	Prav.g_01700	Pran.g_00596
OG0001399	Prav.g_00285	Pran.g_01050
OG0001403	Prav.g_00098	Pran.g_00394
OG0001404	Prav.g_00133	Pran.g_00364
OG0001405	Prav.g_01972	Pran.g_01868
OG0001406	Prav.g_00219	Pran.g_00174
OG0001407	Prav.g_00234	Pran.g_00161
OG0001408	Prav.g_00239	Pran.g_00156
OG0001409	Prav.g_00072	Pran.g_00053
OG0001411	Prav.g_01507	Pran.g_00809
OG0001413	Prav.g_01662	Pran.g_00648
OG0001414	Prav.g_00809	Pran.g_00203
OG0001415	Prav.g_00807	Pran.g_00201
OG0001416	Prav.g_01057	Pran.g_01719
OG0001417	Prav.g_01067	Pran.g_01709
OG0001418	Prav.g_01282	Pran.g_01494
OG0001419	Prav.g_00235	Pran.g_00160
OG0001420	Prav.g_00012	Pran.g_00121
OG0001421	Prav.g_01667	Pran.g_00640
OG0001422	Prav.g_01691	Pran.g_00607
OG0001424	Prav.g_00251	Pran.g_00145
OG0001424	Prav.g_01877	Pran.g_00415
OG0001425	Prav.g_00748	Pran.g_01219
OG0001428	Prav.g_00866	Pran.g_00260
OG0001429	Prav.g_00386	Pran.g_01353
OG0001432	Prav.g_01661	Pran.g_00650
OG0001433	Prav.g_00958	Pran.g_01391
OG0001434	Prav.g_00518	Pran.g_00448
OG0001437	Prav.g_00808	Pran.g_00202
OG0001438	Prav.g_01939	Pran.g_01901
OG0001439	Prav.g_01953	Pran.g_01887
OG0001440	Prav.g_01022	Pran.g_01778
OG0001441	Prav.g_01119	Pran.g_01657
OG0001442	Prav.g_00337	Pran.g_01431
OG0001443	Prav.g_01744	Pran.g_00595
OG0001446	Prav.g_00144	Pran.g_00353
OG0001447	Prav.g_00191	Pran.g_00308
OG0001448	Prav.g_00986	Pran.g_01827
OG0001449	Prav.g_01010	Pran.g_01794
OG0001450	Prav.g_01285	Pran.g_01491
OG0001451	Prav.g_00457	Pran.g_01282
OG0001452	Prav.g_00485	Pran.g_00416
OG0001453	Prav.g_00578	Pran.g_00509
OG0001454	Prav.g_00250	Pran.g_00146
OG0001455	Prav.g_00021	Pran.g_00108
OG0001455	Prav.g_01388	Pran.g_00935
OG0001456	Prav.g_00042	Pran.g_00082
OG0001457	Prav.g_00043	Pran.g_00081
OG0001458	Prav.g_00044	Pran.g_00080
OG0001459	Prav.g_01377	Pran.g_00642, Pran.g_00954
OG0001460	Prav.g_00959	Pran.g_01392
OG0001462	Prav.g_00102	Pran.g_00390
OG0001463	Prav.g_01932	Pran.g_01908
OG0001464	Prav.g_01975	Pran.g_01865
OG0001465	Prav.g_01300	Pran.g_01476
OG0001466	Prav.g_00335	Pran.g_00905
OG0001468	Prav.g_00225	Pran.g_00169
OG0001469	Prav.g_01396	Pran.g_00519
OG0001469	Prav.g_01729	Pran.g_01463
OG0001471	Prav.g_01663	Pran.g_00647
OG0001472	Prav.g_01669	Pran.g_00638
OG0001473	Prav.g_00708	Pran.g_01180
OG0001474	Prav.g_01986	Pran.g_01855
OG0001480	Prav.g_00988	Pran.g_01826
OG0001481	Prav.g_00992	Pran.g_01821
OG0001482	Prav.g_01055	Pran.g_01721
OG0001485	Prav.g_01705	Pran.g_00575, Pran.g_00912
OG0001486	Prav.g_00063	Pran.g_00062
OG0001490	Prav.g_00110	Pran.g_00386
OG0001491	Prav.g_00381	Pran.g_01358
OG0001492	Prav.g_01834	Pran.g_00013
OG0001493	Prav.g_01826	Pran.g_00005
OG0001499	Prav.g_00125	Pran.g_00372
OG0001500	Prav.g_01910	Pran.g_01930
OG0001501	Prav.g_01313	Pran.g_01471
OG0001503	Prav.g_00039	Pran.g_00085
OG0001504	Prav.g_01378	Pran.g_00953
OG0001506	Prav.g_01619	Pran.g_00692
OG0001507	Prav.g_01722	Pran.g_00613
OG0001521	Prav.g_00345	Pran.g_01417
OG0001523	Prav.g_00037	Pran.g_00089
OG0001524	Prav.g_00038	Pran.g_00088
OG0001525	Prav.g_01678	Pran.g_00629
OG0001526	Prav.g_01504	Pran.g_01030
OG0001546	Prav.g_01122	Pran.g_01654
OG0001548	Prav.g_00371	Pran.g_01367
OG0001550	Prav.g_00024	Pran.g_00105
OG0001551	Prav.g_00041	Pran.g_00083
OG0001552	Prav.g_02005	Pran.g_00920
OG0001553	Prav.g_01575	Pran.g_00736
OG0001554	Prav.g_01668	Pran.g_00639
OG0001555	Prav.g_01683	Pran.g_00624
OG0001556	Prav.g_00963	Pran.g_01398
OG0001565	Prav.g_01021	Pran.g_01757
OG0001566	Prav.g_01274	Pran.g_01502
OG0001569	Prav.g_00262	Pran.g_00134
OG0001571	Prav.g_00017	Pran.g_00112
OG0001581	Prav.g_00211	Pran.g_00289
OG0001582	Prav.g_01066	Pran.g_01710
OG0001583	Prav.g_00380	Pran.g_01359
OG0001585	Prav.g_01395	Pran.g_01784
OG0001587	Prav.g_00265	Pran.g_01029
OG0001595	Prav.g_00132	Pran.g_00365
OG0001596	Prav.g_00140	Pran.g_00357
OG0001597	Prav.g_00981	Pran.g_01832
OG0001598	Prav.g_01879, Prav.g_01383	Pran.g_00927
OG0001599	Prav.g_01058	Pran.g_01718
OG0001600	Prav.g_01109	Pran.g_01667
OG0001601	Prav.g_01272	Pran.g_01504
OG0001602	Prav.g_01299	Pran.g_01477
OG0001603	Prav.g_00382	Pran.g_01357
OG0001604	Prav.g_00507	Pran.g_00437
OG0001605	Prav.g_00901	Pran.g_00536
OG0001606	Prav.g_00241	Pran.g_00904
OG0001608	Prav.g_01464	Pran.g_00849
OG0001609	Prav.g_01617	Pran.g_00694
OG0001610	Prav.g_01620	Pran.g_00691
OG0001611	Prav.g_01680	Pran.g_00626
OG0001612	Prav.g_01707	Pran.g_01428
OG0001613	Prav.g_00652	Pran.g_01124
OG0001628	Prav.g_00357	Pran.g_01405
OG0001628	Prav.g_01015	Pran.g_01763
OG0001629	Prav.g_00358	Pran.g_01404
OG0001630	Prav.g_00488	Pran.g_00419
OG0001631	Prav.g_00231	Pran.g_00164
OG0001632	Prav.g_00588, Prav.g_00948, Prav.g_00943, Prav.g_01394	Pran.g_00520
OG0001633	Prav.g_01470	Pran.g_00844
OG0001648	Prav.g_00991	Pran.g_01822
OG0001649	Prav.g_00232	Pran.g_00163
OG0001651	Prav.g_01679	Pran.g_00628
OG0001662	Prav.g_00009	Pran.g_00124
OG0001666	Prav.g_01376	Pran.g_00955
OG0001667	Prav.g_01411	Pran.g_00897
OG0001685	Prav.g_00459	Pran.g_01281
OG0001686	Prav.g_00900	Pran.g_00535
OG0001687	Prav.g_00223	Pran.g_00170
OG0001688	Prav.g_00230	Pran.g_00165
OG0001689	Prav.g_00698	Pran.g_01169
OG0001698	Prav.g_00228	Pran.g_00166
OG0001700	Prav.g_00960	Pran.g_01393
OG0001701	Prav.g_00267	Pran.g_01031
OG0001705	Prav.g_01011	Pran.g_01793
OG0001707	Prav.g_00249	Pran.g_00147
OG0001708	Prav.g_00047	Pran.g_00077
OG0001710	Prav.g_00286	Pran.g_01051
OG0001718	Prav.g_00982	Pran.g_01831
OG0001719	Prav.g_01004	Pran.g_01801
OG0001720	Prav.g_01018, Prav.g_01414	Pran.g_00581
OG0001721	Prav.g_00348	Pran.g_01412
OG0001722	Prav.g_00486	Pran.g_00417
OG0001723	Prav.g_01393, Prav.g_01020	Pran.g_00525
OG0001724	Prav.g_01716	Pran.g_01425
OG0001742	Prav.g_00994	Pran.g_01819
OG0001743	Prav.g_00007	Pran.g_00126
OG0001744	Prav.g_01419	Pran.g_00890
OG0001745	Prav.g_01660	Pran.g_00651
OG0001772	Prav.g_01323	Pran.g_00929
OG0001773	Prav.g_01017	Pran.g_00622
OG0001774	Prav.g_01275	Pran.g_01501
OG0001775	Prav.g_00237	Pran.g_00158
OG0001776	Prav.g_00005	Pran.g_00128
OG0001777	Prav.g_00947, Prav.g_00889	Pran.g_00521
OG0001779	Prav.g_01420	Pran.g_00889, Pran.g_01432
OG0001780	Prav.g_01515	Pran.g_00799
OG0001781	Prav.g_01692	Pran.g_00606
OG0001782	Prav.g_01425	Pran.g_00769, Pran.g_00763
OG0001819	Prav.g_01005	Pran.g_01800
OG0001820	Prav.g_01381	Pran.g_00901
OG0001821	Prav.g_00349	Pran.g_01411
OG0001822	Prav.g_00368	Pran.g_01375
OG0001823	Prav.g_00460	Pran.g_01280
OG0001824	Prav.g_00899	Pran.g_00534
OG0001825	Prav.g_00238	Pran.g_00157
OG0001826	Prav.g_00240	Pran.g_00155
OG0001827	Prav.g_00243	Pran.g_00153
OG0001828	Prav.g_00002	Pran.g_00131
OG0001829	Prav.g_00006	Pran.g_00127
OG0001830	Prav.g_00020	Pran.g_00109
OG0001831	Prav.g_00032	Pran.g_00094
OG0001832	Prav.g_01401	Pran.g_01468
OG0001833	Prav.g_01472	Pran.g_00842
OG0001834	Prav.g_01517	Pran.g_00802
OG0001919	Prav.g_01007	Pran.g_01798
OG0001921	Prav.g_00462	Pran.g_01278
OG0001983	Prav.g_00331	Pran.g_01435, Pran.g_00577
OG0001984	Prav.g_00372	Pran.g_01366
OG0001985	Prav.g_00466	Pran.g_00177
OG0001986	Prav.g_00582	Pran.g_00513
OG0001987	Prav.g_01332, Prav.g_01751	Pran.g_00524
OG0001988	Prav.g_00109	Pran.g_01836
OG0001989	Prav.g_01462	Pran.g_00851
OG0001991	Prav.g_01343	Pran.g_01387
OG0002026	Prav.g_01006	Pran.g_01799
OG0002027	Prav.g_00464	Pran.g_01275
OG0002028	Prav.g_00894	Pran.g_00529
OG0002029	Prav.g_01375	Pran.g_00956
OG0002031	Prav.g_01703	Pran.g_00590
OG0002032	Prav.g_00747	Pran.g_01218
OG0002033	Prav.g_00942	Pran.g_00857
OG0002057	Prav.g_00175	Pran.g_00323
OG0002058	Prav.g_00858	Pran.g_00252
OG0002059	Prav.g_00983	Pran.g_01830
OG0002060	Prav.g_00985	Pran.g_01828
OG0002061	Prav.g_01009	Pran.g_01796
OG0002064	Prav.g_01064	Pran.g_01712
OG0002065	Prav.g_01157	Pran.g_01619
OG0002066	Prav.g_01163	Pran.g_01612
OG0002067	Prav.g_00305	Pran.g_01461
OG0002068	Prav.g_00340	Pran.g_01424
OG0002069	Prav.g_00342	Pran.g_01421
OG0002070	Prav.g_00369	Pran.g_01374
OG0002071	Prav.g_00370	Pran.g_01368
OG0002072	Prav.g_00379	Pran.g_01360
OG0002073	Prav.g_00402	Pran.g_01338
OG0002074	Prav.g_00453	Pran.g_01286
OG0002075	Prav.g_00465	Pran.g_01274
OG0002076	Prav.g_00511	Pran.g_00441
OG0002077	Prav.g_00895	Pran.g_00530
OG0002078	Prav.g_00898	Pran.g_00533
OG0002079	Prav.g_00903	Pran.g_00538
OG0002080	Prav.g_00921	Pran.g_00556
OG0002081	Prav.g_00222	Pran.g_00171
OG0002082	Prav.g_00233	Pran.g_00162
OG0002083	Prav.g_00245	Pran.g_00151
OG0002084	Prav.g_00246	Pran.g_00150
OG0002085	Prav.g_00253	Pran.g_00143
OG0002086	Prav.g_00258	Pran.g_00138
OG0002087	Prav.g_00259	Pran.g_00137
OG0002088	Prav.g_00260	Pran.g_00136
OG0002089	Prav.g_00018	Pran.g_00111
OG0002090	Prav.g_00023	Pran.g_00106
OG0002091	Prav.g_00040	Pran.g_00084
OG0002093	Prav.g_01382	Pran.g_00907
OG0002094	Prav.g_01412	Pran.g_00896
OG0002095	Prav.g_01417	Pran.g_00893
OG0002096	Prav.g_01519	Pran.g_00795
OG0002099	Prav.g_01665	Pran.g_00645
OG0002100	Prav.g_01674	Pran.g_00633
OG0002101	Prav.g_01677	Pran.g_00630
OG0002102	Prav.g_01682	Pran.g_00625
OG0002103	Prav.g_01684	Pran.g_00623
OG0002104	Prav.g_01685	Pran.g_00621
OG0002105	Prav.g_01766	Pran.g_00975
OG0002108	Prav.g_01322	Pran.g_00909
OG0002146	Prav.g_01094	Pran.g_01682
OG0002147	Prav.g_01314	Pran.g_01469
OG0002148	Prav.g_00334	Pran.g_01426
OG0002149	Prav.g_00356	Pran.g_01406
OG0002150	Prav.g_00896	Pran.g_01427
OG0002151	Prav.g_00022	Pran.g_00107
OG0002153	Prav.g_00897	Pran.g_00531
OG0002215	Prav.g_00332	Pran.g_00578
OG0002216	Prav.g_00339	Pran.g_00900
OG0002217	Prav.g_00384	Pran.g_01355
OG0002218	Prav.g_00461	Pran.g_01279
OG0002219	Prav.g_00011	Pran.g_00122
OG0002221	Prav.g_01418	Pran.g_00892
OG0002224	Prav.g_01002	Pran.g_01805
OG0002226	Prav.g_00304	Pran.g_01462
OG0002263	Prav.g_00352	Pran.g_01409
OG0002264	Prav.g_00426	Pran.g_01314
OG0002271	Prav.g_01709	Pran.g_01430
OG0002272	Prav.g_00028	Pran.g_00098
OG0002275	Prav.g_01743	Pran.g_00934
OG0002312	Prav.g_00359	Pran.g_01402
OG0002314	Prav.g_00463	Pran.g_01276
OG0002315	Prav.g_00893	Pran.g_01474
OG0002316	Prav.g_00217	Pran.g_00176
OG0002317	Prav.g_00013	Pran.g_00119
OG0002318	Prav.g_00015	Pran.g_00116
OG0002322	Prav.g_01676	Pran.g_00631
OG0002323	Prav.g_01701	Pran.g_00594
OG0002324	Prav.g_01719	Pran.g_00924
OG0002325	Prav.g_01726	Pran.g_00096
OG0002326	Prav.g_01389	Pran.g_00086
OG0002327	Prav.g_01706	Pran.g_00600
OG0002361	Prav.g_01989	Pran.g_01852
OG0002362	Prav.g_01008	Pran.g_01797
OG0002366	Prav.g_01374	Pran.g_00957
OG0002369	Prav.g_01532	Pran.g_00784
OG0002370	Prav.g_01599	Pran.g_00712
OG0002372	Prav.g_01687	Pran.g_00617
OG0002373	Prav.g_01708	Pran.g_00099
OG0002374	Prav.g_00956	Pran.g_01389
OG0002376	Prav.g_01690	Pran.g_00611
OG0002417	Prav.g_01876	Pran.g_00943
OG0002418	Prav.g_00890	Pran.g_01761
OG0002420	Prav.g_01727	Pran.g_00591
OG0002422	Prav.g_00210	Pran.g_01732
OG0002483	Prav.g_01327	Pran.g_00906, Pran.g_01770, Pran.g_00933
OG0002485	Prav.g_00888, Prav.g_00945	Pran.g_00891
OG0002551	Prav.g_00001	Pran.g_00132
OG0002552	Prav.g_00127	Pran.g_00370
OG0002554	Prav.g_00341	Pran.g_01422
OG0002555	Prav.g_00027	Pran.g_00100
OG0002621	Prav.g_01711	Pran.g_01788
OG0002701	Prav.g_01333	Pran.g_01383
OG0002777	Prav.g_01387	Pran.g_01467
OG0002887	Prav.g_01344	Pran.g_01388, Pran.g_00941
OG0002890	Prav.g_00944	Pran.g_01791
OG0003018	Prav.g_01337	Pran.g_01386
OG0003019	Prav.g_01329	Pran.g_01380
OG0003160	Prav.g_01494	Pran.g_00774
OG0003166	Prav.g_01331	Pran.g_01381
OG0003343	Prav.g_00347	Pran.g_01413
OG0003350	Prav.g_01026	Pran.g_00958
OG0003637	Prav.g_01740	Pran.g_00961
