Orthogroup	Prax	Syam
OG0000001	Prax.g_01878, Prax.g_00522	Syam.g_00946
OG0000002	Prax.g_01870, Prax.g_00964	Syam.g_00931
OG0000004	Prax.g_00947	Syam.g_00787
OG0000004	Prax.g_00986	Syam.g_01499, Syam.g_00501
OG0000005	Prax.g_01546	Syam.g_02004
OG0000005	Prax.g_01652	Syam.g_01970
OG0000006	Prax.g_01972	Syam.g_00286, Syam.g_00518
OG0000007	Prax.g_00704	Syam.g_00602
OG0000007	Prax.g_01559	Syam.g_01990
OG0000010	Prax.g_01212, Prax.g_00728	Syam.g_01669
OG0000012	Prax.g_00082	Syam.g_00794, Syam.g_00994, Syam.g_01492
OG0000013	Prax.g_00846	Syam.g_00421, Syam.g_00404, Syam.g_00409
OG0000014	Prax.g_00869	Syam.g_00191
OG0000015	Prax.g_00523, Prax.g_00410	Syam.g_01218, Syam.g_01362
OG0000017	Prax.g_00057	Syam.g_01715
OG0000018	Prax.g_00181, Prax.g_00346	Syam.g_01640
OG0000019	Prax.g_00926, Prax.g_00393	Syam.g_00274
OG0000022	Prax.g_00415, Prax.g_00157	Syam.g_01418
OG0000023	Prax.g_00813	Syam.g_01217, Syam.g_01553, Syam.g_01583, Syam.g_01075, Syam.g_01943
OG0000024	Prax.g_00432, Prax.g_00967	Syam.g_00815
OG0000025	Prax.g_00338, Prax.g_00842	Syam.g_00740
OG0000026	Prax.g_00458, Prax.g_00282, Prax.g_01220	Syam.g_00035
OG0000027	Prax.g_01916	Syam.g_01442, Syam.g_00989
OG0000028	Prax.g_00855	Syam.g_00176
OG0000029	Prax.g_00798, Prax.g_00425	Syam.g_01390, Syam.g_01055
OG0000030	Prax.g_01404	Syam.g_00104, Syam.g_00103
OG0000031	Prax.g_01831	Syam.g_00086
OG0000032	Prax.g_01838	Syam.g_00079
OG0000033	Prax.g_01049	Syam.g_02217
OG0000034	Prax.g_01889	Syam.g_02185, Syam.g_01843, Syam.g_02187
OG0000035	Prax.g_01728, Prax.g_01733	Syam.g_01612
OG0000037	Prax.g_01110	Syam.g_02125
OG0000038	Prax.g_01445	Syam.g_02317
OG0000039	Prax.g_00956	Syam.g_00749
OG0000041	Prax.g_01512	Syam.g_01899
OG0000042	Prax.g_01401	Syam.g_00107
OG0000043	Prax.g_01955	Syam.g_01041
OG0000045	Prax.g_00802	Syam.g_02028
OG0000047	Prax.g_00843	Syam.g_00434
OG0000048	Prax.g_00173, Prax.g_00512, Prax.g_00799	Syam.g_00243
OG0000053	Prax.g_01708	Syam.g_01636
OG0000054	Prax.g_00065	Syam.g_01515
OG0000055	Prax.g_00392	Syam.g_00754
OG0000057	Prax.g_00944	Syam.g_00784
OG0000058	Prax.g_01823	Syam.g_00169
OG0000059	Prax.g_01286	Syam.g_00320
OG0000060	Prax.g_00517	Syam.g_00902
OG0000061	Prax.g_00200	Syam.g_01795
OG0000063	Prax.g_00280	Syam.g_00039
OG0000065	Prax.g_01112	Syam.g_02121
OG0000066	Prax.g_00662	Syam.g_00552, Syam.g_00662
OG0000067	Prax.g_00373	Syam.g_01290
OG0000068	Prax.g_01863	Syam.g_00575
OG0000070	Prax.g_00750	Syam.g_01847
OG0000071	Prax.g_01899	Syam.g_01830
OG0000072	Prax.g_01047	Syam.g_02219
OG0000073	Prax.g_00702	Syam.g_00604
OG0000075	Prax.g_01370	Syam.g_00148
OG0000076	Prax.g_01394	Syam.g_00115
OG0000077	Prax.g_00649	Syam.g_02074
OG0000078	Prax.g_00979	Syam.g_00514
OG0000079	Prax.g_00923	Syam.g_00270
OG0000081	Prax.g_00670	Syam.g_00520
OG0000082	Prax.g_00045	Syam.g_01730
OG0000085	Prax.g_01566	Syam.g_01979
OG0000086	Prax.g_00659	Syam.g_02092
OG0000087	Prax.g_01079	Syam.g_02175
OG0000088	Prax.g_01052	Syam.g_02213
OG0000089	Prax.g_00817	Syam.g_00489
OG0000090	Prax.g_00668	Syam.g_00651
OG0000091	Prax.g_00101	Syam.g_01460
OG0000094	Prax.g_01185	Syam.g_01198
OG0000097	Prax.g_00241	Syam.g_00874
OG0000098	Prax.g_01881	Syam.g_00944
OG0000099	Prax.g_01825	Syam.g_00173
OG0000100	Prax.g_01654	Syam.g_01259
OG0000101	Prax.g_01338	Syam.g_00371
OG0000102	Prax.g_01399	Syam.g_00110
OG0000103	Prax.g_01478	Syam.g_02428
OG0000104	Prax.g_01486	Syam.g_02442
OG0000105	Prax.g_00901	Syam.g_00238
OG0000106	Prax.g_00803	Syam.g_01039
OG0000107	Prax.g_00790	Syam.g_00288
OG0000108	Prax.g_00722	Syam.g_00583
OG0000109	Prax.g_00707	Syam.g_00598
OG0000110	Prax.g_00035	Syam.g_01743
OG0000112	Prax.g_00409	Syam.g_01115
OG0000113	Prax.g_00351	Syam.g_01264
OG0000114	Prax.g_00561	Syam.g_01349
OG0000115	Prax.g_00132	Syam.g_01634
OG0000116	Prax.g_00190	Syam.g_01807
OG0000117	Prax.g_01959	Syam.g_00904
OG0000118	Prax.g_01887	Syam.g_01698
OG0000120	Prax.g_01832	Syam.g_00172
OG0000121	Prax.g_01726	Syam.g_01615
OG0000122	Prax.g_01688	Syam.g_01436
OG0000123	Prax.g_01345	Syam.g_00379
OG0000124	Prax.g_01410	Syam.g_00096
OG0000125	Prax.g_01447	Syam.g_02319
OG0000126	Prax.g_01485	Syam.g_02440
OG0000128	Prax.g_01974	Syam.g_00012
OG0000129	Prax.g_00269	Syam.g_02307
OG0000130	Prax.g_00640	Syam.g_02062
OG0000131	Prax.g_01073	Syam.g_02191
OG0000132	Prax.g_01054	Syam.g_02211
OG0000133	Prax.g_00853, Prax.g_00852, Prax.g_01783	Syam.g_01120
OG0000134	Prax.g_01573, Prax.g_00816	Syam.g_00492
OG0000135	Prax.g_00792	Syam.g_02347
OG0000136	Prax.g_00759	Syam.g_01857
OG0000137	Prax.g_00727	Syam.g_01668
OG0000138	Prax.g_00706	Syam.g_00599
OG0000139	Prax.g_00664	Syam.g_00657
OG0000140	Prax.g_00663	Syam.g_00659
OG0000141	Prax.g_00066	Syam.g_01514
OG0000142	Prax.g_00094	Syam.g_01468
OG0000143	Prax.g_00098	Syam.g_01464
OG0000144	Prax.g_00111	Syam.g_01032
OG0000145	Prax.g_00413	Syam.g_00605
OG0000146	Prax.g_00408	Syam.g_01114
OG0000147	Prax.g_00407	Syam.g_01113
OG0000148	Prax.g_00357	Syam.g_01270
OG0000149	Prax.g_00326	Syam.g_00725
OG0000150	Prax.g_00318	Syam.g_00660
OG0000151	Prax.g_00571	Syam.g_01338
OG0000152	Prax.g_01129	Syam.g_01124
OG0000153	Prax.g_01148	Syam.g_01160
OG0000154	Prax.g_01178	Syam.g_01187
OG0000155	Prax.g_00220	Syam.g_01763
OG0000156	Prax.g_01910	Syam.g_01814
OG0000157	Prax.g_01909	Syam.g_01815
OG0000158	Prax.g_01780	Syam.g_00139
OG0000160	Prax.g_01727	Syam.g_01614
OG0000161	Prax.g_01721	Syam.g_01620
OG0000162	Prax.g_01715	Syam.g_01627
OG0000163	Prax.g_01681	Syam.g_01927
OG0000164	Prax.g_01535	Syam.g_02023
OG0000165	Prax.g_01528	Syam.g_01879, Syam.g_01878
OG0000166	Prax.g_01302	Syam.g_00330
OG0000167	Prax.g_01368	Syam.g_00151
OG0000168	Prax.g_01378	Syam.g_00138
OG0000169	Prax.g_01388	Syam.g_00127
OG0000170	Prax.g_01390	Syam.g_00120
OG0000171	Prax.g_01409	Syam.g_00097
OG0000172	Prax.g_01418	Syam.g_00075
OG0000173	Prax.g_01433	Syam.g_00057
OG0000174	Prax.g_01460	Syam.g_02349
OG0000175	Prax.g_01470	Syam.g_02417
OG0000176	Prax.g_01494	Syam.g_00004
OG0000177	Prax.g_01495	Syam.g_00005
OG0000178	Prax.g_01496	Syam.g_00006
OG0000179	Prax.g_00297	Syam.g_00021
OG0000180	Prax.g_00296	Syam.g_00022
OG0000181	Prax.g_00295	Syam.g_00023
OG0000182	Prax.g_00294	Syam.g_00024
OG0000183	Prax.g_00290	Syam.g_00028
OG0000184	Prax.g_00621	Syam.g_02298
OG0000185	Prax.g_00624	Syam.g_02295
OG0000186	Prax.g_00635	Syam.g_02058
OG0000187	Prax.g_00636	Syam.g_02059
OG0000188	Prax.g_00653	Syam.g_02081
OG0000189	Prax.g_01122	Syam.g_02108
OG0000190	Prax.g_01121	Syam.g_02110
OG0000191	Prax.g_01101	Syam.g_02142
OG0000192	Prax.g_01097	Syam.g_02148
OG0000193	Prax.g_01072	Syam.g_02192
OG0000194	Prax.g_01069	Syam.g_02195
OG0000195	Prax.g_01067	Syam.g_02197
OG0000196	Prax.g_01057	Syam.g_02208
OG0000197	Prax.g_01056	Syam.g_02209
OG0000198	Prax.g_01055	Syam.g_02210
OG0000199	Prax.g_01048	Syam.g_02218
OG0000200	Prax.g_01034	Syam.g_02234
OG0000202	Prax.g_01025	Syam.g_02249
OG0000203	Prax.g_01024	Syam.g_02250
OG0000204	Prax.g_01023	Syam.g_02251
OG0000205	Prax.g_01016	Syam.g_02258
OG0000206	Prax.g_01011	Syam.g_02264
OG0000207	Prax.g_01009	Syam.g_02266
OG0000208	Prax.g_01008	Syam.g_02267
OG0000209	Prax.g_00999	Syam.g_02278
OG0000210	Prax.g_00998	Syam.g_02279
OG0000212	Prax.g_00978	Syam.g_00515
OG0000213	Prax.g_00918	Syam.g_00263
OG0000214	Prax.g_00908	Syam.g_00247
OG0000215	Prax.g_00883	Syam.g_00216
OG0000216	Prax.g_00881	Syam.g_00212
OG0000217	Prax.g_00878	Syam.g_00208
OG0000218	Prax.g_00876	Syam.g_00206
OG0000219	Prax.g_00875	Syam.g_00205
OG0000220	Prax.g_00874	Syam.g_00204
OG0000221	Prax.g_00873	Syam.g_00198
OG0000222	Prax.g_00865	Syam.g_00186
OG0000223	Prax.g_00850	Syam.g_00168
OG0000224	Prax.g_00848	Syam.g_00164
OG0000225	Prax.g_00827	Syam.g_00473
OG0000226	Prax.g_00823	Syam.g_00477
OG0000227	Prax.g_00821	Syam.g_00479
OG0000228	Prax.g_00818	Syam.g_00488
OG0000229	Prax.g_00764	Syam.g_01867
OG0000230	Prax.g_00762	Syam.g_01865
OG0000231	Prax.g_00751	Syam.g_01848
OG0000232	Prax.g_00743	Syam.g_01692
OG0000233	Prax.g_00738	Syam.g_01678
OG0000234	Prax.g_00726	Syam.g_01667
OG0000235	Prax.g_00723	Syam.g_00582
OG0000236	Prax.g_00708	Syam.g_00597
OG0000237	Prax.g_00695	Syam.g_00614
OG0000238	Prax.g_00689	Syam.g_00619
OG0000239	Prax.g_00676	Syam.g_00637
OG0000240	Prax.g_00675	Syam.g_00638
OG0000241	Prax.g_00671	Syam.g_01477
OG0000242	Prax.g_00669	Syam.g_00649
OG0000243	Prax.g_00004	Syam.g_00668
OG0000244	Prax.g_00007	Syam.g_00674
OG0000245	Prax.g_00009	Syam.g_00676
OG0000246	Prax.g_00013	Syam.g_00680
OG0000247	Prax.g_00023	Syam.g_00692
OG0000248	Prax.g_00025	Syam.g_00695
OG0000249	Prax.g_00027	Syam.g_00697
OG0000250	Prax.g_00032	Syam.g_01747
OG0000251	Prax.g_00050	Syam.g_01722
OG0000252	Prax.g_00053	Syam.g_01719
OG0000253	Prax.g_00054	Syam.g_01718
OG0000254	Prax.g_00070	Syam.g_01510
OG0000255	Prax.g_00076	Syam.g_01500
OG0000256	Prax.g_00086	Syam.g_01484
OG0000257	Prax.g_00089	Syam.g_01478
OG0000258	Prax.g_00102	Syam.g_01459
OG0000259	Prax.g_00119	Syam.g_01378
OG0000260	Prax.g_00122	Syam.g_01375
OG0000261	Prax.g_00977	Syam.g_01372
OG0000262	Prax.g_00973	Syam.g_01367
OG0000263	Prax.g_00961	Syam.g_00885
OG0000264	Prax.g_00951	Syam.g_00805
OG0000265	Prax.g_00485	Syam.g_01880
OG0000266	Prax.g_00475	Syam.g_01234
OG0000267	Prax.g_00464	Syam.g_01071
OG0000268	Prax.g_00463	Syam.g_01072
OG0000269	Prax.g_00378	Syam.g_01295
OG0000270	Prax.g_00375	Syam.g_01292
OG0000271	Prax.g_00367	Syam.g_01284
OG0000272	Prax.g_00366	Syam.g_01283
OG0000273	Prax.g_00343	Syam.g_00745
OG0000274	Prax.g_00342	Syam.g_00744
OG0000275	Prax.g_00339	Syam.g_00741
OG0000276	Prax.g_00334	Syam.g_00733
OG0000277	Prax.g_00333	Syam.g_00732
OG0000278	Prax.g_00330	Syam.g_00729
OG0000279	Prax.g_00323	Syam.g_00721
OG0000280	Prax.g_00322	Syam.g_00701
OG0000281	Prax.g_00317	Syam.g_00943
OG0000282	Prax.g_00563	Syam.g_01347
OG0000283	Prax.g_00597	Syam.g_01087
OG0000284	Prax.g_00602	Syam.g_01093
OG0000285	Prax.g_00607	Syam.g_01105
OG0000286	Prax.g_00619	Syam.g_01123
OG0000288	Prax.g_01177	Syam.g_01186
OG0000289	Prax.g_01188	Syam.g_01201
OG0000290	Prax.g_01201	Syam.g_00771
OG0000291	Prax.g_01203	Syam.g_00773
OG0000292	Prax.g_01759, Prax.g_01254	Syam.g_02439
OG0000293	Prax.g_00191	Syam.g_01806
OG0000294	Prax.g_00192	Syam.g_01805
OG0000295	Prax.g_00212	Syam.g_01771
OG0000296	Prax.g_00214	Syam.g_01769
OG0000297	Prax.g_00222	Syam.g_00906
OG0000298	Prax.g_00223	Syam.g_00905
OG0000299	Prax.g_00240	Syam.g_00878
OG0000300	Prax.g_00243	Syam.g_00871
OG0000301	Prax.g_00244	Syam.g_00870
OG0000302	Prax.g_00246	Syam.g_00868
OG0000303	Prax.g_00253	Syam.g_00859
OG0000304	Prax.g_00257	Syam.g_00853
OG0000305	Prax.g_01871	Syam.g_00776
OG0000306	Prax.g_01868	Syam.g_01757
OG0000307	Prax.g_01854	Syam.g_00566
OG0000308	Prax.g_01853	Syam.g_00564
OG0000309	Prax.g_01849	Syam.g_00559
OG0000310	Prax.g_01748	Syam.g_01591
OG0000311	Prax.g_01746	Syam.g_01595
OG0000312	Prax.g_01743	Syam.g_01601
OG0000313	Prax.g_01724	Syam.g_01617
OG0000314	Prax.g_01701	Syam.g_01647
OG0000315	Prax.g_01691	Syam.g_01658
OG0000316	Prax.g_01671	Syam.g_01945
OG0000317	Prax.g_01561	Syam.g_01987
OG0000318	Prax.g_01558	Syam.g_01991
OG0000319	Prax.g_01545	Syam.g_02006
OG0000320	Prax.g_01543	Syam.g_02008
OG0000321	Prax.g_01542	Syam.g_02009
OG0000322	Prax.g_01541	Syam.g_02010
OG0000323	Prax.g_01532	Syam.g_02025
OG0000324	Prax.g_01505	Syam.g_01906
OG0000325	Prax.g_01263	Syam.g_00289
OG0000326	Prax.g_01269	Syam.g_00296
OG0000327	Prax.g_01297	Syam.g_00325
OG0000328	Prax.g_01298	Syam.g_00326
OG0000329	Prax.g_01315	Syam.g_00344
OG0000330	Prax.g_01316	Syam.g_00345
OG0000331	Prax.g_01317	Syam.g_00346
OG0000332	Prax.g_01331	Syam.g_00361
OG0000333	Prax.g_01333	Syam.g_00364
OG0000334	Prax.g_01341	Syam.g_00375
OG0000335	Prax.g_01346	Syam.g_00380
OG0000336	Prax.g_01350	Syam.g_00384
OG0000337	Prax.g_01366	Syam.g_00155
OG0000338	Prax.g_01367	Syam.g_00153
OG0000339	Prax.g_01371	Syam.g_00147
OG0000340	Prax.g_01379	Syam.g_00137
OG0000341	Prax.g_01381	Syam.g_00135
OG0000342	Prax.g_01382	Syam.g_00134
OG0000343	Prax.g_01383	Syam.g_00133
OG0000344	Prax.g_01386	Syam.g_00129
OG0000345	Prax.g_01391	Syam.g_00119
OG0000346	Prax.g_01395	Syam.g_00114
OG0000347	Prax.g_01411	Syam.g_00083
OG0000348	Prax.g_01421	Syam.g_00068
OG0000349	Prax.g_01438	Syam.g_00050
OG0000350	Prax.g_01456	Syam.g_00303
OG0000351	Prax.g_01473	Syam.g_02420
OG0000352	Prax.g_01474	Syam.g_02421
OG0000353	Prax.g_01489	Syam.g_02445
OG0000355	Prax.g_01491	Syam.g_00001
OG0000356	Prax.g_01492	Syam.g_00002
OG0000357	Prax.g_01493	Syam.g_00003
OG0000358	Prax.g_01497	Syam.g_00007
OG0000359	Prax.g_01498	Syam.g_00009
OG0000360	Prax.g_01499	Syam.g_00010
OG0000361	Prax.g_01975	Syam.g_00011
OG0000362	Prax.g_01973	Syam.g_00013
OG0000363	Prax.g_00299	Syam.g_00015
OG0000364	Prax.g_00298	Syam.g_00016
OG0000365	Prax.g_00293	Syam.g_00025
OG0000366	Prax.g_00292	Syam.g_00026
OG0000367	Prax.g_00291	Syam.g_00027
OG0000368	Prax.g_00289	Syam.g_00029
OG0000369	Prax.g_00288	Syam.g_00030
OG0000370	Prax.g_00287	Syam.g_00031
OG0000371	Prax.g_00281	Syam.g_00038
OG0000372	Prax.g_00278	Syam.g_00043
OG0000373	Prax.g_00277	Syam.g_00044
OG0000374	Prax.g_00276	Syam.g_00045
OG0000375	Prax.g_00273	Syam.g_00046
OG0000376	Prax.g_00271	Syam.g_00048
OG0000377	Prax.g_00261	Syam.g_02306
OG0000378	Prax.g_00622	Syam.g_02297
OG0000379	Prax.g_00625	Syam.g_02294
OG0000380	Prax.g_00637	Syam.g_02060
OG0000381	Prax.g_00641	Syam.g_02063
OG0000382	Prax.g_00652	Syam.g_02080
OG0000383	Prax.g_00654	Syam.g_02083
OG0000384	Prax.g_00655	Syam.g_02084
OG0000385	Prax.g_00656	Syam.g_02085
OG0000386	Prax.g_00657	Syam.g_02086
OG0000387	Prax.g_01119	Syam.g_02112
OG0000388	Prax.g_01116	Syam.g_02116
OG0000389	Prax.g_01113	Syam.g_02120
OG0000390	Prax.g_01106	Syam.g_02136
OG0000391	Prax.g_01102	Syam.g_02141
OG0000392	Prax.g_01098	Syam.g_02147
OG0000393	Prax.g_01096	Syam.g_02149
OG0000394	Prax.g_01095	Syam.g_02150
OG0000395	Prax.g_01094	Syam.g_02151
OG0000396	Prax.g_01091	Syam.g_02153
OG0000397	Prax.g_01089	Syam.g_02160
OG0000398	Prax.g_01087	Syam.g_02165
OG0000399	Prax.g_01086	Syam.g_02166
OG0000400	Prax.g_01085	Syam.g_02167
OG0000401	Prax.g_01084	Syam.g_02168
OG0000402	Prax.g_01082	Syam.g_02171
OG0000403	Prax.g_01081	Syam.g_02172
OG0000404	Prax.g_01080	Syam.g_02173
OG0000405	Prax.g_01076	Syam.g_02189
OG0000406	Prax.g_01071	Syam.g_02193
OG0000407	Prax.g_01070	Syam.g_02194
OG0000408	Prax.g_01068	Syam.g_02196
OG0000409	Prax.g_01066	Syam.g_02198
OG0000410	Prax.g_01065	Syam.g_02199
OG0000411	Prax.g_01064	Syam.g_02200
OG0000412	Prax.g_01063	Syam.g_02201
OG0000413	Prax.g_01062	Syam.g_02203
OG0000414	Prax.g_01061	Syam.g_02204
OG0000415	Prax.g_01060	Syam.g_02205
OG0000416	Prax.g_01059	Syam.g_02206
OG0000417	Prax.g_01058	Syam.g_02207
OG0000418	Prax.g_01053	Syam.g_02212
OG0000419	Prax.g_01051	Syam.g_02214
OG0000420	Prax.g_01050	Syam.g_02216
OG0000421	Prax.g_01045	Syam.g_02221
OG0000422	Prax.g_01044	Syam.g_02222
OG0000423	Prax.g_01043	Syam.g_02223
OG0000424	Prax.g_01042	Syam.g_02224
OG0000425	Prax.g_01041	Syam.g_02225
OG0000426	Prax.g_01040	Syam.g_02226
OG0000427	Prax.g_01039	Syam.g_02227
OG0000428	Prax.g_01037	Syam.g_02230
OG0000429	Prax.g_01036	Syam.g_02232
OG0000430	Prax.g_01035	Syam.g_02233
OG0000431	Prax.g_01033	Syam.g_02237
OG0000432	Prax.g_01030	Syam.g_02243
OG0000433	Prax.g_01029	Syam.g_02244
OG0000434	Prax.g_01028	Syam.g_02245
OG0000435	Prax.g_01027	Syam.g_02246
OG0000436	Prax.g_01022	Syam.g_02252
OG0000437	Prax.g_01021	Syam.g_02253
OG0000438	Prax.g_01020	Syam.g_02254
OG0000439	Prax.g_01018	Syam.g_02256
OG0000440	Prax.g_01017	Syam.g_02257
OG0000441	Prax.g_01014	Syam.g_02261
OG0000442	Prax.g_01013	Syam.g_02262
OG0000443	Prax.g_01012	Syam.g_02263
OG0000444	Prax.g_01007	Syam.g_02268
OG0000445	Prax.g_01006	Syam.g_02269
OG0000446	Prax.g_01005	Syam.g_02270
OG0000447	Prax.g_01004	Syam.g_02272
OG0000448	Prax.g_01003	Syam.g_02273
OG0000449	Prax.g_01002	Syam.g_02274
OG0000450	Prax.g_01001	Syam.g_02275
OG0000451	Prax.g_01000	Syam.g_02276
OG0000452	Prax.g_00997	Syam.g_02280
OG0000453	Prax.g_00996	Syam.g_02281
OG0000454	Prax.g_00995	Syam.g_02282
OG0000455	Prax.g_00994	Syam.g_02283
OG0000456	Prax.g_00993	Syam.g_02284
OG0000457	Prax.g_00992	Syam.g_02286
OG0000458	Prax.g_00991	Syam.g_02287
OG0000459	Prax.g_00990	Syam.g_02288
OG0000460	Prax.g_00983	Syam.g_00506
OG0000461	Prax.g_00933	Syam.g_00284
OG0000462	Prax.g_00931	Syam.g_00281
OG0000463	Prax.g_00930	Syam.g_00280
OG0000464	Prax.g_00929	Syam.g_00279
OG0000465	Prax.g_00928	Syam.g_00277
OG0000466	Prax.g_00925	Syam.g_00273
OG0000467	Prax.g_00924	Syam.g_00271
OG0000468	Prax.g_00922	Syam.g_00266
OG0000469	Prax.g_00913	Syam.g_00253
OG0000470	Prax.g_00911	Syam.g_00251
OG0000471	Prax.g_00910	Syam.g_00250
OG0000472	Prax.g_00909	Syam.g_00248
OG0000473	Prax.g_00907	Syam.g_00246
OG0000474	Prax.g_00906	Syam.g_00245
OG0000475	Prax.g_00905	Syam.g_00244
OG0000476	Prax.g_00904	Syam.g_00242
OG0000477	Prax.g_00900	Syam.g_00236
OG0000478	Prax.g_00899	Syam.g_00235
OG0000479	Prax.g_00898	Syam.g_00234
OG0000480	Prax.g_00893	Syam.g_00227
OG0000481	Prax.g_00891	Syam.g_00225
OG0000482	Prax.g_00890	Syam.g_00224
OG0000483	Prax.g_00887	Syam.g_00220
OG0000484	Prax.g_00886	Syam.g_00219
OG0000485	Prax.g_00885	Syam.g_00218
OG0000486	Prax.g_00884	Syam.g_00217
OG0000487	Prax.g_00880	Syam.g_00211
OG0000488	Prax.g_00877	Syam.g_00207
OG0000489	Prax.g_00872	Syam.g_00197
OG0000490	Prax.g_00867	Syam.g_00189
OG0000491	Prax.g_00866	Syam.g_00187
OG0000492	Prax.g_00864	Syam.g_00185
OG0000493	Prax.g_00863	Syam.g_00184
OG0000494	Prax.g_00862	Syam.g_00183
OG0000495	Prax.g_00861	Syam.g_00182
OG0000496	Prax.g_00860	Syam.g_00181
OG0000497	Prax.g_00859	Syam.g_00180
OG0000498	Prax.g_00858	Syam.g_00179
OG0000499	Prax.g_00857	Syam.g_00178
OG0000500	Prax.g_00856	Syam.g_00177
OG0000501	Prax.g_00854	Syam.g_00174
OG0000502	Prax.g_00849	Syam.g_00165
OG0000503	Prax.g_00839	Syam.g_00457
OG0000504	Prax.g_00838	Syam.g_00459
OG0000505	Prax.g_00837	Syam.g_00460
OG0000506	Prax.g_00835	Syam.g_00462
OG0000507	Prax.g_00832	Syam.g_00468
OG0000508	Prax.g_00828	Syam.g_00472
OG0000509	Prax.g_00826	Syam.g_00474
OG0000510	Prax.g_00825	Syam.g_00475
OG0000511	Prax.g_00824	Syam.g_00476
OG0000512	Prax.g_00822	Syam.g_00478
OG0000513	Prax.g_00815	Syam.g_00493
OG0000514	Prax.g_00769	Syam.g_00499
OG0000515	Prax.g_00768	Syam.g_00500
OG0000516	Prax.g_00767	Syam.g_01862
OG0000517	Prax.g_00765	Syam.g_01868
OG0000518	Prax.g_00754	Syam.g_01851
OG0000519	Prax.g_00753	Syam.g_01850
OG0000520	Prax.g_00752	Syam.g_01849
OG0000521	Prax.g_00747	Syam.g_01696
OG0000522	Prax.g_00746	Syam.g_01694
OG0000523	Prax.g_00745	Syam.g_01693
OG0000524	Prax.g_00740	Syam.g_01681
OG0000525	Prax.g_00737	Syam.g_01677
OG0000526	Prax.g_00736	Syam.g_01674
OG0000527	Prax.g_00729	Syam.g_01670
OG0000528	Prax.g_00724	Syam.g_00580
OG0000529	Prax.g_00721	Syam.g_00584
OG0000530	Prax.g_00718	Syam.g_00587
OG0000531	Prax.g_00717	Syam.g_00588
OG0000532	Prax.g_00715	Syam.g_00591
OG0000533	Prax.g_00714	Syam.g_00592
OG0000534	Prax.g_00713	Syam.g_00593
OG0000535	Prax.g_00712	Syam.g_00594
OG0000536	Prax.g_00711	Syam.g_00595
OG0000537	Prax.g_00709	Syam.g_00596
OG0000538	Prax.g_00701	Syam.g_00607
OG0000539	Prax.g_00700	Syam.g_00608
OG0000540	Prax.g_00699	Syam.g_00609
OG0000541	Prax.g_00698	Syam.g_00610
OG0000542	Prax.g_00696	Syam.g_00613
OG0000543	Prax.g_00694	Syam.g_00615
OG0000544	Prax.g_00693	Syam.g_00616
OG0000545	Prax.g_00691	Syam.g_00618
OG0000546	Prax.g_00688	Syam.g_00620
OG0000547	Prax.g_00686	Syam.g_00622
OG0000548	Prax.g_00685	Syam.g_00623
OG0000549	Prax.g_00683	Syam.g_00630
OG0000550	Prax.g_00678	Syam.g_00635
OG0000551	Prax.g_00674	Syam.g_00640
OG0000552	Prax.g_00673	Syam.g_00641
OG0000553	Prax.g_00672	Syam.g_00643
OG0000554	Prax.g_00667	Syam.g_00652
OG0000555	Prax.g_00003	Syam.g_00667
OG0000556	Prax.g_00005	Syam.g_00670
OG0000557	Prax.g_00006	Syam.g_00672
OG0000558	Prax.g_00008	Syam.g_00675
OG0000559	Prax.g_00012	Syam.g_00679
OG0000560	Prax.g_00015	Syam.g_00682
OG0000561	Prax.g_00016	Syam.g_00683
OG0000562	Prax.g_00017	Syam.g_00684
OG0000563	Prax.g_00018	Syam.g_00685
OG0000564	Prax.g_00019	Syam.g_00686
OG0000565	Prax.g_00022	Syam.g_00690
OG0000566	Prax.g_00024	Syam.g_00694
OG0000567	Prax.g_00028	Syam.g_00698
OG0000568	Prax.g_00029	Syam.g_01751
OG0000569	Prax.g_00030	Syam.g_01750
OG0000570	Prax.g_00031	Syam.g_01749
OG0000571	Prax.g_00033	Syam.g_01745
OG0000572	Prax.g_00046	Syam.g_01729
OG0000573	Prax.g_00051	Syam.g_01721
OG0000574	Prax.g_00052	Syam.g_01720
OG0000575	Prax.g_00056	Syam.g_01716
OG0000576	Prax.g_00058	Syam.g_01714
OG0000577	Prax.g_00059	Syam.g_01713
OG0000578	Prax.g_00060	Syam.g_01712
OG0000579	Prax.g_00061	Syam.g_01711
OG0000580	Prax.g_00062	Syam.g_01710
OG0000581	Prax.g_00064	Syam.g_01704
OG0000582	Prax.g_00067	Syam.g_01513
OG0000583	Prax.g_00068	Syam.g_01512
OG0000584	Prax.g_00069	Syam.g_01511
OG0000585	Prax.g_00071	Syam.g_01509
OG0000586	Prax.g_00072	Syam.g_01508
OG0000587	Prax.g_00073	Syam.g_01506
OG0000588	Prax.g_00077	Syam.g_01498
OG0000589	Prax.g_00080	Syam.g_01494
OG0000590	Prax.g_00081	Syam.g_01493
OG0000591	Prax.g_00084	Syam.g_01486
OG0000592	Prax.g_00085	Syam.g_01485
OG0000593	Prax.g_00091	Syam.g_01471
OG0000594	Prax.g_00092	Syam.g_01470
OG0000595	Prax.g_00093	Syam.g_01469
OG0000596	Prax.g_00097	Syam.g_01465
OG0000597	Prax.g_00099	Syam.g_01462
OG0000598	Prax.g_00100	Syam.g_01461
OG0000599	Prax.g_00103	Syam.g_01458
OG0000600	Prax.g_00104	Syam.g_01457
OG0000601	Prax.g_00105	Syam.g_01456
OG0000602	Prax.g_00107	Syam.g_01451
OG0000603	Prax.g_00108	Syam.g_01450
OG0000604	Prax.g_00109	Syam.g_01447
OG0000605	Prax.g_00110	Syam.g_01031
OG0000606	Prax.g_00113	Syam.g_01387
OG0000607	Prax.g_00116	Syam.g_01384
OG0000608	Prax.g_00117	Syam.g_01383
OG0000609	Prax.g_00118	Syam.g_01380
OG0000610	Prax.g_00123	Syam.g_01373
OG0000611	Prax.g_00975	Syam.g_01370
OG0000612	Prax.g_00974	Syam.g_01369
OG0000613	Prax.g_00969	Syam.g_00170
OG0000614	Prax.g_00950	Syam.g_00801
OG0000615	Prax.g_00942	Syam.g_01332
OG0000616	Prax.g_00938	Syam.g_02430
OG0000617	Prax.g_00479	Syam.g_01240
OG0000618	Prax.g_00478	Syam.g_01239
OG0000619	Prax.g_00477	Syam.g_01238
OG0000620	Prax.g_00474	Syam.g_01233
OG0000621	Prax.g_00473	Syam.g_01232
OG0000622	Prax.g_00472	Syam.g_01231
OG0000623	Prax.g_00471	Syam.g_01230
OG0000624	Prax.g_00470	Syam.g_01228
OG0000625	Prax.g_00469	Syam.g_01227
OG0000626	Prax.g_00468	Syam.g_01226
OG0000627	Prax.g_00467	Syam.g_01065
OG0000628	Prax.g_00466	Syam.g_01067
OG0000629	Prax.g_00465	Syam.g_01070
OG0000630	Prax.g_00462	Syam.g_01074
OG0000631	Prax.g_00382	Syam.g_01084
OG0000632	Prax.g_00381	Syam.g_01085
OG0000633	Prax.g_00380	Syam.g_01086
OG0000634	Prax.g_00377	Syam.g_01294
OG0000635	Prax.g_00376	Syam.g_01293
OG0000636	Prax.g_00374	Syam.g_01291
OG0000637	Prax.g_00372	Syam.g_01289
OG0000638	Prax.g_00371	Syam.g_01288
OG0000639	Prax.g_00370	Syam.g_01287
OG0000640	Prax.g_00369	Syam.g_01286
OG0000641	Prax.g_00365	Syam.g_01282
OG0000642	Prax.g_00364	Syam.g_01281
OG0000643	Prax.g_00363	Syam.g_01280
OG0000644	Prax.g_00362	Syam.g_01279
OG0000645	Prax.g_00361	Syam.g_01277
OG0000646	Prax.g_00359	Syam.g_01274
OG0000647	Prax.g_00358	Syam.g_01272
OG0000648	Prax.g_00356	Syam.g_01269
OG0000649	Prax.g_00355	Syam.g_01268
OG0000650	Prax.g_00354	Syam.g_01267
OG0000651	Prax.g_00353	Syam.g_01266
OG0000652	Prax.g_00352	Syam.g_01265
OG0000653	Prax.g_00350	Syam.g_01263
OG0000654	Prax.g_00349	Syam.g_01262
OG0000655	Prax.g_00348	Syam.g_01261
OG0000656	Prax.g_00345	Syam.g_01258
OG0000657	Prax.g_00337	Syam.g_00739
OG0000658	Prax.g_00336	Syam.g_00735
OG0000659	Prax.g_00335	Syam.g_00734
OG0000660	Prax.g_00331	Syam.g_00730
OG0000661	Prax.g_00329	Syam.g_00728
OG0000662	Prax.g_00327	Syam.g_00726
OG0000663	Prax.g_00325	Syam.g_00723
OG0000664	Prax.g_00324	Syam.g_00722
OG0000665	Prax.g_00320	Syam.g_02027
OG0000666	Prax.g_00319	Syam.g_01030
OG0000667	Prax.g_00315	Syam.g_00937
OG0000668	Prax.g_00546	Syam.g_01185
OG0000669	Prax.g_00553	Syam.g_01358
OG0000670	Prax.g_00555	Syam.g_00528
OG0000671	Prax.g_00557	Syam.g_01354
OG0000672	Prax.g_00559	Syam.g_01351
OG0000673	Prax.g_00562	Syam.g_01348
OG0000674	Prax.g_00564	Syam.g_01346
OG0000675	Prax.g_00565	Syam.g_01345
OG0000676	Prax.g_00567	Syam.g_01343
OG0000677	Prax.g_00568	Syam.g_01342
OG0000678	Prax.g_00570	Syam.g_01339
OG0000679	Prax.g_00574	Syam.g_01323
OG0000680	Prax.g_00575	Syam.g_01322
OG0000681	Prax.g_00578	Syam.g_01319
OG0000682	Prax.g_00579	Syam.g_01318
OG0000683	Prax.g_00580	Syam.g_01317
OG0000684	Prax.g_00582	Syam.g_01312
OG0000685	Prax.g_00584	Syam.g_01310
OG0000686	Prax.g_00585	Syam.g_01309
OG0000687	Prax.g_00586	Syam.g_01308
OG0000688	Prax.g_00589	Syam.g_01304
OG0000689	Prax.g_00590	Syam.g_01302
OG0000690	Prax.g_00591	Syam.g_01301
OG0000691	Prax.g_00592	Syam.g_01300
OG0000692	Prax.g_00594	Syam.g_01299
OG0000693	Prax.g_00595	Syam.g_01298
OG0000694	Prax.g_00596	Syam.g_01297
OG0000695	Prax.g_00598	Syam.g_01088
OG0000696	Prax.g_00599	Syam.g_01089
OG0000697	Prax.g_00600	Syam.g_01091
OG0000698	Prax.g_00603	Syam.g_01094
OG0000699	Prax.g_00604	Syam.g_01096
OG0000700	Prax.g_00605	Syam.g_01097
OG0000701	Prax.g_00606	Syam.g_01098
OG0000702	Prax.g_00608	Syam.g_01106
OG0000703	Prax.g_00609	Syam.g_01107
OG0000704	Prax.g_00610	Syam.g_01109
OG0000705	Prax.g_00614	Syam.g_01116
OG0000706	Prax.g_00615	Syam.g_01117
OG0000707	Prax.g_00616	Syam.g_01118
OG0000708	Prax.g_00617	Syam.g_01121
OG0000709	Prax.g_01130	Syam.g_01131
OG0000710	Prax.g_01133	Syam.g_01135
OG0000711	Prax.g_01150	Syam.g_01165
OG0000712	Prax.g_01152	Syam.g_01167
OG0000713	Prax.g_01153	Syam.g_01168
OG0000714	Prax.g_01154	Syam.g_01170
OG0000715	Prax.g_01156	Syam.g_01172
OG0000716	Prax.g_01158	Syam.g_01176
OG0000717	Prax.g_01159	Syam.g_01177
OG0000718	Prax.g_01173	Syam.g_01181
OG0000719	Prax.g_01175	Syam.g_01183
OG0000720	Prax.g_01184	Syam.g_01197
OG0000721	Prax.g_01186	Syam.g_01199
OG0000722	Prax.g_01187	Syam.g_01200
OG0000723	Prax.g_01190	Syam.g_01224
OG0000724	Prax.g_01199	Syam.g_00768
OG0000725	Prax.g_01205	Syam.g_00777
OG0000726	Prax.g_01206	Syam.g_00778
OG0000727	Prax.g_01207	Syam.g_00779
OG0000728	Prax.g_01209	Syam.g_00781
OG0000729	Prax.g_01256	Syam.g_00105
OG0000730	Prax.g_00126	Syam.g_00454
OG0000731	Prax.g_00130	Syam.g_00466
OG0000732	Prax.g_00140	Syam.g_00051
OG0000733	Prax.g_00162	Syam.g_02339
OG0000734	Prax.g_00185	Syam.g_02128
OG0000735	Prax.g_00187	Syam.g_01810
OG0000736	Prax.g_00188	Syam.g_01809
OG0000737	Prax.g_00189	Syam.g_01808
OG0000738	Prax.g_00193	Syam.g_01803
OG0000739	Prax.g_00194	Syam.g_01802
OG0000740	Prax.g_00195	Syam.g_01801
OG0000741	Prax.g_00196	Syam.g_01798
OG0000742	Prax.g_00199	Syam.g_01796
OG0000743	Prax.g_00201	Syam.g_01794
OG0000744	Prax.g_00202	Syam.g_01793
OG0000745	Prax.g_00203	Syam.g_01791
OG0000746	Prax.g_00205	Syam.g_01789
OG0000747	Prax.g_00206	Syam.g_01788
OG0000748	Prax.g_00209	Syam.g_01779
OG0000749	Prax.g_00210	Syam.g_01776
OG0000750	Prax.g_00211	Syam.g_01775
OG0000751	Prax.g_00213	Syam.g_01770
OG0000752	Prax.g_00215	Syam.g_01768
OG0000753	Prax.g_00218	Syam.g_01765
OG0000754	Prax.g_00221	Syam.g_00910
OG0000755	Prax.g_00224	Syam.g_00900
OG0000756	Prax.g_00225	Syam.g_00899
OG0000757	Prax.g_00231	Syam.g_00891
OG0000758	Prax.g_00232	Syam.g_00890
OG0000759	Prax.g_00233	Syam.g_00889
OG0000760	Prax.g_00234	Syam.g_00888
OG0000761	Prax.g_00235	Syam.g_00886
OG0000762	Prax.g_00236	Syam.g_00884
OG0000763	Prax.g_00238	Syam.g_00882
OG0000764	Prax.g_00239	Syam.g_00881
OG0000765	Prax.g_00248	Syam.g_00864
OG0000766	Prax.g_00249	Syam.g_00863
OG0000767	Prax.g_00251	Syam.g_00861
OG0000768	Prax.g_00252	Syam.g_00860
OG0000769	Prax.g_00254	Syam.g_00858
OG0000770	Prax.g_00256	Syam.g_00855
OG0000771	Prax.g_01789	Syam.g_00762
OG0000772	Prax.g_01928	Syam.g_01005
OG0000773	Prax.g_01908	Syam.g_01816
OG0000774	Prax.g_01906	Syam.g_01820
OG0000775	Prax.g_01904	Syam.g_01823
OG0000776	Prax.g_01903	Syam.g_01824
OG0000777	Prax.g_01902	Syam.g_01825
OG0000778	Prax.g_01901	Syam.g_01826
OG0000779	Prax.g_01897	Syam.g_01832
OG0000780	Prax.g_01896	Syam.g_01835
OG0000781	Prax.g_01893	Syam.g_01839
OG0000782	Prax.g_01892	Syam.g_01840
OG0000783	Prax.g_01891	Syam.g_01841
OG0000784	Prax.g_01890	Syam.g_01842
OG0000785	Prax.g_01888	Syam.g_01844
OG0000786	Prax.g_01886	Syam.g_01700
OG0000787	Prax.g_01885	Syam.g_01701
OG0000788	Prax.g_01876	Syam.g_01455
OG0000789	Prax.g_01873	Syam.g_01044
OG0000790	Prax.g_01858	Syam.g_00570
OG0000791	Prax.g_01856	Syam.g_00568
OG0000792	Prax.g_01855	Syam.g_00567
OG0000793	Prax.g_01852	Syam.g_00562
OG0000794	Prax.g_01851	Syam.g_00561
OG0000795	Prax.g_01850	Syam.g_00560
OG0000796	Prax.g_01846	Syam.g_00556
OG0000797	Prax.g_01845	Syam.g_00555
OG0000798	Prax.g_01819	Syam.g_00233
OG0000799	Prax.g_01751	Syam.g_01585
OG0000800	Prax.g_01750	Syam.g_01588
OG0000801	Prax.g_01749	Syam.g_01589
OG0000802	Prax.g_01747	Syam.g_01592
OG0000803	Prax.g_01745	Syam.g_01597
OG0000804	Prax.g_01744	Syam.g_01600
OG0000805	Prax.g_01742	Syam.g_01602
OG0000806	Prax.g_01740	Syam.g_01604
OG0000807	Prax.g_01739	Syam.g_01606
OG0000808	Prax.g_01738	Syam.g_01607
OG0000809	Prax.g_01735	Syam.g_01610
OG0000810	Prax.g_01734	Syam.g_01611
OG0000811	Prax.g_01725	Syam.g_01616
OG0000812	Prax.g_01723	Syam.g_01618
OG0000813	Prax.g_01722	Syam.g_01619
OG0000814	Prax.g_01720	Syam.g_01621
OG0000815	Prax.g_01719	Syam.g_01622
OG0000816	Prax.g_01717	Syam.g_01624
OG0000817	Prax.g_01716	Syam.g_01625
OG0000818	Prax.g_01711	Syam.g_01631
OG0000819	Prax.g_01710	Syam.g_01632
OG0000820	Prax.g_01709	Syam.g_01633
OG0000821	Prax.g_01705	Syam.g_01639
OG0000822	Prax.g_01704	Syam.g_01641
OG0000823	Prax.g_01703	Syam.g_01642
OG0000824	Prax.g_01700	Syam.g_01648
OG0000825	Prax.g_01699	Syam.g_01649
OG0000826	Prax.g_01698	Syam.g_01650
OG0000827	Prax.g_01697	Syam.g_01651
OG0000828	Prax.g_01694	Syam.g_01655
OG0000829	Prax.g_01693	Syam.g_01656
OG0000830	Prax.g_01692	Syam.g_01657
OG0000831	Prax.g_01690	Syam.g_01659
OG0000832	Prax.g_01684	Syam.g_01923
OG0000833	Prax.g_01676	Syam.g_01932
OG0000834	Prax.g_01675	Syam.g_01933
OG0000835	Prax.g_01674	Syam.g_01934
OG0000836	Prax.g_01673	Syam.g_01937
OG0000837	Prax.g_01672	Syam.g_01938
OG0000838	Prax.g_01670	Syam.g_01946
OG0000839	Prax.g_01669	Syam.g_01947
OG0000840	Prax.g_01668	Syam.g_01948
OG0000841	Prax.g_01667	Syam.g_01949
OG0000842	Prax.g_01666	Syam.g_01950
OG0000843	Prax.g_01665	Syam.g_01951
OG0000844	Prax.g_01664	Syam.g_01953
OG0000845	Prax.g_01663	Syam.g_01954
OG0000846	Prax.g_01662	Syam.g_01955
OG0000847	Prax.g_01661	Syam.g_01956
OG0000848	Prax.g_01660	Syam.g_01958
OG0000849	Prax.g_01659	Syam.g_01959
OG0000850	Prax.g_01657	Syam.g_01961
OG0000851	Prax.g_01656	Syam.g_01966
OG0000852	Prax.g_01655	Syam.g_01967
OG0000853	Prax.g_01651	Syam.g_01971
OG0000854	Prax.g_01649	Syam.g_01973
OG0000855	Prax.g_01648	Syam.g_01974
OG0000856	Prax.g_01633	Syam.g_01483
OG0000857	Prax.g_01605	Syam.g_01273
OG0000858	Prax.g_01565	Syam.g_01980
OG0000859	Prax.g_01564	Syam.g_01981
OG0000860	Prax.g_01557	Syam.g_01992
OG0000861	Prax.g_01556	Syam.g_01993
OG0000862	Prax.g_01555	Syam.g_01994
OG0000863	Prax.g_01553	Syam.g_01996
OG0000864	Prax.g_01552	Syam.g_01997
OG0000865	Prax.g_01551	Syam.g_01998
OG0000866	Prax.g_01550	Syam.g_01999
OG0000867	Prax.g_01549	Syam.g_02000
OG0000868	Prax.g_01548	Syam.g_02003
OG0000869	Prax.g_01544	Syam.g_02007
OG0000870	Prax.g_01539	Syam.g_02012
OG0000871	Prax.g_01538	Syam.g_02013
OG0000872	Prax.g_01537	Syam.g_02021
OG0000873	Prax.g_01534	Syam.g_02024
OG0000874	Prax.g_01531	Syam.g_02019
OG0000875	Prax.g_01530	Syam.g_02026
OG0000876	Prax.g_01529	Syam.g_01877
OG0000877	Prax.g_01527	Syam.g_01882
OG0000878	Prax.g_01526	Syam.g_01883
OG0000879	Prax.g_01525	Syam.g_01884
OG0000880	Prax.g_01524	Syam.g_01885
OG0000881	Prax.g_01520	Syam.g_01891
OG0000882	Prax.g_01515	Syam.g_01896
OG0000883	Prax.g_01513	Syam.g_01898
OG0000884	Prax.g_01511	Syam.g_01900
OG0000885	Prax.g_01510	Syam.g_01901
OG0000886	Prax.g_01509	Syam.g_01902
OG0000887	Prax.g_01508	Syam.g_01903
OG0000888	Prax.g_01506	Syam.g_01905
OG0000889	Prax.g_01504	Syam.g_01907
OG0000890	Prax.g_01503	Syam.g_01910
OG0000891	Prax.g_01502	Syam.g_01911
OG0000892	Prax.g_01257	Syam.g_01913
OG0000893	Prax.g_01262	Syam.g_00287
OG0000894	Prax.g_01264	Syam.g_00290
OG0000895	Prax.g_01267	Syam.g_00294
OG0000896	Prax.g_01268	Syam.g_00295
OG0000897	Prax.g_01270	Syam.g_00297
OG0000898	Prax.g_01271	Syam.g_00298
OG0000899	Prax.g_01272	Syam.g_00299
OG0000900	Prax.g_01273	Syam.g_00300
OG0000901	Prax.g_01276	Syam.g_00305
OG0000902	Prax.g_01278	Syam.g_00307
OG0000903	Prax.g_01281	Syam.g_00322
OG0000904	Prax.g_01283	Syam.g_00317
OG0000905	Prax.g_01288	Syam.g_00312
OG0000906	Prax.g_01289	Syam.g_00309
OG0000907	Prax.g_01296	Syam.g_00324
OG0000908	Prax.g_01299	Syam.g_00327
OG0000909	Prax.g_01300	Syam.g_00328
OG0000910	Prax.g_01301	Syam.g_00329
OG0000911	Prax.g_01303	Syam.g_00331
OG0000912	Prax.g_01304	Syam.g_00332
OG0000913	Prax.g_01305	Syam.g_00333
OG0000914	Prax.g_01306	Syam.g_00334
OG0000915	Prax.g_01307	Syam.g_00336
OG0000916	Prax.g_01308	Syam.g_00337
OG0000917	Prax.g_01309	Syam.g_00338
OG0000918	Prax.g_01310	Syam.g_00339
OG0000919	Prax.g_01311	Syam.g_00340
OG0000920	Prax.g_01312	Syam.g_00341
OG0000921	Prax.g_01313	Syam.g_00342
OG0000922	Prax.g_01314	Syam.g_00343
OG0000923	Prax.g_01318	Syam.g_00347
OG0000924	Prax.g_01319	Syam.g_00348
OG0000925	Prax.g_01320	Syam.g_00349
OG0000926	Prax.g_01321	Syam.g_00350
OG0000927	Prax.g_01323	Syam.g_00352
OG0000928	Prax.g_01324	Syam.g_00353
OG0000929	Prax.g_01325	Syam.g_00354
OG0000930	Prax.g_01326	Syam.g_00355
OG0000931	Prax.g_01327	Syam.g_00356
OG0000932	Prax.g_01328	Syam.g_00357
OG0000933	Prax.g_01332	Syam.g_00363
OG0000934	Prax.g_01334	Syam.g_00365
OG0000935	Prax.g_01335	Syam.g_00366
OG0000936	Prax.g_01336	Syam.g_00368
OG0000937	Prax.g_01337	Syam.g_00369
OG0000938	Prax.g_01339	Syam.g_00373
OG0000939	Prax.g_01340	Syam.g_00374
OG0000940	Prax.g_01347	Syam.g_00381
OG0000941	Prax.g_01349	Syam.g_00383
OG0000942	Prax.g_01351	Syam.g_00385
OG0000943	Prax.g_01352	Syam.g_00386
OG0000944	Prax.g_01353	Syam.g_00388
OG0000945	Prax.g_01354	Syam.g_00390
OG0000946	Prax.g_01358	Syam.g_00395
OG0000947	Prax.g_01360	Syam.g_00398
OG0000948	Prax.g_01361	Syam.g_00399
OG0000949	Prax.g_01364	Syam.g_00159
OG0000950	Prax.g_01369	Syam.g_00150
OG0000951	Prax.g_01373	Syam.g_00145
OG0000952	Prax.g_01377	Syam.g_00140
OG0000953	Prax.g_01380	Syam.g_00136
OG0000954	Prax.g_01384	Syam.g_00131
OG0000955	Prax.g_01385	Syam.g_00130
OG0000956	Prax.g_01387	Syam.g_00128
OG0000957	Prax.g_01392	Syam.g_00117
OG0000958	Prax.g_01393	Syam.g_00116
OG0000959	Prax.g_01397	Syam.g_00112
OG0000960	Prax.g_01398	Syam.g_00111
OG0000961	Prax.g_01400	Syam.g_00108
OG0000962	Prax.g_01402	Syam.g_00106
OG0000963	Prax.g_01406	Syam.g_00101
OG0000964	Prax.g_01407	Syam.g_00100
OG0000965	Prax.g_01408	Syam.g_00099
OG0000966	Prax.g_01415	Syam.g_00074
OG0000967	Prax.g_01420	Syam.g_00069
OG0000968	Prax.g_01422	Syam.g_00077
OG0000969	Prax.g_01423	Syam.g_00072
OG0000970	Prax.g_01424	Syam.g_00071
OG0000971	Prax.g_01425	Syam.g_00066
OG0000972	Prax.g_01426	Syam.g_00065
OG0000973	Prax.g_01427	Syam.g_00064
OG0000974	Prax.g_01428	Syam.g_00063
OG0000975	Prax.g_01429	Syam.g_00062
OG0000976	Prax.g_01430	Syam.g_00061
OG0000977	Prax.g_01431	Syam.g_00059
OG0000978	Prax.g_01432	Syam.g_00058
OG0000979	Prax.g_01435	Syam.g_00055
OG0000980	Prax.g_01437	Syam.g_00052
OG0000981	Prax.g_01439	Syam.g_00049
OG0000982	Prax.g_01441	Syam.g_02314
OG0000983	Prax.g_01442	Syam.g_02315
OG0000984	Prax.g_01443	Syam.g_02316
OG0000985	Prax.g_01446	Syam.g_02318
OG0000986	Prax.g_01448	Syam.g_02320
OG0000987	Prax.g_01449	Syam.g_02322
OG0000988	Prax.g_01452	Syam.g_02327
OG0000989	Prax.g_01455	Syam.g_02334
OG0000990	Prax.g_01458	Syam.g_02346
OG0000991	Prax.g_01459	Syam.g_02348
OG0000992	Prax.g_01461	Syam.g_02351
OG0000993	Prax.g_01462	Syam.g_02352
OG0000994	Prax.g_01463	Syam.g_02354
OG0000995	Prax.g_01467	Syam.g_02359
OG0000996	Prax.g_01468	Syam.g_02405
OG0000997	Prax.g_01469	Syam.g_02416
OG0000998	Prax.g_01471	Syam.g_02418
OG0000999	Prax.g_01472	Syam.g_02419
OG0001000	Prax.g_01475	Syam.g_02422
OG0001001	Prax.g_01477	Syam.g_02427
OG0001002	Prax.g_01481	Syam.g_02433
OG0001003	Prax.g_01482	Syam.g_02434
OG0001004	Prax.g_01483	Syam.g_02435
OG0001005	Prax.g_01484	Syam.g_02436
OG0001006	Prax.g_01488	Syam.g_02444
OG0001007	Prax.g_01490	Syam.g_02446
OG0001008	Prax.g_00763	Syam.g_01866
OG0001009	Prax.g_00286	Syam.g_00032
OG0001010	Prax.g_00285	Syam.g_00033
OG0001011	Prax.g_00284	Syam.g_00034
OG0001012	Prax.g_00270	Syam.g_02310
OG0001013	Prax.g_00623	Syam.g_02296
OG0001014	Prax.g_00626	Syam.g_02292
OG0001015	Prax.g_00627	Syam.g_02291
OG0001016	Prax.g_00644	Syam.g_02067
OG0001017	Prax.g_00648	Syam.g_02073
OG0001018	Prax.g_00651	Syam.g_02075
OG0001019	Prax.g_00660	Syam.g_02093
OG0001020	Prax.g_01128	Syam.g_02098
OG0001021	Prax.g_01127	Syam.g_02102
OG0001022	Prax.g_01124	Syam.g_02106
OG0001023	Prax.g_01123	Syam.g_02107
OG0001024	Prax.g_01120	Syam.g_02111
OG0001025	Prax.g_01114	Syam.g_02118
OG0001026	Prax.g_01108	Syam.g_02130
OG0001027	Prax.g_01107	Syam.g_02135
OG0001028	Prax.g_01105	Syam.g_02137
OG0001029	Prax.g_01103	Syam.g_02139
OG0001030	Prax.g_01088	Syam.g_02163
OG0001031	Prax.g_01032	Syam.g_02239
OG0001032	Prax.g_01031	Syam.g_02241
OG0001033	Prax.g_01010	Syam.g_02265
OG0001034	Prax.g_00982	Syam.g_00508
OG0001035	Prax.g_00921	Syam.g_00265
OG0001036	Prax.g_00916	Syam.g_00261
OG0001037	Prax.g_00915	Syam.g_00259
OG0001038	Prax.g_00897	Syam.g_00232
OG0001039	Prax.g_00894	Syam.g_00229
OG0001040	Prax.g_00892	Syam.g_00226
OG0001041	Prax.g_00888	Syam.g_00221
OG0001042	Prax.g_00871	Syam.g_00196
OG0001043	Prax.g_00870	Syam.g_00192
OG0001044	Prax.g_00840	Syam.g_00456
OG0001045	Prax.g_00831	Syam.g_00469
OG0001046	Prax.g_00795	Syam.g_01151
OG0001047	Prax.g_00761	Syam.g_01864
OG0001048	Prax.g_00760	Syam.g_01863
OG0001049	Prax.g_00758	Syam.g_01855
OG0001050	Prax.g_00757	Syam.g_01854
OG0001051	Prax.g_00756	Syam.g_01853
OG0001052	Prax.g_00731	Syam.g_01672
OG0001053	Prax.g_00719	Syam.g_00586
OG0001054	Prax.g_00703	Syam.g_00603
OG0001055	Prax.g_00684	Syam.g_00624
OG0001056	Prax.g_00665	Syam.g_00656
OG0001057	Prax.g_00002	Syam.g_00664
OG0001058	Prax.g_00010	Syam.g_00677
OG0001059	Prax.g_00014	Syam.g_00681
OG0001060	Prax.g_00021	Syam.g_00688
OG0001061	Prax.g_00034	Syam.g_01744
OG0001062	Prax.g_00036	Syam.g_01742
OG0001063	Prax.g_00038	Syam.g_01737
OG0001064	Prax.g_00039	Syam.g_01736
OG0001065	Prax.g_00040	Syam.g_01735
OG0001066	Prax.g_00041	Syam.g_01734
OG0001067	Prax.g_00042	Syam.g_01733
OG0001068	Prax.g_00043	Syam.g_01732
OG0001069	Prax.g_00044	Syam.g_01731
OG0001070	Prax.g_00047	Syam.g_01728
OG0001071	Prax.g_00048	Syam.g_01727
OG0001072	Prax.g_00049	Syam.g_01723
OG0001073	Prax.g_00063	Syam.g_01709
OG0001074	Prax.g_00074	Syam.g_01504
OG0001075	Prax.g_00075	Syam.g_01502
OG0001076	Prax.g_00083	Syam.g_01491
OG0001077	Prax.g_00087	Syam.g_01480
OG0001078	Prax.g_00095	Syam.g_01467
OG0001079	Prax.g_00106	Syam.g_01454
OG0001080	Prax.g_00112	Syam.g_01034
OG0001081	Prax.g_00114	Syam.g_01386
OG0001082	Prax.g_00115	Syam.g_01385
OG0001083	Prax.g_00120	Syam.g_01377
OG0001084	Prax.g_00121	Syam.g_01376
OG0001085	Prax.g_00972	Syam.g_01366
OG0001086	Prax.g_00971	Syam.g_01364
OG0001087	Prax.g_00954	Syam.g_00813
OG0001088	Prax.g_00953	Syam.g_00809
OG0001089	Prax.g_00945	Syam.g_00785
OG0001090	Prax.g_00484	Syam.g_01246
OG0001091	Prax.g_00482	Syam.g_01244
OG0001092	Prax.g_00481	Syam.g_01242
OG0001093	Prax.g_00476	Syam.g_01236
OG0001094	Prax.g_00379	Syam.g_01296
OG0001095	Prax.g_00360	Syam.g_01276
OG0001096	Prax.g_00347	Syam.g_01260
OG0001097	Prax.g_00328	Syam.g_00727
OG0001098	Prax.g_00313	Syam.g_01037
OG0001099	Prax.g_00550	Syam.g_02138
OG0001100	Prax.g_00554	Syam.g_01356
OG0001101	Prax.g_00556	Syam.g_01355
OG0001103	Prax.g_00560	Syam.g_01350
OG0001104	Prax.g_00583	Syam.g_01311
OG0001105	Prax.g_00587	Syam.g_01307
OG0001106	Prax.g_00611	Syam.g_01110
OG0001107	Prax.g_00618	Syam.g_01122
OG0001108	Prax.g_01131	Syam.g_01132
OG0001109	Prax.g_01132	Syam.g_01134
OG0001110	Prax.g_01134	Syam.g_01136
OG0001111	Prax.g_01135	Syam.g_01138
OG0001112	Prax.g_01136	Syam.g_01140
OG0001113	Prax.g_01137	Syam.g_01141
OG0001114	Prax.g_01138	Syam.g_01142
OG0001115	Prax.g_01140	Syam.g_01146
OG0001116	Prax.g_01141	Syam.g_01148
OG0001117	Prax.g_01142	Syam.g_01149
OG0001118	Prax.g_01143	Syam.g_01150
OG0001119	Prax.g_01144	Syam.g_01152
OG0001120	Prax.g_01146	Syam.g_01156
OG0001121	Prax.g_00159, Prax.g_01149	Syam.g_00970
OG0001122	Prax.g_01176	Syam.g_01184
OG0001123	Prax.g_01180	Syam.g_01191
OG0001124	Prax.g_01182	Syam.g_01194
OG0001125	Prax.g_01183	Syam.g_01196
OG0001126	Prax.g_01193	Syam.g_00757
OG0001127	Prax.g_01194	Syam.g_00758
OG0001128	Prax.g_01196	Syam.g_00764
OG0001129	Prax.g_01197	Syam.g_00766
OG0001130	Prax.g_01198	Syam.g_00767
OG0001131	Prax.g_01235	Syam.g_01337
OG0001132	Prax.g_01245	Syam.g_01020
OG0001134	Prax.g_00161	Syam.g_00915
OG0001136	Prax.g_00197	Syam.g_01797
OG0001137	Prax.g_00208	Syam.g_01780
OG0001138	Prax.g_00226	Syam.g_00898
OG0001139	Prax.g_00227	Syam.g_00896
OG0001140	Prax.g_00228	Syam.g_00895
OG0001141	Prax.g_00229	Syam.g_00894
OG0001142	Prax.g_00230	Syam.g_00892
OG0001143	Prax.g_00237	Syam.g_00883
OG0001144	Prax.g_00242	Syam.g_00873
OG0001145	Prax.g_01907	Syam.g_01817
OG0001146	Prax.g_01895	Syam.g_01836
OG0001147	Prax.g_01877	Syam.g_01665
OG0001148	Prax.g_01861	Syam.g_00573
OG0001149	Prax.g_01860	Syam.g_00572
OG0001150	Prax.g_01859	Syam.g_00571
OG0001151	Prax.g_01848	Syam.g_00558
OG0001152	Prax.g_01847	Syam.g_00557
OG0001153	Prax.g_01696	Syam.g_01652
OG0001154	Prax.g_01695	Syam.g_01654
OG0001155	Prax.g_01683	Syam.g_01925
OG0001156	Prax.g_01680	Syam.g_01928
OG0001157	Prax.g_01679	Syam.g_01929
OG0001158	Prax.g_01678	Syam.g_01930
OG0001159	Prax.g_01677	Syam.g_01931
OG0001160	Prax.g_01653	Syam.g_01969
OG0001161	Prax.g_01640	Syam.g_02338
OG0001162	Prax.g_01629	Syam.g_01257
OG0001163	Prax.g_01567	Syam.g_01977
OG0001164	Prax.g_01563	Syam.g_01983
OG0001165	Prax.g_01560	Syam.g_01988
OG0001166	Prax.g_01540	Syam.g_02011
OG0001167	Prax.g_01523	Syam.g_01888
OG0001168	Prax.g_01521	Syam.g_01890
OG0001169	Prax.g_01519	Syam.g_01892
OG0001170	Prax.g_01517	Syam.g_01894
OG0001171	Prax.g_01507	Syam.g_01904
OG0001172	Prax.g_01265	Syam.g_00292
OG0001173	Prax.g_01266	Syam.g_00293
OG0001174	Prax.g_01274	Syam.g_00301
OG0001175	Prax.g_01275	Syam.g_00302
OG0001176	Prax.g_01282	Syam.g_00321
OG0001177	Prax.g_01285	Syam.g_00319
OG0001178	Prax.g_01290	Syam.g_01995
OG0001179	Prax.g_01322	Syam.g_00351
OG0001180	Prax.g_01344	Syam.g_00378
OG0001181	Prax.g_01348	Syam.g_00382
OG0001182	Prax.g_01355	Syam.g_00391
OG0001183	Prax.g_01359	Syam.g_00396
OG0001184	Prax.g_01375	Syam.g_00143
OG0001185	Prax.g_01389	Syam.g_00121
OG0001186	Prax.g_01412	Syam.g_00076
OG0001187	Prax.g_01416	Syam.g_00073
OG0001188	Prax.g_01419	Syam.g_00070
OG0001189	Prax.g_01436	Syam.g_00054
OG0001190	Prax.g_01440	Syam.g_02313
OG0001191	Prax.g_01450	Syam.g_02324
OG0001192	Prax.g_01454	Syam.g_02330
OG0001193	Prax.g_01464	Syam.g_02355
OG0001194	Prax.g_01465	Syam.g_02357
OG0001195	Prax.g_01466	Syam.g_02358
OG0001196	Prax.g_01479	Syam.g_02429
OG0001197	Prax.g_01480	Syam.g_02431
OG0001198	Prax.g_01487	Syam.g_02443
OG0001199	Prax.g_00645	Syam.g_02068
OG0001200	Prax.g_00647	Syam.g_02070
OG0001201	Prax.g_01111	Syam.g_02122
OG0001202	Prax.g_01019	Syam.g_02255
OG0001203	Prax.g_00980	Syam.g_00511
OG0001204	Prax.g_00932	Syam.g_00282
OG0001205	Prax.g_00755	Syam.g_01852
OG0001206	Prax.g_00739	Syam.g_01680
OG0001208	Prax.g_00720	Syam.g_00585
OG0001209	Prax.g_00666	Syam.g_00654
OG0001210	Prax.g_00001	Syam.g_00663
OG0001211	Prax.g_00011	Syam.g_00678
OG0001212	Prax.g_00055	Syam.g_01717
OG0001213	Prax.g_00088	Syam.g_01479
OG0001214	Prax.g_00096	Syam.g_01466
OG0001215	Prax.g_00952	Syam.g_00808
OG0001216	Prax.g_00483	Syam.g_01245
OG0001217	Prax.g_00428	Syam.g_01403
OG0001218	Prax.g_00420	Syam.g_01662
OG0001219	Prax.g_00384	Syam.g_01080
OG0001220	Prax.g_00321	Syam.g_01754
OG0001221	Prax.g_00572	Syam.g_01334
OG0001222	Prax.g_00612	Syam.g_01111
OG0001224	Prax.g_01200	Syam.g_00770
OG0001225	Prax.g_01202	Syam.g_00772
OG0001226	Prax.g_01229	Syam.g_01425
OG0001227	Prax.g_01248	Syam.g_02340
OG0001228	Prax.g_00245	Syam.g_01858
OG0001229	Prax.g_01865	Syam.g_00796
OG0001230	Prax.g_01741	Syam.g_01603
OG0001231	Prax.g_01631	Syam.g_00017
OG0001232	Prax.g_01536	Syam.g_02022
OG0001233	Prax.g_01516	Syam.g_01895
OG0001234	Prax.g_01277	Syam.g_00306
OG0001235	Prax.g_01287	Syam.g_00313
OG0001236	Prax.g_01372	Syam.g_00146
OG0001237	Prax.g_01376	Syam.g_00141
OG0001238	Prax.g_01451	Syam.g_02326
OG0001239	Prax.g_00642	Syam.g_02065
OG0001240	Prax.g_01125	Syam.g_02105
OG0001241	Prax.g_01117	Syam.g_02115
OG0001242	Prax.g_01099	Syam.g_02145
OG0001244	Prax.g_01077	Syam.g_02188
OG0001245	Prax.g_00794	Syam.g_01057
OG0001246	Prax.g_00697	Syam.g_00611
OG0001247	Prax.g_00959	Syam.g_01253
OG0001248	Prax.g_00957	Syam.g_01256
OG0001249	Prax.g_00395	Syam.g_00436
OG0001250	Prax.g_00332	Syam.g_00731
OG0001251	Prax.g_00547	Syam.g_02365
OG0001252	Prax.g_01195	Syam.g_00763
OG0001253	Prax.g_01249	Syam.g_01021
OG0001254	Prax.g_00163	Syam.g_00916
OG0001255	Prax.g_00184	Syam.g_01056
OG0001256	Prax.g_01638	Syam.g_01976
OG0001257	Prax.g_01632	Syam.g_01683
OG0001258	Prax.g_01562	Syam.g_01986
OG0001259	Prax.g_01518	Syam.g_01893
OG0001260	Prax.g_01501	Syam.g_01912
OG0001261	Prax.g_01330	Syam.g_00360
OG0001262	Prax.g_01434	Syam.g_00056
OG0001263	Prax.g_01090	Syam.g_02159
OG0001265	Prax.g_01100	Syam.g_02143
OG0001266	Prax.g_01015	Syam.g_02259
OG0001267	Prax.g_00895	Syam.g_00230
OG0001268	Prax.g_00834	Syam.g_00463
OG0001269	Prax.g_00814	Syam.g_00956
OG0001270	Prax.g_00766	Syam.g_01871
OG0001271	Prax.g_00730	Syam.g_01671
OG0001272	Prax.g_00716	Syam.g_00589
OG0001273	Prax.g_00090	Syam.g_01472
OG0001274	Prax.g_00939	Syam.g_02285
OG0001275	Prax.g_01157	Syam.g_01174
OG0001276	Prax.g_01179	Syam.g_01190
OG0001277	Prax.g_01237	Syam.g_02415
OG0001278	Prax.g_00250	Syam.g_00862
OG0001279	Prax.g_01957	Syam.g_01590
OG0001280	Prax.g_01900	Syam.g_01827
OG0001281	Prax.g_01894	Syam.g_01837
OG0001282	Prax.g_01862	Syam.g_00574
OG0001283	Prax.g_01843	Syam.g_02424
OG0001284	Prax.g_01658	Syam.g_01960
OG0001285	Prax.g_01533	Syam.g_02380
OG0001286	Prax.g_01342	Syam.g_00376
OG0001287	Prax.g_01396	Syam.g_00113
OG0001288	Prax.g_01405	Syam.g_00102
OG0001289	Prax.g_00658	Syam.g_02089
OG0001290	Prax.g_01118	Syam.g_02114
OG0001291	Prax.g_01083	Syam.g_02170
OG0001292	Prax.g_00927	Syam.g_00276
OG0001293	Prax.g_00914	Syam.g_00256
OG0001294	Prax.g_00796	Syam.g_01365
OG0001295	Prax.g_00734	Syam.g_00665
OG0001296	Prax.g_00692	Syam.g_00617
OG0001297	Prax.g_00687	Syam.g_00621
OG0001298	Prax.g_00037	Syam.g_01738
OG0001299	Prax.g_00976	Syam.g_01371
OG0001300	Prax.g_00949	Syam.g_00800
OG0001301	Prax.g_00946	Syam.g_00786
OG0001302	Prax.g_00386	Syam.g_01437
OG0001303	Prax.g_01161	Syam.g_01082
OG0001304	Prax.g_01189	Syam.g_01204
OG0001305	Prax.g_01208	Syam.g_00780
OG0001306	Prax.g_00186	Syam.g_01811
OG0001307	Prax.g_01880	Syam.g_00945
OG0001308	Prax.g_01718	Syam.g_01623
OG0001309	Prax.g_01634	Syam.g_00628
OG0001311	Prax.g_01181	Syam.g_01192
OG0001312	Prax.g_00601	Syam.g_01092
OG0001315	Prax.g_00633	Syam.g_00394
OG0001316	Prax.g_01078	Syam.g_02176
OG0001317	Prax.g_00984	Syam.g_00505
OG0001319	Prax.g_00903	Syam.g_00241
OG0001321	Prax.g_00749	Syam.g_01846
OG0001322	Prax.g_00748	Syam.g_01845
OG0001323	Prax.g_00682	Syam.g_00631
OG0001324	Prax.g_00948	Syam.g_00799
OG0001325	Prax.g_00480	Syam.g_01241
OG0001326	Prax.g_00535	Syam.g_02370
OG0001327	Prax.g_01221	Syam.g_01359
OG0001328	Prax.g_01247	Syam.g_01340
OG0001330	Prax.g_01929	Syam.g_01819
OG0001331	Prax.g_01857	Syam.g_00569
OG0001332	Prax.g_01685	Syam.g_01919
OG0001333	Prax.g_01522	Syam.g_01889
OG0001334	Prax.g_01362	Syam.g_00405
OG0001335	Prax.g_01363	Syam.g_00406
OG0001336	Prax.g_01476	Syam.g_02425
OG0001339	Prax.g_01115	Syam.g_02117
OG0001340	Prax.g_00845	Syam.g_00425
OG0001341	Prax.g_00430	Syam.g_00795
OG0001343	Prax.g_00544	Syam.g_02361
OG0001344	Prax.g_00204	Syam.g_01790
OG0001345	Prax.g_00219	Syam.g_01764
OG0001346	Prax.g_01898	Syam.g_01831
OG0001348	Prax.g_01611, Prax.g_01610	Syam.g_00750
OG0001350	Prax.g_01581	Syam.g_00510
OG0001352	Prax.g_00962	Syam.g_00644
OG0001353	Prax.g_00341	Syam.g_00742
OG0001354	Prax.g_01139	Syam.g_01145
OG0001356	Prax.g_00527	Syam.g_00751
OG0001358	Prax.g_00079	Syam.g_01495
OG0001359	Prax.g_00545	Syam.g_02360
OG0001360	Prax.g_01250	Syam.g_01762
OG0001361	Prax.g_00216	Syam.g_01767
OG0001362	Prax.g_01714	Syam.g_01628
OG0001363	Prax.g_01712	Syam.g_01630
OG0001364	Prax.g_01365	Syam.g_00158
OG0001372	Prax.g_00421, Prax.g_00457	Syam.g_00450, Syam.g_00984
OG0001373	Prax.g_00534	Syam.g_02369
OG0001374	Prax.g_00542	Syam.g_02377
OG0001375	Prax.g_00543	Syam.g_02362
OG0001376	Prax.g_01214	Syam.g_02332
OG0001377	Prax.g_01215	Syam.g_02331
OG0001378	Prax.g_00125	Syam.g_01872
OG0001379	Prax.g_01905	Syam.g_01821
OG0001380	Prax.g_01875	Syam.g_01409
OG0001381	Prax.g_01869	Syam.g_00939
OG0001382	Prax.g_01618	Syam.g_01557
OG0001385	Prax.g_00531	Syam.g_02366
OG0001386	Prax.g_00532	Syam.g_02367
OG0001387	Prax.g_00533	Syam.g_02368
OG0001388	Prax.g_00536	Syam.g_02371
OG0001389	Prax.g_00537	Syam.g_02372
OG0001390	Prax.g_00538	Syam.g_02373
OG0001391	Prax.g_00539	Syam.g_02374
OG0001392	Prax.g_00540	Syam.g_02375
OG0001393	Prax.g_00541	Syam.g_02376
OG0001394	Prax.g_00576	Syam.g_01321
OG0001395	Prax.g_01191	Syam.g_01225
OG0001397	Prax.g_01713	Syam.g_01629
OG0001402	Prax.g_00412	Syam.g_01490
OG0001404	Prax.g_00639	Syam.g_02061
OG0001405	Prax.g_00847	Syam.g_00408
OG0001406	Prax.g_01213	Syam.g_02333
OG0001407	Prax.g_01227	Syam.g_00645
OG0001408	Prax.g_01232	Syam.g_00848
OG0001413	Prax.g_01643	Syam.g_01430
OG0001414	Prax.g_00989	Syam.g_00940
OG0001416	Prax.g_00742	Syam.g_01834
OG0001417	Prax.g_00732	Syam.g_01144
OG0001419	Prax.g_01228	Syam.g_00646
OG0001420	Prax.g_00134	Syam.g_00642
OG0001421	Prax.g_01637	Syam.g_01019
OG0001422	Prax.g_01613	Syam.g_01822
OG0001428	Prax.g_01046	Syam.g_02220
OG0001429	Prax.g_00383	Syam.g_01083
OG0001432	Prax.g_01645	Syam.g_00822
OG0001433	Prax.g_00526	Syam.g_00752
OG0001434	Prax.g_00581	Syam.g_01316
OG0001438	Prax.g_00882	Syam.g_00215
OG0001439	Prax.g_00868	Syam.g_00190
OG0001441	Prax.g_00680	Syam.g_00633
OG0001442	Prax.g_00438	Syam.g_01306
OG0001447	Prax.g_01092	Syam.g_02152
OG0001448	Prax.g_00806	Syam.g_02342
OG0001449	Prax.g_00779	Syam.g_00285
OG0001452	Prax.g_00548	Syam.g_00268
OG0001453	Prax.g_01151	Syam.g_01166
OG0001454	Prax.g_01243	Syam.g_01426
OG0001456	Prax.g_00177	Syam.g_02387
OG0001457	Prax.g_00178	Syam.g_02388
OG0001458	Prax.g_00179	Syam.g_02389
OG0001459	Prax.g_01943	Syam.g_00949
OG0001460	Prax.g_00525	Syam.g_00753
OG0001461	Prax.g_01569	Syam.g_00928
OG0001462	Prax.g_00279	Syam.g_00041
OG0001465	Prax.g_00940	Syam.g_01250
OG0001467	Prax.g_00394	Syam.g_01438
OG0001468	Prax.g_01218	Syam.g_01435
OG0001470	Prax.g_01841	Syam.g_01874
OG0001471	Prax.g_01642	Syam.g_00195
OG0001472	Prax.g_01635	Syam.g_00833
OG0001473	Prax.g_01413	Syam.g_01440
OG0001474	Prax.g_00833	Syam.g_00464
OG0001475	Prax.g_01839	Syam.g_01876
OG0001479	Prax.g_00836	Syam.g_00461
OG0001480	Prax.g_00804	Syam.g_01755
OG0001482	Prax.g_00744	Syam.g_01154
OG0001484	Prax.g_01921	Syam.g_02378
OG0001492	Prax.g_00247	Syam.g_00865
OG0001493	Prax.g_00255	Syam.g_00857
OG0001495	Prax.g_01284	Syam.g_00318
OG0001499	Prax.g_00632	Syam.g_02154, Syam.g_01397
OG0001502	Prax.g_00403	Syam.g_00705
OG0001504	Prax.g_01942	Syam.g_00948
OG0001507	Prax.g_01590	Syam.g_00975
OG0001508	Prax.g_01842	Syam.g_01873
OG0001520	Prax.g_00784	Syam.g_01752
OG0001526	Prax.g_01260	Syam.g_02183
OG0001528	Prax.g_01840	Syam.g_01875
OG0001546	Prax.g_00677	Syam.g_00636
OG0001547	Prax.g_00401	Syam.g_01059
OG0001548	Prax.g_00397	Syam.g_01420
OG0001551	Prax.g_00176	Syam.g_00755
OG0001554	Prax.g_01636	Syam.g_02311
OG0001556	Prax.g_00518	Syam.g_00903
OG0001557	Prax.g_00577	Syam.g_01320
OG0001564	Prax.g_00489	Syam.g_02383
OG0001567	Prax.g_00402	Syam.g_01058
OG0001568	Prax.g_00400	Syam.g_01061
OG0001572	Prax.g_01964	Syam.g_00531
OG0001582	Prax.g_00733	Syam.g_01128
OG0001585	Prax.g_01952	Syam.g_01008
OG0001602	Prax.g_00941	Syam.g_01251
OG0001625	Prax.g_00917	Syam.g_00262
OG0001627	Prax.g_00424	Syam.g_01921
OG0001633	Prax.g_01866	Syam.g_01586
OG0001647	Prax.g_00902	Syam.g_00239
OG0001667	Prax.g_01926	Syam.g_00840
OG0001700	Prax.g_00524	Syam.g_01388
OG0001713	Prax.g_00630	Syam.g_01783
OG0001718	Prax.g_00810	Syam.g_01501
OG0001990	Prax.g_00172	Syam.g_02412
OG0002013	Prax.g_01782	Syam.g_00487
OG0002416	Prax.g_00260	Syam.g_01407
OG0002458	Prax.g_00488	Syam.g_02384
OG0002459	Prax.g_00490	Syam.g_02382
OG0002460	Prax.g_00491	Syam.g_02381
OG0003405	Prax.g_00275	Syam.g_00093
