Orthogroup	Prbf	Prbi
OG0000000	Prbf.g_00776	Prbi.g_01709
OG0000002	Prbf.g_01182, Prbf.g_01177	Prbi.g_01432
OG0000002	Prbf.g_00888, Prbf.g_00089, Prbf.g_00890, Prbf.g_00883, Prbf.g_00260, Prbf.g_01285	Prbi.g_00681
OG0000004	Prbf.g_01264	Prbi.g_00698
OG0000004	Prbf.g_01570	Prbi.g_00256
OG0000005	Prbf.g_00240	Prbi.g_01666
OG0000006	Prbf.g_01580	Prbi.g_00265
OG0000007	Prbf.g_01780	Prbi.g_00500
OG0000007	Prbf.g_00693	Prbi.g_01787
OG0000008	Prbf.g_00793	Prbi.g_01764
OG0000008	Prbf.g_00792	Prbi.g_01540, Prbi.g_01765, Prbi.g_01539
OG0000009	Prbf.g_00252	Prbi.g_01338
OG0000010	Prbf.g_00847, Prbf.g_01056, Prbf.g_01757	Prbi.g_00477
OG0000011	Prbf.g_00347	Prbi.g_00426
OG0000012	Prbf.g_00272, Prbf.g_01905	Prbi.g_00625
OG0000013	Prbf.g_01665	Prbi.g_00351
OG0000014	Prbf.g_01647	Prbi.g_00330
OG0000015	Prbf.g_00754, Prbf.g_00708	Prbi.g_00810, Prbi.g_01304
OG0000017	Prbf.g_01880	Prbi.g_00600
OG0000018	Prbf.g_00896	Prbi.g_01188
OG0000018	Prbf.g_01217	Prbi.g_00874
OG0000019	Prbf.g_01588	Prbi.g_00273
OG0000019	Prbf.g_00894	Prbi.g_00827
OG0000020	Prbf.g_00264	Prbi.g_01153
OG0000021	Prbf.g_00265	Prbi.g_01742, Prbi.g_00389
OG0000022	Prbf.g_00248	Prbi.g_00805
OG0000023	Prbf.g_00287	Prbi.g_00384
OG0000024	Prbf.g_01052	Prbi.g_00788
OG0000024	Prbf.g_01288	Prbi.g_00678
OG0000025	Prbf.g_01209	Prbi.g_00882, Prbi.g_00355
OG0000026	Prbf.g_01354	Prbi.g_00031, Prbi.g_01101
OG0000027	Prbf.g_00817	Prbi.g_00472, Prbi.g_01374
OG0000028	Prbf.g_00794	Prbi.g_01319, Prbi.g_01768
OG0000029	Prbf.g_00603	Prbi.g_00399
OG0000029	Prbf.g_00804, Prbf.g_00762	Prbi.g_00796
OG0000030	Prbf.g_00484	Prbi.g_02004
OG0000031	Prbf.g_00116	Prbi.g_01467
OG0000033	Prbf.g_01503	Prbi.g_00193
OG0000034	Prbf.g_00015	Prbi.g_01401
OG0000037	Prbf.g_01437	Prbi.g_00116
OG0000038	Prbf.g_00445	Prbi.g_02057
OG0000039	Prbf.g_01276	Prbi.g_00689
OG0000041	Prbf.g_00646	Prbi.g_01833
OG0000042	Prbf.g_00487	Prbi.g_02001
OG0000043	Prbf.g_00897	Prbi.g_00918
OG0000045	Prbf.g_00874	Prbi.g_00395
OG0000048	Prbf.g_01611	Prbi.g_00398
OG0000052	Prbf.g_00135	Prbi.g_01478
OG0000053	Prbf.g_00748, Prbf.g_00178	Prbi.g_01611
OG0000054	Prbf.g_01889	Prbi.g_00608
OG0000055	Prbf.g_00869	Prbi.g_00828
OG0000057	Prbf.g_01261	Prbi.g_00702
OG0000058	Prbf.g_00117	Prbi.g_01461
OG0000059	Prbf.g_00606	Prbi.g_01873, Prbi.g_01717
OG0000061	Prbf.g_00918	Prbi.g_01207
OG0000062	Prbf.g_00242	Prbi.g_01482, Prbi.g_01668
OG0000063	Prbf.g_00808	Prbi.g_00033
OG0000065	Prbf.g_01435	Prbi.g_00114
OG0000066	Prbf.g_01820, Prbf.g_00781	Prbi.g_00542
OG0000067	Prbf.g_01245	Prbi.g_00847
OG0000068	Prbf.g_00095	Prbi.g_01439
OG0000069	Prbf.g_01738	Prbi.g_01702
OG0000070	Prbf.g_01734	Prbi.g_00451
OG0000071	Prbf.g_00026	Prbi.g_01391
OG0000072	Prbf.g_01505	Prbi.g_00195
OG0000073	Prbf.g_01783	Prbi.g_00502
OG0000074	Prbf.g_01281	Prbi.g_00685
OG0000075	Prbf.g_00522	Prbi.g_01970
OG0000076	Prbf.g_00496	Prbi.g_01994
OG0000077	Prbf.g_01405	Prbi.g_00085
OG0000078	Prbf.g_01578	Prbi.g_00263
OG0000079	Prbf.g_01591	Prbi.g_00276
OG0000081	Prbf.g_01812	Prbi.g_00534
OG0000082	Prbf.g_01867, Prbf.g_00704	Prbi.g_00587
OG0000084	Prbf.g_00154	Prbi.g_01585
OG0000085	Prbf.g_00701, Prbf.g_00822	Prbi.g_01780
OG0000086	Prbf.g_01414	Prbi.g_00095
OG0000087	Prbf.g_01469	Prbi.g_00147
OG0000088	Prbf.g_01500	Prbi.g_00190
OG0000089	Prbf.g_01701	Prbi.g_00380
OG0000090	Prbf.g_01814	Prbi.g_00536
OG0000091	Prbf.g_00990	Prbi.g_00645
OG0000092	Prbf.g_01315	Prbi.g_00956
OG0000093	Prbf.g_01019	Prbi.g_00977
OG0000094	Prbf.g_01068	Prbi.g_01067
OG0000095	Prbf.g_01170	Prbi.g_01086
OG0000096	Prbf.g_00306	Prbi.g_01156, Prbi.g_01352
OG0000097	Prbf.g_00964	Prbi.g_01248
OG0000098	Prbf.g_00071	Prbi.g_01421
OG0000099	Prbf.g_00118	Prbi.g_01462
OG0000100	Prbf.g_00236	Prbi.g_01664
OG0000101	Prbf.g_00558	Prbi.g_01938
OG0000102	Prbf.g_00491	Prbi.g_01999
OG0000103	Prbf.g_00406	Prbi.g_02091
OG0000104	Prbf.g_00397	Prbi.g_02099
OG0000105	Prbf.g_01614	Prbi.g_00298
OG0000106	Prbf.g_00320	Prbi.g_00394
OG0000107	Prbf.g_00629	Prbi.g_00409
OG0000108	Prbf.g_01763	Prbi.g_00483
OG0000109	Prbf.g_01777	Prbi.g_00497
OG0000110	Prbf.g_01856	Prbi.g_00577
OG0000111	Prbf.g_01260	Prbi.g_00703
OG0000112	Prbf.g_01929	Prbi.g_00811
OG0000113	Prbf.g_01222	Prbi.g_00869
OG0000114	Prbf.g_01320	Prbi.g_00951
OG0000115	Prbf.g_00062	Prbi.g_01148
OG0000116	Prbf.g_00907	Prbi.g_01197
OG0000117	Prbf.g_00945	Prbi.g_01330
OG0000118	Prbf.g_00013	Prbi.g_01403
OG0000119	Prbf.g_00864, Prbf.g_00254	Prbi.g_01435
OG0000120	Prbf.g_00115	Prbi.g_01460
OG0000121	Prbf.g_00159	Prbi.g_01593
OG0000122	Prbf.g_00055, Prbf.g_00200	Prbi.g_01630
OG0000123	Prbf.g_00551	Prbi.g_01945
OG0000124	Prbf.g_00478	Prbi.g_02010
OG0000125	Prbf.g_00443	Prbi.g_02059
OG0000126	Prbf.g_00398	Prbi.g_02098
OG0000128	Prbf.g_00382	Prbi.g_00011
OG0000129	Prbf.g_01367	Prbi.g_00053
OG0000130	Prbf.g_01396	Prbi.g_00076
OG0000131	Prbf.g_01478	Prbi.g_00169
OG0000132	Prbf.g_01498	Prbi.g_00188
OG0000133	Prbf.g_01661	Prbi.g_00346
OG0000134	Prbf.g_01703	Prbi.g_00381
OG0000135	Prbf.g_00044	Prbi.g_00407
OG0000136	Prbf.g_01725	Prbi.g_00442
OG0000137	Prbf.g_01758	Prbi.g_00478
OG0000138	Prbf.g_01778	Prbi.g_00498
OG0000139	Prbf.g_01818	Prbi.g_00540
OG0000140	Prbf.g_01819	Prbi.g_00541
OG0000141	Prbf.g_01890	Prbi.g_00609
OG0000142	Prbf.g_00982	Prbi.g_00638
OG0000143	Prbf.g_00986	Prbi.g_00642
OG0000144	Prbf.g_01000	Prbi.g_00655
OG0000145	Prbf.g_00042	Prbi.g_00807
OG0000146	Prbf.g_01928	Prbi.g_00812
OG0000147	Prbf.g_01927	Prbi.g_00813
OG0000148	Prbf.g_01228	Prbi.g_00863
OG0000149	Prbf.g_01196	Prbi.g_00894
OG0000150	Prbf.g_01186	Prbi.g_00902
OG0000151	Prbf.g_01310	Prbi.g_00961
OG0000152	Prbf.g_01117	Prbi.g_01009
OG0000153	Prbf.g_01098	Prbi.g_01028
OG0000154	Prbf.g_01078	Prbi.g_01060
OG0000155	Prbf.g_00939	Prbi.g_01227
OG0000156	Prbf.g_00037	Prbi.g_01380
OG0000157	Prbf.g_00036	Prbi.g_01381
OG0000158	Prbf.g_00514	Prbi.g_01489
OG0000159	Prbf.g_01387	Prbi.g_01490
OG0000160	Prbf.g_00158	Prbi.g_01592
OG0000161	Prbf.g_00164	Prbi.g_01598
OG0000162	Prbf.g_00170	Prbi.g_01604
OG0000163	Prbf.g_00209	Prbi.g_01637
OG0000164	Prbf.g_00669	Prbi.g_01811
OG0000165	Prbf.g_00662	Prbi.g_01818
OG0000166	Prbf.g_00595	Prbi.g_01902
OG0000167	Prbf.g_00524	Prbi.g_01968
OG0000168	Prbf.g_00513	Prbi.g_01978
OG0000169	Prbf.g_00503	Prbi.g_01988
OG0000170	Prbf.g_00500	Prbi.g_01990
OG0000171	Prbf.g_00479	Prbi.g_02009
OG0000172	Prbf.g_00472	Prbi.g_02030
OG0000173	Prbf.g_00457	Prbi.g_02045
OG0000174	Prbf.g_00428	Prbi.g_02073
OG0000175	Prbf.g_00415	Prbi.g_02083
OG0000176	Prbf.g_00389	Prbi.g_00004
OG0000177	Prbf.g_00388	Prbi.g_00005
OG0000178	Prbf.g_00387	Prbi.g_00006
OG0000179	Prbf.g_01338	Prbi.g_00016
OG0000180	Prbf.g_01339	Prbi.g_00017
OG0000181	Prbf.g_01340	Prbi.g_00018
OG0000182	Prbf.g_01341	Prbi.g_00019
OG0000183	Prbf.g_01345	Prbi.g_00023
OG0000184	Prbf.g_01371	Prbi.g_00057
OG0000185	Prbf.g_01374	Prbi.g_00060
OG0000186	Prbf.g_01390	Prbi.g_00071
OG0000187	Prbf.g_01391	Prbi.g_00072
OG0000188	Prbf.g_01408	Prbi.g_00089
OG0000189	Prbf.g_01422	Prbi.g_00103
OG0000190	Prbf.g_01424	Prbi.g_00104
OG0000191	Prbf.g_01447	Prbi.g_00125
OG0000192	Prbf.g_01452	Prbi.g_00129
OG0000193	Prbf.g_01479	Prbi.g_00170
OG0000194	Prbf.g_01482	Prbi.g_00173
OG0000195	Prbf.g_01484	Prbi.g_00175
OG0000196	Prbf.g_01495	Prbi.g_00185
OG0000197	Prbf.g_01496	Prbi.g_00186
OG0000198	Prbf.g_01497	Prbi.g_00187
OG0000199	Prbf.g_01504	Prbi.g_00194
OG0000200	Prbf.g_01518	Prbi.g_00208
OG0000201	Prbf.g_01527	Prbi.g_00216
OG0000202	Prbf.g_01528	Prbi.g_00217
OG0000203	Prbf.g_01529	Prbi.g_00218
OG0000204	Prbf.g_01530	Prbi.g_00219
OG0000205	Prbf.g_01537	Prbi.g_00226
OG0000206	Prbf.g_01542	Prbi.g_00231
OG0000207	Prbf.g_01545	Prbi.g_00233
OG0000208	Prbf.g_01546	Prbi.g_00234
OG0000209	Prbf.g_01555	Prbi.g_00243
OG0000210	Prbf.g_01556	Prbi.g_00244
OG0000211	Prbf.g_01571	Prbi.g_00257
OG0000212	Prbf.g_01579	Prbi.g_00264
OG0000213	Prbf.g_01597	Prbi.g_00281
OG0000214	Prbf.g_01607	Prbi.g_00291
OG0000215	Prbf.g_01634	Prbi.g_00316
OG0000216	Prbf.g_01635	Prbi.g_00318
OG0000217	Prbf.g_01638	Prbi.g_00321
OG0000218	Prbf.g_01640	Prbi.g_00323
OG0000219	Prbf.g_01641	Prbi.g_00324
OG0000220	Prbf.g_01642	Prbi.g_00325
OG0000221	Prbf.g_01643	Prbi.g_00326
OG0000222	Prbf.g_01650	Prbi.g_00334
OG0000223	Prbf.g_01662	Prbi.g_00347
OG0000224	Prbf.g_01664	Prbi.g_00349
OG0000225	Prbf.g_01690	Prbi.g_00370
OG0000226	Prbf.g_01694	Prbi.g_00374
OG0000227	Prbf.g_01696	Prbi.g_00376
OG0000228	Prbf.g_01700	Prbi.g_00379
OG0000229	Prbf.g_01720	Prbi.g_00437
OG0000230	Prbf.g_01722	Prbi.g_00439
OG0000231	Prbf.g_01733	Prbi.g_00450
OG0000232	Prbf.g_01744	Prbi.g_00459
OG0000233	Prbf.g_01750	Prbi.g_00465
OG0000234	Prbf.g_01759	Prbi.g_00479
OG0000235	Prbf.g_01762	Prbi.g_00482
OG0000236	Prbf.g_01776	Prbi.g_00496
OG0000237	Prbf.g_01789	Prbi.g_00509
OG0000238	Prbf.g_01795	Prbi.g_00515
OG0000239	Prbf.g_01806	Prbi.g_00528
OG0000240	Prbf.g_01807	Prbi.g_00529
OG0000241	Prbf.g_01811	Prbi.g_00533
OG0000242	Prbf.g_01813	Prbi.g_00535
OG0000243	Prbf.g_01824	Prbi.g_00546
OG0000244	Prbf.g_01827	Prbi.g_00549
OG0000245	Prbf.g_01829	Prbi.g_00551
OG0000246	Prbf.g_01833	Prbi.g_00555
OG0000247	Prbf.g_01843	Prbi.g_00565
OG0000248	Prbf.g_01846	Prbi.g_00567
OG0000249	Prbf.g_01848	Prbi.g_00569
OG0000250	Prbf.g_01853	Prbi.g_00574
OG0000251	Prbf.g_01873	Prbi.g_00593
OG0000252	Prbf.g_01876	Prbi.g_00596
OG0000253	Prbf.g_01877	Prbi.g_00597
OG0000254	Prbf.g_01894	Prbi.g_00613
OG0000255	Prbf.g_01900	Prbi.g_00619
OG0000256	Prbf.g_01910	Prbi.g_00629
OG0000257	Prbf.g_00977	Prbi.g_00632
OG0000258	Prbf.g_00991	Prbi.g_00646
OG0000259	Prbf.g_01008	Prbi.g_00663
OG0000260	Prbf.g_01011	Prbi.g_00666
OG0000261	Prbf.g_01014	Prbi.g_00668
OG0000262	Prbf.g_01018	Prbi.g_00672
OG0000263	Prbf.g_01282	Prbi.g_00684
OG0000264	Prbf.g_01271	Prbi.g_00694
OG0000265	Prbf.g_01253	Prbi.g_00745
OG0000266	Prbf.g_01037	Prbi.g_00755
OG0000267	Prbf.g_01049	Prbi.g_00766
OG0000268	Prbf.g_01050	Prbi.g_00767
OG0000269	Prbf.g_01250	Prbi.g_00842
OG0000270	Prbf.g_01247	Prbi.g_00845
OG0000271	Prbf.g_01239	Prbi.g_00853
OG0000272	Prbf.g_01238	Prbi.g_00854
OG0000273	Prbf.g_01214	Prbi.g_00877
OG0000274	Prbf.g_01213	Prbi.g_00878
OG0000275	Prbf.g_01210	Prbi.g_00881
OG0000276	Prbf.g_01204	Prbi.g_00886
OG0000277	Prbf.g_01203	Prbi.g_00887
OG0000278	Prbf.g_01200	Prbi.g_00890
OG0000279	Prbf.g_01193	Prbi.g_00897
OG0000280	Prbf.g_01192	Prbi.g_00898
OG0000281	Prbf.g_01185	Prbi.g_00903
OG0000282	Prbf.g_01318	Prbi.g_00953
OG0000283	Prbf.g_01141	Prbi.g_00986
OG0000284	Prbf.g_01136	Prbi.g_00991
OG0000285	Prbf.g_01131	Prbi.g_00996
OG0000286	Prbf.g_01118	Prbi.g_01008
OG0000287	Prbf.g_00065	Prbi.g_01025
OG0000288	Prbf.g_01079	Prbi.g_01059
OG0000289	Prbf.g_01063	Prbi.g_01070
OG0000290	Prbf.g_01167	Prbi.g_01083
OG0000291	Prbf.g_01169	Prbi.g_01085
OG0000292	Prbf.g_00873	Prbi.g_01136
OG0000293	Prbf.g_00908	Prbi.g_01198
OG0000294	Prbf.g_00909	Prbi.g_01199
OG0000295	Prbf.g_00932	Prbi.g_01219
OG0000296	Prbf.g_00934	Prbi.g_01221
OG0000297	Prbf.g_00943	Prbi.g_01229
OG0000298	Prbf.g_00944	Prbi.g_01230
OG0000299	Prbf.g_00963	Prbi.g_01247
OG0000300	Prbf.g_00966	Prbi.g_01250
OG0000301	Prbf.g_00967	Prbi.g_01251
OG0000302	Prbf.g_00969	Prbi.g_01253
OG0000303	Prbf.g_00975	Prbi.g_01260
OG0000304	Prbf.g_01915	Prbi.g_01264
OG0000305	Prbf.g_00875	Prbi.g_01431
OG0000306	Prbf.g_01181	Prbi.g_01434
OG0000307	Prbf.g_00104	Prbi.g_01448
OG0000308	Prbf.g_00105	Prbi.g_01449
OG0000309	Prbf.g_00109	Prbi.g_01453
OG0000310	Prbf.g_00143	Prbi.g_01574
OG0000311	Prbf.g_00145	Prbi.g_01576
OG0000312	Prbf.g_00148	Prbi.g_01579
OG0000313	Prbf.g_00161	Prbi.g_01595
OG0000314	Prbf.g_00184	Prbi.g_01617
OG0000315	Prbf.g_00194	Prbi.g_01627
OG0000316	Prbf.g_00219	Prbi.g_01647
OG0000317	Prbf.g_00696	Prbi.g_01785
OG0000318	Prbf.g_00692	Prbi.g_01788
OG0000319	Prbf.g_00679	Prbi.g_01801
OG0000320	Prbf.g_00677	Prbi.g_01803
OG0000321	Prbf.g_00676	Prbi.g_01804
OG0000322	Prbf.g_00675	Prbi.g_01805
OG0000323	Prbf.g_00666	Prbi.g_01814
OG0000324	Prbf.g_00639	Prbi.g_01840
OG0000325	Prbf.g_00628	Prbi.g_01849
OG0000326	Prbf.g_00621	Prbi.g_01855
OG0000327	Prbf.g_00600	Prbi.g_01897
OG0000328	Prbf.g_00599	Prbi.g_01898
OG0000329	Prbf.g_00582	Prbi.g_01915
OG0000330	Prbf.g_00581	Prbi.g_01916
OG0000331	Prbf.g_00580	Prbi.g_01917
OG0000332	Prbf.g_00566	Prbi.g_01931
OG0000333	Prbf.g_00564	Prbi.g_01933
OG0000334	Prbf.g_00555	Prbi.g_01941
OG0000335	Prbf.g_00550	Prbi.g_01946
OG0000336	Prbf.g_00546	Prbi.g_01950
OG0000337	Prbf.g_00528	Prbi.g_01966
OG0000338	Prbf.g_00527	Prbi.g_01967
OG0000339	Prbf.g_00521	Prbi.g_01971
OG0000340	Prbf.g_00512	Prbi.g_01979
OG0000341	Prbf.g_00510	Prbi.g_01981
OG0000342	Prbf.g_00509	Prbi.g_01982
OG0000343	Prbf.g_00508	Prbi.g_01983
OG0000344	Prbf.g_00505	Prbi.g_01986
OG0000345	Prbf.g_00499	Prbi.g_01991
OG0000346	Prbf.g_00495	Prbi.g_01995
OG0000347	Prbf.g_00477	Prbi.g_02011
OG0000348	Prbf.g_00469	Prbi.g_02033
OG0000349	Prbf.g_00452	Prbi.g_02050
OG0000350	Prbf.g_00351	Prbi.g_02069
OG0000351	Prbf.g_00412	Prbi.g_02086
OG0000352	Prbf.g_00411	Prbi.g_02087
OG0000353	Prbf.g_00394	Prbi.g_02102
OG0000355	Prbf.g_00392	Prbi.g_00001
OG0000356	Prbf.g_00391	Prbi.g_00002
OG0000357	Prbf.g_00390	Prbi.g_00003
OG0000358	Prbf.g_00386	Prbi.g_00007
OG0000359	Prbf.g_00385	Prbi.g_00008
OG0000360	Prbf.g_00384	Prbi.g_00009
OG0000361	Prbf.g_00383	Prbi.g_00010
OG0000362	Prbf.g_00381	Prbi.g_00012
OG0000363	Prbf.g_01336	Prbi.g_00014
OG0000364	Prbf.g_01337	Prbi.g_00015
OG0000365	Prbf.g_01342	Prbi.g_00020
OG0000366	Prbf.g_01343	Prbi.g_00021
OG0000367	Prbf.g_01344	Prbi.g_00022
OG0000368	Prbf.g_01346	Prbi.g_00024
OG0000369	Prbf.g_01347	Prbi.g_00025
OG0000370	Prbf.g_01348	Prbi.g_00026
OG0000371	Prbf.g_01355	Prbi.g_00032
OG0000372	Prbf.g_01358	Prbi.g_00035
OG0000373	Prbf.g_01359	Prbi.g_00036
OG0000374	Prbf.g_01360	Prbi.g_00037
OG0000375	Prbf.g_01362	Prbi.g_00049
OG0000376	Prbf.g_01364	Prbi.g_00051
OG0000377	Prbf.g_01368	Prbi.g_00056
OG0000378	Prbf.g_01372	Prbi.g_00058
OG0000379	Prbf.g_01375	Prbi.g_00061
OG0000380	Prbf.g_01392	Prbi.g_00073
OG0000381	Prbf.g_01397	Prbi.g_00077
OG0000382	Prbf.g_01407	Prbi.g_00088
OG0000383	Prbf.g_01409	Prbi.g_00090
OG0000384	Prbf.g_01410	Prbi.g_00091
OG0000385	Prbf.g_01411	Prbi.g_00092
OG0000386	Prbf.g_01412	Prbi.g_00093
OG0000387	Prbf.g_01426	Prbi.g_00106
OG0000388	Prbf.g_01430	Prbi.g_00109
OG0000389	Prbf.g_01433	Prbi.g_00113
OG0000390	Prbf.g_01443	Prbi.g_00120
OG0000391	Prbf.g_01446	Prbi.g_00124
OG0000392	Prbf.g_01450	Prbi.g_00128
OG0000393	Prbf.g_01453	Prbi.g_00130
OG0000394	Prbf.g_01454	Prbi.g_00131
OG0000395	Prbf.g_01455	Prbi.g_00132
OG0000396	Prbf.g_01457	Prbi.g_00135
OG0000397	Prbf.g_01459	Prbi.g_00137
OG0000398	Prbf.g_01462	Prbi.g_00139
OG0000399	Prbf.g_01463	Prbi.g_00140
OG0000400	Prbf.g_01464	Prbi.g_00141
OG0000401	Prbf.g_01465	Prbi.g_00142
OG0000402	Prbf.g_01055	Prbi.g_00144
OG0000403	Prbf.g_01467	Prbi.g_00145
OG0000404	Prbf.g_01468	Prbi.g_00146
OG0000405	Prbf.g_01472	Prbi.g_00150
OG0000406	Prbf.g_01480	Prbi.g_00171
OG0000407	Prbf.g_01481	Prbi.g_00172
OG0000408	Prbf.g_01483	Prbi.g_00174
OG0000409	Prbf.g_01485	Prbi.g_00176
OG0000410	Prbf.g_01486	Prbi.g_00177
OG0000411	Prbf.g_01487	Prbi.g_00178
OG0000412	Prbf.g_01488	Prbi.g_00179
OG0000413	Prbf.g_01490	Prbi.g_00180
OG0000414	Prbf.g_01491	Prbi.g_00181
OG0000415	Prbf.g_01492	Prbi.g_00182
OG0000416	Prbf.g_01493	Prbi.g_00183
OG0000417	Prbf.g_01494	Prbi.g_00184
OG0000418	Prbf.g_01499	Prbi.g_00189
OG0000419	Prbf.g_01501	Prbi.g_00191
OG0000420	Prbf.g_01502	Prbi.g_00192
OG0000421	Prbf.g_01507	Prbi.g_00197
OG0000422	Prbf.g_01508	Prbi.g_00198
OG0000423	Prbf.g_01509	Prbi.g_00199
OG0000424	Prbf.g_01510	Prbi.g_00200
OG0000425	Prbf.g_01511	Prbi.g_00201
OG0000426	Prbf.g_01512	Prbi.g_00202
OG0000427	Prbf.g_01513	Prbi.g_00203
OG0000428	Prbf.g_01515	Prbi.g_00205
OG0000429	Prbf.g_01516	Prbi.g_00206
OG0000430	Prbf.g_01517	Prbi.g_00207
OG0000431	Prbf.g_01519	Prbi.g_00209
OG0000432	Prbf.g_01523	Prbi.g_00212
OG0000433	Prbf.g_01524	Prbi.g_00213
OG0000434	Prbf.g_01525	Prbi.g_00214
OG0000435	Prbf.g_01526	Prbi.g_00215
OG0000436	Prbf.g_01531	Prbi.g_00220
OG0000437	Prbf.g_01532	Prbi.g_00221
OG0000438	Prbf.g_01533	Prbi.g_00222
OG0000439	Prbf.g_01535	Prbi.g_00224
OG0000440	Prbf.g_01536	Prbi.g_00225
OG0000441	Prbf.g_01539	Prbi.g_00228
OG0000442	Prbf.g_01540	Prbi.g_00229
OG0000443	Prbf.g_01541	Prbi.g_00230
OG0000444	Prbf.g_01547	Prbi.g_00235
OG0000445	Prbf.g_01548	Prbi.g_00236
OG0000446	Prbf.g_01549	Prbi.g_00237
OG0000447	Prbf.g_01550	Prbi.g_00238
OG0000448	Prbf.g_01551	Prbi.g_00239
OG0000449	Prbf.g_01552	Prbi.g_00240
OG0000450	Prbf.g_01553	Prbi.g_00241
OG0000451	Prbf.g_01554	Prbi.g_00242
OG0000452	Prbf.g_01557	Prbi.g_00245
OG0000453	Prbf.g_01558	Prbi.g_00246
OG0000454	Prbf.g_01559	Prbi.g_00247
OG0000455	Prbf.g_01560	Prbi.g_00248
OG0000456	Prbf.g_01561	Prbi.g_00249
OG0000457	Prbf.g_01563	Prbi.g_00250
OG0000458	Prbf.g_01564	Prbi.g_00251
OG0000459	Prbf.g_01565	Prbi.g_00252
OG0000460	Prbf.g_01573	Prbi.g_00259
OG0000461	Prbf.g_01581	Prbi.g_00266
OG0000462	Prbf.g_01583	Prbi.g_00268
OG0000463	Prbf.g_01584	Prbi.g_00269
OG0000464	Prbf.g_01585	Prbi.g_00270
OG0000465	Prbf.g_01586	Prbi.g_00271
OG0000466	Prbf.g_01589	Prbi.g_00274
OG0000467	Prbf.g_01590	Prbi.g_00275
OG0000468	Prbf.g_01593	Prbi.g_00277
OG0000469	Prbf.g_01601	Prbi.g_00286
OG0000470	Prbf.g_01603	Prbi.g_00288
OG0000471	Prbf.g_01604	Prbi.g_00289
OG0000472	Prbf.g_01606	Prbi.g_00290
OG0000473	Prbf.g_01608	Prbi.g_00292
OG0000474	Prbf.g_01609	Prbi.g_00293
OG0000475	Prbf.g_01610	Prbi.g_00294
OG0000476	Prbf.g_01612	Prbi.g_00295
OG0000477	Prbf.g_01615	Prbi.g_00299
OG0000478	Prbf.g_01616	Prbi.g_00300
OG0000479	Prbf.g_01617	Prbi.g_00301
OG0000480	Prbf.g_01622	Prbi.g_00306
OG0000481	Prbf.g_01625	Prbi.g_00308
OG0000482	Prbf.g_01626	Prbi.g_00309
OG0000483	Prbf.g_01629	Prbi.g_00312
OG0000484	Prbf.g_01630	Prbi.g_00313
OG0000485	Prbf.g_01632	Prbi.g_00314
OG0000486	Prbf.g_01633	Prbi.g_00315
OG0000487	Prbf.g_01636	Prbi.g_00319
OG0000488	Prbf.g_01639	Prbi.g_00322
OG0000489	Prbf.g_01644	Prbi.g_00327
OG0000490	Prbf.g_01648	Prbi.g_00332
OG0000491	Prbf.g_01649	Prbi.g_00333
OG0000492	Prbf.g_01651	Prbi.g_00335
OG0000493	Prbf.g_01652	Prbi.g_00336
OG0000494	Prbf.g_01653	Prbi.g_00337
OG0000495	Prbf.g_01654	Prbi.g_00338
OG0000496	Prbf.g_01655	Prbi.g_00339
OG0000497	Prbf.g_01656	Prbi.g_00340
OG0000498	Prbf.g_01657	Prbi.g_00341
OG0000499	Prbf.g_01658	Prbi.g_00342
OG0000500	Prbf.g_01659	Prbi.g_00343
OG0000501	Prbf.g_01660	Prbi.g_00345
OG0000502	Prbf.g_01663	Prbi.g_00348
OG0000503	Prbf.g_01678	Prbi.g_00358
OG0000504	Prbf.g_01680	Prbi.g_00359
OG0000505	Prbf.g_01681	Prbi.g_00360
OG0000506	Prbf.g_01682	Prbi.g_00362
OG0000507	Prbf.g_01685	Prbi.g_00365
OG0000508	Prbf.g_01689	Prbi.g_00369
OG0000509	Prbf.g_01691	Prbi.g_00371
OG0000510	Prbf.g_01692	Prbi.g_00372
OG0000511	Prbf.g_01693	Prbi.g_00373
OG0000512	Prbf.g_01695	Prbi.g_00375
OG0000513	Prbf.g_01704	Prbi.g_00382
OG0000514	Prbf.g_01715	Prbi.g_00432
OG0000515	Prbf.g_01716	Prbi.g_00433
OG0000516	Prbf.g_01717	Prbi.g_00434
OG0000517	Prbf.g_01719	Prbi.g_00436
OG0000518	Prbf.g_01730	Prbi.g_00447
OG0000519	Prbf.g_01731	Prbi.g_00448
OG0000520	Prbf.g_01732	Prbi.g_00449
OG0000521	Prbf.g_01740	Prbi.g_00454
OG0000522	Prbf.g_01742	Prbi.g_00456
OG0000523	Prbf.g_01743	Prbi.g_00457
OG0000524	Prbf.g_01748	Prbi.g_00463
OG0000525	Prbf.g_01752	Prbi.g_00466
OG0000526	Prbf.g_01753	Prbi.g_00467
OG0000527	Prbf.g_01756	Prbi.g_00476
OG0000528	Prbf.g_01761	Prbi.g_00481
OG0000529	Prbf.g_01764	Prbi.g_00484
OG0000530	Prbf.g_01767	Prbi.g_00487
OG0000531	Prbf.g_01768	Prbi.g_00488
OG0000532	Prbf.g_01770	Prbi.g_00490
OG0000533	Prbf.g_01771	Prbi.g_00491
OG0000534	Prbf.g_01772	Prbi.g_00492
OG0000535	Prbf.g_01773	Prbi.g_00493
OG0000536	Prbf.g_01774	Prbi.g_00494
OG0000537	Prbf.g_01775	Prbi.g_00495
OG0000538	Prbf.g_01784	Prbi.g_00503
OG0000539	Prbf.g_01785	Prbi.g_00504
OG0000540	Prbf.g_01786	Prbi.g_00505
OG0000541	Prbf.g_01787	Prbi.g_00506
OG0000542	Prbf.g_01788	Prbi.g_00508
OG0000543	Prbf.g_01790	Prbi.g_00510
OG0000544	Prbf.g_01791	Prbi.g_00511
OG0000545	Prbf.g_01793	Prbi.g_00513
OG0000546	Prbf.g_01796	Prbi.g_00516
OG0000547	Prbf.g_01798	Prbi.g_00518
OG0000548	Prbf.g_01799	Prbi.g_00519
OG0000549	Prbf.g_01801	Prbi.g_00521
OG0000550	Prbf.g_01805	Prbi.g_00526
OG0000551	Prbf.g_01808	Prbi.g_00530
OG0000552	Prbf.g_01809	Prbi.g_00531
OG0000553	Prbf.g_01810	Prbi.g_00532
OG0000554	Prbf.g_01815	Prbi.g_00537
OG0000555	Prbf.g_01823	Prbi.g_00545
OG0000556	Prbf.g_01825	Prbi.g_00547
OG0000557	Prbf.g_01826	Prbi.g_00548
OG0000558	Prbf.g_01828	Prbi.g_00550
OG0000559	Prbf.g_01832	Prbi.g_00554
OG0000560	Prbf.g_01835	Prbi.g_00557
OG0000561	Prbf.g_01836	Prbi.g_00558
OG0000562	Prbf.g_01837	Prbi.g_00559
OG0000563	Prbf.g_01838	Prbi.g_00560
OG0000564	Prbf.g_01839	Prbi.g_00561
OG0000565	Prbf.g_01841	Prbi.g_00564
OG0000566	Prbf.g_01845	Prbi.g_00566
OG0000567	Prbf.g_01849	Prbi.g_00570
OG0000568	Prbf.g_01850	Prbi.g_00571
OG0000569	Prbf.g_01851	Prbi.g_00572
OG0000570	Prbf.g_01852	Prbi.g_00573
OG0000571	Prbf.g_01854	Prbi.g_00575
OG0000572	Prbf.g_01868	Prbi.g_00588
OG0000573	Prbf.g_01874	Prbi.g_00594
OG0000574	Prbf.g_01875	Prbi.g_00595
OG0000575	Prbf.g_01879	Prbi.g_00599
OG0000576	Prbf.g_01881	Prbi.g_00601
OG0000577	Prbf.g_01882	Prbi.g_00602
OG0000578	Prbf.g_01883	Prbi.g_00603
OG0000579	Prbf.g_01884	Prbi.g_00604
OG0000580	Prbf.g_01885	Prbi.g_00605
OG0000581	Prbf.g_01888	Prbi.g_00607
OG0000582	Prbf.g_01891	Prbi.g_00610
OG0000583	Prbf.g_01892	Prbi.g_00611
OG0000584	Prbf.g_01893	Prbi.g_00612
OG0000585	Prbf.g_01895	Prbi.g_00614
OG0000586	Prbf.g_01896	Prbi.g_00615
OG0000587	Prbf.g_01897	Prbi.g_00616
OG0000588	Prbf.g_01901	Prbi.g_00620
OG0000589	Prbf.g_01903	Prbi.g_00623
OG0000590	Prbf.g_01904	Prbi.g_00624
OG0000591	Prbf.g_01908	Prbi.g_00627
OG0000592	Prbf.g_01909	Prbi.g_00628
OG0000593	Prbf.g_00979	Prbi.g_00635
OG0000594	Prbf.g_00980	Prbi.g_00636
OG0000595	Prbf.g_00981	Prbi.g_00637
OG0000596	Prbf.g_00985	Prbi.g_00641
OG0000597	Prbf.g_00988	Prbi.g_00643
OG0000598	Prbf.g_00989	Prbi.g_00644
OG0000599	Prbf.g_00992	Prbi.g_00647
OG0000600	Prbf.g_00993	Prbi.g_00648
OG0000601	Prbf.g_00994	Prbi.g_00649
OG0000602	Prbf.g_00996	Prbi.g_00651
OG0000603	Prbf.g_00997	Prbi.g_00652
OG0000604	Prbf.g_00998	Prbi.g_00653
OG0000605	Prbf.g_00999	Prbi.g_00654
OG0000606	Prbf.g_01002	Prbi.g_00657
OG0000607	Prbf.g_01005	Prbi.g_00660
OG0000608	Prbf.g_01006	Prbi.g_00661
OG0000609	Prbf.g_01007	Prbi.g_00662
OG0000610	Prbf.g_01013	Prbi.g_00667
OG0000611	Prbf.g_01016	Prbi.g_00670
OG0000612	Prbf.g_01017	Prbi.g_00671
OG0000613	Prbf.g_01290	Prbi.g_00676
OG0000614	Prbf.g_01269	Prbi.g_00695
OG0000615	Prbf.g_01258	Prbi.g_00704
OG0000616	Prbf.g_00404	Prbi.g_00708
OG0000617	Prbf.g_01033	Prbi.g_00751
OG0000618	Prbf.g_01034	Prbi.g_00752
OG0000619	Prbf.g_01035	Prbi.g_00753
OG0000620	Prbf.g_01038	Prbi.g_00756
OG0000621	Prbf.g_01039	Prbi.g_00757
OG0000622	Prbf.g_01040	Prbi.g_00758
OG0000623	Prbf.g_01041	Prbi.g_00759
OG0000624	Prbf.g_01043	Prbi.g_00760
OG0000625	Prbf.g_01044	Prbi.g_00761
OG0000626	Prbf.g_01045	Prbi.g_00762
OG0000627	Prbf.g_01046	Prbi.g_00763
OG0000628	Prbf.g_01047	Prbi.g_00764
OG0000629	Prbf.g_01048	Prbi.g_00765
OG0000630	Prbf.g_01051	Prbi.g_00768
OG0000631	Prbf.g_01144	Prbi.g_00838
OG0000632	Prbf.g_01143	Prbi.g_00839
OG0000633	Prbf.g_01142	Prbi.g_00840
OG0000634	Prbf.g_01249	Prbi.g_00843
OG0000635	Prbf.g_01248	Prbi.g_00844
OG0000636	Prbf.g_01246	Prbi.g_00846
OG0000637	Prbf.g_01244	Prbi.g_00848
OG0000638	Prbf.g_01243	Prbi.g_00849
OG0000639	Prbf.g_01242	Prbi.g_00850
OG0000640	Prbf.g_01241	Prbi.g_00851
OG0000641	Prbf.g_01237	Prbi.g_00855
OG0000642	Prbf.g_01236	Prbi.g_00856
OG0000643	Prbf.g_01235	Prbi.g_00857
OG0000644	Prbf.g_01234	Prbi.g_00858
OG0000645	Prbf.g_01233	Prbi.g_00859
OG0000646	Prbf.g_01231	Prbi.g_00861
OG0000647	Prbf.g_01229	Prbi.g_00862
OG0000648	Prbf.g_01227	Prbi.g_00864
OG0000649	Prbf.g_01226	Prbi.g_00865
OG0000650	Prbf.g_01225	Prbi.g_00866
OG0000651	Prbf.g_01224	Prbi.g_00867
OG0000652	Prbf.g_01223	Prbi.g_00868
OG0000653	Prbf.g_01221	Prbi.g_00870
OG0000654	Prbf.g_01220	Prbi.g_00871
OG0000655	Prbf.g_01219	Prbi.g_00872
OG0000656	Prbf.g_01216	Prbi.g_00875
OG0000657	Prbf.g_01208	Prbi.g_00883
OG0000658	Prbf.g_01206	Prbi.g_00884
OG0000659	Prbf.g_01205	Prbi.g_00885
OG0000660	Prbf.g_01201	Prbi.g_00889
OG0000661	Prbf.g_01199	Prbi.g_00891
OG0000662	Prbf.g_01197	Prbi.g_00893
OG0000663	Prbf.g_01195	Prbi.g_00895
OG0000664	Prbf.g_01194	Prbi.g_00896
OG0000665	Prbf.g_01188	Prbi.g_00900
OG0000666	Prbf.g_01187	Prbi.g_00901
OG0000667	Prbf.g_01183	Prbi.g_00905
OG0000668	Prbf.g_00838	Prbi.g_00934
OG0000669	Prbf.g_01331	Prbi.g_00942
OG0000670	Prbf.g_01328	Prbi.g_00944
OG0000671	Prbf.g_01325	Prbi.g_00946
OG0000672	Prbf.g_01322	Prbi.g_00949
OG0000673	Prbf.g_01319	Prbi.g_00952
OG0000674	Prbf.g_01317	Prbi.g_00954
OG0000675	Prbf.g_01316	Prbi.g_00955
OG0000676	Prbf.g_01314	Prbi.g_00957
OG0000677	Prbf.g_01313	Prbi.g_00958
OG0000678	Prbf.g_01311	Prbi.g_00960
OG0000679	Prbf.g_01307	Prbi.g_00964
OG0000680	Prbf.g_01306	Prbi.g_00965
OG0000681	Prbf.g_01303	Prbi.g_00968
OG0000682	Prbf.g_01302	Prbi.g_00969
OG0000683	Prbf.g_01301	Prbi.g_00970
OG0000684	Prbf.g_01299	Prbi.g_00971
OG0000685	Prbf.g_01297	Prbi.g_00973
OG0000686	Prbf.g_01296	Prbi.g_00974
OG0000687	Prbf.g_01295	Prbi.g_00975
OG0000688	Prbf.g_01021	Prbi.g_00978
OG0000689	Prbf.g_01022	Prbi.g_00979
OG0000690	Prbf.g_01023	Prbi.g_00980
OG0000691	Prbf.g_01024	Prbi.g_00981
OG0000692	Prbf.g_01026	Prbi.g_00983
OG0000693	Prbf.g_01027	Prbi.g_00984
OG0000694	Prbf.g_01028	Prbi.g_00985
OG0000695	Prbf.g_01140	Prbi.g_00987
OG0000696	Prbf.g_01139	Prbi.g_00988
OG0000697	Prbf.g_01138	Prbi.g_00989
OG0000698	Prbf.g_01135	Prbi.g_00992
OG0000699	Prbf.g_01134	Prbi.g_00993
OG0000700	Prbf.g_01133	Prbi.g_00994
OG0000701	Prbf.g_01132	Prbi.g_00995
OG0000702	Prbf.g_01130	Prbi.g_00997
OG0000703	Prbf.g_01129	Prbi.g_00998
OG0000704	Prbf.g_01127	Prbi.g_00999
OG0000705	Prbf.g_01124	Prbi.g_01003
OG0000706	Prbf.g_01123	Prbi.g_01004
OG0000707	Prbf.g_01122	Prbi.g_01005
OG0000708	Prbf.g_01120	Prbi.g_01006
OG0000709	Prbf.g_01116	Prbi.g_01010
OG0000710	Prbf.g_01113	Prbi.g_01013
OG0000711	Prbf.g_01095	Prbi.g_01030
OG0000712	Prbf.g_01094	Prbi.g_01032
OG0000713	Prbf.g_01093	Prbi.g_01033
OG0000714	Prbf.g_01092	Prbi.g_01034
OG0000715	Prbf.g_01090	Prbi.g_01036
OG0000716	Prbf.g_01088	Prbi.g_01038
OG0000717	Prbf.g_01087	Prbi.g_01039
OG0000718	Prbf.g_01083	Prbi.g_01055
OG0000719	Prbf.g_01081	Prbi.g_01057
OG0000720	Prbf.g_01069	Prbi.g_01066
OG0000721	Prbf.g_01065	Prbi.g_01068
OG0000722	Prbf.g_01064	Prbi.g_01069
OG0000723	Prbf.g_01060	Prbi.g_01072
OG0000724	Prbf.g_01165	Prbi.g_01081
OG0000725	Prbf.g_01171	Prbi.g_01087
OG0000726	Prbf.g_01172	Prbi.g_01088
OG0000727	Prbf.g_01173	Prbi.g_01089
OG0000728	Prbf.g_01175	Prbi.g_01091
OG0000729	Prbf.g_00048	Prbi.g_01138
OG0000730	Prbf.g_00876	Prbi.g_01142
OG0000731	Prbf.g_01684	Prbi.g_01146
OG0000732	Prbf.g_00453	Prbi.g_01155
OG0000733	Prbf.g_00787	Prbi.g_01175
OG0000734	Prbf.g_00902	Prbi.g_01192
OG0000735	Prbf.g_00904	Prbi.g_01194
OG0000736	Prbf.g_00905	Prbi.g_01195
OG0000737	Prbf.g_00906	Prbi.g_01196
OG0000738	Prbf.g_00910	Prbi.g_01200
OG0000739	Prbf.g_00911	Prbi.g_01201
OG0000740	Prbf.g_00912	Prbi.g_01202
OG0000741	Prbf.g_00914	Prbi.g_01203
OG0000742	Prbf.g_00917	Prbi.g_01206
OG0000743	Prbf.g_00919	Prbi.g_01208
OG0000744	Prbf.g_00920	Prbi.g_01209
OG0000745	Prbf.g_00921	Prbi.g_01210
OG0000746	Prbf.g_00923	Prbi.g_01212
OG0000747	Prbf.g_00924	Prbi.g_01213
OG0000748	Prbf.g_00928	Prbi.g_01216
OG0000749	Prbf.g_00929	Prbi.g_01217
OG0000750	Prbf.g_00930	Prbi.g_01218
OG0000751	Prbf.g_00933	Prbi.g_01220
OG0000752	Prbf.g_00935	Prbi.g_01222
OG0000753	Prbf.g_00937	Prbi.g_01225
OG0000754	Prbf.g_00940	Prbi.g_01228
OG0000755	Prbf.g_00946	Prbi.g_01231
OG0000756	Prbf.g_00947	Prbi.g_01232
OG0000757	Prbf.g_00954	Prbi.g_01238
OG0000758	Prbf.g_00955	Prbi.g_01239
OG0000759	Prbf.g_00956	Prbi.g_01240
OG0000760	Prbf.g_00957	Prbi.g_01241
OG0000761	Prbf.g_00958	Prbi.g_01242
OG0000762	Prbf.g_00959	Prbi.g_01243
OG0000763	Prbf.g_00961	Prbi.g_01245
OG0000764	Prbf.g_00962	Prbi.g_01246
OG0000765	Prbf.g_00970	Prbi.g_01255
OG0000766	Prbf.g_00971	Prbi.g_01256
OG0000767	Prbf.g_00973	Prbi.g_01258
OG0000768	Prbf.g_00974	Prbi.g_01259
OG0000769	Prbf.g_00976	Prbi.g_01261
OG0000770	Prbf.g_01914	Prbi.g_01263
OG0000771	Prbf.g_00253	Prbi.g_01277
OG0000772	Prbf.g_00767	Prbi.g_01363
OG0000773	Prbf.g_00035	Prbi.g_01382
OG0000774	Prbf.g_00033	Prbi.g_01384
OG0000775	Prbf.g_00031	Prbi.g_01386
OG0000776	Prbf.g_00030	Prbi.g_01387
OG0000777	Prbf.g_00029	Prbi.g_01388
OG0000778	Prbf.g_00028	Prbi.g_01389
OG0000779	Prbf.g_00024	Prbi.g_01393
OG0000780	Prbf.g_00023	Prbi.g_01394
OG0000781	Prbf.g_00019	Prbi.g_01397
OG0000782	Prbf.g_00018	Prbi.g_01398
OG0000783	Prbf.g_00017	Prbi.g_01399
OG0000784	Prbf.g_00016	Prbi.g_01400
OG0000785	Prbf.g_00014	Prbi.g_01402
OG0000786	Prbf.g_00011	Prbi.g_01404
OG0000787	Prbf.g_00010	Prbi.g_01405
OG0000788	Prbf.g_01782	Prbi.g_01426
OG0000789	Prbf.g_00256	Prbi.g_01429
OG0000790	Prbf.g_00100	Prbi.g_01444
OG0000791	Prbf.g_00102	Prbi.g_01446
OG0000792	Prbf.g_00103	Prbi.g_01447
OG0000793	Prbf.g_00106	Prbi.g_01450
OG0000794	Prbf.g_00107	Prbi.g_01451
OG0000795	Prbf.g_00108	Prbi.g_01452
OG0000796	Prbf.g_00112	Prbi.g_01456
OG0000797	Prbf.g_00113	Prbi.g_01457
OG0000799	Prbf.g_00140	Prbi.g_01571
OG0000800	Prbf.g_00141	Prbi.g_01572
OG0000801	Prbf.g_00142	Prbi.g_01573
OG0000802	Prbf.g_00144	Prbi.g_01575
OG0000803	Prbf.g_00146	Prbi.g_01577
OG0000804	Prbf.g_00147	Prbi.g_01578
OG0000805	Prbf.g_00149	Prbi.g_01580
OG0000806	Prbf.g_00151	Prbi.g_01582
OG0000807	Prbf.g_00152	Prbi.g_01583
OG0000808	Prbf.g_00153	Prbi.g_01584
OG0000809	Prbf.g_00155	Prbi.g_01587
OG0000810	Prbf.g_00156	Prbi.g_01588
OG0000811	Prbf.g_00160	Prbi.g_01594
OG0000812	Prbf.g_00162	Prbi.g_01596
OG0000813	Prbf.g_00163	Prbi.g_01597
OG0000814	Prbf.g_00165	Prbi.g_01599
OG0000815	Prbf.g_00166	Prbi.g_01600
OG0000816	Prbf.g_00168	Prbi.g_01602
OG0000817	Prbf.g_00169	Prbi.g_01603
OG0000818	Prbf.g_00174	Prbi.g_01608
OG0000819	Prbf.g_00175	Prbi.g_01609
OG0000820	Prbf.g_00176	Prbi.g_01610
OG0000821	Prbf.g_00180	Prbi.g_01613
OG0000822	Prbf.g_00181	Prbi.g_01614
OG0000823	Prbf.g_00182	Prbi.g_01615
OG0000824	Prbf.g_00185	Prbi.g_01618
OG0000825	Prbf.g_00186	Prbi.g_01619
OG0000826	Prbf.g_00187	Prbi.g_01620
OG0000827	Prbf.g_00188	Prbi.g_01621
OG0000828	Prbf.g_00191	Prbi.g_01624
OG0000829	Prbf.g_00192	Prbi.g_01625
OG0000830	Prbf.g_00193	Prbi.g_01626
OG0000831	Prbf.g_00195	Prbi.g_01628
OG0000832	Prbf.g_00205	Prbi.g_01634
OG0000833	Prbf.g_00214	Prbi.g_01642
OG0000834	Prbf.g_00215	Prbi.g_01643
OG0000835	Prbf.g_00216	Prbi.g_01644
OG0000836	Prbf.g_00217	Prbi.g_01645
OG0000837	Prbf.g_00218	Prbi.g_01646
OG0000838	Prbf.g_00220	Prbi.g_01648
OG0000839	Prbf.g_00221	Prbi.g_01649
OG0000840	Prbf.g_00222	Prbi.g_01650
OG0000841	Prbf.g_00223	Prbi.g_01651
OG0000842	Prbf.g_00224	Prbi.g_01652
OG0000843	Prbf.g_00225	Prbi.g_01653
OG0000844	Prbf.g_00226	Prbi.g_01654
OG0000845	Prbf.g_00227	Prbi.g_01655
OG0000846	Prbf.g_00228	Prbi.g_01656
OG0000847	Prbf.g_00229	Prbi.g_01657
OG0000848	Prbf.g_00230	Prbi.g_01658
OG0000849	Prbf.g_00231	Prbi.g_01659
OG0000850	Prbf.g_00233	Prbi.g_01661
OG0000851	Prbf.g_00234	Prbi.g_01662
OG0000852	Prbf.g_00235	Prbi.g_01663
OG0000853	Prbf.g_00241	Prbi.g_01667
OG0000854	Prbf.g_00243	Prbi.g_01669
OG0000855	Prbf.g_00244	Prbi.g_01670
OG0000856	Prbf.g_01911	Prbi.g_01685
OG0000857	Prbf.g_01230	Prbi.g_01711
OG0000858	Prbf.g_00700	Prbi.g_01781
OG0000859	Prbf.g_00699	Prbi.g_01782
OG0000860	Prbf.g_00691	Prbi.g_01789
OG0000861	Prbf.g_00690	Prbi.g_01790
OG0000862	Prbf.g_00689	Prbi.g_01791
OG0000863	Prbf.g_00687	Prbi.g_01793
OG0000864	Prbf.g_00686	Prbi.g_01794
OG0000865	Prbf.g_00685	Prbi.g_01795
OG0000866	Prbf.g_00684	Prbi.g_01796
OG0000867	Prbf.g_00683	Prbi.g_01797
OG0000868	Prbf.g_00681	Prbi.g_01798
OG0000869	Prbf.g_00678	Prbi.g_01802
OG0000870	Prbf.g_00673	Prbi.g_01807
OG0000871	Prbf.g_00672	Prbi.g_01808
OG0000872	Prbf.g_00671	Prbi.g_01809
OG0000873	Prbf.g_00668	Prbi.g_01812
OG0000874	Prbf.g_00665	Prbi.g_01815
OG0000875	Prbf.g_00664	Prbi.g_01816
OG0000876	Prbf.g_00663	Prbi.g_01817
OG0000877	Prbf.g_00661	Prbi.g_01819
OG0000878	Prbf.g_00660	Prbi.g_01820
OG0000879	Prbf.g_00659	Prbi.g_01821
OG0000880	Prbf.g_00658	Prbi.g_01822
OG0000881	Prbf.g_00654	Prbi.g_01826
OG0000882	Prbf.g_00649	Prbi.g_01831
OG0000883	Prbf.g_00647	Prbi.g_01832
OG0000884	Prbf.g_00645	Prbi.g_01834
OG0000885	Prbf.g_00644	Prbi.g_01835
OG0000886	Prbf.g_00643	Prbi.g_01836
OG0000887	Prbf.g_00642	Prbi.g_01837
OG0000888	Prbf.g_00640	Prbi.g_01839
OG0000889	Prbf.g_00638	Prbi.g_01841
OG0000890	Prbf.g_00637	Prbi.g_01842
OG0000891	Prbf.g_00636	Prbi.g_01843
OG0000892	Prbf.g_00634	Prbi.g_01845
OG0000893	Prbf.g_00630	Prbi.g_01848
OG0000894	Prbf.g_00627	Prbi.g_01850
OG0000895	Prbf.g_00623	Prbi.g_01853
OG0000896	Prbf.g_00622	Prbi.g_01854
OG0000897	Prbf.g_00620	Prbi.g_01856
OG0000898	Prbf.g_00619	Prbi.g_01857
OG0000899	Prbf.g_00618	Prbi.g_01858
OG0000900	Prbf.g_00617	Prbi.g_01859
OG0000901	Prbf.g_00614	Prbi.g_01863
OG0000902	Prbf.g_00612	Prbi.g_01865
OG0000903	Prbf.g_00608	Prbi.g_01868
OG0000904	Prbf.g_00604	Prbi.g_01870
OG0000905	Prbf.g_00610	Prbi.g_01875
OG0000906	Prbf.g_00611	Prbi.g_01876
OG0000907	Prbf.g_00601	Prbi.g_01896
OG0000908	Prbf.g_00598	Prbi.g_01899
OG0000909	Prbf.g_00597	Prbi.g_01900
OG0000910	Prbf.g_00596	Prbi.g_01901
OG0000911	Prbf.g_00594	Prbi.g_01903
OG0000912	Prbf.g_00593	Prbi.g_01904
OG0000913	Prbf.g_00592	Prbi.g_01905
OG0000914	Prbf.g_00591	Prbi.g_01906
OG0000915	Prbf.g_00590	Prbi.g_01907
OG0000916	Prbf.g_00589	Prbi.g_01908
OG0000917	Prbf.g_00588	Prbi.g_01909
OG0000918	Prbf.g_00587	Prbi.g_01910
OG0000919	Prbf.g_00586	Prbi.g_01911
OG0000920	Prbf.g_00585	Prbi.g_01912
OG0000921	Prbf.g_00584	Prbi.g_01913
OG0000922	Prbf.g_00583	Prbi.g_01914
OG0000923	Prbf.g_00579	Prbi.g_01918
OG0000924	Prbf.g_00578	Prbi.g_01919
OG0000925	Prbf.g_00577	Prbi.g_01920
OG0000926	Prbf.g_00576	Prbi.g_01921
OG0000927	Prbf.g_00574	Prbi.g_01923
OG0000928	Prbf.g_00573	Prbi.g_01924
OG0000929	Prbf.g_00572	Prbi.g_01925
OG0000930	Prbf.g_00571	Prbi.g_01926
OG0000931	Prbf.g_00570	Prbi.g_01927
OG0000932	Prbf.g_00569	Prbi.g_01928
OG0000933	Prbf.g_00565	Prbi.g_01932
OG0000934	Prbf.g_00563	Prbi.g_01934
OG0000935	Prbf.g_00562	Prbi.g_01935
OG0000936	Prbf.g_00561	Prbi.g_01936
OG0000937	Prbf.g_00560	Prbi.g_01937
OG0000938	Prbf.g_00557	Prbi.g_01939
OG0000939	Prbf.g_00556	Prbi.g_01940
OG0000940	Prbf.g_00549	Prbi.g_01947
OG0000941	Prbf.g_00547	Prbi.g_01949
OG0000942	Prbf.g_00545	Prbi.g_01951
OG0000943	Prbf.g_00544	Prbi.g_01952
OG0000944	Prbf.g_00542	Prbi.g_01953
OG0000945	Prbf.g_00541	Prbi.g_01954
OG0000946	Prbf.g_00536	Prbi.g_01958
OG0000947	Prbf.g_00534	Prbi.g_01960
OG0000948	Prbf.g_00533	Prbi.g_01961
OG0000949	Prbf.g_00530	Prbi.g_01964
OG0000950	Prbf.g_00523	Prbi.g_01969
OG0000951	Prbf.g_00519	Prbi.g_01973
OG0000952	Prbf.g_00515	Prbi.g_01977
OG0000953	Prbf.g_00511	Prbi.g_01980
OG0000954	Prbf.g_00507	Prbi.g_01984
OG0000955	Prbf.g_00506	Prbi.g_01985
OG0000956	Prbf.g_00504	Prbi.g_01987
OG0000957	Prbf.g_00498	Prbi.g_01992
OG0000958	Prbf.g_00497	Prbi.g_01993
OG0000959	Prbf.g_00493	Prbi.g_01997
OG0000960	Prbf.g_00492	Prbi.g_01998
OG0000961	Prbf.g_00488	Prbi.g_02000
OG0000962	Prbf.g_00486	Prbi.g_02002
OG0000963	Prbf.g_00482	Prbi.g_02006
OG0000964	Prbf.g_00481	Prbi.g_02007
OG0000965	Prbf.g_00480	Prbi.g_02008
OG0000966	Prbf.g_00474	Prbi.g_02027
OG0000967	Prbf.g_00470	Prbi.g_02032
OG0000968	Prbf.g_00468	Prbi.g_02034
OG0000969	Prbf.g_00467	Prbi.g_02035
OG0000970	Prbf.g_00466	Prbi.g_02036
OG0000971	Prbf.g_00465	Prbi.g_02037
OG0000972	Prbf.g_00464	Prbi.g_02038
OG0000973	Prbf.g_00463	Prbi.g_02039
OG0000974	Prbf.g_00462	Prbi.g_02040
OG0000975	Prbf.g_00461	Prbi.g_02041
OG0000976	Prbf.g_00460	Prbi.g_02042
OG0000977	Prbf.g_00459	Prbi.g_02043
OG0000978	Prbf.g_00458	Prbi.g_02044
OG0000979	Prbf.g_00456	Prbi.g_02047
OG0000980	Prbf.g_00454	Prbi.g_02049
OG0000981	Prbf.g_00451	Prbi.g_02051
OG0000982	Prbf.g_00449	Prbi.g_02053
OG0000983	Prbf.g_00448	Prbi.g_02054
OG0000984	Prbf.g_00447	Prbi.g_02055
OG0000985	Prbf.g_00444	Prbi.g_02058
OG0000986	Prbf.g_00442	Prbi.g_02060
OG0000987	Prbf.g_00441	Prbi.g_02061
OG0000988	Prbf.g_00438	Prbi.g_02064
OG0000989	Prbf.g_00434	Prbi.g_02068
OG0000990	Prbf.g_00430	Prbi.g_02071
OG0000991	Prbf.g_00429	Prbi.g_02072
OG0000992	Prbf.g_00426	Prbi.g_02074
OG0000993	Prbf.g_00425	Prbi.g_02075
OG0000994	Prbf.g_00424	Prbi.g_02076
OG0000995	Prbf.g_00420	Prbi.g_02080
OG0000996	Prbf.g_00419	Prbi.g_02081
OG0000997	Prbf.g_00416	Prbi.g_02082
OG0000998	Prbf.g_00414	Prbi.g_02084
OG0000999	Prbf.g_00413	Prbi.g_02085
OG0001000	Prbf.g_00410	Prbi.g_02088
OG0001001	Prbf.g_00407	Prbi.g_02090
OG0001002	Prbf.g_00402	Prbi.g_02094
OG0001003	Prbf.g_00401	Prbi.g_02095
OG0001004	Prbf.g_00400	Prbi.g_02096
OG0001005	Prbf.g_00399	Prbi.g_02097
OG0001006	Prbf.g_00395	Prbi.g_02101
OG0001007	Prbf.g_00393	Prbi.g_02103
OG0001008	Prbf.g_01721	Prbi.g_00438
OG0001009	Prbf.g_01349	Prbi.g_00027
OG0001010	Prbf.g_01350	Prbi.g_00028
OG0001011	Prbf.g_01352	Prbi.g_00029
OG0001012	Prbf.g_01366	Prbi.g_00052
OG0001013	Prbf.g_01373	Prbi.g_00059
OG0001014	Prbf.g_01376	Prbi.g_00062
OG0001015	Prbf.g_01378	Prbi.g_00063
OG0001016	Prbf.g_01400	Prbi.g_00080
OG0001017	Prbf.g_01404	Prbi.g_00084
OG0001018	Prbf.g_01406	Prbi.g_00087
OG0001019	Prbf.g_01415	Prbi.g_00096
OG0001020	Prbf.g_01416	Prbi.g_00097
OG0001021	Prbf.g_01417	Prbi.g_00098
OG0001022	Prbf.g_01420	Prbi.g_00101
OG0001023	Prbf.g_01421	Prbi.g_00102
OG0001024	Prbf.g_01425	Prbi.g_00105
OG0001025	Prbf.g_01432	Prbi.g_00111
OG0001026	Prbf.g_01441	Prbi.g_00118
OG0001027	Prbf.g_01442	Prbi.g_00119
OG0001028	Prbf.g_01444	Prbi.g_00121
OG0001029	Prbf.g_01445	Prbi.g_00123
OG0001030	Prbf.g_01461	Prbi.g_00138
OG0001031	Prbf.g_01521	Prbi.g_00210
OG0001032	Prbf.g_01522	Prbi.g_00211
OG0001033	Prbf.g_01543	Prbi.g_00232
OG0001034	Prbf.g_01574	Prbi.g_00260
OG0001035	Prbf.g_01594	Prbi.g_00278
OG0001036	Prbf.g_01598	Prbi.g_00283
OG0001037	Prbf.g_01599	Prbi.g_00284
OG0001038	Prbf.g_01618	Prbi.g_00302
OG0001039	Prbf.g_01621	Prbi.g_00305
OG0001040	Prbf.g_01623	Prbi.g_00307
OG0001041	Prbf.g_01628	Prbi.g_00311
OG0001042	Prbf.g_01645	Prbi.g_00328
OG0001043	Prbf.g_01646	Prbi.g_00329
OG0001044	Prbf.g_01677	Prbi.g_00357
OG0001045	Prbf.g_01686	Prbi.g_00366
OG0001046	Prbf.g_00741	Prbi.g_00403
OG0001047	Prbf.g_01723	Prbi.g_00440
OG0001048	Prbf.g_01724	Prbi.g_00441
OG0001049	Prbf.g_01726	Prbi.g_00443
OG0001050	Prbf.g_01727	Prbi.g_00444
OG0001051	Prbf.g_01728	Prbi.g_00445
OG0001052	Prbf.g_01754	Prbi.g_00474
OG0001053	Prbf.g_01766	Prbi.g_00486
OG0001054	Prbf.g_01781	Prbi.g_00501
OG0001055	Prbf.g_01800	Prbi.g_00520
OG0001056	Prbf.g_01817	Prbi.g_00539
OG0001057	Prbf.g_01822	Prbi.g_00544
OG0001058	Prbf.g_01830	Prbi.g_00552
OG0001059	Prbf.g_01834	Prbi.g_00556
OG0001060	Prbf.g_01840	Prbi.g_00563
OG0001061	Prbf.g_01855	Prbi.g_00576
OG0001062	Prbf.g_01857	Prbi.g_00578
OG0001063	Prbf.g_01859	Prbi.g_00580
OG0001064	Prbf.g_01860	Prbi.g_00581
OG0001065	Prbf.g_01861	Prbi.g_00582
OG0001066	Prbf.g_01862	Prbi.g_00583
OG0001067	Prbf.g_01863	Prbi.g_00584
OG0001068	Prbf.g_01864	Prbi.g_00585
OG0001069	Prbf.g_01865	Prbi.g_00586
OG0001070	Prbf.g_01869	Prbi.g_00589
OG0001071	Prbf.g_01870	Prbi.g_00590
OG0001072	Prbf.g_01872	Prbi.g_00592
OG0001073	Prbf.g_01886	Prbi.g_00606
OG0001074	Prbf.g_01898	Prbi.g_00617
OG0001075	Prbf.g_01899	Prbi.g_00618
OG0001076	Prbf.g_01906	Prbi.g_00626
OG0001077	Prbf.g_01912	Prbi.g_00630
OG0001078	Prbf.g_00983	Prbi.g_00639
OG0001079	Prbf.g_00995	Prbi.g_00650
OG0001080	Prbf.g_01001	Prbi.g_00656
OG0001081	Prbf.g_01003	Prbi.g_00658
OG0001082	Prbf.g_01004	Prbi.g_00659
OG0001083	Prbf.g_01009	Prbi.g_00664
OG0001084	Prbf.g_01010	Prbi.g_00665
OG0001085	Prbf.g_01293	Prbi.g_00673
OG0001086	Prbf.g_01292	Prbi.g_00674
OG0001087	Prbf.g_01274	Prbi.g_00691
OG0001088	Prbf.g_01273	Prbi.g_00692
OG0001089	Prbf.g_01262	Prbi.g_00700
OG0001090	Prbf.g_01252	Prbi.g_00746
OG0001091	Prbf.g_01030	Prbi.g_00748
OG0001092	Prbf.g_01031	Prbi.g_00749
OG0001093	Prbf.g_01036	Prbi.g_00754
OG0001094	Prbf.g_01029	Prbi.g_00841
OG0001095	Prbf.g_01232	Prbi.g_00860
OG0001096	Prbf.g_01218	Prbi.g_00873
OG0001097	Prbf.g_01198	Prbi.g_00892
OG0001098	Prbf.g_01179	Prbi.g_00907
OG0001099	Prbf.g_00833	Prbi.g_00939
OG0001100	Prbf.g_01329	Prbi.g_00943
OG0001101	Prbf.g_01326	Prbi.g_00945
OG0001102	Prbf.g_01323	Prbi.g_00948
OG0001103	Prbf.g_01321	Prbi.g_00950
OG0001104	Prbf.g_01298	Prbi.g_00972
OG0001105	Prbf.g_01294	Prbi.g_00976
OG0001106	Prbf.g_01126	Prbi.g_01000
OG0001107	Prbf.g_01119	Prbi.g_01007
OG0001108	Prbf.g_01115	Prbi.g_01011
OG0001109	Prbf.g_01114	Prbi.g_01012
OG0001110	Prbf.g_01112	Prbi.g_01014
OG0001111	Prbf.g_01111	Prbi.g_01015
OG0001112	Prbf.g_01110	Prbi.g_01016
OG0001113	Prbf.g_01109	Prbi.g_01017
OG0001114	Prbf.g_01108	Prbi.g_01018
OG0001115	Prbf.g_01106	Prbi.g_01020
OG0001116	Prbf.g_01105	Prbi.g_01021
OG0001117	Prbf.g_01104	Prbi.g_01022
OG0001118	Prbf.g_01103	Prbi.g_01023
OG0001119	Prbf.g_01102	Prbi.g_01024
OG0001120	Prbf.g_01100	Prbi.g_01026
OG0001122	Prbf.g_01080	Prbi.g_01058
OG0001123	Prbf.g_01074	Prbi.g_01062
OG0001124	Prbf.g_01072	Prbi.g_01064
OG0001125	Prbf.g_01070	Prbi.g_01065
OG0001126	Prbf.g_01159	Prbi.g_01075
OG0001127	Prbf.g_01160	Prbi.g_01076
OG0001128	Prbf.g_01162	Prbi.g_01078
OG0001129	Prbf.g_01163	Prbi.g_01079
OG0001130	Prbf.g_01164	Prbi.g_01080
OG0001131	Prbf.g_01705	Prbi.g_01117
OG0001132	Prbf.g_00296	Prbi.g_01127
OG0001133	Prbf.g_00094	Prbi.g_01161
OG0001134	Prbf.g_00788	Prbi.g_01174
OG0001135	Prbf.g_00785	Prbi.g_01177
OG0001136	Prbf.g_00915	Prbi.g_01204
OG0001137	Prbf.g_00927	Prbi.g_01215
OG0001138	Prbf.g_00948	Prbi.g_01233
OG0001139	Prbf.g_00950	Prbi.g_01234
OG0001140	Prbf.g_00951	Prbi.g_01235
OG0001141	Prbf.g_00952	Prbi.g_01236
OG0001142	Prbf.g_00953	Prbi.g_01237
OG0001143	Prbf.g_00960	Prbi.g_01244
OG0001144	Prbf.g_00965	Prbi.g_01249
OG0001145	Prbf.g_00034	Prbi.g_01383
OG0001146	Prbf.g_00022	Prbi.g_01395
OG0001147	Prbf.g_00002	Prbi.g_01425
OG0001148	Prbf.g_00097	Prbi.g_01441
OG0001149	Prbf.g_00098	Prbi.g_01442
OG0001150	Prbf.g_00099	Prbi.g_01443
OG0001151	Prbf.g_00110	Prbi.g_01454
OG0001152	Prbf.g_00111	Prbi.g_01455
OG0001153	Prbf.g_00189	Prbi.g_01622
OG0001154	Prbf.g_00190	Prbi.g_01623
OG0001155	Prbf.g_00207	Prbi.g_01635
OG0001156	Prbf.g_00210	Prbi.g_01638
OG0001157	Prbf.g_00211	Prbi.g_01639
OG0001158	Prbf.g_00212	Prbi.g_01640
OG0001159	Prbf.g_00213	Prbi.g_01641
OG0001160	Prbf.g_00239	Prbi.g_01665
OG0001161	Prbf.g_00750	Prbi.g_01678
OG0001162	Prbf.g_00812	Prbi.g_01689
OG0001163	Prbf.g_00702	Prbi.g_01779
OG0001164	Prbf.g_00698	Prbi.g_01783
OG0001166	Prbf.g_00674	Prbi.g_01806
OG0001167	Prbf.g_00657	Prbi.g_01823
OG0001168	Prbf.g_00655	Prbi.g_01825
OG0001169	Prbf.g_00653	Prbi.g_01827
OG0001170	Prbf.g_00651	Prbi.g_01829
OG0001171	Prbf.g_00641	Prbi.g_01838
OG0001172	Prbf.g_00625	Prbi.g_01851
OG0001173	Prbf.g_00624	Prbi.g_01852
OG0001174	Prbf.g_00616	Prbi.g_01860
OG0001175	Prbf.g_00615	Prbi.g_01861
OG0001176	Prbf.g_00607	Prbi.g_01869
OG0001177	Prbf.g_00605	Prbi.g_01872
OG0001178	Prbf.g_00688	Prbi.g_01877
OG0001179	Prbf.g_00575	Prbi.g_01922
OG0001180	Prbf.g_00552	Prbi.g_01944
OG0001181	Prbf.g_00548	Prbi.g_01948
OG0001182	Prbf.g_00540	Prbi.g_01955
OG0001183	Prbf.g_00535	Prbi.g_01959
OG0001184	Prbf.g_00517	Prbi.g_01975
OG0001185	Prbf.g_00501	Prbi.g_01989
OG0001186	Prbf.g_00476	Prbi.g_02012
OG0001187	Prbf.g_00473	Prbi.g_02028
OG0001188	Prbf.g_00471	Prbi.g_02031
OG0001189	Prbf.g_00455	Prbi.g_02048
OG0001190	Prbf.g_00450	Prbi.g_02052
OG0001191	Prbf.g_00440	Prbi.g_02062
OG0001192	Prbf.g_00435	Prbi.g_02067
OG0001193	Prbf.g_00423	Prbi.g_02077
OG0001194	Prbf.g_00422	Prbi.g_02078
OG0001195	Prbf.g_00421	Prbi.g_02079
OG0001196	Prbf.g_00405	Prbi.g_02092
OG0001197	Prbf.g_00403	Prbi.g_02093
OG0001198	Prbf.g_00396	Prbi.g_02100
OG0001199	Prbf.g_01401	Prbi.g_00081
OG0001200	Prbf.g_01403	Prbi.g_00083
OG0001201	Prbf.g_01436	Prbi.g_00115
OG0001202	Prbf.g_01534	Prbi.g_00223
OG0001203	Prbf.g_01576	Prbi.g_00262
OG0001204	Prbf.g_01582	Prbi.g_00267
OG0001205	Prbf.g_01729	Prbi.g_00446
OG0001206	Prbf.g_01749	Prbi.g_00464
OG0001207	Prbf.g_01760	Prbi.g_00480
OG0001208	Prbf.g_01765	Prbi.g_00485
OG0001209	Prbf.g_01816	Prbi.g_00538
OG0001210	Prbf.g_01821	Prbi.g_00543
OG0001211	Prbf.g_01831	Prbi.g_00553
OG0001212	Prbf.g_01878	Prbi.g_00598
OG0001213	Prbf.g_01913	Prbi.g_00631
OG0001214	Prbf.g_00984	Prbi.g_00640
OG0001215	Prbf.g_01272	Prbi.g_00693
OG0001216	Prbf.g_01251	Prbi.g_00747
OG0001217	Prbf.g_00280	Prbi.g_00792
OG0001218	Prbf.g_00855	Prbi.g_00800
OG0001219	Prbf.g_01146	Prbi.g_00835
OG0001220	Prbf.g_01189	Prbi.g_00899
OG0001221	Prbf.g_01309	Prbi.g_00962
OG0001222	Prbf.g_01067	Prbi.g_01001
OG0001223	Prbf.g_01099	Prbi.g_01027
OG0001224	Prbf.g_01166	Prbi.g_01082
OG0001225	Prbf.g_01168	Prbi.g_01084
OG0001226	Prbf.g_01921	Prbi.g_01111
OG0001227	Prbf.g_00870	Prbi.g_01130
OG0001228	Prbf.g_00968	Prbi.g_01252
OG0001229	Prbf.g_00856	Prbi.g_01437
OG0001230	Prbf.g_00150	Prbi.g_01581
OG0001231	Prbf.g_01706	Prbi.g_01687
OG0001232	Prbf.g_00670	Prbi.g_01810
OG0001233	Prbf.g_00650	Prbi.g_01830
OG0001234	Prbf.g_00613	Prbi.g_01864
OG0001235	Prbf.g_00609	Prbi.g_01874
OG0001236	Prbf.g_00520	Prbi.g_01972
OG0001237	Prbf.g_00516	Prbi.g_01976
OG0001238	Prbf.g_00439	Prbi.g_02063
OG0001239	Prbf.g_01398	Prbi.g_00078
OG0001240	Prbf.g_01419	Prbi.g_00100
OG0001241	Prbf.g_01429	Prbi.g_00108
OG0001242	Prbf.g_01449	Prbi.g_00127
OG0001243	Prbf.g_01456	Prbi.g_00133
OG0001244	Prbf.g_01471	Prbi.g_00149
OG0001245	Prbf.g_00879	Prbi.g_00404
OG0001247	Prbf.g_01279	Prbi.g_00686
OG0001248	Prbf.g_01277	Prbi.g_00688
OG0001249	Prbf.g_01675	Prbi.g_00825
OG0001250	Prbf.g_01202	Prbi.g_00888
OG0001251	Prbf.g_00837	Prbi.g_00935
OG0001252	Prbf.g_01161	Prbi.g_01077
OG0001253	Prbf.g_01924	Prbi.g_01131
OG0001254	Prbf.g_00786	Prbi.g_01176
OG0001255	Prbf.g_00900	Prbi.g_01191
OG0001256	Prbf.g_00246	Prbi.g_01680
OG0001258	Prbf.g_00697	Prbi.g_01784
OG0001259	Prbf.g_00652	Prbi.g_01828
OG0001260	Prbf.g_00635	Prbi.g_01844
OG0001261	Prbf.g_00567	Prbi.g_01930
OG0001263	Prbf.g_01458	Prbi.g_00136
OG0001265	Prbf.g_01448	Prbi.g_00126
OG0001266	Prbf.g_01538	Prbi.g_00227
OG0001267	Prbf.g_01620	Prbi.g_00304
OG0001268	Prbf.g_01683	Prbi.g_00363
OG0001269	Prbf.g_01190	Prbi.g_00383
OG0001270	Prbf.g_01718	Prbi.g_00435
OG0001271	Prbf.g_01755	Prbi.g_00475
OG0001272	Prbf.g_01769	Prbi.g_00489
OG0001273	Prbf.g_00978	Prbi.g_00634
OG0001274	Prbf.g_01562	Prbi.g_00707
OG0001275	Prbf.g_01089	Prbi.g_01037
OG0001276	Prbf.g_01075	Prbi.g_01061
OG0001277	Prbf.g_00417	Prbi.g_01119
OG0001278	Prbf.g_00972	Prbi.g_01257
OG0001279	Prbf.g_00339	Prbi.g_01332
OG0001280	Prbf.g_00027	Prbi.g_01390
OG0001281	Prbf.g_00021	Prbi.g_01396
OG0001282	Prbf.g_00096	Prbi.g_01440
OG0001283	Prbf.g_00408	Prbi.g_01459
OG0001284	Prbf.g_00232	Prbi.g_01660
OG0001285	Prbf.g_00667	Prbi.g_01813
OG0001286	Prbf.g_00554	Prbi.g_01942
OG0001287	Prbf.g_00494	Prbi.g_01996
OG0001288	Prbf.g_00483	Prbi.g_02005
OG0001289	Prbf.g_01413	Prbi.g_00094
OG0001290	Prbf.g_01428	Prbi.g_00107
OG0001291	Prbf.g_01466	Prbi.g_00143
OG0001292	Prbf.g_01587	Prbi.g_00272
OG0001293	Prbf.g_01600	Prbi.g_00285
OG0001295	Prbf.g_00824	Prbi.g_00469
OG0001296	Prbf.g_01792	Prbi.g_00512
OG0001297	Prbf.g_01797	Prbi.g_00517
OG0001298	Prbf.g_01858	Prbi.g_00579
OG0001299	Prbf.g_01015	Prbi.g_00669
OG0001300	Prbf.g_01268	Prbi.g_00696
OG0001301	Prbf.g_01263	Prbi.g_00699
OG0001302	Prbf.g_01150	Prbi.g_00834
OG0001303	Prbf.g_00731	Prbi.g_01041
OG0001304	Prbf.g_01062	Prbi.g_01071
OG0001305	Prbf.g_01174	Prbi.g_01090
OG0001306	Prbf.g_00903	Prbi.g_01193
OG0001307	Prbf.g_00070	Prbi.g_01422
OG0001308	Prbf.g_00167	Prbi.g_01601
OG0001309	Prbf.g_00274	Prbi.g_01684
OG0001310	Prbf.g_00680	Prbi.g_01799
OG0001311	Prbf.g_01073	Prbi.g_01063
OG0001312	Prbf.g_01137	Prbi.g_00990
OG0001314	Prbf.g_00372	Prbi.g_00723, Prbi.g_00783
OG0001315	Prbf.g_00865	Prbi.g_00068
OG0001316	Prbf.g_01470	Prbi.g_00148
OG0001317	Prbf.g_01572	Prbi.g_00258
OG0001318	Prbf.g_01596	Prbi.g_00280
OG0001319	Prbf.g_01613	Prbi.g_00296
OG0001320	Prbf.g_00765, Prbf.g_00732	Prbi.g_00406
OG0001321	Prbf.g_01735	Prbi.g_00452
OG0001322	Prbf.g_01736	Prbi.g_00453
OG0001323	Prbf.g_01802	Prbi.g_00522
OG0001324	Prbf.g_01267	Prbi.g_00697
OG0001325	Prbf.g_01032	Prbi.g_00750
OG0001327	Prbf.g_01332	Prbi.g_01102
OG0001328	Prbf.g_00045	Prbi.g_01129
OG0001329	Prbf.g_00734	Prbi.g_01169
OG0001330	Prbf.g_00263	Prbi.g_01362
OG0001331	Prbf.g_00101	Prbi.g_01445
OG0001332	Prbf.g_00203	Prbi.g_01633
OG0001333	Prbf.g_00656	Prbi.g_01824
OG0001334	Prbf.g_00532	Prbi.g_01962
OG0001335	Prbf.g_00531	Prbi.g_01963
OG0001339	Prbf.g_01431	Prbi.g_00110
OG0001340	Prbf.g_01671	Prbi.g_00352
OG0001341	Prbf.g_00863	Prbi.g_00790
OG0001342	Prbf.g_00711	Prbi.g_00829
OG0001343	Prbf.g_00840	Prbi.g_00932
OG0001344	Prbf.g_00922	Prbi.g_01211
OG0001345	Prbf.g_00938	Prbi.g_01226
OG0001346	Prbf.g_00025	Prbi.g_01392
OG0001348	Prbf.g_00826	Prbi.g_01707
OG0001349	Prbf.g_00119	Prbi.g_01590
OG0001350	Prbf.g_01575	Prbi.g_00261, Prbi.g_01748
OG0001351	Prbf.g_01741	Prbi.g_00455
OG0001352	Prbf.g_01283	Prbi.g_00683
OG0001353	Prbf.g_01212	Prbi.g_00879
OG0001354	Prbf.g_01107	Prbi.g_01019
OG0001355	Prbf.g_01053	Prbi.g_01724
OG0001356	Prbf.g_00705	Prbi.g_01301
OG0001359	Prbf.g_00839	Prbi.g_00933
OG0001362	Prbf.g_00171	Prbi.g_01605
OG0001363	Prbf.g_00173	Prbi.g_01607
OG0001364	Prbf.g_00529	Prbi.g_01965
OG0001365	Prbf.g_00446	Prbi.g_02056
OG0001369	Prbf.g_01418	Prbi.g_01522, Prbi.g_00099
OG0001370	Prbf.g_01746	Prbi.g_00461
OG0001371	Prbf.g_01284	Prbi.g_00682
OG0001372	Prbf.g_01922	Prbi.g_00799
OG0001375	Prbf.g_00841	Prbi.g_00931
OG0001379	Prbf.g_00032	Prbi.g_01385
OG0001380	Prbf.g_00853, Prbf.g_00066	Prbi.g_01427
OG0001381	Prbf.g_00893	Prbi.g_01433
OG0001382	Prbf.g_00063	Prbi.g_01699
OG0001394	Prbf.g_01305	Prbi.g_00966
OG0001397	Prbf.g_00172	Prbi.g_01606
OG0001402	Prbf.g_01907	Prbi.g_00808
OG0001403	Prbf.g_01353	Prbi.g_00030
OG0001404	Prbf.g_01395	Prbi.g_00075
OG0001407	Prbf.g_00059	Prbi.g_01109
OG0001409	Prbf.g_00926	Prbi.g_01214
OG0001410	Prbf.g_00069	Prbi.g_01423
OG0001411	Prbf.g_01388	Prbi.g_01491
OG0001414	Prbf.g_01567	Prbi.g_00253
OG0001415	Prbf.g_01569	Prbi.g_00255
OG0001418	Prbf.g_01278	Prbi.g_00687
OG0001419	Prbf.g_00060	Prbi.g_01110
OG0001421	Prbf.g_00247	Prbi.g_01681
OG0001422	Prbf.g_00056	Prbi.g_01705
OG0001423	Prbf.g_00361	Prbi.g_01567, Prbi.g_02024
OG0001424	Prbf.g_00299	Prbi.g_00936
OG0001425	Prbf.g_00436	Prbi.g_02066
OG0001428	Prbf.g_01506	Prbi.g_00196
OG0001429	Prbf.g_01145	Prbi.g_00836
OG0001430	Prbf.g_00854	Prbi.g_01356
OG0001431	Prbf.g_00872, Prbf.g_00816	Prbi.g_01360
OG0001433	Prbf.g_00706	Prbi.g_01302
OG0001435	Prbf.g_01324	Prbi.g_00947
OG0001437	Prbf.g_01568	Prbi.g_00254
OG0001446	Prbf.g_00291	Prbi.g_00086
OG0001448	Prbf.g_01739	Prbi.g_00391
OG0001450	Prbf.g_01275	Prbi.g_00690
OG0001451	Prbf.g_01178	Prbi.g_00908
OG0001455	Prbf.g_00862	Prbi.g_01163
OG0001460	Prbf.g_00707	Prbi.g_01303
OG0001461	Prbf.g_01379	Prbi.g_01545
OG0001463	Prbf.g_01627	Prbi.g_00310
OG0001464	Prbf.g_01672	Prbi.g_00353
OG0001465	Prbf.g_01256	Prbi.g_00706
OG0001467	Prbf.g_00090	Prbi.g_00826
OG0001468	Prbf.g_00849	Prbi.g_01100
OG0001472	Prbf.g_01930	Prbi.g_01683
OG0001481	Prbf.g_00046	Prbi.g_00397
OG0001484	Prbf.g_00262	Prbi.g_01369
OG0001485	Prbf.g_00346	Prbi.g_01725
OG0001486	Prbf.g_00916	Prbi.g_01205
OG0001491	Prbf.g_01153	Prbi.g_00832
OG0001500	Prbf.g_01602	Prbi.g_00287
OG0001501	Prbf.g_01334	Prbi.g_00709
OG0001503	Prbf.g_00285	Prbi.g_01181
OG0001505	Prbf.g_00313	Prbi.g_01509
OG0001506	Prbf.g_00201	Prbi.g_01631
OG0001513	Prbf.g_00761	Prbi.g_01761
OG0001521	Prbf.g_01155	Prbi.g_00791
OG0001522	Prbf.g_01211	Prbi.g_00880
OG0001523	Prbf.g_00783	Prbi.g_01178
OG0001524	Prbf.g_00782	Prbi.g_01179
OG0001526	Prbf.g_01383	Prbi.g_01278
OG0001550	Prbf.g_00281	Prbi.g_01166
OG0001552	Prbf.g_00250	Prbi.g_01271
OG0001557	Prbf.g_01304	Prbi.g_00967
OG0001564	Prbf.g_01382	Prbi.g_01485
OG0001566	Prbf.g_01287	Prbi.g_00679
OG0001569	Prbf.g_00375	Prbi.g_01137
OG0001571	Prbf.g_00336	Prbi.g_01159
OG0001572	Prbf.g_00338	Prbi.g_01326
OG0001581	Prbf.g_00007	Prbi.g_00168
OG0001583	Prbf.g_01154	Prbi.g_00831
OG0001584	Prbf.g_01025	Prbi.g_00982
OG0001587	Prbf.g_00633	Prbi.g_01846
OG0001595	Prbf.g_01393	Prbi.g_00074
OG0001596	Prbf.g_01402	Prbi.g_00082
OG0001597	Prbf.g_00198	Prbi.g_00386
OG0001598	Prbf.g_01265	Prbi.g_00427
OG0001599	Prbf.g_01747	Prbi.g_00462
OG0001600	Prbf.g_01794	Prbi.g_00514
OG0001601	Prbf.g_01289	Prbi.g_00677
OG0001603	Prbf.g_01151	Prbi.g_00833
OG0001604	Prbf.g_01312	Prbi.g_00959
OG0001605	Prbf.g_00286	Prbi.g_01054
OG0001606	Prbf.g_00276	Prbi.g_01116
OG0001607	Prbf.g_00348	Prbi.g_01180
OG0001608	Prbf.g_01059	Prbi.g_01430
OG0001609	Prbf.g_00199	Prbi.g_01629
OG0001610	Prbf.g_00202	Prbi.g_01632
OG0001611	Prbf.g_00772	Prbi.g_01693
OG0001626	Prbf.g_00353	Prbi.g_00789
OG0001628	Prbf.g_01920	Prbi.g_00802
OG0001629	Prbf.g_00327	Prbi.g_00803
OG0001630	Prbf.g_00832	Prbi.g_00940
OG0001631	Prbf.g_00344	Prbi.g_01105
OG0001648	Prbf.g_00757	Prbi.g_00396
OG0001649	Prbf.g_00278	Prbi.g_01107
OG0001650	Prbf.g_00819	Prbi.g_01407
OG0001651	Prbf.g_00882	Prbi.g_01691
OG0001662	Prbf.g_00799	Prbi.g_01147
OG0001663	Prbf.g_00899	Prbi.g_01190
OG0001664	Prbf.g_00795	Prbi.g_01770, Prbi.g_01317
OG0001665	Prbf.g_00892	Prbi.g_01320, Prbi.g_01767
OG0001668	Prbf.g_00769, Prbf.g_00739	Prbi.g_01543, Prbi.g_01762
OG0001684	Prbf.g_01871	Prbi.g_00591
OG0001685	Prbf.g_01925	Prbi.g_00910
OG0001686	Prbf.g_00878	Prbi.g_01053
OG0001687	Prbf.g_01745	Prbi.g_01099
OG0001689	Prbf.g_00485	Prbi.g_02003
OG0001701	Prbf.g_01384	Prbi.g_01279
OG0001705	Prbf.g_00631	Prbi.g_00422
OG0001706	Prbf.g_00806	Prbi.g_01044
OG0001707	Prbf.g_00871	Prbi.g_01124
OG0001709	Prbf.g_00133	Prbi.g_01498
OG0001710	Prbf.g_01938	Prbi.g_01867
OG0001722	Prbf.g_00834	Prbi.g_00938
OG0001725	Prbf.g_00810	Prbi.g_00413
OG0001727	Prbf.g_00773, Prbf.g_00298	Prbi.g_01751
OG0001758	Prbf.g_00715	Prbi.g_01756
OG0001770	Prbf.g_00778	Prbi.g_01537
OG0001780	Prbf.g_00124	Prbi.g_01471
OG0001820	Prbf.g_00297	Prbi.g_01328
OG0001834	Prbf.g_00121	Prbi.g_01469
OG0001875	Prbf.g_00716	Prbi.g_01757
OG0001876	Prbf.g_00717	Prbi.g_01758
OG0001922	Prbf.g_00139	Prbi.g_01406
OG0002030	Prbf.g_00780	Prbi.g_01306, Prbi.g_00153, Prbi.g_01409
OG0002034	Prbf.g_01916	Prbi.g_01265
OG0002275	Prbf.g_00723	Prbi.g_00160
OG0002326	Prbf.g_00756	Prbi.g_01309
OG0002346	Prbf.g_00891	Prbi.g_01766, Prbi.g_01321
OG0002786	Prbf.g_00370	Prbi.g_00159
OG0003072	Prbf.g_01935	Prbi.g_00721, Prbi.g_01886
OG0003234	Prbf.g_01477	Prbi.g_01273
