Orthogroup	Prap	Prbe
OG0000000	Prap.g_00494	Prbe.g_01587
OG0000000	Prap.g_01862	Prbe.g_01119
OG0000000	Prap.g_00493	Prbe.g_01120
OG0000000	Prap.g_01861	Prbe.g_01120
OG0000000	Prap.g_01846	Prbe.g_01052
OG0000001	Prap.g_01925	Prbe.g_00400
OG0000001	Prap.g_00653	Prbe.g_00112
OG0000002	Prap.g_00720	Prbe.g_01285
OG0000002	Prap.g_00715	Prbe.g_01290
OG0000002	Prap.g_00486	Prbe.g_01579
OG0000002	Prap.g_01946	Prbe.g_00379
OG0000002	Prap.g_00484	Prbe.g_01577
OG0000002	Prap.g_00491	Prbe.g_01584
OG0000002	Prap.g_00224	Prbe.g_00208
OG0000002	Prap.g_00823	Prbe.g_00452
OG0000004	Prap.g_00802	Prbe.g_01203
OG0000004	Prap.g_01480	Prbe.g_01784
OG0000005	Prap.g_00204	Prbe.g_00228
OG0000006	Prap.g_01470	Prbe.g_01794
OG0000007	Prap.g_01270	Prbe.g_00636
OG0000007	Prap.g_01779	Prbe.g_00985
OG0000008	Prap.g_01888	Prbe.g_00036
OG0000008	Prap.g_01887	Prbe.g_00037
OG0000009	Prap.g_00216	Prbe.g_00216
OG0000010	Prap.g_01293	Prbe.g_00659
OG0000010	Prap.g_00669	Prbe.g_00096
OG0000010	Prap.g_00318	Prbe.g_01411
OG0000011	Prap.g_00619	Prbe.g_00713
OG0000012	Prap.g_01145	Prbe.g_00511
OG0000012	Prap.g_00236	Prbe.g_00196
OG0000013	Prap.g_01385	Prbe.g_01879
OG0000014	Prap.g_01403	Prbe.g_01861
OG0000015	Prap.g_01840	Prbe.g_01046
OG0000015	Prap.g_01794	Prbe.g_01000
OG0000016	Prap.g_00514	Prbe.g_01607
OG0000017	Prap.g_01170	Prbe.g_00536
OG0000017	Prap.g_01163	Prbe.g_00529
OG0000018	Prap.g_00755	Prbe.g_01250
OG0000018	Prap.g_00478	Prbe.g_01571
OG0000019	Prap.g_01462	Prbe.g_01802
OG0000019	Prap.g_00480	Prbe.g_01573
OG0000020	Prap.g_00228	Prbe.g_00204
OG0000020	Prap.g_01906	Prbe.g_00018
OG0000021	Prap.g_00229	Prbe.g_00203
OG0000021	Prap.g_00797	Prbe.g_01208
OG0000022	Prap.g_00212	Prbe.g_00220
OG0000023	Prap.g_00029	Prbe.g_00062
OG0000024	Prap.g_00322	Prbe.g_01415
OG0000024	Prap.g_00826	Prbe.g_00449
OG0000025	Prap.g_00747	Prbe.g_01258
OG0000026	Prap.g_00923	Prbe.g_00132
OG0000027	Prap.g_01912	Prbe.g_00012
OG0000027	Prap.g_01860	Prbe.g_01121
OG0000028	Prap.g_01889	Prbe.g_00034
OG0000029	Prap.g_01899	Prbe.g_00025
OG0000029	Prap.g_01848	Prbe.g_01054
OG0000029	Prap.g_01848	Prbe.g_01133
OG0000029	Prap.g_01688	Prbe.g_01091
OG0000030	Prap.g_01569	Prbe.g_00763
OG0000031	Prap.g_00080	Prbe.g_00352
OG0000032	Prap.g_00160	Prbe.g_00272
OG0000033	Prap.g_01001	Prbe.g_01717
OG0000033	Prap.g_00087	Prbe.g_00345
OG0000034	Prap.g_00572	Prbe.g_00882
OG0000035	Prap.g_00121	Prbe.g_00311
OG0000037	Prap.g_01067	Prbe.g_01651
OG0000038	Prap.g_01530	Prbe.g_01156
OG0000039	Prap.g_00814	Prbe.g_00461
OG0000041	Prap.g_01731	Prbe.g_00938
OG0000042	Prap.g_01572	Prbe.g_00766
OG0000043	Prap.g_00477	Prbe.g_01570
OG0000045	Prap.g_00500	Prbe.g_01593
OG0000046	Prap.g_01384	Prbe.g_01880
OG0000047	Prap.g_01343	Prbe.g_01921
OG0000048	Prap.g_00548	Prbe.g_00906
OG0000048	Prap.g_01439	Prbe.g_01825
OG0000050	Prap.g_00667	Prbe.g_00098
OG0000051	Prap.g_00611	Prbe.g_00720
OG0000052	Prap.g_00099	Prbe.g_00333
OG0000052	Prap.g_00897	Prbe.g_00158
OG0000053	Prap.g_00142	Prbe.g_00290
OG0000053	Prap.g_01834	Prbe.g_01040
OG0000054	Prap.g_01161	Prbe.g_00527
OG0000055	Prap.g_00505	Prbe.g_01598
OG0000055	Prap.g_01805	Prbe.g_01011
OG0000057	Prap.g_00799	Prbe.g_01206
OG0000058	Prap.g_00081	Prbe.g_00351
OG0000059	Prap.g_01691	Prbe.g_01094
OG0000061	Prap.g_00456	Prbe.g_01549
OG0000062	Prap.g_00206	Prbe.g_00226
OG0000063	Prap.g_01903	Prbe.g_00021
OG0000064	Prap.g_00883	Prbe.g_00172
OG0000065	Prap.g_01069	Prbe.g_01649
OG0000066	Prap.g_01230	Prbe.g_00596
OG0000066	Prap.g_01867	Prbe.g_01114
OG0000067	Prap.g_00783	Prbe.g_01222
OG0000068	Prap.g_00059	Prbe.g_00373
OG0000069	Prap.g_01312	Prbe.g_00678
OG0000070	Prap.g_01316	Prbe.g_01948
OG0000071	Prap.g_00561	Prbe.g_00893
OG0000072	Prap.g_00999	Prbe.g_01719
OG0000073	Prap.g_01267	Prbe.g_00633
OG0000074	Prap.g_00819	Prbe.g_00456
OG0000074	Prap.g_00658	Prbe.g_00107
OG0000074	Prap.g_00021	Prbe.g_00070
OG0000075	Prap.g_01606	Prbe.g_00800
OG0000076	Prap.g_01580	Prbe.g_00774
OG0000077	Prap.g_01099	Prbe.g_00183
OG0000078	Prap.g_01472	Prbe.g_01792
OG0000079	Prap.g_01459	Prbe.g_01805
OG0000080	Prap.g_00093	Prbe.g_00339
OG0000080	Prap.g_00095	Prbe.g_00337
OG0000081	Prap.g_01238	Prbe.g_00604
OG0000082	Prap.g_01183	Prbe.g_00549
OG0000082	Prap.g_01790	Prbe.g_00996
OG0000084	Prap.g_00118	Prbe.g_00314
OG0000085	Prap.g_01917	Prbe.g_00007
OG0000085	Prap.g_01787	Prbe.g_00993
OG0000086	Prap.g_01090	Prbe.g_00192
OG0000087	Prap.g_01035	Prbe.g_01683
OG0000088	Prap.g_01004	Prbe.g_01714
OG0000089	Prap.g_01349	Prbe.g_01915
OG0000090	Prap.g_01236	Prbe.g_00602
OG0000091	Prap.g_00384	Prbe.g_01477
OG0000092	Prap.g_00853	Prbe.g_00422
OG0000093	Prap.g_00355	Prbe.g_01448
OG0000094	Prap.g_00306	Prbe.g_01399
OG0000095	Prap.g_00708	Prbe.g_01297
OG0000096	Prap.g_00010	Prbe.g_00081
OG0000097	Prap.g_00410	Prbe.g_01503
OG0000098	Prap.g_01928	Prbe.g_00397
OG0000099	Prap.g_00082	Prbe.g_00350
OG0000100	Prap.g_00200	Prbe.g_00232
OG0000101	Prap.g_01642	Prbe.g_00836
OG0000102	Prap.g_01575	Prbe.g_00769
OG0000103	Prap.g_01491	Prbe.g_01195
OG0000104	Prap.g_01869	Prbe.g_01061
OG0000105	Prap.g_01436	Prbe.g_01828
OG0000106	Prap.g_00591	Prbe.g_00740
OG0000107	Prap.g_01714	Prbe.g_00921
OG0000108	Prap.g_01287	Prbe.g_00653
OG0000109	Prap.g_01273	Prbe.g_00639
OG0000110	Prap.g_01194	Prbe.g_00560
OG0000111	Prap.g_00798	Prbe.g_01207
OG0000112	Prap.g_01121	Prbe.g_00487
OG0000113	Prap.g_00760	Prbe.g_01245
OG0000114	Prap.g_00858	Prbe.g_00417
OG0000115	Prap.g_00525	Prbe.g_01618
OG0000116	Prap.g_00467	Prbe.g_01560
OG0000117	Prap.g_00429	Prbe.g_01522
OG0000118	Prap.g_00574	Prbe.g_00880
OG0000119	Prap.g_00510	Prbe.g_01603
OG0000119	Prap.g_00218	Prbe.g_00214
OG0000120	Prap.g_00079	Prbe.g_00353
OG0000121	Prap.g_00123	Prbe.g_00309
OG0000122	Prap.g_00532	Prbe.g_01625
OG0000122	Prap.g_00164	Prbe.g_00268
OG0000123	Prap.g_01635	Prbe.g_00829
OG0000124	Prap.g_01563	Prbe.g_00745
OG0000125	Prap.g_01528	Prbe.g_01158
OG0000126	Prap.g_01870	Prbe.g_01060
OG0000128	Prap.g_00043	Prbe.g_01076
OG0000129	Prap.g_00910	Prbe.g_00145
OG0000130	Prap.g_00881	Prbe.g_00174
OG0000131	Prap.g_01026	Prbe.g_01692
OG0000132	Prap.g_01006	Prbe.g_01712
OG0000133	Prap.g_01389	Prbe.g_01875
OG0000134	Prap.g_01347	Prbe.g_01917
OG0000135	Prap.g_00543	Prbe.g_00911
OG0000136	Prap.g_01325	Prbe.g_01939
OG0000137	Prap.g_01292	Prbe.g_00658
OG0000138	Prap.g_01272	Prbe.g_00638
OG0000139	Prap.g_01232	Prbe.g_00598
OG0000140	Prap.g_01231	Prbe.g_00597
OG0000141	Prap.g_01160	Prbe.g_00526
OG0000142	Prap.g_00392	Prbe.g_01485
OG0000143	Prap.g_00388	Prbe.g_01481
OG0000144	Prap.g_00374	Prbe.g_01467
OG0000145	Prap.g_00545	Prbe.g_00909
OG0000146	Prap.g_01122	Prbe.g_00488
OG0000147	Prap.g_01123	Prbe.g_00489
OG0000148	Prap.g_00766	Prbe.g_01239
OG0000149	Prap.g_00734	Prbe.g_01271
OG0000150	Prap.g_00724	Prbe.g_01281
OG0000151	Prap.g_00848	Prbe.g_00427
OG0000152	Prap.g_00257	Prbe.g_01350
OG0000153	Prap.g_00276	Prbe.g_01369
OG0000154	Prap.g_00296	Prbe.g_01389
OG0000155	Prap.g_00435	Prbe.g_01528
OG0000156	Prap.g_00550	Prbe.g_00904
OG0000157	Prap.g_00551	Prbe.g_00903
OG0000158	Prap.g_01598	Prbe.g_00792
OG0000159	Prap.g_00890	Prbe.g_00165
OG0000160	Prap.g_00122	Prbe.g_00310
OG0000161	Prap.g_00128	Prbe.g_00304
OG0000162	Prap.g_00134	Prbe.g_00298
OG0000163	Prap.g_00173	Prbe.g_00259
OG0000164	Prap.g_01754	Prbe.g_00961
OG0000165	Prap.g_01747	Prbe.g_00954
OG0000166	Prap.g_01680	Prbe.g_01083
OG0000167	Prap.g_01608	Prbe.g_00802
OG0000168	Prap.g_01597	Prbe.g_00791
OG0000169	Prap.g_01587	Prbe.g_00781
OG0000170	Prap.g_01584	Prbe.g_00778
OG0000171	Prap.g_01564	Prbe.g_00758
OG0000172	Prap.g_01557	Prbe.g_00751
OG0000173	Prap.g_01542	Prbe.g_01143
OG0000174	Prap.g_01513	Prbe.g_01173
OG0000175	Prap.g_01500	Prbe.g_01186
OG0000176	Prap.g_00050	Prbe.g_01069
OG0000177	Prap.g_00049	Prbe.g_01070
OG0000178	Prap.g_00048	Prbe.g_01071
OG0000179	Prap.g_00939	Prbe.g_00116
OG0000180	Prap.g_00938	Prbe.g_00117
OG0000181	Prap.g_00937	Prbe.g_00118
OG0000182	Prap.g_00936	Prbe.g_00119
OG0000183	Prap.g_00932	Prbe.g_00123
OG0000184	Prap.g_00906	Prbe.g_00149
OG0000185	Prap.g_00903	Prbe.g_00152
OG0000186	Prap.g_00887	Prbe.g_00168
OG0000187	Prap.g_00886	Prbe.g_00169
OG0000188	Prap.g_01096	Prbe.g_00186
OG0000189	Prap.g_01082	Prbe.g_01636
OG0000190	Prap.g_01080	Prbe.g_01638
OG0000191	Prap.g_01057	Prbe.g_01661
OG0000192	Prap.g_01052	Prbe.g_01666
OG0000193	Prap.g_01025	Prbe.g_01693
OG0000194	Prap.g_01022	Prbe.g_01696
OG0000195	Prap.g_01020	Prbe.g_01698
OG0000196	Prap.g_01009	Prbe.g_01709
OG0000197	Prap.g_01008	Prbe.g_01710
OG0000198	Prap.g_01007	Prbe.g_01711
OG0000199	Prap.g_01000	Prbe.g_01718
OG0000200	Prap.g_00986	Prbe.g_01732
OG0000201	Prap.g_00977	Prbe.g_01741
OG0000202	Prap.g_00976	Prbe.g_01742
OG0000203	Prap.g_00975	Prbe.g_01743
OG0000204	Prap.g_00974	Prbe.g_01744
OG0000205	Prap.g_00967	Prbe.g_01751
OG0000206	Prap.g_00962	Prbe.g_01756
OG0000207	Prap.g_00959	Prbe.g_01759
OG0000208	Prap.g_00958	Prbe.g_01760
OG0000209	Prap.g_00949	Prbe.g_01769
OG0000210	Prap.g_00948	Prbe.g_01770
OG0000211	Prap.g_01479	Prbe.g_01785
OG0000212	Prap.g_01471	Prbe.g_01793
OG0000213	Prap.g_01453	Prbe.g_01811
OG0000214	Prap.g_01443	Prbe.g_01821
OG0000215	Prap.g_01416	Prbe.g_01848
OG0000216	Prap.g_01415	Prbe.g_01849
OG0000217	Prap.g_01412	Prbe.g_01852
OG0000218	Prap.g_01410	Prbe.g_01854
OG0000219	Prap.g_01409	Prbe.g_01855
OG0000220	Prap.g_01408	Prbe.g_01856
OG0000221	Prap.g_01407	Prbe.g_01857
OG0000222	Prap.g_01400	Prbe.g_01864
OG0000223	Prap.g_01388	Prbe.g_01876
OG0000224	Prap.g_01386	Prbe.g_01878
OG0000225	Prap.g_01360	Prbe.g_01904
OG0000226	Prap.g_01356	Prbe.g_01908
OG0000227	Prap.g_01354	Prbe.g_01910
OG0000228	Prap.g_01350	Prbe.g_01914
OG0000229	Prap.g_01330	Prbe.g_01934
OG0000230	Prap.g_01328	Prbe.g_01936
OG0000231	Prap.g_01317	Prbe.g_01947
OG0000232	Prap.g_01306	Prbe.g_00672
OG0000233	Prap.g_01300	Prbe.g_00666
OG0000234	Prap.g_01291	Prbe.g_00657
OG0000235	Prap.g_01288	Prbe.g_00654
OG0000236	Prap.g_01274	Prbe.g_00640
OG0000237	Prap.g_01261	Prbe.g_00627
OG0000238	Prap.g_01255	Prbe.g_00621
OG0000239	Prap.g_01244	Prbe.g_00610
OG0000240	Prap.g_01243	Prbe.g_00609
OG0000241	Prap.g_01239	Prbe.g_00605
OG0000242	Prap.g_01237	Prbe.g_00603
OG0000243	Prap.g_01226	Prbe.g_00592
OG0000244	Prap.g_01223	Prbe.g_00589
OG0000245	Prap.g_01221	Prbe.g_00587
OG0000246	Prap.g_01217	Prbe.g_00583
OG0000247	Prap.g_01207	Prbe.g_00573
OG0000248	Prap.g_01204	Prbe.g_00570
OG0000249	Prap.g_01202	Prbe.g_00568
OG0000250	Prap.g_01197	Prbe.g_00563
OG0000251	Prap.g_01177	Prbe.g_00543
OG0000252	Prap.g_01174	Prbe.g_00540
OG0000253	Prap.g_01173	Prbe.g_00539
OG0000254	Prap.g_01156	Prbe.g_00522
OG0000255	Prap.g_01150	Prbe.g_00516
OG0000256	Prap.g_01140	Prbe.g_00506
OG0000257	Prap.g_00397	Prbe.g_01490
OG0000258	Prap.g_00383	Prbe.g_01476
OG0000259	Prap.g_00366	Prbe.g_01459
OG0000260	Prap.g_00363	Prbe.g_01456
OG0000261	Prap.g_00360	Prbe.g_01453
OG0000262	Prap.g_00356	Prbe.g_01449
OG0000263	Prap.g_00820	Prbe.g_00455
OG0000264	Prap.g_00809	Prbe.g_00466
OG0000265	Prap.g_00791	Prbe.g_01214
OG0000266	Prap.g_00337	Prbe.g_01430
OG0000267	Prap.g_00325	Prbe.g_01418
OG0000268	Prap.g_00324	Prbe.g_01417
OG0000269	Prap.g_00788	Prbe.g_01217
OG0000270	Prap.g_00785	Prbe.g_01220
OG0000271	Prap.g_00777	Prbe.g_01228
OG0000272	Prap.g_00776	Prbe.g_01229
OG0000273	Prap.g_00752	Prbe.g_01253
OG0000274	Prap.g_00751	Prbe.g_01254
OG0000275	Prap.g_00748	Prbe.g_01257
OG0000276	Prap.g_00742	Prbe.g_01263
OG0000277	Prap.g_00741	Prbe.g_01264
OG0000278	Prap.g_00738	Prbe.g_01267
OG0000279	Prap.g_00731	Prbe.g_01274
OG0000280	Prap.g_00730	Prbe.g_01275
OG0000281	Prap.g_00723	Prbe.g_01282
OG0000282	Prap.g_00856	Prbe.g_00419
OG0000283	Prap.g_00680	Prbe.g_01326
OG0000284	Prap.g_00675	Prbe.g_01331
OG0000285	Prap.g_00243	Prbe.g_01336
OG0000286	Prap.g_00256	Prbe.g_01349
OG0000287	Prap.g_00522	Prbe.g_01615
OG0000288	Prap.g_00295	Prbe.g_01388
OG0000289	Prap.g_00311	Prbe.g_01404
OG0000290	Prap.g_00705	Prbe.g_01300
OG0000291	Prap.g_00707	Prbe.g_01298
OG0000292	Prap.g_00501	Prbe.g_01594
OG0000293	Prap.g_00466	Prbe.g_01559
OG0000294	Prap.g_00465	Prbe.g_01558
OG0000295	Prap.g_00442	Prbe.g_01535
OG0000296	Prap.g_00440	Prbe.g_01533
OG0000297	Prap.g_00431	Prbe.g_01524
OG0000298	Prap.g_00430	Prbe.g_01523
OG0000299	Prap.g_00411	Prbe.g_01504
OG0000300	Prap.g_00408	Prbe.g_01501
OG0000301	Prap.g_00407	Prbe.g_01500
OG0000302	Prap.g_00405	Prbe.g_01498
OG0000303	Prap.g_00399	Prbe.g_01492
OG0000304	Prap.g_01135	Prbe.g_00501
OG0000305	Prap.g_00499	Prbe.g_01592
OG0000306	Prap.g_00719	Prbe.g_01286
OG0000307	Prap.g_00068	Prbe.g_00364
OG0000308	Prap.g_00069	Prbe.g_00363
OG0000309	Prap.g_00073	Prbe.g_00359
OG0000310	Prap.g_00107	Prbe.g_00325
OG0000311	Prap.g_00109	Prbe.g_00323
OG0000312	Prap.g_00112	Prbe.g_00320
OG0000313	Prap.g_00125	Prbe.g_00307
OG0000314	Prap.g_00148	Prbe.g_00284
OG0000315	Prap.g_00158	Prbe.g_00274
OG0000316	Prap.g_00183	Prbe.g_00249
OG0000317	Prap.g_01782	Prbe.g_00988
OG0000318	Prap.g_01778	Prbe.g_00984
OG0000319	Prap.g_01765	Prbe.g_00971
OG0000320	Prap.g_01763	Prbe.g_00969
OG0000321	Prap.g_01762	Prbe.g_00968
OG0000322	Prap.g_01761	Prbe.g_00967
OG0000323	Prap.g_01751	Prbe.g_00958
OG0000324	Prap.g_01724	Prbe.g_00931
OG0000325	Prap.g_01713	Prbe.g_00920
OG0000326	Prap.g_01706	Prbe.g_01109
OG0000327	Prap.g_01685	Prbe.g_01088
OG0000328	Prap.g_01684	Prbe.g_01087
OG0000329	Prap.g_01667	Prbe.g_00860
OG0000330	Prap.g_01666	Prbe.g_00859
OG0000331	Prap.g_01665	Prbe.g_00858
OG0000332	Prap.g_01651	Prbe.g_00844
OG0000333	Prap.g_01648, Prap.g_01649	Prbe.g_00842
OG0000334	Prap.g_01639	Prbe.g_00833
OG0000335	Prap.g_01634	Prbe.g_00828
OG0000336	Prap.g_01630	Prbe.g_00824
OG0000337	Prap.g_01612	Prbe.g_00806
OG0000338	Prap.g_01611	Prbe.g_00805
OG0000339	Prap.g_01605	Prbe.g_00799
OG0000340	Prap.g_01596	Prbe.g_00790
OG0000341	Prap.g_01594	Prbe.g_00788
OG0000342	Prap.g_01593	Prbe.g_00787
OG0000343	Prap.g_01592	Prbe.g_00786
OG0000344	Prap.g_01589	Prbe.g_00783
OG0000345	Prap.g_01583	Prbe.g_00777
OG0000346	Prap.g_01579	Prbe.g_00773
OG0000347	Prap.g_01562	Prbe.g_00746
OG0000348	Prap.g_01554	Prbe.g_00754
OG0000349	Prap.g_01537	Prbe.g_01149
OG0000350	Prap.g_00623	Prbe.g_00709
OG0000351	Prap.g_01497	Prbe.g_01189
OG0000352	Prap.g_01496	Prbe.g_01190
OG0000353	Prap.g_00055	Prbe.g_01064
OG0000355	Prap.g_00053	Prbe.g_01066
OG0000356	Prap.g_00052	Prbe.g_01067
OG0000357	Prap.g_00051	Prbe.g_01068
OG0000358	Prap.g_00047	Prbe.g_01072
OG0000359	Prap.g_00046	Prbe.g_01073
OG0000360	Prap.g_00045	Prbe.g_01074
OG0000361	Prap.g_00044	Prbe.g_01075
OG0000362	Prap.g_00042	Prbe.g_01077
OG0000363	Prap.g_00941	Prbe.g_00114
OG0000364	Prap.g_00940	Prbe.g_00115
OG0000365	Prap.g_00935	Prbe.g_00120
OG0000366	Prap.g_00934	Prbe.g_00121
OG0000367	Prap.g_00933	Prbe.g_00122
OG0000368	Prap.g_00931	Prbe.g_00124
OG0000369	Prap.g_00930	Prbe.g_00125
OG0000370	Prap.g_00929	Prbe.g_00126
OG0000371	Prap.g_00922	Prbe.g_00133
OG0000372	Prap.g_00919	Prbe.g_00136
OG0000373	Prap.g_00918	Prbe.g_00137
OG0000374	Prap.g_00917	Prbe.g_00138
OG0000375	Prap.g_00915	Prbe.g_00140
OG0000376	Prap.g_00913	Prbe.g_00142
OG0000377	Prap.g_00909	Prbe.g_00146
OG0000378	Prap.g_00905	Prbe.g_00150
OG0000379	Prap.g_00902	Prbe.g_00153
OG0000380	Prap.g_00885	Prbe.g_00170
OG0000381	Prap.g_00880	Prbe.g_00175
OG0000382	Prap.g_01097	Prbe.g_00185
OG0000383	Prap.g_01095	Prbe.g_00187
OG0000384	Prap.g_01094	Prbe.g_00188
OG0000385	Prap.g_01093	Prbe.g_00189
OG0000386	Prap.g_01092	Prbe.g_00190
OG0000387	Prap.g_01078	Prbe.g_01640
OG0000388	Prap.g_01074	Prbe.g_01644
OG0000389	Prap.g_01071	Prbe.g_01647
OG0000390	Prap.g_01061	Prbe.g_01657
OG0000391	Prap.g_01058	Prbe.g_01660
OG0000392	Prap.g_01054	Prbe.g_01664
OG0000393	Prap.g_01051	Prbe.g_01667
OG0000394	Prap.g_01050	Prbe.g_01668
OG0000395	Prap.g_01049	Prbe.g_01669
OG0000396	Prap.g_01047	Prbe.g_01671
OG0000397	Prap.g_01045	Prbe.g_01673
OG0000398	Prap.g_01042	Prbe.g_01676
OG0000399	Prap.g_01041	Prbe.g_01677
OG0000400	Prap.g_01040	Prbe.g_01678
OG0000401	Prap.g_01039	Prbe.g_01679
OG0000402	Prap.g_00319	Prbe.g_01412
OG0000403	Prap.g_01037	Prbe.g_01681
OG0000404	Prap.g_01036	Prbe.g_01682
OG0000405	Prap.g_01032	Prbe.g_01686
OG0000406	Prap.g_01024	Prbe.g_01694
OG0000407	Prap.g_01023	Prbe.g_01695
OG0000408	Prap.g_01021	Prbe.g_01697
OG0000409	Prap.g_01019	Prbe.g_01699
OG0000410	Prap.g_01018	Prbe.g_01700
OG0000411	Prap.g_01017	Prbe.g_01701
OG0000412	Prap.g_01016	Prbe.g_01702
OG0000413	Prap.g_01014	Prbe.g_01704
OG0000414	Prap.g_01013	Prbe.g_01705
OG0000415	Prap.g_01012	Prbe.g_01706
OG0000416	Prap.g_01011	Prbe.g_01707
OG0000417	Prap.g_01010	Prbe.g_01708
OG0000418	Prap.g_01005	Prbe.g_01713
OG0000419	Prap.g_01003	Prbe.g_01715
OG0000420	Prap.g_01002	Prbe.g_01716
OG0000421	Prap.g_00997	Prbe.g_01721
OG0000422	Prap.g_00996	Prbe.g_01722
OG0000423	Prap.g_00995	Prbe.g_01723
OG0000424	Prap.g_00994	Prbe.g_01724
OG0000425	Prap.g_00993	Prbe.g_01725
OG0000426	Prap.g_00992	Prbe.g_01726
OG0000427	Prap.g_00991	Prbe.g_01727
OG0000428	Prap.g_00989	Prbe.g_01729
OG0000429	Prap.g_00988	Prbe.g_01730
OG0000430	Prap.g_00987	Prbe.g_01731
OG0000431	Prap.g_00985	Prbe.g_01733
OG0000432	Prap.g_00981	Prbe.g_01737
OG0000433	Prap.g_00980	Prbe.g_01738
OG0000434	Prap.g_00979	Prbe.g_01739
OG0000435	Prap.g_00978	Prbe.g_01740
OG0000436	Prap.g_00973	Prbe.g_01745
OG0000437	Prap.g_00972	Prbe.g_01746
OG0000438	Prap.g_00971	Prbe.g_01747
OG0000439	Prap.g_00969	Prbe.g_01749
OG0000440	Prap.g_00968	Prbe.g_01750
OG0000441	Prap.g_00965	Prbe.g_01753
OG0000442	Prap.g_00964	Prbe.g_01754
OG0000443	Prap.g_00963	Prbe.g_01755
OG0000444	Prap.g_00957	Prbe.g_01761
OG0000445	Prap.g_00956	Prbe.g_01762
OG0000446	Prap.g_00955	Prbe.g_01763
OG0000447	Prap.g_00954	Prbe.g_01764
OG0000448	Prap.g_00953	Prbe.g_01765
OG0000449	Prap.g_00952	Prbe.g_01766
OG0000450	Prap.g_00951	Prbe.g_01767
OG0000451	Prap.g_00950	Prbe.g_01768
OG0000452	Prap.g_00947	Prbe.g_01771
OG0000453	Prap.g_00946	Prbe.g_01772
OG0000454	Prap.g_00945	Prbe.g_01773
OG0000455	Prap.g_00944	Prbe.g_01774
OG0000456	Prap.g_00943	Prbe.g_01775
OG0000457	Prap.g_01487	Prbe.g_01777
OG0000458	Prap.g_01486	Prbe.g_01778
OG0000459	Prap.g_01485	Prbe.g_01779
OG0000460	Prap.g_01477	Prbe.g_01787
OG0000461	Prap.g_01469	Prbe.g_01795
OG0000462	Prap.g_01467	Prbe.g_01797
OG0000463	Prap.g_01466	Prbe.g_01798
OG0000464	Prap.g_01465	Prbe.g_01799
OG0000465	Prap.g_01464	Prbe.g_01800
OG0000466	Prap.g_01461	Prbe.g_01803
OG0000467	Prap.g_01460	Prbe.g_01804
OG0000468	Prap.g_01457	Prbe.g_01807
OG0000469	Prap.g_01449	Prbe.g_01815
OG0000470	Prap.g_01447	Prbe.g_01817
OG0000471	Prap.g_01446	Prbe.g_01818
OG0000472	Prap.g_01444	Prbe.g_01820
OG0000473	Prap.g_01442	Prbe.g_01822
OG0000474	Prap.g_01441	Prbe.g_01823
OG0000475	Prap.g_01440	Prbe.g_01824
OG0000476	Prap.g_01438	Prbe.g_01826
OG0000477	Prap.g_01435	Prbe.g_01829
OG0000478	Prap.g_01434	Prbe.g_01830
OG0000479	Prap.g_01433	Prbe.g_01831
OG0000480	Prap.g_01428	Prbe.g_01836
OG0000481	Prap.g_01425	Prbe.g_01839
OG0000482	Prap.g_01424	Prbe.g_01840
OG0000483	Prap.g_01421	Prbe.g_01843
OG0000484	Prap.g_01420	Prbe.g_01844
OG0000485	Prap.g_01418	Prbe.g_01846
OG0000486	Prap.g_01417	Prbe.g_01847
OG0000487	Prap.g_01414	Prbe.g_01850
OG0000488	Prap.g_01411	Prbe.g_01853
OG0000489	Prap.g_01406	Prbe.g_01858
OG0000490	Prap.g_01402	Prbe.g_01862
OG0000491	Prap.g_01401	Prbe.g_01863
OG0000492	Prap.g_01399	Prbe.g_01865
OG0000493	Prap.g_01398	Prbe.g_01866
OG0000494	Prap.g_01397	Prbe.g_01867
OG0000495	Prap.g_01396	Prbe.g_01868
OG0000496	Prap.g_01395	Prbe.g_01869
OG0000497	Prap.g_01394	Prbe.g_01870
OG0000498	Prap.g_01393	Prbe.g_01871
OG0000499	Prap.g_01392	Prbe.g_01872
OG0000500	Prap.g_01391	Prbe.g_01873
OG0000501	Prap.g_01390	Prbe.g_01874
OG0000502	Prap.g_01387	Prbe.g_01877
OG0000503	Prap.g_01372	Prbe.g_01892
OG0000504	Prap.g_01370	Prbe.g_01894
OG0000505	Prap.g_01369	Prbe.g_01895
OG0000506	Prap.g_01368	Prbe.g_01896
OG0000507	Prap.g_01365	Prbe.g_01899
OG0000508	Prap.g_01361	Prbe.g_01903
OG0000509	Prap.g_01359	Prbe.g_01905
OG0000510	Prap.g_01358	Prbe.g_01906
OG0000511	Prap.g_01357	Prbe.g_01907
OG0000512	Prap.g_01355	Prbe.g_01909
OG0000513	Prap.g_01346	Prbe.g_01918
OG0000514	Prap.g_01335	Prbe.g_01929
OG0000515	Prap.g_01334	Prbe.g_01930
OG0000516	Prap.g_01333	Prbe.g_01931
OG0000517	Prap.g_01331	Prbe.g_01933
OG0000518	Prap.g_01320	Prbe.g_01944
OG0000519	Prap.g_01319	Prbe.g_01945
OG0000520	Prap.g_01318	Prbe.g_01946
OG0000521	Prap.g_01310	Prbe.g_00676
OG0000522	Prap.g_01308	Prbe.g_00674
OG0000523	Prap.g_01307	Prbe.g_00673
OG0000524	Prap.g_01302	Prbe.g_00668
OG0000525	Prap.g_01298	Prbe.g_00664
OG0000526	Prap.g_01297	Prbe.g_00663
OG0000527	Prap.g_01294	Prbe.g_00660
OG0000528	Prap.g_01289	Prbe.g_00655
OG0000529	Prap.g_01286	Prbe.g_00652
OG0000530	Prap.g_01283	Prbe.g_00649
OG0000531	Prap.g_01282	Prbe.g_00648
OG0000532	Prap.g_01280	Prbe.g_00646
OG0000533	Prap.g_01279	Prbe.g_00645
OG0000534	Prap.g_01278	Prbe.g_00644
OG0000535	Prap.g_01277	Prbe.g_00643
OG0000536	Prap.g_01276	Prbe.g_00642
OG0000537	Prap.g_01275	Prbe.g_00641
OG0000538	Prap.g_01266	Prbe.g_00632
OG0000539	Prap.g_01265	Prbe.g_00631
OG0000540	Prap.g_01264	Prbe.g_00630
OG0000541	Prap.g_01263	Prbe.g_00629
OG0000542	Prap.g_01262	Prbe.g_00628
OG0000543	Prap.g_01260	Prbe.g_00626
OG0000544	Prap.g_01259	Prbe.g_00625
OG0000545	Prap.g_01257	Prbe.g_00623
OG0000546	Prap.g_01254	Prbe.g_00620
OG0000547	Prap.g_01252	Prbe.g_00618
OG0000548	Prap.g_01251	Prbe.g_00617
OG0000549	Prap.g_01249	Prbe.g_00615
OG0000550	Prap.g_01245	Prbe.g_00611
OG0000551	Prap.g_01242	Prbe.g_00608
OG0000552	Prap.g_01241	Prbe.g_00607
OG0000553	Prap.g_01240	Prbe.g_00606
OG0000554	Prap.g_01235	Prbe.g_00601
OG0000555	Prap.g_01227	Prbe.g_00593
OG0000556	Prap.g_01225	Prbe.g_00591
OG0000557	Prap.g_01224	Prbe.g_00590
OG0000558	Prap.g_01222	Prbe.g_00588
OG0000559	Prap.g_01218	Prbe.g_00584
OG0000560	Prap.g_01215	Prbe.g_00581
OG0000561	Prap.g_01214	Prbe.g_00580
OG0000562	Prap.g_01213	Prbe.g_00579
OG0000563	Prap.g_01212	Prbe.g_00578
OG0000564	Prap.g_01211	Prbe.g_00577
OG0000565	Prap.g_01209	Prbe.g_00575
OG0000566	Prap.g_01205	Prbe.g_00571
OG0000567	Prap.g_01201	Prbe.g_00567
OG0000568	Prap.g_01200	Prbe.g_00566
OG0000569	Prap.g_01199	Prbe.g_00565
OG0000570	Prap.g_01198	Prbe.g_00564
OG0000571	Prap.g_01196	Prbe.g_00562
OG0000572	Prap.g_01182	Prbe.g_00548
OG0000573	Prap.g_01176	Prbe.g_00542
OG0000574	Prap.g_01175	Prbe.g_00541
OG0000575	Prap.g_01171	Prbe.g_00537
OG0000576	Prap.g_01169	Prbe.g_00535
OG0000577	Prap.g_01168	Prbe.g_00534
OG0000578	Prap.g_01167	Prbe.g_00533
OG0000579	Prap.g_01166	Prbe.g_00532
OG0000580	Prap.g_01165	Prbe.g_00531
OG0000581	Prap.g_01162	Prbe.g_00528
OG0000582	Prap.g_01159	Prbe.g_00525
OG0000583	Prap.g_01158	Prbe.g_00524
OG0000584	Prap.g_01157	Prbe.g_00523
OG0000585	Prap.g_01155	Prbe.g_00521
OG0000586	Prap.g_01154	Prbe.g_00520
OG0000587	Prap.g_01153	Prbe.g_00519
OG0000588	Prap.g_01149	Prbe.g_00515
OG0000589	Prap.g_01147	Prbe.g_00513
OG0000590	Prap.g_01146	Prbe.g_00512
OG0000591	Prap.g_01142	Prbe.g_00508
OG0000592	Prap.g_01141	Prbe.g_00507
OG0000593	Prap.g_00395	Prbe.g_01488
OG0000594	Prap.g_00394	Prbe.g_01487
OG0000595	Prap.g_00393	Prbe.g_01486
OG0000596	Prap.g_00389	Prbe.g_01482
OG0000597	Prap.g_00386	Prbe.g_01479
OG0000598	Prap.g_00385	Prbe.g_01478
OG0000599	Prap.g_00382	Prbe.g_01475
OG0000600	Prap.g_00381	Prbe.g_01474
OG0000601	Prap.g_00380	Prbe.g_01473
OG0000602	Prap.g_00378	Prbe.g_01471
OG0000603	Prap.g_00377	Prbe.g_01470
OG0000604	Prap.g_00376	Prbe.g_01469
OG0000605	Prap.g_00375	Prbe.g_01468
OG0000606	Prap.g_00372	Prbe.g_01465
OG0000607	Prap.g_00369	Prbe.g_01462
OG0000608	Prap.g_00368	Prbe.g_01461
OG0000609	Prap.g_00367	Prbe.g_01460
OG0000610	Prap.g_00361	Prbe.g_01454
OG0000611	Prap.g_00358	Prbe.g_01451
OG0000612	Prap.g_00357	Prbe.g_01450
OG0000613	Prap.g_00828	Prbe.g_00447
OG0000614	Prap.g_00807	Prbe.g_00468
OG0000615	Prap.g_00796	Prbe.g_01209
OG0000616	Prap.g_01489	Prbe.g_01197
OG0000617	Prap.g_00341	Prbe.g_01434
OG0000618	Prap.g_00340	Prbe.g_01433
OG0000619	Prap.g_00339	Prbe.g_01432
OG0000620	Prap.g_00336	Prbe.g_01429
OG0000621	Prap.g_00335	Prbe.g_01428
OG0000622	Prap.g_00334	Prbe.g_01427
OG0000623	Prap.g_00333	Prbe.g_01426
OG0000624	Prap.g_00331	Prbe.g_01424
OG0000625	Prap.g_00330	Prbe.g_01423
OG0000626	Prap.g_00329	Prbe.g_01422
OG0000627	Prap.g_00328	Prbe.g_01421
OG0000628	Prap.g_00327	Prbe.g_01420
OG0000629	Prap.g_00326	Prbe.g_01419
OG0000630	Prap.g_00323	Prbe.g_01416
OG0000631	Prap.g_00683	Prbe.g_01323
OG0000632	Prap.g_00682	Prbe.g_01324
OG0000633	Prap.g_00681	Prbe.g_01325
OG0000634	Prap.g_00787	Prbe.g_01218
OG0000635	Prap.g_00786	Prbe.g_01219
OG0000636	Prap.g_00784	Prbe.g_01221
OG0000637	Prap.g_00782	Prbe.g_01223
OG0000638	Prap.g_00781	Prbe.g_01224
OG0000639	Prap.g_00780	Prbe.g_01225
OG0000640	Prap.g_00779	Prbe.g_01226
OG0000641	Prap.g_00775	Prbe.g_01230
OG0000642	Prap.g_00774	Prbe.g_01231
OG0000643	Prap.g_00773	Prbe.g_01232
OG0000644	Prap.g_00772	Prbe.g_01233
OG0000645	Prap.g_00771	Prbe.g_01234
OG0000646	Prap.g_00769	Prbe.g_01236
OG0000647	Prap.g_00767	Prbe.g_01238
OG0000648	Prap.g_00765	Prbe.g_01240
OG0000649	Prap.g_00764	Prbe.g_01241
OG0000650	Prap.g_00763	Prbe.g_01242
OG0000651	Prap.g_00762	Prbe.g_01243
OG0000652	Prap.g_00761	Prbe.g_01244
OG0000653	Prap.g_00759	Prbe.g_01246
OG0000654	Prap.g_00758	Prbe.g_01247
OG0000655	Prap.g_00757	Prbe.g_01248
OG0000656	Prap.g_00754	Prbe.g_01251
OG0000657	Prap.g_00746	Prbe.g_01259
OG0000658	Prap.g_00744	Prbe.g_01261
OG0000659	Prap.g_00743	Prbe.g_01262
OG0000660	Prap.g_00739	Prbe.g_01266
OG0000661	Prap.g_00737	Prbe.g_01268
OG0000662	Prap.g_00735	Prbe.g_01270
OG0000663	Prap.g_00733	Prbe.g_01272
OG0000664	Prap.g_00732	Prbe.g_01273
OG0000665	Prap.g_00726	Prbe.g_01279
OG0000666	Prap.g_00725	Prbe.g_01280
OG0000667	Prap.g_00721	Prbe.g_01284
OG0000668	Prap.g_00660	Prbe.g_00105
OG0000669	Prap.g_00869	Prbe.g_00406
OG0000670	Prap.g_00866	Prbe.g_00409
OG0000671	Prap.g_00863	Prbe.g_00412
OG0000672	Prap.g_00860	Prbe.g_00415
OG0000673	Prap.g_00857	Prbe.g_00418
OG0000674	Prap.g_00855	Prbe.g_00420
OG0000675	Prap.g_00854	Prbe.g_00421
OG0000676	Prap.g_00852	Prbe.g_00423
OG0000677	Prap.g_00851	Prbe.g_00424
OG0000678	Prap.g_00849	Prbe.g_00426
OG0000679	Prap.g_00845	Prbe.g_00430
OG0000680	Prap.g_00844	Prbe.g_00431
OG0000681	Prap.g_00841	Prbe.g_00434
OG0000682	Prap.g_00840	Prbe.g_00435
OG0000683	Prap.g_00839	Prbe.g_00436
OG0000684	Prap.g_00837	Prbe.g_00438
OG0000685	Prap.g_00835	Prbe.g_00440
OG0000686	Prap.g_00834	Prbe.g_00441
OG0000687	Prap.g_00833	Prbe.g_00442
OG0000688	Prap.g_00353	Prbe.g_01446
OG0000689	Prap.g_00352	Prbe.g_01445
OG0000690	Prap.g_00351	Prbe.g_01444
OG0000691	Prap.g_00350	Prbe.g_01443
OG0000692	Prap.g_00348	Prbe.g_01441
OG0000693	Prap.g_00347	Prbe.g_01440
OG0000694	Prap.g_00346	Prbe.g_01439
OG0000695	Prap.g_00679	Prbe.g_01327
OG0000696	Prap.g_00678	Prbe.g_01328
OG0000697	Prap.g_00677	Prbe.g_01329
OG0000698	Prap.g_00239	Prbe.g_01332
OG0000699	Prap.g_00240	Prbe.g_01333
OG0000700	Prap.g_00241	Prbe.g_01334
OG0000701	Prap.g_00242	Prbe.g_01335
OG0000702	Prap.g_00244	Prbe.g_01337
OG0000703	Prap.g_00245	Prbe.g_01338
OG0000704	Prap.g_00247	Prbe.g_01340
OG0000705	Prap.g_00250	Prbe.g_01343
OG0000706	Prap.g_00251	Prbe.g_01344
OG0000707	Prap.g_00252	Prbe.g_01345
OG0000708	Prap.g_00254	Prbe.g_01347
OG0000709	Prap.g_00258	Prbe.g_01351
OG0000710	Prap.g_00261	Prbe.g_01354
OG0000711	Prap.g_00279	Prbe.g_01372
OG0000712	Prap.g_00280	Prbe.g_01373
OG0000713	Prap.g_00281	Prbe.g_01374
OG0000714	Prap.g_00282	Prbe.g_01375
OG0000715	Prap.g_00284	Prbe.g_01377
OG0000716	Prap.g_00286	Prbe.g_01379
OG0000717	Prap.g_00287	Prbe.g_01380
OG0000718	Prap.g_00291	Prbe.g_01384
OG0000719	Prap.g_00293	Prbe.g_01386
OG0000720	Prap.g_00305	Prbe.g_01398
OG0000721	Prap.g_00309	Prbe.g_01402
OG0000722	Prap.g_00310	Prbe.g_01403
OG0000723	Prap.g_00314	Prbe.g_01407
OG0000724	Prap.g_00703	Prbe.g_01302
OG0000725	Prap.g_00709	Prbe.g_01296
OG0000726	Prap.g_00710	Prbe.g_01295
OG0000727	Prap.g_00711	Prbe.g_01294
OG0000728	Prap.g_00713	Prbe.g_01292
OG0000729	Prap.g_00539	Prbe.g_00915
OG0000730	Prap.g_00498	Prbe.g_01591
OG0000731	Prap.g_01366	Prbe.g_01898
OG0000732	Prap.g_01538	Prbe.g_01148
OG0000733	Prap.g_01882	Prbe.g_00042
OG0000734	Prap.g_00472	Prbe.g_01565
OG0000735	Prap.g_00470	Prbe.g_01563
OG0000736	Prap.g_00469	Prbe.g_01562
OG0000737	Prap.g_00468	Prbe.g_01561
OG0000738	Prap.g_00464	Prbe.g_01557
OG0000739	Prap.g_00463	Prbe.g_01556
OG0000740	Prap.g_00462	Prbe.g_01555
OG0000741	Prap.g_00460	Prbe.g_01553
OG0000742	Prap.g_00457	Prbe.g_01550
OG0000743	Prap.g_00455	Prbe.g_01548
OG0000744	Prap.g_00454	Prbe.g_01547
OG0000745	Prap.g_00453	Prbe.g_01546
OG0000746	Prap.g_00451	Prbe.g_01544
OG0000747	Prap.g_00450	Prbe.g_01543
OG0000748	Prap.g_00446	Prbe.g_01539
OG0000749	Prap.g_00445	Prbe.g_01538
OG0000750	Prap.g_00444	Prbe.g_01537
OG0000751	Prap.g_00441	Prbe.g_01534
OG0000752	Prap.g_00439	Prbe.g_01532
OG0000753	Prap.g_00437	Prbe.g_01530
OG0000754	Prap.g_00434	Prbe.g_01527
OG0000755	Prap.g_00428	Prbe.g_01521
OG0000756	Prap.g_00427	Prbe.g_01520
OG0000757	Prap.g_00420	Prbe.g_01513
OG0000758	Prap.g_00419	Prbe.g_01512
OG0000759	Prap.g_00418	Prbe.g_01511
OG0000760	Prap.g_00417	Prbe.g_01510
OG0000761	Prap.g_00416	Prbe.g_01509
OG0000762	Prap.g_00415	Prbe.g_01508
OG0000763	Prap.g_00413	Prbe.g_01506
OG0000764	Prap.g_00412	Prbe.g_01505
OG0000765	Prap.g_00404	Prbe.g_01497
OG0000766	Prap.g_00403	Prbe.g_01496
OG0000767	Prap.g_00401	Prbe.g_01494
OG0000768	Prap.g_00400	Prbe.g_01493
OG0000769	Prap.g_00398	Prbe.g_01491
OG0000770	Prap.g_01136	Prbe.g_00502
OG0000771	Prap.g_00217	Prbe.g_00215
OG0000772	Prap.g_01853	Prbe.g_01128
OG0000773	Prap.g_00552	Prbe.g_00902
OG0000774	Prap.g_00554	Prbe.g_00900
OG0000775	Prap.g_00556	Prbe.g_00898
OG0000776	Prap.g_00557	Prbe.g_00897
OG0000777	Prap.g_00558	Prbe.g_00896
OG0000778	Prap.g_00559	Prbe.g_00895
OG0000779	Prap.g_00563	Prbe.g_00891
OG0000780	Prap.g_00564	Prbe.g_00890
OG0000781	Prap.g_00568	Prbe.g_00886
OG0000782	Prap.g_00569	Prbe.g_00885
OG0000783	Prap.g_00570	Prbe.g_00884
OG0000784	Prap.g_00571	Prbe.g_00883
OG0000785	Prap.g_00573	Prbe.g_00881
OG0000786	Prap.g_00576	Prbe.g_00878
OG0000787	Prap.g_00577	Prbe.g_00877
OG0000788	Prap.g_01268	Prbe.g_00634
OG0000789	Prap.g_00220	Prbe.g_00212
OG0000790	Prap.g_00064	Prbe.g_00368
OG0000791	Prap.g_00066	Prbe.g_00366
OG0000792	Prap.g_00067	Prbe.g_00365
OG0000793	Prap.g_00070	Prbe.g_00362
OG0000794	Prap.g_00071	Prbe.g_00361
OG0000795	Prap.g_00072	Prbe.g_00360
OG0000796	Prap.g_00076	Prbe.g_00356
OG0000797	Prap.g_00077	Prbe.g_00355
OG0000798	Prap.g_00004	Prbe.g_00087
OG0000799	Prap.g_00104	Prbe.g_00328
OG0000800	Prap.g_00105	Prbe.g_00327
OG0000801	Prap.g_00106	Prbe.g_00326
OG0000802	Prap.g_00108	Prbe.g_00324
OG0000803	Prap.g_00110	Prbe.g_00322
OG0000804	Prap.g_00111	Prbe.g_00321
OG0000805	Prap.g_00113	Prbe.g_00319
OG0000806	Prap.g_00115	Prbe.g_00317
OG0000807	Prap.g_00116	Prbe.g_00316
OG0000808	Prap.g_00117	Prbe.g_00315
OG0000809	Prap.g_00119	Prbe.g_00313
OG0000810	Prap.g_00120	Prbe.g_00312
OG0000811	Prap.g_00124	Prbe.g_00308
OG0000812	Prap.g_00126	Prbe.g_00306
OG0000813	Prap.g_00127	Prbe.g_00305
OG0000814	Prap.g_00129	Prbe.g_00303
OG0000815	Prap.g_00130	Prbe.g_00302
OG0000816	Prap.g_00132	Prbe.g_00300
OG0000817	Prap.g_00133	Prbe.g_00299
OG0000818	Prap.g_00138	Prbe.g_00294
OG0000819	Prap.g_00139	Prbe.g_00293
OG0000820	Prap.g_00140	Prbe.g_00292
OG0000821	Prap.g_00144	Prbe.g_00288
OG0000822	Prap.g_00145	Prbe.g_00287
OG0000823	Prap.g_00146	Prbe.g_00286
OG0000824	Prap.g_00149	Prbe.g_00283
OG0000825	Prap.g_00150	Prbe.g_00282
OG0000826	Prap.g_00151	Prbe.g_00281
OG0000827	Prap.g_00152	Prbe.g_00280
OG0000828	Prap.g_00155	Prbe.g_00277
OG0000829	Prap.g_00156	Prbe.g_00276
OG0000830	Prap.g_00157	Prbe.g_00275
OG0000831	Prap.g_00159	Prbe.g_00273
OG0000832	Prap.g_00169	Prbe.g_00263
OG0000833	Prap.g_00178	Prbe.g_00254
OG0000834	Prap.g_00179	Prbe.g_00253
OG0000835	Prap.g_00180	Prbe.g_00252
OG0000836	Prap.g_00181	Prbe.g_00251
OG0000837	Prap.g_00182	Prbe.g_00250
OG0000838	Prap.g_00184	Prbe.g_00248
OG0000839	Prap.g_00185	Prbe.g_00247
OG0000840	Prap.g_00186	Prbe.g_00246
OG0000841	Prap.g_00187	Prbe.g_00245
OG0000842	Prap.g_00188	Prbe.g_00244
OG0000843	Prap.g_00189	Prbe.g_00243
OG0000844	Prap.g_00190	Prbe.g_00242
OG0000845	Prap.g_00191	Prbe.g_00241
OG0000846	Prap.g_00192	Prbe.g_00240
OG0000847	Prap.g_00193	Prbe.g_00239
OG0000848	Prap.g_00194	Prbe.g_00238
OG0000849	Prap.g_00195	Prbe.g_00237
OG0000850	Prap.g_00197	Prbe.g_00235
OG0000851	Prap.g_00198	Prbe.g_00234
OG0000852	Prap.g_00199	Prbe.g_00233
OG0000853	Prap.g_00205	Prbe.g_00227
OG0000854	Prap.g_00207	Prbe.g_00225
OG0000855	Prap.g_00208	Prbe.g_00224
OG0000856	Prap.g_01139	Prbe.g_00505
OG0000857	Prap.g_00768	Prbe.g_01237
OG0000858	Prap.g_01786	Prbe.g_00992
OG0000859	Prap.g_01785	Prbe.g_00991
OG0000860	Prap.g_01777	Prbe.g_00983
OG0000861	Prap.g_01776	Prbe.g_00982
OG0000862	Prap.g_01775	Prbe.g_00981
OG0000863	Prap.g_01773	Prbe.g_00979
OG0000864	Prap.g_01772	Prbe.g_00978
OG0000865	Prap.g_01771	Prbe.g_00977
OG0000866	Prap.g_01770	Prbe.g_00976
OG0000867	Prap.g_01769	Prbe.g_00975
OG0000868	Prap.g_01767	Prbe.g_00973
OG0000869	Prap.g_01764	Prbe.g_00970
OG0000870	Prap.g_01759	Prbe.g_00965
OG0000871	Prap.g_01758	Prbe.g_00964
OG0000872	Prap.g_01757	Prbe.g_00963
OG0000873	Prap.g_01753	Prbe.g_00960
OG0000874	Prap.g_01750	Prbe.g_00957
OG0000875	Prap.g_01749	Prbe.g_00956
OG0000876	Prap.g_01748	Prbe.g_00955
OG0000877	Prap.g_01746	Prbe.g_00953
OG0000878	Prap.g_01745	Prbe.g_00952
OG0000879	Prap.g_01744	Prbe.g_00951
OG0000880	Prap.g_01743	Prbe.g_00950
OG0000881	Prap.g_01739	Prbe.g_00946
OG0000882	Prap.g_01734	Prbe.g_00941
OG0000883	Prap.g_01732	Prbe.g_00939
OG0000884	Prap.g_01730	Prbe.g_00937
OG0000885	Prap.g_01729	Prbe.g_00936
OG0000886	Prap.g_01728	Prbe.g_00935
OG0000887	Prap.g_01727	Prbe.g_00934
OG0000888	Prap.g_01725	Prbe.g_00932
OG0000889	Prap.g_01723	Prbe.g_00930
OG0000890	Prap.g_01722	Prbe.g_00929
OG0000891	Prap.g_01721	Prbe.g_00928
OG0000892	Prap.g_01719	Prbe.g_00926
OG0000893	Prap.g_01715	Prbe.g_00922
OG0000894	Prap.g_01712	Prbe.g_00919
OG0000895	Prap.g_01708	Prbe.g_01111
OG0000896	Prap.g_01707	Prbe.g_01110
OG0000897	Prap.g_01705	Prbe.g_01108
OG0000898	Prap.g_01704	Prbe.g_01107
OG0000899	Prap.g_01703	Prbe.g_01106
OG0000900	Prap.g_01702	Prbe.g_01105
OG0000901	Prap.g_01699	Prbe.g_01102
OG0000902	Prap.g_01697	Prbe.g_01100
OG0000903	Prap.g_01693	Prbe.g_01096
OG0000904	Prap.g_01689	Prbe.g_01092
OG0000905	Prap.g_01695	Prbe.g_01098
OG0000906	Prap.g_01696	Prbe.g_01099
OG0000907	Prap.g_01686	Prbe.g_01089
OG0000908	Prap.g_01683	Prbe.g_01086
OG0000909	Prap.g_01682	Prbe.g_01085
OG0000910	Prap.g_01681	Prbe.g_01084
OG0000911	Prap.g_01679	Prbe.g_01082
OG0000912	Prap.g_01678	Prbe.g_01081
OG0000913	Prap.g_01677	Prbe.g_01080
OG0000914	Prap.g_01676	Prbe.g_01079
OG0000915	Prap.g_01675	Prbe.g_01078
OG0000916	Prap.g_01674	Prbe.g_00867
OG0000917	Prap.g_01673	Prbe.g_00866
OG0000918	Prap.g_01672	Prbe.g_00865
OG0000919	Prap.g_01671	Prbe.g_00864
OG0000920	Prap.g_01670	Prbe.g_00863
OG0000921	Prap.g_01669	Prbe.g_00862
OG0000922	Prap.g_01668	Prbe.g_00861
OG0000923	Prap.g_01664	Prbe.g_00857
OG0000924	Prap.g_01663	Prbe.g_00856
OG0000925	Prap.g_01662	Prbe.g_00855
OG0000926	Prap.g_01661	Prbe.g_00854
OG0000927	Prap.g_01659	Prbe.g_00852
OG0000928	Prap.g_01658	Prbe.g_00851
OG0000929	Prap.g_01657	Prbe.g_00850
OG0000930	Prap.g_01656	Prbe.g_00849
OG0000931	Prap.g_01655	Prbe.g_00848
OG0000932	Prap.g_01654	Prbe.g_00847
OG0000933	Prap.g_01650	Prbe.g_00843
OG0000934	Prap.g_01647	Prbe.g_00841
OG0000935	Prap.g_01646	Prbe.g_00840
OG0000936	Prap.g_01645	Prbe.g_00839
OG0000937	Prap.g_01644	Prbe.g_00838
OG0000938	Prap.g_01641	Prbe.g_00835
OG0000939	Prap.g_01640	Prbe.g_00834
OG0000940	Prap.g_01633	Prbe.g_00827
OG0000941	Prap.g_01631	Prbe.g_00825
OG0000942	Prap.g_01629	Prbe.g_00823
OG0000943	Prap.g_01628	Prbe.g_00822
OG0000944	Prap.g_01626	Prbe.g_00820
OG0000945	Prap.g_01625	Prbe.g_00819
OG0000946	Prap.g_01620	Prbe.g_00814
OG0000947	Prap.g_01618	Prbe.g_00812
OG0000948	Prap.g_01617	Prbe.g_00811
OG0000949	Prap.g_01614	Prbe.g_00808
OG0000950	Prap.g_01607	Prbe.g_00801
OG0000951	Prap.g_01603	Prbe.g_00797
OG0000952	Prap.g_01599	Prbe.g_00793
OG0000953	Prap.g_01595	Prbe.g_00789
OG0000954	Prap.g_01591	Prbe.g_00785
OG0000955	Prap.g_01590	Prbe.g_00784
OG0000956	Prap.g_01588	Prbe.g_00782
OG0000957	Prap.g_01582	Prbe.g_00776
OG0000958	Prap.g_01581	Prbe.g_00775
OG0000959	Prap.g_01577	Prbe.g_00771
OG0000960	Prap.g_01576	Prbe.g_00770
OG0000961	Prap.g_01573	Prbe.g_00767
OG0000962	Prap.g_01571	Prbe.g_00765
OG0000963	Prap.g_01567	Prbe.g_00761
OG0000964	Prap.g_01566	Prbe.g_00760
OG0000965	Prap.g_01565	Prbe.g_00759
OG0000966	Prap.g_01559	Prbe.g_00749
OG0000967	Prap.g_01555	Prbe.g_00753
OG0000968	Prap.g_01553	Prbe.g_00755
OG0000969	Prap.g_01552	Prbe.g_00756
OG0000970	Prap.g_01551	Prbe.g_01134
OG0000971	Prap.g_01550	Prbe.g_01135
OG0000972	Prap.g_01549	Prbe.g_01136
OG0000973	Prap.g_01548	Prbe.g_01137
OG0000974	Prap.g_01547	Prbe.g_01138
OG0000975	Prap.g_01546	Prbe.g_01139
OG0000976	Prap.g_01545	Prbe.g_01140
OG0000977	Prap.g_01544	Prbe.g_01141
OG0000978	Prap.g_01543	Prbe.g_01142
OG0000979	Prap.g_01541	Prbe.g_01145
OG0000980	Prap.g_01539	Prbe.g_01147
OG0000981	Prap.g_01536	Prbe.g_01150
OG0000982	Prap.g_01534	Prbe.g_01152
OG0000983	Prap.g_01533	Prbe.g_01153
OG0000984	Prap.g_01532	Prbe.g_01154
OG0000985	Prap.g_01529	Prbe.g_01157
OG0000986	Prap.g_01527	Prbe.g_01159
OG0000987	Prap.g_01526	Prbe.g_01160
OG0000988	Prap.g_01523	Prbe.g_01163
OG0000989	Prap.g_01519	Prbe.g_01167
OG0000990	Prap.g_01515	Prbe.g_01171
OG0000991	Prap.g_01514	Prbe.g_01172
OG0000992	Prap.g_01511	Prbe.g_01175
OG0000993	Prap.g_01510	Prbe.g_01176
OG0000994	Prap.g_01509	Prbe.g_01177
OG0000995	Prap.g_01505	Prbe.g_01181
OG0000996	Prap.g_01504	Prbe.g_01182
OG0000997	Prap.g_01501	Prbe.g_01185
OG0000998	Prap.g_01499	Prbe.g_01187
OG0000999	Prap.g_01498	Prbe.g_01188
OG0001000	Prap.g_01495	Prbe.g_01191
OG0001001	Prap.g_01492	Prbe.g_01194
OG0001002	Prap.g_01874	Prbe.g_01056
OG0001003	Prap.g_01873	Prbe.g_01057
OG0001004	Prap.g_01872	Prbe.g_01058
OG0001005	Prap.g_01871	Prbe.g_01059
OG0001006	Prap.g_00056	Prbe.g_01063
OG0001007	Prap.g_00054	Prbe.g_01065
OG0001008	Prap.g_01329	Prbe.g_01935
OG0001009	Prap.g_00928	Prbe.g_00127
OG0001010	Prap.g_00927	Prbe.g_00128
OG0001011	Prap.g_00925	Prbe.g_00130
OG0001012	Prap.g_00911	Prbe.g_00144
OG0001013	Prap.g_00904	Prbe.g_00151
OG0001014	Prap.g_00901	Prbe.g_00154
OG0001015	Prap.g_00899	Prbe.g_00156
OG0001016	Prap.g_00877	Prbe.g_00178
OG0001017	Prap.g_01100	Prbe.g_00182
OG0001018	Prap.g_01098	Prbe.g_00184
OG0001019	Prap.g_01089	Prbe.g_00193
OG0001020	Prap.g_01088	Prbe.g_01630
OG0001021	Prap.g_01087	Prbe.g_01631
OG0001022	Prap.g_01084	Prbe.g_01634
OG0001023	Prap.g_01083	Prbe.g_01635
OG0001024	Prap.g_01079	Prbe.g_01639
OG0001025	Prap.g_01072	Prbe.g_01646
OG0001026	Prap.g_01063	Prbe.g_01655
OG0001027	Prap.g_01062	Prbe.g_01656
OG0001028	Prap.g_01060	Prbe.g_01658
OG0001029	Prap.g_01059	Prbe.g_01659
OG0001030	Prap.g_01043	Prbe.g_01675
OG0001031	Prap.g_00983	Prbe.g_01735
OG0001032	Prap.g_00982	Prbe.g_01736
OG0001033	Prap.g_00961	Prbe.g_01757
OG0001034	Prap.g_01476	Prbe.g_01788
OG0001035	Prap.g_01456	Prbe.g_01808
OG0001036	Prap.g_01452	Prbe.g_01812
OG0001037	Prap.g_01451	Prbe.g_01813
OG0001038	Prap.g_01432	Prbe.g_01832
OG0001039	Prap.g_01429	Prbe.g_01835
OG0001040	Prap.g_01427	Prbe.g_01837
OG0001041	Prap.g_01422	Prbe.g_01842
OG0001042	Prap.g_01405	Prbe.g_01859
OG0001043	Prap.g_01404	Prbe.g_01860
OG0001044	Prap.g_01373	Prbe.g_01891
OG0001045	Prap.g_01364	Prbe.g_01900
OG0001046	Prap.g_01827	Prbe.g_01033
OG0001047	Prap.g_01327	Prbe.g_01937
OG0001048	Prap.g_01326	Prbe.g_01938
OG0001049	Prap.g_01324	Prbe.g_01940
OG0001050	Prap.g_01323	Prbe.g_01941
OG0001051	Prap.g_01322	Prbe.g_01942
OG0001052	Prap.g_01296	Prbe.g_00662
OG0001053	Prap.g_01284	Prbe.g_00650
OG0001054	Prap.g_01269	Prbe.g_00635
OG0001055	Prap.g_01250	Prbe.g_00616
OG0001056	Prap.g_01233	Prbe.g_00599
OG0001057	Prap.g_01228	Prbe.g_00594
OG0001058	Prap.g_01220	Prbe.g_00586
OG0001059	Prap.g_01216	Prbe.g_00582
OG0001060	Prap.g_01210	Prbe.g_00576
OG0001061	Prap.g_01195	Prbe.g_00561
OG0001062	Prap.g_01193	Prbe.g_00559
OG0001063	Prap.g_01191	Prbe.g_00557
OG0001064	Prap.g_01190	Prbe.g_00556
OG0001065	Prap.g_01189	Prbe.g_00555
OG0001066	Prap.g_01188	Prbe.g_00554
OG0001067	Prap.g_01187	Prbe.g_00553
OG0001068	Prap.g_01186	Prbe.g_00552
OG0001069	Prap.g_01185	Prbe.g_00551
OG0001070	Prap.g_01181	Prbe.g_00547
OG0001071	Prap.g_01180	Prbe.g_00546
OG0001072	Prap.g_01178	Prbe.g_00544
OG0001073	Prap.g_01164	Prbe.g_00530
OG0001074	Prap.g_01152	Prbe.g_00518
OG0001075	Prap.g_01151	Prbe.g_00517
OG0001076	Prap.g_01144	Prbe.g_00510
OG0001077	Prap.g_01138	Prbe.g_00504
OG0001078	Prap.g_00391	Prbe.g_01484
OG0001079	Prap.g_00379	Prbe.g_01472
OG0001080	Prap.g_00373	Prbe.g_01466
OG0001081	Prap.g_00371	Prbe.g_01464
OG0001082	Prap.g_00370	Prbe.g_01463
OG0001083	Prap.g_00365	Prbe.g_01458
OG0001084	Prap.g_00364	Prbe.g_01457
OG0001085	Prap.g_00831	Prbe.g_00444
OG0001086	Prap.g_00830	Prbe.g_00445
OG0001087	Prap.g_00812	Prbe.g_00463
OG0001088	Prap.g_00811	Prbe.g_00464
OG0001089	Prap.g_00800	Prbe.g_01205
OG0001090	Prap.g_00790	Prbe.g_01215
OG0001091	Prap.g_00344	Prbe.g_01437
OG0001092	Prap.g_00343	Prbe.g_01436
OG0001093	Prap.g_00338	Prbe.g_01431
OG0001094	Prap.g_00345	Prbe.g_01438
OG0001095	Prap.g_00770	Prbe.g_01235
OG0001096	Prap.g_00756	Prbe.g_01249
OG0001097	Prap.g_00736	Prbe.g_01269
OG0001098	Prap.g_00717	Prbe.g_01288
OG0001099	Prap.g_00655	Prbe.g_00110
OG0001100	Prap.g_00867	Prbe.g_00408
OG0001101	Prap.g_00864	Prbe.g_00411
OG0001102	Prap.g_00861	Prbe.g_00414
OG0001103	Prap.g_00859	Prbe.g_00416
OG0001104	Prap.g_00836	Prbe.g_00439
OG0001105	Prap.g_00832	Prbe.g_00443
OG0001106	Prap.g_00248	Prbe.g_01341
OG0001107	Prap.g_00255	Prbe.g_01348
OG0001108	Prap.g_00259	Prbe.g_01352
OG0001109	Prap.g_00260	Prbe.g_01353
OG0001110	Prap.g_00262	Prbe.g_01355
OG0001111	Prap.g_00263	Prbe.g_01356
OG0001112	Prap.g_00264	Prbe.g_01357
OG0001113	Prap.g_00265	Prbe.g_01358
OG0001114	Prap.g_00266	Prbe.g_01359
OG0001115	Prap.g_00268	Prbe.g_01361
OG0001116	Prap.g_00269	Prbe.g_01362
OG0001117	Prap.g_00270	Prbe.g_01363
OG0001118	Prap.g_00271	Prbe.g_01364
OG0001119	Prap.g_00272	Prbe.g_01365
OG0001120	Prap.g_00274	Prbe.g_01367
OG0001122	Prap.g_00294	Prbe.g_01387
OG0001123	Prap.g_00300	Prbe.g_01393
OG0001124	Prap.g_00302	Prbe.g_01395
OG0001125	Prap.g_00304	Prbe.g_01397
OG0001126	Prap.g_00697	Prbe.g_01308
OG0001127	Prap.g_00698	Prbe.g_01307
OG0001128	Prap.g_00700	Prbe.g_01305
OG0001129	Prap.g_00701	Prbe.g_01304
OG0001130	Prap.g_00702	Prbe.g_01303
OG0001131	Prap.g_01345	Prbe.g_01919
OG0001132	Prap.g_00020	Prbe.g_00071
OG0001133	Prap.g_00058	Prbe.g_00374
OG0001134	Prap.g_01883	Prbe.g_00041
OG0001135	Prap.g_01880	Prbe.g_00044
OG0001136	Prap.g_00459	Prbe.g_01552
OG0001137	Prap.g_00447	Prbe.g_01540
OG0001138	Prap.g_00426	Prbe.g_01519
OG0001139	Prap.g_00424	Prbe.g_01517
OG0001140	Prap.g_00423	Prbe.g_01516
OG0001141	Prap.g_00422	Prbe.g_01515
OG0001142	Prap.g_00421	Prbe.g_01514
OG0001143	Prap.g_00414	Prbe.g_01507
OG0001144	Prap.g_00409	Prbe.g_01502
OG0001145	Prap.g_00553	Prbe.g_00901
OG0001146	Prap.g_00565	Prbe.g_00889
OG0001147	Prap.g_00585	Prbe.g_00869
OG0001148	Prap.g_00061	Prbe.g_00371
OG0001149	Prap.g_00062	Prbe.g_00370
OG0001150	Prap.g_00063	Prbe.g_00369
OG0001151	Prap.g_00074	Prbe.g_00358
OG0001152	Prap.g_00075	Prbe.g_00357
OG0001153	Prap.g_00153	Prbe.g_00279
OG0001154	Prap.g_00154	Prbe.g_00278
OG0001155	Prap.g_00171	Prbe.g_00261
OG0001156	Prap.g_00174	Prbe.g_00258
OG0001157	Prap.g_00175	Prbe.g_00257
OG0001158	Prap.g_00176	Prbe.g_00256
OG0001159	Prap.g_00177	Prbe.g_00255
OG0001160	Prap.g_00203	Prbe.g_00229
OG0001161	Prap.g_01836	Prbe.g_01042
OG0001162	Prap.g_01907	Prbe.g_00017
OG0001163	Prap.g_01788	Prbe.g_00994
OG0001164	Prap.g_01784	Prbe.g_00990
OG0001165	Prap.g_01781	Prbe.g_00987
OG0001166	Prap.g_01760	Prbe.g_00966
OG0001167	Prap.g_01742	Prbe.g_00949
OG0001168	Prap.g_01740	Prbe.g_00947
OG0001169	Prap.g_01738	Prbe.g_00945
OG0001170	Prap.g_01736	Prbe.g_00943
OG0001171	Prap.g_01726	Prbe.g_00933
OG0001172	Prap.g_01710	Prbe.g_01113
OG0001173	Prap.g_01709	Prbe.g_01112
OG0001174	Prap.g_01701	Prbe.g_01104
OG0001175	Prap.g_01700	Prbe.g_01103
OG0001176	Prap.g_01692	Prbe.g_01095
OG0001177	Prap.g_01690	Prbe.g_01093
OG0001178	Prap.g_01774	Prbe.g_00980
OG0001179	Prap.g_01660	Prbe.g_00853
OG0001180	Prap.g_01636	Prbe.g_00830
OG0001181	Prap.g_01632	Prbe.g_00826
OG0001182	Prap.g_01624	Prbe.g_00818
OG0001183	Prap.g_01619	Prbe.g_00813
OG0001184	Prap.g_01601	Prbe.g_00795
OG0001185	Prap.g_01585	Prbe.g_00779
OG0001186	Prap.g_01561	Prbe.g_00747
OG0001187	Prap.g_01558	Prbe.g_00750
OG0001188	Prap.g_01556	Prbe.g_00752
OG0001189	Prap.g_01540	Prbe.g_01146
OG0001190	Prap.g_01535	Prbe.g_01151
OG0001191	Prap.g_01525	Prbe.g_01161
OG0001192	Prap.g_01520	Prbe.g_01166
OG0001193	Prap.g_01508	Prbe.g_01178
OG0001194	Prap.g_01507	Prbe.g_01179
OG0001195	Prap.g_01506	Prbe.g_01180
OG0001196	Prap.g_01490	Prbe.g_01196
OG0001197	Prap.g_01488	Prbe.g_01198
OG0001198	Prap.g_01868	Prbe.g_01062
OG0001199	Prap.g_00876	Prbe.g_00179
OG0001201	Prap.g_01068	Prbe.g_01650
OG0001202	Prap.g_00970	Prbe.g_01748
OG0001203	Prap.g_01474	Prbe.g_01790
OG0001204	Prap.g_01468	Prbe.g_01796
OG0001205	Prap.g_01321	Prbe.g_01943
OG0001206	Prap.g_01301	Prbe.g_00667
OG0001207	Prap.g_01290	Prbe.g_00656
OG0001208	Prap.g_01285	Prbe.g_00651
OG0001209	Prap.g_01234	Prbe.g_00600
OG0001210	Prap.g_01229	Prbe.g_00595
OG0001211	Prap.g_01219	Prbe.g_00585
OG0001212	Prap.g_01172	Prbe.g_00538
OG0001213	Prap.g_01137	Prbe.g_00503
OG0001214	Prap.g_00390	Prbe.g_01483
OG0001215	Prap.g_00810	Prbe.g_00465
OG0001216	Prap.g_00789	Prbe.g_01216
OG0001217	Prap.g_00036	Prbe.g_00055
OG0001218	Prap.g_00519	Prbe.g_01612
OG0001219	Prap.g_00685	Prbe.g_01321
OG0001220	Prap.g_00727	Prbe.g_01278
OG0001221	Prap.g_00847	Prbe.g_00428
OG0001222	Prap.g_00307	Prbe.g_01400
OG0001223	Prap.g_00275	Prbe.g_01368
OG0001224	Prap.g_00704	Prbe.g_01301
OG0001225	Prap.g_00706	Prbe.g_01299
OG0001226	Prap.g_01129	Prbe.g_00495
OG0001227	Prap.g_00504	Prbe.g_01597
OG0001228	Prap.g_00406	Prbe.g_01499
OG0001229	Prap.g_00518	Prbe.g_01611
OG0001230	Prap.g_00114	Prbe.g_00318
OG0001231	Prap.g_01344	Prbe.g_01920
OG0001233	Prap.g_01735	Prbe.g_00942
OG0001234	Prap.g_01698	Prbe.g_01101
OG0001235	Prap.g_01694	Prbe.g_01097
OG0001236	Prap.g_01604	Prbe.g_00798
OG0001237	Prap.g_01600	Prbe.g_00794
OG0001238	Prap.g_01524	Prbe.g_01162
OG0001239	Prap.g_00879	Prbe.g_00176
OG0001240	Prap.g_01085	Prbe.g_01633
OG0001241	Prap.g_01075	Prbe.g_01643
OG0001242	Prap.g_01055	Prbe.g_01663
OG0001243	Prap.g_01048	Prbe.g_01670
OG0001244	Prap.g_01033	Prbe.g_01685
OG0001245	Prap.g_00495	Prbe.g_01588
OG0001247	Prap.g_00817	Prbe.g_00458
OG0001248	Prap.g_00815	Prbe.g_00460
OG0001249	Prap.g_01375	Prbe.g_01889
OG0001250	Prap.g_00740	Prbe.g_01265
OG0001251	Prap.g_00659	Prbe.g_00106
OG0001252	Prap.g_00699	Prbe.g_01306
OG0001253	Prap.g_01126	Prbe.g_00492
OG0001254	Prap.g_01881	Prbe.g_00043
OG0001255	Prap.g_00474	Prbe.g_01567
OG0001256	Prap.g_00210	Prbe.g_00222
OG0001258	Prap.g_01783	Prbe.g_00989
OG0001259	Prap.g_01737	Prbe.g_00944
OG0001260	Prap.g_01720	Prbe.g_00927
OG0001261	Prap.g_01652	Prbe.g_00845
OG0001263	Prap.g_01046	Prbe.g_01672
OG0001265	Prap.g_01056	Prbe.g_01662
OG0001266	Prap.g_00966	Prbe.g_01752
OG0001267	Prap.g_01430	Prbe.g_01834
OG0001268	Prap.g_01367	Prbe.g_01897
OG0001269	Prap.g_00728	Prbe.g_01277
OG0001270	Prap.g_01332	Prbe.g_01932
OG0001271	Prap.g_01295	Prbe.g_00661
OG0001272	Prap.g_01281	Prbe.g_00647
OG0001273	Prap.g_00396	Prbe.g_01489
OG0001274	Prap.g_00942	Prbe.g_01776
OG0001275	Prap.g_00285	Prbe.g_01378
OG0001276	Prap.g_00299	Prbe.g_01392
OG0001277	Prap.g_01502	Prbe.g_01184
OG0001278	Prap.g_00402	Prbe.g_01495
OG0001279	Prap.g_00610	Prbe.g_00721
OG0001280	Prap.g_00560	Prbe.g_00894
OG0001281	Prap.g_00566	Prbe.g_00888
OG0001282	Prap.g_00060	Prbe.g_00372
OG0001283	Prap.g_01493	Prbe.g_01193
OG0001284	Prap.g_00196	Prbe.g_00236
OG0001285	Prap.g_01752	Prbe.g_00959
OG0001286	Prap.g_01638	Prbe.g_00832
OG0001287	Prap.g_01578	Prbe.g_00772
OG0001288	Prap.g_01568	Prbe.g_00762
OG0001289	Prap.g_01091	Prbe.g_00191
OG0001290	Prap.g_01076	Prbe.g_01642
OG0001291	Prap.g_01038	Prbe.g_01680
OG0001292	Prap.g_01463	Prbe.g_01801
OG0001293	Prap.g_01450	Prbe.g_01814
OG0001295	Prap.g_01919	Prbe.g_00005
OG0001296	Prap.g_01258	Prbe.g_00624
OG0001297	Prap.g_01253	Prbe.g_00619
OG0001298	Prap.g_01192	Prbe.g_00558
OG0001299	Prap.g_00359	Prbe.g_01452
OG0001300	Prap.g_00806	Prbe.g_01199
OG0001301	Prap.g_00801	Prbe.g_01204
OG0001302	Prap.g_00688	Prbe.g_01317
OG0001303	Prap.g_01817	Prbe.g_01023
OG0001304	Prap.g_00312	Prbe.g_01405
OG0001305	Prap.g_00712	Prbe.g_01293
OG0001306	Prap.g_00471	Prbe.g_01564
OG0001307	Prap.g_01927	Prbe.g_00398
OG0001308	Prap.g_00131	Prbe.g_00301
OG0001309	Prap.g_00238	Prbe.g_00194
OG0001310	Prap.g_01766	Prbe.g_00972
OG0001311	Prap.g_00301	Prbe.g_01394
OG0001312	Prap.g_00676	Prbe.g_01330
OG0001314	Prap.g_00644	Prbe.g_00688
OG0001315	Prap.g_00509	Prbe.g_01602
OG0001316	Prap.g_01034	Prbe.g_01684
OG0001317	Prap.g_01478	Prbe.g_01786
OG0001318	Prap.g_01454	Prbe.g_01810
OG0001319	Prap.g_01437	Prbe.g_01827
OG0001320	Prap.g_01851	Prbe.g_01130
OG0001320	Prap.g_01818	Prbe.g_01024
OG0001321	Prap.g_01315	Prbe.g_01949
OG0001322	Prap.g_01314	Prbe.g_01950
OG0001323	Prap.g_01248	Prbe.g_00614
OG0001324	Prap.g_00805	Prbe.g_01200
OG0001325	Prap.g_00342	Prbe.g_01435
OG0001327	Prap.g_00870	Prbe.g_00405
OG0001328	Prap.g_00542	Prbe.g_00912
OG0001329	Prap.g_01820	Prbe.g_01026
OG0001330	Prap.g_00227	Prbe.g_00205
OG0001331	Prap.g_00065	Prbe.g_00367
OG0001332	Prap.g_00167	Prbe.g_00265
OG0001333	Prap.g_01741	Prbe.g_00948
OG0001334	Prap.g_01616	Prbe.g_00810
OG0001335	Prap.g_01615	Prbe.g_00809
OG0001337	Prap.g_01380	Prbe.g_01884
OG0001338	Prap.g_01377	Prbe.g_01887
OG0001339	Prap.g_01073	Prbe.g_01645
OG0001340	Prap.g_01379	Prbe.g_01885
OG0001341	Prap.g_00511	Prbe.g_01604
OG0001342	Prap.g_01797	Prbe.g_01003
OG0001343	Prap.g_00662	Prbe.g_00103
OG0001344	Prap.g_00452	Prbe.g_01545
OG0001345	Prap.g_00436	Prbe.g_01529
OG0001346	Prap.g_00562	Prbe.g_00892
OG0001348	Prap.g_01921	Prbe.g_00003
OG0001349	Prap.g_00083	Prbe.g_00349
OG0001350	Prap.g_01475	Prbe.g_01789
OG0001351	Prap.g_01309	Prbe.g_00675
OG0001352	Prap.g_00821	Prbe.g_00454
OG0001353	Prap.g_00750	Prbe.g_01255
OG0001354	Prap.g_00267	Prbe.g_01360
OG0001355	Prap.g_00321	Prbe.g_01414
OG0001356	Prap.g_01791	Prbe.g_00997
OG0001357	Prap.g_00535	Prbe.g_01628
OG0001359	Prap.g_00661	Prbe.g_00104
OG0001362	Prap.g_00135	Prbe.g_00297
OG0001363	Prap.g_00137	Prbe.g_00295
OG0001364	Prap.g_01613	Prbe.g_00807
OG0001365	Prap.g_01531	Prbe.g_01155
OG0001368	Prap.g_00536	Prbe.g_01629
OG0001368	Prap.g_00007	Prbe.g_00084
OG0001368	Prap.g_00646	Prbe.g_00686
OG0001369	Prap.g_01086	Prbe.g_01632
OG0001370	Prap.g_01304	Prbe.g_00670
OG0001371	Prap.g_00822	Prbe.g_00453
OG0001372	Prap.g_01128	Prbe.g_00494
OG0001375	Prap.g_00663	Prbe.g_00102
OG0001379	Prap.g_00555	Prbe.g_00899
OG0001380	Prap.g_00521	Prbe.g_01614
OG0001381	Prap.g_00481	Prbe.g_01574
OG0001382	Prap.g_00524	Prbe.g_01617
OG0001394	Prap.g_00843	Prbe.g_00432
OG0001397	Prap.g_00136	Prbe.g_00296
OG0001398	Prap.g_01896	Prbe.g_00028
OG0001401	Prap.g_00745	Prbe.g_01260
OG0001402	Prap.g_01143	Prbe.g_00509
OG0001403	Prap.g_00924	Prbe.g_00131
OG0001404	Prap.g_00882	Prbe.g_00173
OG0001407	Prap.g_00528	Prbe.g_01621
OG0001409	Prap.g_00448	Prbe.g_01541
OG0001410	Prap.g_01926	Prbe.g_00399
OG0001411	Prap.g_00889	Prbe.g_00166
OG0001414	Prap.g_01483	Prbe.g_01781
OG0001415	Prap.g_01481	Prbe.g_01783
OG0001418	Prap.g_00816	Prbe.g_00459
OG0001419	Prap.g_00527	Prbe.g_01620
OG0001421	Prap.g_00211	Prbe.g_00221
OG0001422	Prap.g_00531	Prbe.g_01624
OG0001423	Prap.g_00633	Prbe.g_00698
OG0001424	Prap.g_00017	Prbe.g_00074
OG0001425	Prap.g_01521	Prbe.g_01165
OG0001428	Prap.g_00998	Prbe.g_01720
OG0001429	Prap.g_00684	Prbe.g_01322
OG0001430	Prap.g_00520	Prbe.g_01613
OG0001431	Prap.g_01911	Prbe.g_00013
OG0001431	Prap.g_00502	Prbe.g_01595
OG0001433	Prap.g_01792	Prbe.g_00998
OG0001434	Prap.g_00838	Prbe.g_00437
OG0001435	Prap.g_00862	Prbe.g_00413
OG0001437	Prap.g_01482	Prbe.g_01782
OG0001440	Prap.g_01815	Prbe.g_01021
OG0001440	Prap.g_01821	Prbe.g_01027
OG0001443	Prap.g_00517	Prbe.g_01610
OG0001446	Prap.g_00025	Prbe.g_00066
OG0001448	Prap.g_01311	Prbe.g_00677
OG0001450	Prap.g_00813	Prbe.g_00462
OG0001451	Prap.g_00716	Prbe.g_01289
OG0001455	Prap.g_00512	Prbe.g_01605
OG0001460	Prap.g_01793	Prbe.g_00999
OG0001461	Prap.g_00898	Prbe.g_00157
OG0001463	Prap.g_01423	Prbe.g_01841
OG0001464	Prap.g_01378	Prbe.g_01886
OG0001465	Prap.g_00794	Prbe.g_01211
OG0001467	Prap.g_01947	Prbe.g_00378
OG0001468	Prap.g_00671	Prbe.g_00094
OG0001472	Prap.g_01120	Prbe.g_00486
OG0001476	Prap.g_00449	Prbe.g_01542
OG0001477	Prap.g_00587	Prbe.g_00744
OG0001481	Prap.g_00541	Prbe.g_00913
OG0001483	Prap.g_01863	Prbe.g_01118
OG0001484	Prap.g_00226	Prbe.g_00206
OG0001485	Prap.g_00618	Prbe.g_00714
OG0001486	Prap.g_00458	Prbe.g_01551
OG0001487	Prap.g_00161	Prbe.g_00271
OG0001488	Prap.g_00443	Prbe.g_01536
OG0001489	Prap.g_01627	Prbe.g_00821
OG0001491	Prap.g_00691	Prbe.g_01314
OG0001496	Prap.g_00589	Prbe.g_00742
OG0001497	Prap.g_00588	Prbe.g_00743
OG0001498	Prap.g_01348	Prbe.g_01916
OG0001500	Prap.g_01448	Prbe.g_01816
OG0001501	Prap.g_00872	Prbe.g_00403
OG0001503	Prap.g_00031	Prbe.g_00060
OG0001505	Prap.g_00003	Prbe.g_00088
OG0001506	Prap.g_00165	Prbe.g_00267
OG0001510	Prap.g_01574	Prbe.g_00768
OG0001511	Prap.g_01064	Prbe.g_01654
OG0001512	Prap.g_00513	Prbe.g_01606
OG0001513	Prap.g_01847	Prbe.g_01053
OG0001514	Prap.g_00590	Prbe.g_00741
OG0001515	Prap.g_00808	Prbe.g_00467
OG0001516	Prap.g_00362	Prbe.g_01455
OG0001517	Prap.g_01371	Prbe.g_01893
OG0001518	Prap.g_01522	Prbe.g_01164
OG0001519	Prap.g_01517	Prbe.g_01169
OG0001521	Prap.g_00693	Prbe.g_01312
OG0001522	Prap.g_00749	Prbe.g_01256
OG0001523	Prap.g_01878	Prbe.g_00046
OG0001524	Prap.g_01877	Prbe.g_00047
OG0001525	Prap.g_01814	Prbe.g_01020
OG0001526	Prap.g_00894	Prbe.g_00161
OG0001527	Prap.g_01206	Prbe.g_00572
OG0001529	Prap.g_00914	Prbe.g_00141
OG0001530	Prap.g_01065	Prbe.g_01653
OG0001531	Prap.g_01473	Prbe.g_01791
OG0001532	Prap.g_00425	Prbe.g_01518
OG0001534	Prap.g_00313	Prbe.g_01406
OG0001535	Prap.g_00297	Prbe.g_01390
OG0001536	Prap.g_00253	Prbe.g_01346
OG0001537	Prap.g_00846	Prbe.g_00429
OG0001538	Prap.g_00778	Prbe.g_01227
OG0001539	Prap.g_00868	Prbe.g_00407
OG0001540	Prap.g_01044	Prbe.g_01674
OG0001541	Prap.g_00990	Prbe.g_01728
OG0001542	Prap.g_00984	Prbe.g_01734
OG0001543	Prap.g_00547	Prbe.g_00907
OG0001544	Prap.g_01518	Prbe.g_01168
OG0001545	Prap.g_01503	Prbe.g_01183
OG0001549	Prap.g_00718	Prbe.g_01287
OG0001550	Prap.g_00035	Prbe.g_00056
OG0001552	Prap.g_00214	Prbe.g_00218
OG0001557	Prap.g_00842	Prbe.g_00433
OG0001559	Prap.g_01066	Prbe.g_01652
OG0001560	Prap.g_01077	Prbe.g_01641
OG0001561	Prap.g_00303	Prbe.g_01396
OG0001562	Prap.g_00290	Prbe.g_01383
OG0001563	Prap.g_01643	Prbe.g_00837
OG0001564	Prap.g_00895	Prbe.g_00160
OG0001565	Prap.g_00636	Prbe.g_00695
OG0001566	Prap.g_00825	Prbe.g_00450
OG0001569	Prap.g_00647	Prbe.g_00685
OG0001571	Prap.g_00607	Prbe.g_00724
OG0001572	Prap.g_00609	Prbe.g_00722
OG0001574	Prap.g_01208	Prbe.g_00574
OG0001575	Prap.g_01203	Prbe.g_00569
OG0001576	Prap.g_00575	Prbe.g_00879
OG0001577	Prap.g_00461	Prbe.g_01554
OG0001579	Prap.g_01382	Prbe.g_01882
OG0001580	Prap.g_00907	Prbe.g_00148
OG0001581	Prap.g_00580	Prbe.g_00874
OG0001583	Prap.g_00692	Prbe.g_01313
OG0001584	Prap.g_00349	Prbe.g_01442
OG0001587	Prap.g_01718	Prbe.g_00925
OG0001588	Prap.g_01341	Prbe.g_01923
OG0001589	Prap.g_01733	Prbe.g_00940
OG0001591	Prap.g_00829	Prbe.g_00446
OG0001592	Prap.g_00908	Prbe.g_00147
OG0001595	Prap.g_00884	Prbe.g_00171
OG0001596	Prap.g_00875	Prbe.g_00180
OG0001597	Prap.g_00162	Prbe.g_00270
OG0001598	Prap.g_00803	Prbe.g_01202
OG0001599	Prap.g_01303	Prbe.g_00669
OG0001600	Prap.g_01256	Prbe.g_00622
OG0001601	Prap.g_00827	Prbe.g_00448
OG0001603	Prap.g_00689	Prbe.g_01316
OG0001604	Prap.g_00850	Prbe.g_00425
OG0001605	Prap.g_00030	Prbe.g_00061
OG0001606	Prap.g_00040	Prbe.g_00051
OG0001607	Prap.g_00620	Prbe.g_00712
OG0001608	Prap.g_00315	Prbe.g_01408
OG0001609	Prap.g_00163	Prbe.g_00269
OG0001610	Prap.g_00166	Prbe.g_00266
OG0001611	Prap.g_01858	Prbe.g_01123
OG0001614	Prap.g_01586	Prbe.g_00780
OG0001616	Prap.g_00433	Prbe.g_01526
OG0001617	Prap.g_00804	Prbe.g_01201
OG0001619	Prap.g_00246	Prbe.g_01339
OG0001620	Prap.g_01363	Prbe.g_01901
OG0001621	Prap.g_01458	Prbe.g_01806
OG0001622	Prap.g_01494	Prbe.g_01192
OG0001626	Prap.g_00625	Prbe.g_00707
OG0001628	Prap.g_01130	Prbe.g_00496
OG0001629	Prap.g_00598	Prbe.g_00733
OG0001630	Prap.g_00654	Prbe.g_00111
OG0001631	Prap.g_00616	Prbe.g_00716
OG0001636	Prap.g_00920	Prbe.g_00135
OG0001638	Prap.g_01768	Prbe.g_00974
OG0001639	Prap.g_00170	Prbe.g_00262
OG0001640	Prap.g_00696	Prbe.g_01309
OG0001641	Prap.g_00278	Prbe.g_01371
OG0001642	Prap.g_00729	Prbe.g_01276
OG0001643	Prap.g_00387	Prbe.g_01480
OG0001644	Prap.g_00332	Prbe.g_01425
OG0001648	Prap.g_01843	Prbe.g_01049
OG0001649	Prap.g_00038	Prbe.g_00053
OG0001650	Prap.g_01819	Prbe.g_01025
OG0001650	Prap.g_01914	Prbe.g_00010
OG0001651	Prap.g_00492	Prbe.g_01585
OG0001654	Prap.g_00168	Prbe.g_00264
OG0001656	Prap.g_01383	Prbe.g_01881
OG0001657	Prap.g_01015	Prbe.g_01703
OG0001658	Prap.g_00912	Prbe.g_00143
OG0001659	Prap.g_01916	Prbe.g_00008
OG0001661	Prap.g_00629	Prbe.g_00703
OG0001663	Prap.g_00475	Prbe.g_01568
OG0001664	Prap.g_01890	Prbe.g_00033
OG0001665	Prap.g_00482	Prbe.g_01575
OG0001668	Prap.g_01855	Prbe.g_01126
OG0001668	Prap.g_01825	Prbe.g_01031
OG0001669	Prap.g_00579	Prbe.g_00875
OG0001669	Prap.g_01837	Prbe.g_01043
OG0001676	Prap.g_01381	Prbe.g_01883
OG0001678	Prap.g_01711	Prbe.g_00918
OG0001679	Prap.g_01376	Prbe.g_01888
OG0001684	Prap.g_01179	Prbe.g_00545
OG0001685	Prap.g_01125	Prbe.g_00491
OG0001686	Prap.g_00496	Prbe.g_01589
OG0001687	Prap.g_01305	Prbe.g_00671
OG0001689	Prap.g_01570	Prbe.g_00764
OG0001691	Prap.g_00694	Prbe.g_01311
OG0001693	Prap.g_01835	Prbe.g_01041
OG0001697	Prap.g_00690	Prbe.g_01315
OG0001699	Prap.g_01884	Prbe.g_00040
OG0001701	Prap.g_00893	Prbe.g_00162
OG0001705	Prap.g_01716	Prbe.g_00923
OG0001706	Prap.g_01901	Prbe.g_00023
OG0001707	Prap.g_00503	Prbe.g_01596
OG0001709	Prap.g_00097	Prbe.g_00335
OG0001710	Prap.g_01112	Prbe.g_00478
OG0001717	Prap.g_00594	Prbe.g_00737
OG0001722	Prap.g_00656	Prbe.g_00109
OG0001725	Prap.g_01905	Prbe.g_00019
OG0001727	Prap.g_00018	Prbe.g_00073
OG0001727	Prap.g_01859	Prbe.g_01122
OG0001733	Prap.g_01795	Prbe.g_01001
OG0001746	Prap.g_01902	Prbe.g_00022
OG0001747	Prap.g_01340	Prbe.g_01924
OG0001757	Prap.g_00595	Prbe.g_00736
OG0001757	Prap.g_00622	Prbe.g_00710
OG0001758	Prap.g_01801	Prbe.g_01007
OG0001769	Prap.g_00508	Prbe.g_01601
OG0001770	Prap.g_01864	Prbe.g_01117
OG0001771	Prap.g_01852	Prbe.g_01129
OG0001780	Prap.g_00088	Prbe.g_00344
OG0001793	Prap.g_00645	Prbe.g_00687
OG0001793	Prap.g_00008	Prbe.g_00083
OG0001795	Prap.g_01812	Prbe.g_01018
OG0001795	Prap.g_00673	Prbe.g_00092
OG0001802	Prap.g_00605	Prbe.g_00726
OG0001802	Prap.g_00515	Prbe.g_01608
OG0001807	Prap.g_00896	Prbe.g_00159
OG0001820	Prap.g_00019	Prbe.g_00072
OG0001834	Prap.g_00085	Prbe.g_00347
OG0001836	Prap.g_01948	Prbe.g_00377
OG0001836	Prap.g_01949	Prbe.g_00376
OG0001842	Prap.g_00022	Prbe.g_00069
OG0001875	Prap.g_01802	Prbe.g_01008
OG0001876	Prap.g_01803	Prbe.g_01009
OG0001916	Prap.g_01271	Prbe.g_00637
OG0001917	Prap.g_00298	Prbe.g_01391
OG0001922	Prap.g_00103	Prbe.g_00329
OG0001923	Prap.g_00096	Prbe.g_00336
OG0001930	Prap.g_00023	Prbe.g_00068
OG0001931	Prap.g_00024	Prbe.g_00067
OG0001955	Prap.g_01908	Prbe.g_00016
OG0001956	Prap.g_00722	Prbe.g_01283
OG0001963	Prap.g_00230	Prbe.g_00202
OG0001965	Prap.g_01845	Prbe.g_01051
OG0001977	Prap.g_01512	Prbe.g_01174
OG0001988	Prap.g_00537	Prbe.g_00917
OG0001996	Prap.g_00926	Prbe.g_00129
OG0002003	Prap.g_00028	Prbe.g_00063
OG0002019	Prap.g_01913	Prbe.g_00011
OG0002030	Prap.g_01866	Prbe.g_01115
OG0002034	Prap.g_01134	Prbe.g_00500
OG0002036	Prap.g_00221	Prbe.g_00211
OG0002052	Prap.g_00308	Prbe.g_01401
OG0002096	Prap.g_00094	Prbe.g_00338
OG0002096	Prap.g_00006	Prbe.g_00085
OG0002098	Prap.g_01935	Prbe.g_00390
OG0002106	Prap.g_00533	Prbe.g_01626
OG0002109	Prap.g_00033	Prbe.g_00058
OG0002122	Prap.g_00027	Prbe.g_00064
OG0002164	Prap.g_00666	Prbe.g_00099
OG0002165	Prap.g_00672	Prbe.g_00093
OG0002176	Prap.g_00648	Prbe.g_00684
OG0002176	Prap.g_01920	Prbe.g_00004
OG0002177	Prap.g_01132	Prbe.g_00498
OG0002228	Prap.g_01844	Prbe.g_01050
OG0002228	Prap.g_01816	Prbe.g_01022
OG0002232	Prap.g_00818	Prbe.g_00457
OG0002240	Prap.g_01053	Prbe.g_01665
OG0002246	Prap.g_01831	Prbe.g_01037
OG0002270	Prap.g_00092	Prbe.g_00340
OG0002275	Prap.g_01809	Prbe.g_01015
OG0002282	Prap.g_00215	Prbe.g_00217
OG0002283	Prap.g_00506	Prbe.g_01599
OG0002284	Prap.g_00603	Prbe.g_00728
OG0002293	Prap.g_00604	Prbe.g_00727
OG0002294	Prap.g_00665	Prbe.g_00100
OG0002321	Prap.g_00089	Prbe.g_00343
OG0002326	Prap.g_01842	Prbe.g_01048
OG0002340	Prap.g_00960	Prbe.g_01758
OG0002344	Prap.g_01353	Prbe.g_01911
OG0002345	Prap.g_01124	Prbe.g_00490
OG0002346	Prap.g_00483	Prbe.g_01576
OG0002348	Prap.g_01922	Prbe.g_00002
OG0002377	Prap.g_00057	Prbe.g_00375
OG0002379	Prap.g_01832	Prbe.g_01038
OG0002383	Prap.g_00016	Prbe.g_00075
OG0002384	Prap.g_01808	Prbe.g_01014
OG0002389	Prap.g_01623	Prbe.g_00817
OG0002397	Prap.g_00288	Prbe.g_01381
OG0002398	Prap.g_00223	Prbe.g_00209
OG0002398	Prap.g_00485	Prbe.g_01578
OG0002421	Prap.g_00090	Prbe.g_00342
OG0002433	Prap.g_01897	Prbe.g_00027
OG0002436	Prap.g_01849	Prbe.g_01132
OG0002439	Prap.g_01895	Prbe.g_00029
OG0002442	Prap.g_00624	Prbe.g_00708
OG0002453	Prap.g_01799	Prbe.g_01005
OG0002455	Prap.g_01900	Prbe.g_00024
OG0002456	Prap.g_01610	Prbe.g_00804
OG0002457	Prap.g_01829	Prbe.g_01035
OG0002457	Prap.g_01811	Prbe.g_01017
OG0002480	Prap.g_00086	Prbe.g_00346
OG0002487	Prap.g_00544	Prbe.g_00910
OG0002497	Prap.g_00596	Prbe.g_00735
OG0002499	Prap.g_00231	Prbe.g_00201
OG0002500	Prap.g_00234	Prbe.g_00198
OG0002501	Prap.g_00626	Prbe.g_00706
OG0002502	Prap.g_00670	Prbe.g_00095
OG0002503	Prap.g_01299	Prbe.g_00665
OG0002504	Prap.g_00792	Prbe.g_01213
OG0002505	Prap.g_01910	Prbe.g_00014
OG0002508	Prap.g_00597	Prbe.g_00734
OG0002509	Prap.g_00602	Prbe.g_00729
OG0002510	Prap.g_00026	Prbe.g_00065
OG0002511	Prap.g_01426	Prbe.g_01838
OG0002512	Prap.g_01131	Prbe.g_00497
OG0002513	Prap.g_00489	Prbe.g_01582
OG0002514	Prap.g_00201	Prbe.g_00231
OG0002515	Prap.g_01879	Prbe.g_00045
OG0002516	Prap.g_00487	Prbe.g_01580
OG0002517	Prap.g_00001	Prbe.g_00090
OG0002518	Prap.g_01113	Prbe.g_00479
OG0002556	Prap.g_00583	Prbe.g_00871
OG0002557	Prap.g_00582	Prbe.g_00872
OG0002558	Prap.g_00581	Prbe.g_00873
OG0002564	Prap.g_01923	Prbe.g_00001
OG0002583	Prap.g_00232	Prbe.g_00200
OG0002584	Prap.g_00316	Prbe.g_01409
OG0002586	Prap.g_00824	Prbe.g_00451
OG0002587	Prap.g_01804	Prbe.g_01010
OG0002588	Prap.g_00100	Prbe.g_00332
OG0002646	Prap.g_01609	Prbe.g_00803
OG0002654	Prap.g_00507	Prbe.g_01600
OG0002655	Prap.g_00523	Prbe.g_01616
OG0002656	Prap.g_00540	Prbe.g_00914
OG0002657	Prap.g_01904	Prbe.g_00020
OG0002658	Prap.g_00479	Prbe.g_01572
OG0002659	Prap.g_00674	Prbe.g_00091
OG0002660	Prap.g_00516	Prbe.g_01609
OG0002661	Prap.g_00529	Prbe.g_01622
OG0002662	Prap.g_01891	Prbe.g_00032
OG0002663	Prap.g_01800	Prbe.g_01006
OG0002702	Prap.g_01807	Prbe.g_01013
OG0002703	Prap.g_00005	Prbe.g_00086
OG0002725	Prap.g_01822	Prbe.g_01028
OG0002727	Prap.g_00320	Prbe.g_01413
OG0002728	Prap.g_00668	Prbe.g_00097
OG0002729	Prap.g_00222	Prbe.g_00210
OG0002772	Prap.g_01943	Prbe.g_00382
OG0002773	Prap.g_01938	Prbe.g_00387
OG0002774	Prap.g_01939	Prbe.g_00386
OG0002775	Prap.g_01936	Prbe.g_00389
OG0002786	Prap.g_00642	Prbe.g_00690
OG0002806	Prap.g_00631	Prbe.g_00700
OG0002809	Prap.g_00283	Prbe.g_01376
OG0002810	Prap.g_00235	Prbe.g_00197
OG0002811	Prap.g_00009	Prbe.g_00082
OG0002812	Prap.g_00621	Prbe.g_00711
OG0002814	Prap.g_00630	Prbe.g_00702
OG0002815	Prap.g_01796	Prbe.g_01002
OG0002817	Prap.g_00476	Prbe.g_01569
OG0002819	Prap.g_01850	Prbe.g_01131
OG0002820	Prap.g_01856	Prbe.g_01125
OG0002821	Prap.g_00892	Prbe.g_00163
OG0002822	Prap.g_00891	Prbe.g_00164
OG0002823	Prap.g_01313	Prbe.g_01951
OG0002824	Prap.g_00593	Prbe.g_00738
OG0002825	Prap.g_00037	Prbe.g_00054
OG0002826	Prap.g_00354	Prbe.g_01447
OG0002827	Prap.g_00432	Prbe.g_01525
OG0002828	Prap.g_00490	Prbe.g_01583
OG0002829	Prap.g_00497	Prbe.g_01590
OG0002830	Prap.g_00219	Prbe.g_00213
OG0002831	Prap.g_00233	Prbe.g_00199
OG0002832	Prap.g_01909	Prbe.g_00015
OG0002833	Prap.g_01833	Prbe.g_01039
OG0002834	Prap.g_01830	Prbe.g_01036
OG0002835	Prap.g_01828	Prbe.g_01034
OG0002836	Prap.g_01780	Prbe.g_00986
OG0002888	Prap.g_00091	Prbe.g_00341
OG0002894	Prap.g_00084	Prbe.g_00348
OG0002903	Prap.g_00643	Prbe.g_00689
OG0002918	Prap.g_00617	Prbe.g_00715
OG0002919	Prap.g_01118	Prbe.g_00484
OG0002920	Prap.g_00608	Prbe.g_00723
OG0002921	Prap.g_00600	Prbe.g_00731
OG0002922	Prap.g_00599	Prbe.g_00732
OG0002923	Prap.g_00592	Prbe.g_00739
OG0002924	Prap.g_00002	Prbe.g_00089
OG0002925	Prap.g_00015	Prbe.g_00076
OG0002926	Prap.g_00032	Prbe.g_00059
OG0002927	Prap.g_00687	Prbe.g_01318
OG0002928	Prap.g_00546	Prbe.g_00908
OG0002929	Prap.g_01865	Prbe.g_01116
OG0002930	Prap.g_01621	Prbe.g_00815
OG0003012	Prap.g_01940	Prbe.g_00385
OG0003013	Prap.g_01941	Prbe.g_00384
OG0003028	Prap.g_00634	Prbe.g_00697
OG0003031	Prap.g_01339	Prbe.g_01925
OG0003060	Prap.g_01106	Prbe.g_00472
OG0003061	Prap.g_01107	Prbe.g_00473
OG0003062	Prap.g_01108	Prbe.g_00474
OG0003070	Prap.g_01484	Prbe.g_01780
OG0003071	Prap.g_01419	Prbe.g_01845
OG0003072	Prap.g_01115	Prbe.g_00481
OG0003073	Prap.g_00641	Prbe.g_00691
OG0003074	Prap.g_00615	Prbe.g_00717
OG0003075	Prap.g_00664	Prbe.g_00101
OG0003076	Prap.g_00795	Prbe.g_01210
OG0003077	Prap.g_00686	Prbe.g_01320
OG0003078	Prap.g_00292	Prbe.g_01385
OG0003079	Prap.g_00317	Prbe.g_01410
OG0003080	Prap.g_00534	Prbe.g_01627
OG0003081	Prap.g_00578	Prbe.g_00876
OG0003082	Prap.g_01841	Prbe.g_01047
OG0003083	Prap.g_01838	Prbe.g_01044
OG0003084	Prap.g_01789	Prbe.g_00995
OG0003087	Prap.g_00586	Prbe.g_00402
OG0003087	Prap.g_00586	Prbe.g_00868
OG0003087	Prap.g_00873	Prbe.g_00402
OG0003087	Prap.g_00873	Prbe.g_00868
OG0003088	Prap.g_00652	Prbe.g_00113
OG0003088	Prap.g_00652	Prbe.g_00401
OG0003088	Prap.g_01924	Prbe.g_00113
OG0003088	Prap.g_01924	Prbe.g_00401
OG0003161	Prap.g_00102	Prbe.g_00330
OG0003162	Prap.g_01944	Prbe.g_00381
OG0003163	Prap.g_01945	Prbe.g_00380
OG0003178	Prap.g_00584	Prbe.g_00870
OG0003221	Prap.g_01933	Prbe.g_00392
OG0003234	Prap.g_01027	Prbe.g_01691
OG0003235	Prap.g_01103	Prbe.g_01952
OG0003236	Prap.g_00635	Prbe.g_00696
OG0003237	Prap.g_00632	Prbe.g_00699
OG0003238	Prap.g_00601	Prbe.g_00730
OG0003240	Prap.g_00526	Prbe.g_01619
OG0003241	Prap.g_01893	Prbe.g_00030
OG0003242	Prap.g_01892	Prbe.g_00031
OG0003243	Prap.g_01810	Prbe.g_01016
OG0003244	Prap.g_01798	Prbe.g_01004
OG0003419	Prap.g_00921	Prbe.g_00134
OG0003420	Prap.g_00916	Prbe.g_00139
OG0003421	Prap.g_00900	Prbe.g_00155
OG0003422	Prap.g_01081	Prbe.g_01637
OG0003423	Prap.g_01070	Prbe.g_01648
OG0003424	Prap.g_01030	Prbe.g_01688
OG0003425	Prap.g_01029	Prbe.g_01689
OG0003426	Prap.g_01028	Prbe.g_01690
OG0003427	Prap.g_01445	Prbe.g_01819
OG0003428	Prap.g_01338	Prbe.g_01926
OG0003429	Prap.g_01184	Prbe.g_00550
OG0003430	Prap.g_01127	Prbe.g_00493
OG0003431	Prap.g_01117	Prbe.g_00483
OG0003432	Prap.g_01116	Prbe.g_00482
OG0003433	Prap.g_01114	Prbe.g_00480
OG0003434	Prap.g_01111	Prbe.g_00477
OG0003435	Prap.g_01110	Prbe.g_00476
OG0003436	Prap.g_01109	Prbe.g_00475
OG0003437	Prap.g_01105	Prbe.g_00471
OG0003438	Prap.g_01104	Prbe.g_00470
OG0003439	Prap.g_00651	Prbe.g_00681
OG0003440	Prap.g_00650	Prbe.g_00682
OG0003441	Prap.g_00649	Prbe.g_00683
OG0003442	Prap.g_00640	Prbe.g_00692
OG0003443	Prap.g_00639	Prbe.g_00693
OG0003444	Prap.g_00638	Prbe.g_00694
OG0003445	Prap.g_00627	Prbe.g_00705
OG0003446	Prap.g_00614	Prbe.g_00718
OG0003447	Prap.g_00613	Prbe.g_00719
OG0003448	Prap.g_00606	Prbe.g_00725
OG0003449	Prap.g_00011	Prbe.g_00080
OG0003450	Prap.g_00012	Prbe.g_00079
OG0003451	Prap.g_00013	Prbe.g_00078
OG0003452	Prap.g_00014	Prbe.g_00077
OG0003453	Prap.g_00039	Prbe.g_00052
OG0003454	Prap.g_00657	Prbe.g_00108
OG0003455	Prap.g_00865	Prbe.g_00410
OG0003456	Prap.g_00753	Prbe.g_01252
OG0003457	Prap.g_00695	Prbe.g_01310
OG0003458	Prap.g_00273	Prbe.g_01366
OG0003459	Prap.g_00277	Prbe.g_01370
OG0003460	Prap.g_00473	Prbe.g_01566
OG0003461	Prap.g_00488	Prbe.g_01581
OG0003462	Prap.g_00530	Prbe.g_01623
OG0003463	Prap.g_00538	Prbe.g_00916
OG0003464	Prap.g_00549	Prbe.g_00905
OG0003465	Prap.g_00567	Prbe.g_00887
OG0003466	Prap.g_01930	Prbe.g_00395
OG0003467	Prap.g_01931	Prbe.g_00394
OG0003468	Prap.g_01932	Prbe.g_00393
OG0003469	Prap.g_01934	Prbe.g_00391
OG0003470	Prap.g_01937	Prbe.g_00388
OG0003471	Prap.g_01942	Prbe.g_00383
OG0003472	Prap.g_00098	Prbe.g_00334
OG0003473	Prap.g_00202	Prbe.g_00230
OG0003474	Prap.g_00213	Prbe.g_00219
OG0003475	Prap.g_00225	Prbe.g_00207
OG0003476	Prap.g_00237	Prbe.g_00195
OG0003477	Prap.g_01918	Prbe.g_00006
OG0003478	Prap.g_01915	Prbe.g_00009
OG0003479	Prap.g_01898	Prbe.g_00026
OG0003480	Prap.g_01886	Prbe.g_00038
OG0003481	Prap.g_01885	Prbe.g_00039
OG0003482	Prap.g_01857	Prbe.g_01124
OG0003483	Prap.g_01854	Prbe.g_01127
OG0003484	Prap.g_01839	Prbe.g_01045
OG0003485	Prap.g_01826	Prbe.g_01032
OG0003486	Prap.g_01824	Prbe.g_01030
OG0003487	Prap.g_01823	Prbe.g_01029
OG0003488	Prap.g_01813	Prbe.g_01019
OG0003489	Prap.g_01806	Prbe.g_01012
OG0003805	Prap.g_01102	Prbe.g_01953
OG0003810	Prap.g_00041	Prbe.g_00050
OG0004046	Prap.g_01876	Prbe.g_00048
