Orthogroup	Syaq	Prbh
OG0000001	Syaq.g_01436, Syaq.g_00118, Syaq.g_01435, Syaq.g_00115, Syaq.g_01434, Syaq.g_02178, Syaq.g_02413	Prbh.g_00001
OG0000004	Syaq.g_02603	Prbh.g_00933
OG0000004	Syaq.g_02042, Syaq.g_01567	Prbh.g_00548
OG0000005	Syaq.g_01692	Prbh.g_00182
OG0000006	Syaq.g_02108, Syaq.g_02558, Syaq.g_00696, Syaq.g_01590	Prbh.g_00538
OG0000007	Syaq.g_01793	Prbh.g_00334
OG0000007	Syaq.g_01673	Prbh.g_01782
OG0000008	Syaq.g_02162	Prbh.g_01406
OG0000008	Syaq.g_02575	Prbh.g_01405
OG0000010	Syaq.g_00443	Prbh.g_00848, Prbh.g_01143
OG0000011	Syaq.g_01038	Prbh.g_01835
OG0000012	Syaq.g_02059	Prbh.g_01460
OG0000013	Syaq.g_00569, Syaq.g_00572, Syaq.g_02023	Prbh.g_00452
OG0000014	Syaq.g_00862	Prbh.g_00472
OG0000015	Syaq.g_00121, Syaq.g_01171, Syaq.g_02255	Prbh.g_00840, Prbh.g_01869
OG0000016	Syaq.g_00169	Prbh.g_01336
OG0000017	Syaq.g_01992	Prbh.g_00232
OG0000017	Syaq.g_01999	Prbh.g_00225
OG0000018	Syaq.g_00401	Prbh.g_01305
OG0000019	Syaq.g_00717	Prbh.g_00530, Prbh.g_01307
OG0000023	Syaq.g_02540	Prbh.g_00833
OG0000025	Syaq.g_02381	Prbh.g_00988
OG0000026	Syaq.g_01114	Prbh.g_00749
OG0000028	Syaq.g_00878	Prbh.g_00404, Prbh.g_00459
OG0000030	Syaq.g_01047, Syaq.g_01048	Prbh.g_01570
OG0000031	Syaq.g_01009	Prbh.g_00064
OG0000032	Syaq.g_00421	Prbh.g_00138
OG0000034	Syaq.g_00312, Syaq.g_01431	Prbh.g_01383
OG0000035	Syaq.g_00372, Syaq.g_00371	Prbh.g_00096, Prbh.g_00099
OG0000037	Syaq.g_01483	Prbh.g_00674
OG0000038	Syaq.g_01260, Syaq.g_01258	Prbh.g_01530
OG0000039	Syaq.g_01601, Syaq.g_01241	Prbh.g_00921
OG0000041	Syaq.g_02688, Syaq.g_01612	Prbh.g_01734
OG0000042	Syaq.g_00200, Syaq.g_01044	Prbh.g_01573
OG0000043	Syaq.g_01920	Prbh.g_01304
OG0000044	Syaq.g_00107, Syaq.g_02701	Prbh.g_01794
OG0000045	Syaq.g_02047	Prbh.g_01327
OG0000046	Syaq.g_00570, Syaq.g_00573	Prbh.g_00451
OG0000048	Syaq.g_00749	Prbh.g_00508
OG0000052	Syaq.g_00969	Prbh.g_00727
OG0000053	Syaq.g_00397	Prbh.g_00120, Prbh.g_01834
OG0000054	Syaq.g_02005	Prbh.g_00223
OG0000057	Syaq.g_02541, Syaq.g_02605	Prbh.g_00936
OG0000059	Syaq.g_00657	Prbh.g_01695
OG0000061	Syaq.g_00249	Prbh.g_01283
OG0000062	Syaq.g_01690	Prbh.g_00184
OG0000063	Syaq.g_01110	Prbh.g_01401
OG0000064	Syaq.g_02138	Prbh.g_00715
OG0000065	Syaq.g_01487, Syaq.g_01908	Prbh.g_00676
OG0000066	Syaq.g_01851	Prbh.g_01856
OG0000067	Syaq.g_02340, Syaq.g_02560	Prbh.g_00953
OG0000068	Syaq.g_01763	Prbh.g_00009
OG0000070	Syaq.g_00484	Prbh.g_00382
OG0000071	Syaq.g_00297	Prbh.g_01373
OG0000072	Syaq.g_01397	Prbh.g_00611
OG0000073	Syaq.g_01795	Prbh.g_00330
OG0000075	Syaq.g_00986	Prbh.g_01607
OG0000076	Syaq.g_01028	Prbh.g_01581
OG0000077	Syaq.g_01547	Prbh.g_00704
OG0000078	Syaq.g_01585	Prbh.g_00540
OG0000079	Syaq.g_00721	Prbh.g_00527
OG0000081	Syaq.g_01893	Prbh.g_00298
OG0000082	Syaq.g_01975	Prbh.g_01855
OG0000084	Syaq.g_00367	Prbh.g_00093
OG0000085	Syaq.g_01683	Prbh.g_01408
OG0000086	Syaq.g_01525	Prbh.g_00695
OG0000087	Syaq.g_01438	Prbh.g_00642
OG0000088	Syaq.g_01402	Prbh.g_00616
OG0000089	Syaq.g_00529	Prbh.g_00415
OG0000090	Syaq.g_01838	Prbh.g_00296
OG0000091	Syaq.g_02090	Prbh.g_01211
OG0000093	Syaq.g_02323	Prbh.g_01181
OG0000094	Syaq.g_00056, Syaq.g_02554	Prbh.g_01130
OG0000095	Syaq.g_02679	Prbh.g_01031
OG0000097	Syaq.g_00167	Prbh.g_01236
OG0000098	Syaq.g_02221, Syaq.g_01849	Prbh.g_01935
OG0000099	Syaq.g_00882	Prbh.g_00032
OG0000100	Syaq.g_02371	Prbh.g_00179
OG0000101	Syaq.g_00607	Prbh.g_01644
OG0000102	Syaq.g_01033	Prbh.g_01576
OG0000103	Syaq.g_01170	Prbh.g_01489
OG0000104	Syaq.g_01154	Prbh.g_01480
OG0000105	Syaq.g_00754	Prbh.g_00505
OG0000106	Syaq.g_01863	Prbh.g_00821
OG0000107	Syaq.g_00694	Prbh.g_01718
OG0000108	Syaq.g_01772	Prbh.g_00351
OG0000109	Syaq.g_01788	Prbh.g_00337
OG0000110	Syaq.g_01962	Prbh.g_00254
OG0000111	Syaq.g_02606	Prbh.g_00937
OG0000112	Syaq.g_02476	Prbh.g_01078
OG0000114	Syaq.g_02269	Prbh.g_00878
OG0000115	Syaq.g_00395	Prbh.g_01344
OG0000116	Syaq.g_00263	Prbh.g_01294
OG0000117	Syaq.g_00203	Prbh.g_01255
OG0000118	Syaq.g_00325, Syaq.g_00316	Prbh.g_01385
OG0000120	Syaq.g_00883	Prbh.g_00031
OG0000121	Syaq.g_00375	Prbh.g_00101
OG0000122	Syaq.g_02118	Prbh.g_01347, Prbh.g_00143
OG0000123	Syaq.g_00599	Prbh.g_01637
OG0000124	Syaq.g_01055	Prbh.g_01564
OG0000125	Syaq.g_01256	Prbh.g_01528
OG0000126	Syaq.g_01156	Prbh.g_01481
OG0000128	Syaq.g_01138	Prbh.g_01953
OG0000129	Syaq.g_01269	Prbh.g_00738
OG0000130	Syaq.g_01559	Prbh.g_00713
OG0000131	Syaq.g_01427, Syaq.g_01424	Prbh.g_00637
OG0000132	Syaq.g_01036, Syaq.g_01404	Prbh.g_00618
OG0000133	Syaq.g_02481	Prbh.g_00457
OG0000134	Syaq.g_00526	Prbh.g_00413
OG0000135	Syaq.g_01227	Prbh.g_01825
OG0000136	Syaq.g_00496	Prbh.g_00391
OG0000137	Syaq.g_00442	Prbh.g_00356
OG0000138	Syaq.g_01789	Prbh.g_00336
OG0000139	Syaq.g_01844	Prbh.g_00292
OG0000140	Syaq.g_01848	Prbh.g_00291
OG0000141	Syaq.g_02010	Prbh.g_00222
OG0000142	Syaq.g_02082	Prbh.g_01218
OG0000143	Syaq.g_02086	Prbh.g_01215
OG0000144	Syaq.g_02152	Prbh.g_01201
OG0000145	Syaq.g_01796	Prbh.g_01880
OG0000146	Syaq.g_02475	Prbh.g_01077
OG0000147	Syaq.g_02474	Prbh.g_01076
OG0000148	Syaq.g_02359	Prbh.g_00970
OG0000149	Syaq.g_02395	Prbh.g_01002
OG0000150	Syaq.g_02011	Prbh.g_01012
OG0000151	Syaq.g_02283	Prbh.g_00888
OG0000152	Syaq.g_02485	Prbh.g_01086
OG0000153	Syaq.g_02518	Prbh.g_01104
OG0000154	Syaq.g_00066	Prbh.g_01121
OG0000155	Syaq.g_00212	Prbh.g_01261
OG0000156	Syaq.g_00281	Prbh.g_01362
OG0000157	Syaq.g_00282	Prbh.g_01363
OG0000158	Syaq.g_01003	Prbh.g_01599
OG0000159	Syaq.g_00918	Prbh.g_00039
OG0000160	Syaq.g_00374	Prbh.g_00100
OG0000161	Syaq.g_00382	Prbh.g_01288, Prbh.g_00106
OG0000162	Syaq.g_00389	Prbh.g_00112
OG0000163	Syaq.g_02373, Syaq.g_01730	Prbh.g_00151
OG0000164	Syaq.g_01642	Prbh.g_01758
OG0000165	Syaq.g_01630	Prbh.g_01750
OG0000166	Syaq.g_00647	Prbh.g_01681
OG0000167	Syaq.g_00983	Prbh.g_01609
OG0000168	Syaq.g_01004	Prbh.g_01598
OG0000169	Syaq.g_01016	Prbh.g_01588
OG0000170	Syaq.g_01023	Prbh.g_01585
OG0000171	Syaq.g_01052	Prbh.g_01565
OG0000172	Syaq.g_01074	Prbh.g_01558
OG0000173	Syaq.g_01092	Prbh.g_01543
OG0000174	Syaq.g_01224	Prbh.g_01512
OG0000175	Syaq.g_01183	Prbh.g_01500
OG0000176	Syaq.g_01146	Prbh.g_01472
OG0000177	Syaq.g_01145	Prbh.g_01471
OG0000178	Syaq.g_01144	Prbh.g_01470
OG0000179	Syaq.g_01129	Prbh.g_00764
OG0000180	Syaq.g_01128	Prbh.g_00763
OG0000181	Syaq.g_01127	Prbh.g_00762
OG0000182	Syaq.g_01126	Prbh.g_00761
OG0000183	Syaq.g_01122	Prbh.g_00757
OG0000184	Syaq.g_01277	Prbh.g_00734
OG0000185	Syaq.g_01290	Prbh.g_00731
OG0000186	Syaq.g_01563	Prbh.g_00719
OG0000187	Syaq.g_01561	Prbh.g_00718
OG0000188	Syaq.g_01539	Prbh.g_00701
OG0000189	Syaq.g_01499, Syaq.g_00122	Prbh.g_00687
OG0000190	Syaq.g_01497	Prbh.g_00686
OG0000191	Syaq.g_01467	Prbh.g_00664
OG0000192	Syaq.g_01462	Prbh.g_00659
OG0000193	Syaq.g_01423	Prbh.g_00636
OG0000194	Syaq.g_01420	Prbh.g_00633
OG0000195	Syaq.g_01418	Prbh.g_00631
OG0000196	Syaq.g_01407	Prbh.g_00621
OG0000197	Syaq.g_01406	Prbh.g_00620
OG0000198	Syaq.g_01405	Prbh.g_00619
OG0000199	Syaq.g_01398	Prbh.g_00612
OG0000200	Syaq.g_01382	Prbh.g_00599
OG0000201	Syaq.g_01365	Prbh.g_00590
OG0000202	Syaq.g_01364	Prbh.g_00589
OG0000203	Syaq.g_01363	Prbh.g_00588
OG0000204	Syaq.g_01362	Prbh.g_00587
OG0000205	Syaq.g_01355	Prbh.g_00580
OG0000206	Syaq.g_01345	Prbh.g_00575
OG0000207	Syaq.g_01338	Prbh.g_00573
OG0000208	Syaq.g_01337	Prbh.g_00572
OG0000209	Syaq.g_01310	Prbh.g_00563
OG0000210	Syaq.g_01309	Prbh.g_00562
OG0000211	Syaq.g_01570	Prbh.g_00547
OG0000212	Syaq.g_01586	Prbh.g_00539
OG0000213	Syaq.g_00729	Prbh.g_00521
OG0000214	Syaq.g_00745	Prbh.g_00512
OG0000215	Syaq.g_00777	Prbh.g_00485
OG0000216	Syaq.g_00781	Prbh.g_00484
OG0000217	Syaq.g_00844	Prbh.g_00481
OG0000218	Syaq.g_00846	Prbh.g_00479
OG0000219	Syaq.g_00847	Prbh.g_00478
OG0000220	Syaq.g_00848	Prbh.g_00477
OG0000221	Syaq.g_00856	Prbh.g_00476
OG0000222	Syaq.g_00868	Prbh.g_00469
OG0000223	Syaq.g_00946	Prbh.g_00456
OG0000224	Syaq.g_00950	Prbh.g_00454
OG0000225	Syaq.g_00543	Prbh.g_00426
OG0000226	Syaq.g_00536	Prbh.g_00422
OG0000227	Syaq.g_00534	Prbh.g_00420
OG0000228	Syaq.g_00531	Prbh.g_00416
OG0000229	Syaq.g_00501	Prbh.g_00396
OG0000230	Syaq.g_00499	Prbh.g_00394
OG0000231	Syaq.g_00485	Prbh.g_00383
OG0000232	Syaq.g_00472	Prbh.g_00370
OG0000233	Syaq.g_00464	Prbh.g_00365
OG0000234	Syaq.g_00440	Prbh.g_00355
OG0000235	Syaq.g_01771	Prbh.g_00352
OG0000236	Syaq.g_01787	Prbh.g_00338
OG0000237	Syaq.g_01805	Prbh.g_00324
OG0000238	Syaq.g_01810	Prbh.g_00318
OG0000239	Syaq.g_01826	Prbh.g_00305
OG0000240	Syaq.g_01827	Prbh.g_00304
OG0000241	Syaq.g_02074	Prbh.g_00299
OG0000242	Syaq.g_01836	Prbh.g_00297
OG0000243	Syaq.g_01922	Prbh.g_00287
OG0000244	Syaq.g_01928	Prbh.g_00284
OG0000245	Syaq.g_01930	Prbh.g_00282
OG0000246	Syaq.g_01934	Prbh.g_00278
OG0000247	Syaq.g_01945	Prbh.g_00267
OG0000248	Syaq.g_01948	Prbh.g_00264
OG0000249	Syaq.g_01950	Prbh.g_00262
OG0000250	Syaq.g_01958	Prbh.g_00257
OG0000251	Syaq.g_01984	Prbh.g_00239
OG0000252	Syaq.g_01987	Prbh.g_00236
OG0000253	Syaq.g_01989	Prbh.g_00235
OG0000254	Syaq.g_02016	Prbh.g_00218
OG0000255	Syaq.g_02041	Prbh.g_00212
OG0000256	Syaq.g_02068	Prbh.g_01455
OG0000257	Syaq.g_02073	Prbh.g_01223
OG0000258	Syaq.g_02095	Prbh.g_01210
OG0000259	Syaq.g_02239	Prbh.g_01193
OG0000260	Syaq.g_02242	Prbh.g_01190
OG0000261	Syaq.g_02245	Prbh.g_01187
OG0000262	Syaq.g_02250	Prbh.g_01182
OG0000263	Syaq.g_00185	Prbh.g_00915
OG0000264	Syaq.g_02582	Prbh.g_00926
OG0000266	Syaq.g_00037	Prbh.g_01163
OG0000267	Syaq.g_02430	Prbh.g_01150
OG0000268	Syaq.g_02431	Prbh.g_01149
OG0000269	Syaq.g_02335	Prbh.g_00948
OG0000270	Syaq.g_02338	Prbh.g_00951
OG0000271	Syaq.g_02346	Prbh.g_00959
OG0000272	Syaq.g_02347	Prbh.g_00960
OG0000273	Syaq.g_02376	Prbh.g_00983
OG0000274	Syaq.g_02377	Prbh.g_00984
OG0000275	Syaq.g_02380	Prbh.g_00987
OG0000276	Syaq.g_02387	Prbh.g_00993
OG0000277	Syaq.g_02388	Prbh.g_00994
OG0000278	Syaq.g_02391	Prbh.g_00997
OG0000279	Syaq.g_02401	Prbh.g_01005
OG0000280	Syaq.g_02410	Prbh.g_01006
OG0000281	Syaq.g_02224	Prbh.g_01013
OG0000282	Syaq.g_02271	Prbh.g_00880
OG0000283	Syaq.g_02445	Prbh.g_01059
OG0000284	Syaq.g_02450	Prbh.g_01064
OG0000285	Syaq.g_02466	Prbh.g_01069
OG0000286	Syaq.g_02484	Prbh.g_01085
OG0000287	Syaq.g_02511	Prbh.g_01342
OG0000288	Syaq.g_00067	Prbh.g_01120
OG0000289	Syaq.g_00053	Prbh.g_01135
OG0000290	Syaq.g_02682	Prbh.g_01034
OG0000291	Syaq.g_02680	Prbh.g_01032
OG0000292	Syaq.g_01157	Prbh.g_01328
OG0000293	Syaq.g_00262	Prbh.g_01293
OG0000294	Syaq.g_00261	Prbh.g_01292
OG0000295	Syaq.g_00220	Prbh.g_01268
OG0000296	Syaq.g_00218	Prbh.g_01266
OG0000297	Syaq.g_00205	Prbh.g_01257
OG0000298	Syaq.g_00204	Prbh.g_01256
OG0000299	Syaq.g_00171	Prbh.g_01237
OG0000300	Syaq.g_00164	Prbh.g_01234
OG0000301	Syaq.g_00163	Prbh.g_01233
OG0000302	Syaq.g_00162	Prbh.g_01231
OG0000303	Syaq.g_00152	Prbh.g_01225
OG0000304	Syaq.g_00146	Prbh.g_01450
OG0000305	Syaq.g_02677	Prbh.g_01326
OG0000306	Syaq.g_01861	Prbh.g_01017
OG0000307	Syaq.g_01754	Prbh.g_00019
OG0000308	Syaq.g_01752	Prbh.g_00020
OG0000309	Syaq.g_01747	Prbh.g_00024
OG0000310	Syaq.g_00347	Prbh.g_00082
OG0000311	Syaq.g_00352	Prbh.g_00084
OG0000312	Syaq.g_00359	Prbh.g_00087
OG0000313	Syaq.g_00379	Prbh.g_00103
OG0000314	Syaq.g_00408	Prbh.g_00126
OG0000315	Syaq.g_00418	Prbh.g_00136
OG0000316	Syaq.g_01716	Prbh.g_00162
OG0000317	Syaq.g_01675	Prbh.g_01785
OG0000318	Syaq.g_01672	Prbh.g_01781
OG0000319	Syaq.g_01657	Prbh.g_01768
OG0000320	Syaq.g_01655	Prbh.g_01766
OG0000321	Syaq.g_01654	Prbh.g_01765
OG0000322	Syaq.g_01653	Prbh.g_01764
OG0000323	Syaq.g_01638	Prbh.g_01755
OG0000324	Syaq.g_01605	Prbh.g_01727
OG0000325	Syaq.g_00693	Prbh.g_01717
OG0000326	Syaq.g_00686	Prbh.g_01710
OG0000327	Syaq.g_00652	Prbh.g_01686
OG0000328	Syaq.g_00651	Prbh.g_01685
OG0000329	Syaq.g_00633	Prbh.g_01668
OG0000330	Syaq.g_00632	Prbh.g_01667
OG0000331	Syaq.g_00631	Prbh.g_01666
OG0000332	Syaq.g_00616	Prbh.g_01652
OG0000333	Syaq.g_00613	Prbh.g_01650
OG0000334	Syaq.g_00603	Prbh.g_01641
OG0000335	Syaq.g_00598	Prbh.g_01636
OG0000336	Syaq.g_00594	Prbh.g_01632
OG0000337	Syaq.g_00975	Prbh.g_01613
OG0000338	Syaq.g_00981	Prbh.g_01612
OG0000339	Syaq.g_00988	Prbh.g_01606
OG0000340	Syaq.g_01005	Prbh.g_01597
OG0000341	Syaq.g_01007	Prbh.g_01595
OG0000342	Syaq.g_01008	Prbh.g_01594
OG0000343	Syaq.g_01010	Prbh.g_01593
OG0000344	Syaq.g_01014	Prbh.g_01590
OG0000345	Syaq.g_01024	Prbh.g_01584
OG0000346	Syaq.g_01029	Prbh.g_01580
OG0000347	Syaq.g_01057	Prbh.g_01563
OG0000348	Syaq.g_01070	Prbh.g_01555
OG0000349	Syaq.g_01099	Prbh.g_01537
OG0000350	Syaq.g_00679	Prbh.g_01516
OG0000351	Syaq.g_01179	Prbh.g_01497
OG0000352	Syaq.g_01178	Prbh.g_01496
OG0000353	Syaq.g_01151	Prbh.g_01477
OG0000355	Syaq.g_01149	Prbh.g_01475
OG0000356	Syaq.g_01148	Prbh.g_01474
OG0000357	Syaq.g_01147	Prbh.g_01473
OG0000358	Syaq.g_01143	Prbh.g_01469
OG0000359	Syaq.g_01141	Prbh.g_01468
OG0000360	Syaq.g_01140	Prbh.g_01467
OG0000361	Syaq.g_01139	Prbh.g_01466
OG0000362	Syaq.g_01137	Prbh.g_01952
OG0000363	Syaq.g_01135	Prbh.g_00766
OG0000364	Syaq.g_01134	Prbh.g_00765
OG0000365	Syaq.g_01125	Prbh.g_00760
OG0000366	Syaq.g_01124	Prbh.g_00759
OG0000367	Syaq.g_01123	Prbh.g_00758
OG0000368	Syaq.g_01121	Prbh.g_00756
OG0000369	Syaq.g_01120	Prbh.g_00755
OG0000370	Syaq.g_01119	Prbh.g_00754
OG0000371	Syaq.g_01111	Prbh.g_00748
OG0000372	Syaq.g_01106	Prbh.g_00746
OG0000373	Syaq.g_01105	Prbh.g_00745
OG0000374	Syaq.g_01104	Prbh.g_00744
OG0000375	Syaq.g_01103	Prbh.g_00743
OG0000376	Syaq.g_01101	Prbh.g_00741
OG0000377	Syaq.g_01270	Prbh.g_00737
OG0000378	Syaq.g_01286	Prbh.g_00733
OG0000379	Syaq.g_01291	Prbh.g_00730
OG0000380	Syaq.g_01560	Prbh.g_00717
OG0000381	Syaq.g_01558	Prbh.g_00712
OG0000382	Syaq.g_01540	Prbh.g_00702
OG0000383	Syaq.g_01535	Prbh.g_00700
OG0000384	Syaq.g_01534	Prbh.g_00699
OG0000385	Syaq.g_01533	Prbh.g_00698
OG0000386	Syaq.g_01532	Prbh.g_00697
OG0000387	Syaq.g_01495	Prbh.g_00684
OG0000388	Syaq.g_01491	Prbh.g_00680
OG0000389	Syaq.g_01488	Prbh.g_00677
OG0000390	Syaq.g_01473	Prbh.g_00668
OG0000391	Syaq.g_01468	Prbh.g_00665
OG0000392	Syaq.g_01463	Prbh.g_00661
OG0000393	Syaq.g_01460	Prbh.g_00658
OG0000394	Syaq.g_01459	Prbh.g_00657
OG0000395	Syaq.g_01458	Prbh.g_00656
OG0000396	Syaq.g_01455	Prbh.g_00654
OG0000397	Syaq.g_01453	Prbh.g_00652
OG0000398	Syaq.g_01448	Prbh.g_00649
OG0000399	Syaq.g_01447	Prbh.g_00648
OG0000400	Syaq.g_01446	Prbh.g_00647
OG0000401	Syaq.g_01445	Prbh.g_00646
OG0000402	Syaq.g_01443	Prbh.g_01144
OG0000403	Syaq.g_01442	Prbh.g_00644
OG0000404	Syaq.g_01440	Prbh.g_00643
OG0000405	Syaq.g_01429	Prbh.g_00639
OG0000406	Syaq.g_01422	Prbh.g_00635
OG0000407	Syaq.g_01421	Prbh.g_00634
OG0000408	Syaq.g_01419	Prbh.g_00632
OG0000409	Syaq.g_01417	Prbh.g_00630
OG0000410	Syaq.g_01416	Prbh.g_00629
OG0000411	Syaq.g_01415	Prbh.g_00628
OG0000412	Syaq.g_01414	Prbh.g_00627
OG0000413	Syaq.g_01412	Prbh.g_00626
OG0000414	Syaq.g_01411	Prbh.g_00625
OG0000415	Syaq.g_01410	Prbh.g_00624
OG0000416	Syaq.g_01409	Prbh.g_00623
OG0000417	Syaq.g_01408	Prbh.g_00622
OG0000418	Syaq.g_01403	Prbh.g_00617
OG0000419	Syaq.g_01401	Prbh.g_00615
OG0000420	Syaq.g_01400	Prbh.g_00614
OG0000421	Syaq.g_01395	Prbh.g_00610
OG0000422	Syaq.g_01394	Prbh.g_00609
OG0000423	Syaq.g_01393	Prbh.g_00608
OG0000424	Syaq.g_01392	Prbh.g_00607
OG0000425	Syaq.g_01391	Prbh.g_00606
OG0000426	Syaq.g_01390	Prbh.g_00605
OG0000427	Syaq.g_01389	Prbh.g_00604
OG0000428	Syaq.g_01386	Prbh.g_00602
OG0000429	Syaq.g_01384	Prbh.g_00601
OG0000430	Syaq.g_01383	Prbh.g_00600
OG0000431	Syaq.g_01380	Prbh.g_00598
OG0000432	Syaq.g_01374	Prbh.g_00594
OG0000433	Syaq.g_01369	Prbh.g_00593
OG0000434	Syaq.g_01368	Prbh.g_00592
OG0000435	Syaq.g_01367	Prbh.g_00591
OG0000436	Syaq.g_01361	Prbh.g_00586
OG0000437	Syaq.g_01360	Prbh.g_00585
OG0000438	Syaq.g_01359	Prbh.g_00584
OG0000439	Syaq.g_01357	Prbh.g_00582
OG0000440	Syaq.g_01356	Prbh.g_00581
OG0000441	Syaq.g_01352	Prbh.g_00578
OG0000442	Syaq.g_01350	Prbh.g_00577
OG0000443	Syaq.g_01347	Prbh.g_00576
OG0000444	Syaq.g_01333	Prbh.g_00571
OG0000445	Syaq.g_01332	Prbh.g_00570
OG0000446	Syaq.g_01330	Prbh.g_00569
OG0000447	Syaq.g_01328	Prbh.g_00568
OG0000448	Syaq.g_01327	Prbh.g_00567
OG0000449	Syaq.g_01320	Prbh.g_00566
OG0000450	Syaq.g_01313	Prbh.g_00565
OG0000451	Syaq.g_01312	Prbh.g_00564
OG0000452	Syaq.g_01308	Prbh.g_00561
OG0000453	Syaq.g_01307	Prbh.g_00560
OG0000454	Syaq.g_01306	Prbh.g_00559
OG0000455	Syaq.g_01305	Prbh.g_00558
OG0000456	Syaq.g_01304	Prbh.g_00557
OG0000457	Syaq.g_01302	Prbh.g_00555
OG0000458	Syaq.g_01299	Prbh.g_00554
OG0000459	Syaq.g_01298	Prbh.g_00553
OG0000460	Syaq.g_01577	Prbh.g_00545
OG0000461	Syaq.g_00707	Prbh.g_00537
OG0000462	Syaq.g_00710	Prbh.g_00535
OG0000463	Syaq.g_00711	Prbh.g_00534
OG0000464	Syaq.g_00712	Prbh.g_00533
OG0000465	Syaq.g_00714	Prbh.g_00532
OG0000466	Syaq.g_00718	Prbh.g_00529
OG0000467	Syaq.g_00720	Prbh.g_00528
OG0000468	Syaq.g_00725	Prbh.g_00525
OG0000469	Syaq.g_00739	Prbh.g_00517
OG0000470	Syaq.g_00741	Prbh.g_00515
OG0000471	Syaq.g_00742	Prbh.g_00514
OG0000472	Syaq.g_00744	Prbh.g_00513
OG0000473	Syaq.g_00746	Prbh.g_00511
OG0000474	Syaq.g_00747	Prbh.g_00510
OG0000475	Syaq.g_00748	Prbh.g_00509
OG0000476	Syaq.g_00750	Prbh.g_00507
OG0000477	Syaq.g_00756	Prbh.g_00504
OG0000478	Syaq.g_00757	Prbh.g_00503
OG0000479	Syaq.g_00759	Prbh.g_00502
OG0000480	Syaq.g_00766	Prbh.g_00497
OG0000481	Syaq.g_00768	Prbh.g_00494
OG0000482	Syaq.g_00769	Prbh.g_00493
OG0000483	Syaq.g_00773	Prbh.g_00490
OG0000484	Syaq.g_00774	Prbh.g_00489
OG0000485	Syaq.g_00775	Prbh.g_00487
OG0000486	Syaq.g_00776	Prbh.g_00486
OG0000487	Syaq.g_00782	Prbh.g_00483
OG0000488	Syaq.g_00845	Prbh.g_00480
OG0000489	Syaq.g_00857	Prbh.g_00475
OG0000490	Syaq.g_00864	Prbh.g_00471
OG0000491	Syaq.g_00865	Prbh.g_00470
OG0000492	Syaq.g_00869	Prbh.g_00468
OG0000493	Syaq.g_00870	Prbh.g_00467
OG0000494	Syaq.g_00871	Prbh.g_00466
OG0000495	Syaq.g_00872	Prbh.g_00465
OG0000496	Syaq.g_00873	Prbh.g_00464
OG0000497	Syaq.g_00874	Prbh.g_00463
OG0000498	Syaq.g_00875	Prbh.g_00462
OG0000499	Syaq.g_00876	Prbh.g_00461
OG0000500	Syaq.g_00877	Prbh.g_00460
OG0000501	Syaq.g_00880	Prbh.g_00458
OG0000502	Syaq.g_00953	Prbh.g_00455
OG0000503	Syaq.g_00559	Prbh.g_00439
OG0000504	Syaq.g_00557	Prbh.g_00437
OG0000505	Syaq.g_00556	Prbh.g_00436
OG0000506	Syaq.g_00554	Prbh.g_00435
OG0000507	Syaq.g_00548	Prbh.g_00431
OG0000508	Syaq.g_00544	Prbh.g_00427
OG0000509	Syaq.g_00542	Prbh.g_00425
OG0000510	Syaq.g_00538	Prbh.g_00424
OG0000511	Syaq.g_00537	Prbh.g_00423
OG0000512	Syaq.g_00535	Prbh.g_00421
OG0000513	Syaq.g_00525	Prbh.g_00412
OG0000514	Syaq.g_00514	Prbh.g_00401
OG0000515	Syaq.g_00513	Prbh.g_00400
OG0000516	Syaq.g_00509	Prbh.g_00399
OG0000517	Syaq.g_00502	Prbh.g_00397
OG0000518	Syaq.g_00490	Prbh.g_00386
OG0000519	Syaq.g_00489	Prbh.g_00385
OG0000520	Syaq.g_00488	Prbh.g_00384
OG0000521	Syaq.g_00477	Prbh.g_00374
OG0000522	Syaq.g_00475	Prbh.g_00372
OG0000523	Syaq.g_00474	Prbh.g_00371
OG0000524	Syaq.g_00469	Prbh.g_00367
OG0000525	Syaq.g_00450	Prbh.g_00363
OG0000526	Syaq.g_00448	Prbh.g_00361
OG0000527	Syaq.g_00444	Prbh.g_00358
OG0000528	Syaq.g_01768	Prbh.g_00353
OG0000529	Syaq.g_01773	Prbh.g_00350
OG0000530	Syaq.g_01776	Prbh.g_00347
OG0000531	Syaq.g_01777	Prbh.g_00346
OG0000532	Syaq.g_01780	Prbh.g_00344
OG0000533	Syaq.g_01782	Prbh.g_00343
OG0000534	Syaq.g_01783	Prbh.g_00342
OG0000535	Syaq.g_01784	Prbh.g_00341
OG0000536	Syaq.g_01785	Prbh.g_00340
OG0000537	Syaq.g_01786	Prbh.g_00339
OG0000538	Syaq.g_01798	Prbh.g_00329
OG0000539	Syaq.g_01799	Prbh.g_00328
OG0000540	Syaq.g_01800	Prbh.g_00327
OG0000541	Syaq.g_01801	Prbh.g_00326
OG0000542	Syaq.g_01804	Prbh.g_00325
OG0000543	Syaq.g_01806	Prbh.g_00323
OG0000544	Syaq.g_01807, Syaq.g_02567	Prbh.g_00322
OG0000545	Syaq.g_01809	Prbh.g_00320
OG0000546	Syaq.g_01811	Prbh.g_00317
OG0000547	Syaq.g_01813	Prbh.g_00315
OG0000548	Syaq.g_01814	Prbh.g_00314
OG0000549	Syaq.g_01819	Prbh.g_00311
OG0000550	Syaq.g_01824	Prbh.g_00306
OG0000551	Syaq.g_01829	Prbh.g_00303
OG0000552	Syaq.g_01830	Prbh.g_00302
OG0000553	Syaq.g_01834	Prbh.g_00301
OG0000554	Syaq.g_01839	Prbh.g_00295
OG0000555	Syaq.g_01857	Prbh.g_00288
OG0000556	Syaq.g_01925	Prbh.g_00286
OG0000557	Syaq.g_01927	Prbh.g_00285
OG0000558	Syaq.g_01929	Prbh.g_00283
OG0000559	Syaq.g_01933	Prbh.g_00279
OG0000560	Syaq.g_01936	Prbh.g_00276
OG0000561	Syaq.g_01937	Prbh.g_00275
OG0000562	Syaq.g_01938	Prbh.g_00274
OG0000563	Syaq.g_01939	Prbh.g_00273
OG0000564	Syaq.g_01940	Prbh.g_00272
OG0000565	Syaq.g_01943	Prbh.g_00269
OG0000566	Syaq.g_01947	Prbh.g_00265
OG0000567	Syaq.g_01951	Prbh.g_00261
OG0000568	Syaq.g_01954	Prbh.g_00260
OG0000569	Syaq.g_01955	Prbh.g_00259
OG0000570	Syaq.g_01956	Prbh.g_00258
OG0000571	Syaq.g_01960	Prbh.g_00256
OG0000572	Syaq.g_01977	Prbh.g_00244
OG0000573	Syaq.g_01985	Prbh.g_00238
OG0000574	Syaq.g_01986	Prbh.g_00237
OG0000575	Syaq.g_01991	Prbh.g_00233
OG0000576	Syaq.g_01993	Prbh.g_00231
OG0000577	Syaq.g_01994	Prbh.g_00230
OG0000578	Syaq.g_01995	Prbh.g_00229
OG0000579	Syaq.g_01996	Prbh.g_00228
OG0000580	Syaq.g_01997	Prbh.g_00227
OG0000581	Syaq.g_02003	Prbh.g_00224
OG0000582	Syaq.g_02012	Prbh.g_00221
OG0000583	Syaq.g_02013	Prbh.g_00220
OG0000584	Syaq.g_02014	Prbh.g_00219
OG0000585	Syaq.g_02017	Prbh.g_00217
OG0000586	Syaq.g_02018	Prbh.g_00216
OG0000587	Syaq.g_02020	Prbh.g_00215
OG0000588	Syaq.g_02043	Prbh.g_01465
OG0000589	Syaq.g_02057	Prbh.g_01462
OG0000590	Syaq.g_02058	Prbh.g_01461
OG0000591	Syaq.g_02066	Prbh.g_01457
OG0000592	Syaq.g_02067	Prbh.g_01456
OG0000593	Syaq.g_02078	Prbh.g_01221
OG0000594	Syaq.g_02079	Prbh.g_01220
OG0000595	Syaq.g_02080	Prbh.g_01219
OG0000596	Syaq.g_02085	Prbh.g_01216
OG0000597	Syaq.g_02088	Prbh.g_01213
OG0000598	Syaq.g_02089	Prbh.g_01212
OG0000599	Syaq.g_02096	Prbh.g_01209
OG0000600	Syaq.g_02097	Prbh.g_01208
OG0000601	Syaq.g_02098	Prbh.g_01207
OG0000602	Syaq.g_02104	Prbh.g_01205
OG0000603	Syaq.g_02105	Prbh.g_01204
OG0000604	Syaq.g_02107	Prbh.g_01203
OG0000605	Syaq.g_02151	Prbh.g_01202
OG0000606	Syaq.g_02231	Prbh.g_01199
OG0000607	Syaq.g_02234	Prbh.g_01196
OG0000608	Syaq.g_02235	Prbh.g_01195
OG0000609	Syaq.g_02237	Prbh.g_01194
OG0000610	Syaq.g_02244	Prbh.g_01188
OG0000611	Syaq.g_02247	Prbh.g_01185
OG0000612	Syaq.g_02248	Prbh.g_01184
OG0000613	Syaq.g_00885	Prbh.g_00907
OG0000614	Syaq.g_02588	Prbh.g_00928
OG0000615	Syaq.g_02302	Prbh.g_00939
OG0000616	Syaq.g_01168	Prbh.g_01487
OG0000617	Syaq.g_00031	Prbh.g_01167
OG0000618	Syaq.g_00032	Prbh.g_01166
OG0000619	Syaq.g_00033	Prbh.g_01165
OG0000620	Syaq.g_00038	Prbh.g_01162
OG0000621	Syaq.g_00039	Prbh.g_01161
OG0000622	Syaq.g_00040	Prbh.g_01160
OG0000623	Syaq.g_00041	Prbh.g_01159
OG0000624	Syaq.g_00042	Prbh.g_01157
OG0000625	Syaq.g_00043	Prbh.g_01156
OG0000626	Syaq.g_00044	Prbh.g_01155
OG0000627	Syaq.g_02425	Prbh.g_01154
OG0000628	Syaq.g_02426	Prbh.g_01153
OG0000629	Syaq.g_02429	Prbh.g_01151
OG0000630	Syaq.g_02433	Prbh.g_01148
OG0000631	Syaq.g_02441	Prbh.g_01056
OG0000632	Syaq.g_02442	Prbh.g_01057
OG0000633	Syaq.g_02444	Prbh.g_01058
OG0000634	Syaq.g_02336	Prbh.g_00949
OG0000635	Syaq.g_02337	Prbh.g_00950
OG0000636	Syaq.g_02339	Prbh.g_00952
OG0000637	Syaq.g_02341	Prbh.g_00954
OG0000638	Syaq.g_02342	Prbh.g_00955
OG0000639	Syaq.g_02343	Prbh.g_00956
OG0000640	Syaq.g_02344	Prbh.g_00957
OG0000641	Syaq.g_02348	Prbh.g_00961
OG0000642	Syaq.g_02349	Prbh.g_00962
OG0000643	Syaq.g_02350	Prbh.g_00963
OG0000644	Syaq.g_02351	Prbh.g_00964
OG0000645	Syaq.g_02353	Prbh.g_00965
OG0000646	Syaq.g_02356	Prbh.g_00967
OG0000647	Syaq.g_02358	Prbh.g_00969
OG0000648	Syaq.g_02360	Prbh.g_00971
OG0000649	Syaq.g_02361	Prbh.g_00972
OG0000650	Syaq.g_02362	Prbh.g_00973
OG0000651	Syaq.g_02363	Prbh.g_00974
OG0000652	Syaq.g_02364	Prbh.g_00975
OG0000653	Syaq.g_02367	Prbh.g_00977
OG0000654	Syaq.g_02368	Prbh.g_00978
OG0000655	Syaq.g_02369	Prbh.g_00979
OG0000656	Syaq.g_02372	Prbh.g_00982
OG0000657	Syaq.g_02382	Prbh.g_00989
OG0000658	Syaq.g_02385	Prbh.g_00991
OG0000659	Syaq.g_02386	Prbh.g_00992
OG0000660	Syaq.g_02390	Prbh.g_00996
OG0000661	Syaq.g_02392	Prbh.g_00998
OG0000662	Syaq.g_02394	Prbh.g_01001
OG0000663	Syaq.g_02397	Prbh.g_01003
OG0000664	Syaq.g_02400	Prbh.g_01004
OG0000665	Syaq.g_02124	Prbh.g_01010
OG0000666	Syaq.g_02117	Prbh.g_01011
OG0000667	Syaq.g_02222	Prbh.g_01015
OG0000668	Syaq.g_00068	Prbh.g_00857
OG0000669	Syaq.g_02260	Prbh.g_00868
OG0000670	Syaq.g_00079	Prbh.g_00871
OG0000671	Syaq.g_02264	Prbh.g_00873
OG0000672	Syaq.g_02267	Prbh.g_00876
OG0000673	Syaq.g_02270	Prbh.g_00879
OG0000674	Syaq.g_02272	Prbh.g_00881
OG0000675	Syaq.g_02273	Prbh.g_00882
OG0000676	Syaq.g_02275	Prbh.g_00884
OG0000677	Syaq.g_02276	Prbh.g_00885
OG0000678	Syaq.g_02282	Prbh.g_00887
OG0000679	Syaq.g_02305	Prbh.g_00891
OG0000680	Syaq.g_02306	Prbh.g_00892
OG0000681	Syaq.g_02309	Prbh.g_00895
OG0000682	Syaq.g_02310	Prbh.g_00896
OG0000683	Syaq.g_02311	Prbh.g_00897
OG0000684	Syaq.g_02315	Prbh.g_00898
OG0000685	Syaq.g_02317	Prbh.g_00900
OG0000686	Syaq.g_02318	Prbh.g_00901
OG0000687	Syaq.g_02319	Prbh.g_00902
OG0000688	Syaq.g_02325	Prbh.g_01179
OG0000689	Syaq.g_02327	Prbh.g_01178
OG0000690	Syaq.g_02328	Prbh.g_01177
OG0000691	Syaq.g_02329	Prbh.g_01176
OG0000692	Syaq.g_02330	Prbh.g_01174
OG0000693	Syaq.g_02332	Prbh.g_01173
OG0000694	Syaq.g_02333	Prbh.g_01172
OG0000695	Syaq.g_02446	Prbh.g_01060
OG0000696	Syaq.g_02447	Prbh.g_01061
OG0000697	Syaq.g_02448	Prbh.g_01062
OG0000698	Syaq.g_02451	Prbh.g_01065
OG0000699	Syaq.g_02452	Prbh.g_01066
OG0000700	Syaq.g_02453	Prbh.g_01067
OG0000701	Syaq.g_02454	Prbh.g_01068
OG0000702	Syaq.g_02467	Prbh.g_01070
OG0000703	Syaq.g_02468	Prbh.g_01071
OG0000704	Syaq.g_02470	Prbh.g_01073
OG0000705	Syaq.g_02477	Prbh.g_01079
OG0000706	Syaq.g_02478	Prbh.g_01080
OG0000707	Syaq.g_02479	Prbh.g_01081
OG0000708	Syaq.g_02482	Prbh.g_01083
OG0000709	Syaq.g_02490	Prbh.g_01087
OG0000710	Syaq.g_02494	Prbh.g_01090
OG0000711	Syaq.g_02521	Prbh.g_01106
OG0000712	Syaq.g_02523	Prbh.g_01107
OG0000713	Syaq.g_02524	Prbh.g_01108
OG0000714	Syaq.g_02527	Prbh.g_01109
OG0000715	Syaq.g_02529	Prbh.g_01111
OG0000716	Syaq.g_02533	Prbh.g_01113
OG0000717	Syaq.g_02534	Prbh.g_01114
OG0000718	Syaq.g_00072	Prbh.g_01116
OG0000719	Syaq.g_00070	Prbh.g_01118
OG0000720	Syaq.g_00057	Prbh.g_01129
OG0000721	Syaq.g_00055	Prbh.g_01133
OG0000722	Syaq.g_00054	Prbh.g_01134
OG0000723	Syaq.g_00046	Prbh.g_01138
OG0000724	Syaq.g_02685	Prbh.g_01036
OG0000725	Syaq.g_02676	Prbh.g_01030
OG0000726	Syaq.g_02675	Prbh.g_01029
OG0000727	Syaq.g_02674	Prbh.g_01028
OG0000728	Syaq.g_02672	Prbh.g_01026
OG0000729	Syaq.g_01046	Prbh.g_01351
OG0000730	Syaq.g_00561	Prbh.g_01325
OG0000731	Syaq.g_00550	Prbh.g_00432
OG0000733	Syaq.g_01232	Prbh.g_01867
OG0000734	Syaq.g_01479	Prbh.g_01299
OG0000735	Syaq.g_00266	Prbh.g_01297
OG0000736	Syaq.g_00265	Prbh.g_01296
OG0000737	Syaq.g_00264	Prbh.g_01295
OG0000738	Syaq.g_00258	Prbh.g_01291
OG0000739	Syaq.g_00257	Prbh.g_01290
OG0000740	Syaq.g_00256	Prbh.g_01289
OG0000741	Syaq.g_00253	Prbh.g_01287
OG0000742	Syaq.g_00250	Prbh.g_01284
OG0000743	Syaq.g_00248	Prbh.g_01282
OG0000744	Syaq.g_00247	Prbh.g_01280
OG0000745	Syaq.g_00245	Prbh.g_01279
OG0000746	Syaq.g_00242	Prbh.g_01277
OG0000747	Syaq.g_00241	Prbh.g_01276
OG0000748	Syaq.g_00227	Prbh.g_01272
OG0000749	Syaq.g_00226	Prbh.g_01271
OG0000750	Syaq.g_00225	Prbh.g_01270
OG0000751	Syaq.g_00219	Prbh.g_01267
OG0000752	Syaq.g_00217	Prbh.g_01265
OG0000753	Syaq.g_00214	Prbh.g_01262
OG0000754	Syaq.g_00209	Prbh.g_01260
OG0000755	Syaq.g_00198	Prbh.g_01254
OG0000756	Syaq.g_00197	Prbh.g_01253
OG0000757	Syaq.g_00190	Prbh.g_01246
OG0000758	Syaq.g_00189	Prbh.g_01245
OG0000759	Syaq.g_00188	Prbh.g_01244
OG0000760	Syaq.g_00187	Prbh.g_01243
OG0000761	Syaq.g_00186	Prbh.g_01242
OG0000762	Syaq.g_00183	Prbh.g_01241
OG0000763	Syaq.g_00181	Prbh.g_01239
OG0000764	Syaq.g_00180	Prbh.g_01238
OG0000765	Syaq.g_00157	Prbh.g_01230
OG0000766	Syaq.g_00156	Prbh.g_01229
OG0000767	Syaq.g_00154	Prbh.g_01227
OG0000768	Syaq.g_00153	Prbh.g_01226
OG0000769	Syaq.g_00151	Prbh.g_01224
OG0000770	Syaq.g_00148	Prbh.g_01451
OG0000771	Syaq.g_02691	Prbh.g_01397
OG0000772	Syaq.g_01887	Prbh.g_01845
OG0000773	Syaq.g_00283	Prbh.g_01364
OG0000774	Syaq.g_00288	Prbh.g_01366
OG0000775	Syaq.g_00290	Prbh.g_01368
OG0000776	Syaq.g_00291	Prbh.g_01369
OG0000777	Syaq.g_00292	Prbh.g_01370
OG0000778	Syaq.g_00293	Prbh.g_01371
OG0000779	Syaq.g_00299	Prbh.g_01375
OG0000780	Syaq.g_00304	Prbh.g_01376
OG0000781	Syaq.g_00308	Prbh.g_01379
OG0000782	Syaq.g_00309	Prbh.g_01380
OG0000783	Syaq.g_00310	Prbh.g_01381
OG0000784	Syaq.g_00311	Prbh.g_01382
OG0000785	Syaq.g_00313	Prbh.g_01384
OG0000786	Syaq.g_00328	Prbh.g_01387
OG0000787	Syaq.g_00329	Prbh.g_01388
OG0000788	Syaq.g_02099	Prbh.g_00206
OG0000789	Syaq.g_02123	Prbh.g_00196
OG0000790	Syaq.g_01758	Prbh.g_00014
OG0000791	Syaq.g_01756	Prbh.g_00016
OG0000792	Syaq.g_01755	Prbh.g_00017
OG0000793	Syaq.g_01750	Prbh.g_00021
OG0000794	Syaq.g_01749	Prbh.g_00022
OG0000795	Syaq.g_01748	Prbh.g_00023
OG0000796	Syaq.g_01744	Prbh.g_00027
OG0000797	Syaq.g_01743	Prbh.g_00028
OG0000798	Syaq.g_00760	Prbh.g_00033
OG0000799	Syaq.g_00341	Prbh.g_00079
OG0000800	Syaq.g_00342	Prbh.g_00080
OG0000801	Syaq.g_00343	Prbh.g_00081
OG0000802	Syaq.g_00350	Prbh.g_00083
OG0000803	Syaq.g_00353	Prbh.g_00085
OG0000804	Syaq.g_00358	Prbh.g_00086
OG0000805	Syaq.g_00360	Prbh.g_00088
OG0000806	Syaq.g_00362	Prbh.g_00090
OG0000807	Syaq.g_00364	Prbh.g_00091
OG0000808	Syaq.g_00365	Prbh.g_00092
OG0000809	Syaq.g_00369	Prbh.g_00094
OG0000810	Syaq.g_00370	Prbh.g_00095
OG0000811	Syaq.g_00378	Prbh.g_00102
OG0000812	Syaq.g_00380	Prbh.g_00104
OG0000813	Syaq.g_00381	Prbh.g_00105
OG0000814	Syaq.g_00383	Prbh.g_00107
OG0000815	Syaq.g_00384	Prbh.g_00108
OG0000816	Syaq.g_00386	Prbh.g_00110
OG0000817	Syaq.g_00387	Prbh.g_00111
OG0000818	Syaq.g_00392	Prbh.g_00116
OG0000819	Syaq.g_00393	Prbh.g_00117
OG0000820	Syaq.g_00394	Prbh.g_00118
OG0000821	Syaq.g_00400	Prbh.g_00122
OG0000822	Syaq.g_00402	Prbh.g_00123
OG0000823	Syaq.g_00403	Prbh.g_00124
OG0000824	Syaq.g_00409	Prbh.g_00127
OG0000825	Syaq.g_00410	Prbh.g_00128
OG0000826	Syaq.g_00411	Prbh.g_00129
OG0000827	Syaq.g_00412	Prbh.g_00130
OG0000828	Syaq.g_00415	Prbh.g_00133
OG0000829	Syaq.g_00416	Prbh.g_00134
OG0000830	Syaq.g_00417	Prbh.g_00135
OG0000831	Syaq.g_00419	Prbh.g_00137
OG0000832	Syaq.g_01737	Prbh.g_00147
OG0000833	Syaq.g_01725	Prbh.g_00156
OG0000834	Syaq.g_01724	Prbh.g_00157
OG0000835	Syaq.g_01723	Prbh.g_00158
OG0000836	Syaq.g_01720	Prbh.g_00159
OG0000837	Syaq.g_01719	Prbh.g_00160
OG0000838	Syaq.g_01715	Prbh.g_00163
OG0000839	Syaq.g_01714	Prbh.g_00164
OG0000840	Syaq.g_01713	Prbh.g_00165
OG0000841	Syaq.g_01712	Prbh.g_00166
OG0000842	Syaq.g_01711	Prbh.g_00167
OG0000843	Syaq.g_01710	Prbh.g_00168
OG0000844	Syaq.g_01708	Prbh.g_00169
OG0000845	Syaq.g_01707	Prbh.g_00170
OG0000846	Syaq.g_01706	Prbh.g_00171
OG0000847	Syaq.g_01705	Prbh.g_00172
OG0000848	Syaq.g_01703	Prbh.g_00173
OG0000849	Syaq.g_01702	Prbh.g_00174
OG0000850	Syaq.g_01699	Prbh.g_00176
OG0000851	Syaq.g_01696	Prbh.g_00177
OG0000852	Syaq.g_01695	Prbh.g_00178
OG0000853	Syaq.g_01691	Prbh.g_00183
OG0000854	Syaq.g_01689	Prbh.g_00185
OG0000855	Syaq.g_01688	Prbh.g_00186
OG0000856	Syaq.g_02069	Prbh.g_01454
OG0000857	Syaq.g_02357	Prbh.g_00968
OG0000858	Syaq.g_01682	Prbh.g_01789
OG0000859	Syaq.g_01681	Prbh.g_01788
OG0000860	Syaq.g_01671	Prbh.g_01780
OG0000861	Syaq.g_01670	Prbh.g_01779
OG0000862	Syaq.g_01668	Prbh.g_01778
OG0000863	Syaq.g_01665	Prbh.g_01776
OG0000864	Syaq.g_01664	Prbh.g_01775
OG0000865	Syaq.g_01663	Prbh.g_01774
OG0000866	Syaq.g_01662	Prbh.g_01773
OG0000867	Syaq.g_01661	Prbh.g_01772
OG0000868	Syaq.g_01659	Prbh.g_01770
OG0000869	Syaq.g_01656	Prbh.g_01767
OG0000870	Syaq.g_01651	Prbh.g_01762
OG0000871	Syaq.g_01650	Prbh.g_01761
OG0000872	Syaq.g_01644	Prbh.g_01760
OG0000873	Syaq.g_01641	Prbh.g_01757
OG0000874	Syaq.g_01637	Prbh.g_01754
OG0000875	Syaq.g_01633	Prbh.g_01752
OG0000876	Syaq.g_01631	Prbh.g_01751
OG0000877	Syaq.g_01628	Prbh.g_01749
OG0000878	Syaq.g_01627	Prbh.g_01748
OG0000879	Syaq.g_01626	Prbh.g_01747
OG0000880	Syaq.g_01625	Prbh.g_01746
OG0000881	Syaq.g_01621	Prbh.g_01742
OG0000882	Syaq.g_01616	Prbh.g_01737
OG0000883	Syaq.g_01613	Prbh.g_01735
OG0000884	Syaq.g_01611	Prbh.g_01733
OG0000885	Syaq.g_01610	Prbh.g_01732
OG0000886	Syaq.g_01609	Prbh.g_01731
OG0000887	Syaq.g_01608	Prbh.g_01730
OG0000888	Syaq.g_01606	Prbh.g_01728
OG0000889	Syaq.g_01604	Prbh.g_01726
OG0000890	Syaq.g_01597	Prbh.g_01725
OG0000891	Syaq.g_01596	Prbh.g_01724
OG0000892	Syaq.g_01594	Prbh.g_01723
OG0000893	Syaq.g_00695	Prbh.g_01719
OG0000894	Syaq.g_00692	Prbh.g_01716
OG0000895	Syaq.g_00688	Prbh.g_01712
OG0000896	Syaq.g_00687	Prbh.g_01711
OG0000897	Syaq.g_00685	Prbh.g_01709
OG0000898	Syaq.g_00684	Prbh.g_01708
OG0000899	Syaq.g_00683	Prbh.g_01707
OG0000900	Syaq.g_00682	Prbh.g_01706
OG0000901	Syaq.g_00677	Prbh.g_01703
OG0000902	Syaq.g_00671	Prbh.g_01701
OG0000903	Syaq.g_00655	Prbh.g_01697
OG0000904	Syaq.g_00660	Prbh.g_01692
OG0000905	Syaq.g_00666	Prbh.g_01699
OG0000906	Syaq.g_00669	Prbh.g_01700
OG0000907	Syaq.g_00653	Prbh.g_01687
OG0000908	Syaq.g_00650	Prbh.g_01684
OG0000909	Syaq.g_00649	Prbh.g_01683
OG0000910	Syaq.g_00648	Prbh.g_01682
OG0000911	Syaq.g_00646	Prbh.g_01680
OG0000912	Syaq.g_00645	Prbh.g_01679
OG0000913	Syaq.g_00644	Prbh.g_01678
OG0000914	Syaq.g_00643	Prbh.g_01677
OG0000915	Syaq.g_00641	Prbh.g_01676
OG0000916	Syaq.g_00640	Prbh.g_01675
OG0000917	Syaq.g_00639	Prbh.g_01674
OG0000918	Syaq.g_00638	Prbh.g_01673
OG0000919	Syaq.g_00637	Prbh.g_01672
OG0000920	Syaq.g_00636	Prbh.g_01671
OG0000921	Syaq.g_00635	Prbh.g_01670
OG0000922	Syaq.g_00634	Prbh.g_01669
OG0000923	Syaq.g_00630	Prbh.g_01665
OG0000924	Syaq.g_00629	Prbh.g_01664
OG0000925	Syaq.g_00628	Prbh.g_01663
OG0000926	Syaq.g_00627	Prbh.g_01662
OG0000927	Syaq.g_00625	Prbh.g_01660
OG0000928	Syaq.g_00624	Prbh.g_01659
OG0000929	Syaq.g_00623	Prbh.g_01658
OG0000930	Syaq.g_00622	Prbh.g_01657
OG0000931	Syaq.g_00621	Prbh.g_01656
OG0000932	Syaq.g_00620	Prbh.g_01655
OG0000933	Syaq.g_00614	Prbh.g_01651
OG0000934	Syaq.g_00612	Prbh.g_01649
OG0000935	Syaq.g_00611	Prbh.g_01648
OG0000936	Syaq.g_00610	Prbh.g_01647
OG0000937	Syaq.g_00609	Prbh.g_01646
OG0000938	Syaq.g_00606	Prbh.g_01643
OG0000939	Syaq.g_00604	Prbh.g_01642
OG0000940	Syaq.g_00597	Prbh.g_01635
OG0000941	Syaq.g_00595	Prbh.g_01633
OG0000942	Syaq.g_00593	Prbh.g_01631
OG0000943	Syaq.g_00592	Prbh.g_01630
OG0000944	Syaq.g_00590	Prbh.g_01628
OG0000945	Syaq.g_00588	Prbh.g_01627
OG0000946	Syaq.g_00580	Prbh.g_01621
OG0000947	Syaq.g_00577	Prbh.g_01619
OG0000948	Syaq.g_00576	Prbh.g_01618
OG0000949	Syaq.g_00971	Prbh.g_01615
OG0000950	Syaq.g_00984	Prbh.g_01608
OG0000951	Syaq.g_00991	Prbh.g_01604
OG0000952	Syaq.g_01002	Prbh.g_01600
OG0000953	Syaq.g_01006	Prbh.g_01596
OG0000954	Syaq.g_01012	Prbh.g_01592
OG0000955	Syaq.g_01013	Prbh.g_01591
OG0000956	Syaq.g_01015	Prbh.g_01589
OG0000957	Syaq.g_01026	Prbh.g_01583
OG0000958	Syaq.g_01027	Prbh.g_01582
OG0000959	Syaq.g_01031	Prbh.g_01578
OG0000960	Syaq.g_01032	Prbh.g_01577
OG0000961	Syaq.g_01043	Prbh.g_01574
OG0000962	Syaq.g_01045	Prbh.g_01572
OG0000963	Syaq.g_01049	Prbh.g_01568
OG0000964	Syaq.g_01050	Prbh.g_01567
OG0000965	Syaq.g_01051	Prbh.g_01566
OG0000966	Syaq.g_01060	Prbh.g_01560
OG0000967	Syaq.g_01067	Prbh.g_01556
OG0000968	Syaq.g_01071	Prbh.g_01554
OG0000969	Syaq.g_01078	Prbh.g_01553
OG0000970	Syaq.g_01079	Prbh.g_01552
OG0000971	Syaq.g_01081	Prbh.g_01551
OG0000972	Syaq.g_01082	Prbh.g_01550
OG0000973	Syaq.g_01083	Prbh.g_01549
OG0000974	Syaq.g_01084	Prbh.g_01548
OG0000975	Syaq.g_01085	Prbh.g_01547
OG0000976	Syaq.g_01086	Prbh.g_01546
OG0000977	Syaq.g_01088	Prbh.g_01545
OG0000978	Syaq.g_01091	Prbh.g_01544
OG0000979	Syaq.g_01094	Prbh.g_01541
OG0000980	Syaq.g_01097	Prbh.g_01539
OG0000981	Syaq.g_01100	Prbh.g_01536
OG0000982	Syaq.g_01263	Prbh.g_01534
OG0000983	Syaq.g_01262	Prbh.g_01533
OG0000984	Syaq.g_01261	Prbh.g_01532
OG0000985	Syaq.g_01257	Prbh.g_01529
OG0000986	Syaq.g_01253	Prbh.g_01527
OG0000987	Syaq.g_01251	Prbh.g_01526
OG0000988	Syaq.g_01245	Prbh.g_01523
OG0000989	Syaq.g_01239	Prbh.g_01519
OG0000990	Syaq.g_01229	Prbh.g_01514
OG0000991	Syaq.g_01225	Prbh.g_01513
OG0000992	Syaq.g_01222	Prbh.g_01510
OG0000993	Syaq.g_01221	Prbh.g_01509
OG0000994	Syaq.g_01218	Prbh.g_01508
OG0000995	Syaq.g_01212	Prbh.g_01504
OG0000996	Syaq.g_01193	Prbh.g_01503
OG0000997	Syaq.g_01184	Prbh.g_01501
OG0000998	Syaq.g_01182	Prbh.g_01499
OG0000999	Syaq.g_01181	Prbh.g_01498
OG0001000	Syaq.g_01177	Prbh.g_01495
OG0001001	Syaq.g_01172	Prbh.g_01490
OG0001002	Syaq.g_01165	Prbh.g_01485
OG0001003	Syaq.g_01163	Prbh.g_01484
OG0001004	Syaq.g_01162	Prbh.g_01483
OG0001005	Syaq.g_01161	Prbh.g_01482
OG0001006	Syaq.g_01152	Prbh.g_01478
OG0001007	Syaq.g_01150	Prbh.g_01476
OG0001008	Syaq.g_00500	Prbh.g_00395
OG0001009	Syaq.g_01118	Prbh.g_00753
OG0001010	Syaq.g_01117	Prbh.g_00752
OG0001011	Syaq.g_01115	Prbh.g_00751
OG0001012	Syaq.g_01267	Prbh.g_00739
OG0001013	Syaq.g_01289	Prbh.g_00732
OG0001014	Syaq.g_01295	Prbh.g_00729
OG0001015	Syaq.g_01296	Prbh.g_00728
OG0001016	Syaq.g_01554	Prbh.g_00709
OG0001017	Syaq.g_01548	Prbh.g_00705
OG0001018	Syaq.g_01546	Prbh.g_00703
OG0001019	Syaq.g_01524	Prbh.g_00694
OG0001020	Syaq.g_01510	Prbh.g_00693
OG0001021	Syaq.g_01506	Prbh.g_00692
OG0001022	Syaq.g_01501	Prbh.g_00689
OG0001023	Syaq.g_01500	Prbh.g_00688
OG0001024	Syaq.g_01496	Prbh.g_00685
OG0001025	Syaq.g_01490	Prbh.g_00678
OG0001026	Syaq.g_01477	Prbh.g_00670
OG0001027	Syaq.g_01474	Prbh.g_00669
OG0001028	Syaq.g_01472	Prbh.g_00667
OG0001029	Syaq.g_01470	Prbh.g_00666
OG0001030	Syaq.g_01450	Prbh.g_00650
OG0001031	Syaq.g_01378	Prbh.g_00596
OG0001032	Syaq.g_01376	Prbh.g_00595
OG0001033	Syaq.g_01344	Prbh.g_00574
OG0001034	Syaq.g_01579	Prbh.g_00544
OG0001035	Syaq.g_00726	Prbh.g_00524
OG0001036	Syaq.g_00731	Prbh.g_00520
OG0001037	Syaq.g_00733	Prbh.g_00519
OG0001038	Syaq.g_00761	Prbh.g_00501
OG0001039	Syaq.g_00764	Prbh.g_00498
OG0001040	Syaq.g_00767	Prbh.g_00496
OG0001041	Syaq.g_00772	Prbh.g_00491
OG0001042	Syaq.g_00858	Prbh.g_00474
OG0001044	Syaq.g_00560	Prbh.g_00440
OG0001045	Syaq.g_00547	Prbh.g_00430
OG0001046	Syaq.g_02509	Prbh.g_01877
OG0001047	Syaq.g_00498	Prbh.g_00393
OG0001048	Syaq.g_00497	Prbh.g_00392
OG0001049	Syaq.g_00494	Prbh.g_00390
OG0001050	Syaq.g_00493	Prbh.g_00389
OG0001051	Syaq.g_00492	Prbh.g_00388
OG0001052	Syaq.g_00446	Prbh.g_00360
OG0001053	Syaq.g_01775	Prbh.g_00348
OG0001054	Syaq.g_01794	Prbh.g_00333
OG0001055	Syaq.g_01815	Prbh.g_00313
OG0001056	Syaq.g_01843	Prbh.g_00293
OG0001057	Syaq.g_00334	Prbh.g_00289
OG0001058	Syaq.g_01931	Prbh.g_00281
OG0001059	Syaq.g_01935	Prbh.g_00277
OG0001060	Syaq.g_01941	Prbh.g_00270
OG0001061	Syaq.g_01961	Prbh.g_00255
OG0001062	Syaq.g_01963	Prbh.g_00253
OG0001063	Syaq.g_01968	Prbh.g_00251
OG0001064	Syaq.g_01969	Prbh.g_00250
OG0001065	Syaq.g_01970	Prbh.g_00249
OG0001066	Syaq.g_01971	Prbh.g_00248
OG0001067	Syaq.g_01972	Prbh.g_00247
OG0001068	Syaq.g_01973	Prbh.g_00246
OG0001069	Syaq.g_01974	Prbh.g_00245
OG0001070	Syaq.g_01978	Prbh.g_00243
OG0001071	Syaq.g_01979	Prbh.g_00242
OG0001072	Syaq.g_01983	Prbh.g_00240
OG0001073	Syaq.g_01998	Prbh.g_00226
OG0001074	Syaq.g_02132	Prbh.g_00214
OG0001075	Syaq.g_02025	Prbh.g_00213
OG0001076	Syaq.g_02060	Prbh.g_01459
OG0001077	Syaq.g_02071	Prbh.g_01453
OG0001078	Syaq.g_02083	Prbh.g_01217
OG0001079	Syaq.g_02100	Prbh.g_01206
OG0001080	Syaq.g_02161	Prbh.g_01200
OG0001081	Syaq.g_02232	Prbh.g_01198
OG0001082	Syaq.g_02233	Prbh.g_01197
OG0001083	Syaq.g_02240	Prbh.g_01192
OG0001084	Syaq.g_02241	Prbh.g_01191
OG0001085	Syaq.g_02251	Prbh.g_00904
OG0001086	Syaq.g_02253	Prbh.g_00905
OG0001087	Syaq.g_02574	Prbh.g_00923
OG0001088	Syaq.g_02576	Prbh.g_00924
OG0001089	Syaq.g_02604	Prbh.g_00935
OG0001090	Syaq.g_00024	Prbh.g_00946
OG0001091	Syaq.g_00027	Prbh.g_01170
OG0001092	Syaq.g_00029	Prbh.g_01169
OG0001093	Syaq.g_00035	Prbh.g_01164
OG0001094	Syaq.g_02334	Prbh.g_01171
OG0001095	Syaq.g_02354	Prbh.g_00966
OG0001096	Syaq.g_02370	Prbh.g_00980
OG0001097	Syaq.g_02393	Prbh.g_00999
OG0001098	Syaq.g_02415	Prbh.g_01019
OG0001099	Syaq.g_01471	Prbh.g_00861
OG0001100	Syaq.g_02262	Prbh.g_00870
OG0001101	Syaq.g_02263	Prbh.g_00872
OG0001102	Syaq.g_02266	Prbh.g_00875
OG0001103	Syaq.g_02268	Prbh.g_00877
OG0001104	Syaq.g_02316	Prbh.g_00899
OG0001105	Syaq.g_02320	Prbh.g_00903
OG0001106	Syaq.g_02471	Prbh.g_01074
OG0001108	Syaq.g_02491	Prbh.g_01088
OG0001109	Syaq.g_02493	Prbh.g_01089
OG0001110	Syaq.g_02495	Prbh.g_01091
OG0001111	Syaq.g_02497	Prbh.g_01092
OG0001112	Syaq.g_02499	Prbh.g_01093
OG0001113	Syaq.g_02539	Prbh.g_01094
OG0001114	Syaq.g_02500	Prbh.g_01095
OG0001115	Syaq.g_02504	Prbh.g_01097
OG0001116	Syaq.g_02506	Prbh.g_01098
OG0001117	Syaq.g_02507	Prbh.g_01099
OG0001118	Syaq.g_02508	Prbh.g_01100
OG0001119	Syaq.g_02510	Prbh.g_01101
OG0001120	Syaq.g_02514	Prbh.g_01102
OG0001122	Syaq.g_00069	Prbh.g_01119
OG0001123	Syaq.g_00061	Prbh.g_01124
OG0001124	Syaq.g_00060	Prbh.g_01126
OG0001125	Syaq.g_00058	Prbh.g_01128
OG0001126	Syaq.g_02693	Prbh.g_01042
OG0001127	Syaq.g_02692	Prbh.g_01041
OG0001128	Syaq.g_02689	Prbh.g_01039
OG0001129	Syaq.g_02687	Prbh.g_01038
OG0001130	Syaq.g_02686	Prbh.g_01037
OG0001131	Syaq.g_02284	Prbh.g_00411
OG0001132	Syaq.g_01872	Prbh.g_00827
OG0001133	Syaq.g_02063	Prbh.g_00008
OG0001134	Syaq.g_02213	Prbh.g_01868
OG0001135	Syaq.g_02212	Prbh.g_01865
OG0001136	Syaq.g_00252	Prbh.g_01286
OG0001137	Syaq.g_00228	Prbh.g_01273
OG0001138	Syaq.g_00196	Prbh.g_01252
OG0001139	Syaq.g_00194	Prbh.g_01250
OG0001140	Syaq.g_00193	Prbh.g_01249
OG0001141	Syaq.g_00192	Prbh.g_01248
OG0001142	Syaq.g_00191	Prbh.g_01247
OG0001143	Syaq.g_00182	Prbh.g_01240
OG0001144	Syaq.g_00166	Prbh.g_01235
OG0001145	Syaq.g_00284	Prbh.g_01365
OG0001146	Syaq.g_00305	Prbh.g_01377
OG0001147	Syaq.g_00438	Prbh.g_00002
OG0001148	Syaq.g_01761	Prbh.g_00011
OG0001149	Syaq.g_01760	Prbh.g_00012
OG0001150	Syaq.g_01759	Prbh.g_00013
OG0001151	Syaq.g_01746	Prbh.g_00025
OG0001152	Syaq.g_01745	Prbh.g_00026
OG0001153	Syaq.g_00413	Prbh.g_00131
OG0001154	Syaq.g_00414	Prbh.g_00132
OG0001155	Syaq.g_01739	Prbh.g_00149
OG0001156	Syaq.g_01729	Prbh.g_00152
OG0001157	Syaq.g_01728	Prbh.g_00153
OG0001158	Syaq.g_01727	Prbh.g_00154
OG0001159	Syaq.g_01726	Prbh.g_00155
OG0001160	Syaq.g_01693	Prbh.g_00181
OG0001161	Syaq.g_01233	Prbh.g_01837
OG0001162	Syaq.g_00331	Prbh.g_01824
OG0001163	Syaq.g_01685	Prbh.g_01790
OG0001164	Syaq.g_01679	Prbh.g_01787
OG0001165	Syaq.g_01674	Prbh.g_01784
OG0001166	Syaq.g_01652	Prbh.g_01763
OG0001167	Syaq.g_01039	Prbh.g_01745
OG0001169	Syaq.g_01620	Prbh.g_01741
OG0001170	Syaq.g_01618	Prbh.g_01739
OG0001171	Syaq.g_01607	Prbh.g_01729
OG0001172	Syaq.g_00690	Prbh.g_01714
OG0001173	Syaq.g_00689	Prbh.g_01713
OG0001174	Syaq.g_00681	Prbh.g_01705
OG0001175	Syaq.g_00680	Prbh.g_01704
OG0001176	Syaq.g_00656	Prbh.g_01696
OG0001177	Syaq.g_00658	Prbh.g_01694
OG0001178	Syaq.g_01667	Prbh.g_01777
OG0001179	Syaq.g_00626	Prbh.g_01661
OG0001180	Syaq.g_00600	Prbh.g_01638
OG0001181	Syaq.g_00596	Prbh.g_01634
OG0001182	Syaq.g_00587	Prbh.g_01626
OG0001183	Syaq.g_00579	Prbh.g_01620
OG0001184	Syaq.g_00995	Prbh.g_01602
OG0001185	Syaq.g_01022	Prbh.g_01586
OG0001186	Syaq.g_01058	Prbh.g_01562
OG0001187	Syaq.g_01061	Prbh.g_01559
OG0001188	Syaq.g_01065	Prbh.g_01557
OG0001189	Syaq.g_01095	Prbh.g_01540
OG0001190	Syaq.g_01264	Prbh.g_01535
OG0001191	Syaq.g_01248	Prbh.g_01525
OG0001192	Syaq.g_01242	Prbh.g_01520
OG0001193	Syaq.g_01217	Prbh.g_01507
OG0001194	Syaq.g_01214	Prbh.g_01506
OG0001195	Syaq.g_01213	Prbh.g_01505
OG0001196	Syaq.g_01169	Prbh.g_01488
OG0001197	Syaq.g_01167	Prbh.g_01486
OG0001198	Syaq.g_01153	Prbh.g_01479
OG0001199	Syaq.g_01553	Prbh.g_00708
OG0001200	Syaq.g_01551	Prbh.g_00706
OG0001201	Syaq.g_01486	Prbh.g_00675
OG0001202	Syaq.g_01358	Prbh.g_00583
OG0001203	Syaq.g_01581	Prbh.g_00542
OG0001204	Syaq.g_00709	Prbh.g_00536
OG0001205	Syaq.g_00491	Prbh.g_00387
OG0001206	Syaq.g_00468	Prbh.g_00366
OG0001207	Syaq.g_01764	Prbh.g_00354
OG0001208	Syaq.g_01774	Prbh.g_00349
OG0001209	Syaq.g_01841	Prbh.g_00294
OG0001210	Syaq.g_01852	Prbh.g_00290
OG0001211	Syaq.g_01932	Prbh.g_00280
OG0001212	Syaq.g_01990	Prbh.g_00234
OG0001213	Syaq.g_02072	Prbh.g_01452
OG0001215	Syaq.g_02580	Prbh.g_00925
OG0001216	Syaq.g_00026	Prbh.g_00947
OG0001217	Syaq.g_01885	Prbh.g_01875
OG0001218	Syaq.g_00423	Prbh.g_01339
OG0001219	Syaq.g_02434	Prbh.g_01054
OG0001220	Syaq.g_02412	Prbh.g_01009
OG0001221	Syaq.g_02300	Prbh.g_00889
OG0001222	Syaq.g_02472	Prbh.g_01131
OG0001223	Syaq.g_02516	Prbh.g_01103
OG0001224	Syaq.g_02683	Prbh.g_01035
OG0001225	Syaq.g_02681	Prbh.g_01033
OG0001226	Syaq.g_01543	Prbh.g_01444
OG0001227	Syaq.g_00333	Prbh.g_01331
OG0001230	Syaq.g_00361	Prbh.g_00089
OG0001231	Syaq.g_01133	Prbh.g_00410
OG0001232	Syaq.g_01643	Prbh.g_01759
OG0001233	Syaq.g_01617	Prbh.g_01738
OG0001234	Syaq.g_00676	Prbh.g_01702
OG0001235	Syaq.g_00665	Prbh.g_01698
OG0001236	Syaq.g_00990	Prbh.g_01605
OG0001237	Syaq.g_00999	Prbh.g_01601
OG0001238	Syaq.g_01246	Prbh.g_01524
OG0001239	Syaq.g_01556	Prbh.g_00711
OG0001240	Syaq.g_01502	Prbh.g_00690
OG0001241	Syaq.g_01492	Prbh.g_00681
OG0001243	Syaq.g_01457	Prbh.g_00655
OG0001244	Syaq.g_01430	Prbh.g_00640
OG0001245	Syaq.g_01916	Prbh.g_01320
OG0001246	Syaq.g_01802	Prbh.g_00824
OG0001248	Syaq.g_01891	Prbh.g_00920
OG0001249	Syaq.g_00563	Prbh.g_00442
OG0001250	Syaq.g_02389	Prbh.g_00995
OG0001251	Syaq.g_02135	Prbh.g_00858
OG0001252	Syaq.g_02690	Prbh.g_01040
OG0001253	Syaq.g_01918	Prbh.g_01442
OG0001254	Syaq.g_02214	Prbh.g_01866
OG0001255	Syaq.g_02111	Prbh.g_01300
OG0001256	Syaq.g_01686	Prbh.g_00188
OG0001258	Syaq.g_01676	Prbh.g_01786
OG0001259	Syaq.g_01619	Prbh.g_01740
OG0001261	Syaq.g_00617	Prbh.g_01653
OG0001262	Syaq.g_01093	Prbh.g_01542
OG0001263	Syaq.g_01454	Prbh.g_00653
OG0001265	Syaq.g_01466	Prbh.g_00663
OG0001266	Syaq.g_01354	Prbh.g_00579
OG0001267	Syaq.g_00763	Prbh.g_00499
OG0001268	Syaq.g_00553	Prbh.g_00433
OG0001269	Syaq.g_01866	Prbh.g_01008
OG0001270	Syaq.g_00504	Prbh.g_00398
OG0001271	Syaq.g_00445	Prbh.g_00359
OG0001272	Syaq.g_01778	Prbh.g_00345
OG0001273	Syaq.g_02077	Prbh.g_01222
OG0001274	Syaq.g_01303	Prbh.g_00556
OG0001275	Syaq.g_02531	Prbh.g_01112
OG0001276	Syaq.g_00062	Prbh.g_01123
OG0001278	Syaq.g_00155	Prbh.g_01228
OG0001279	Syaq.g_01867	Prbh.g_01396
OG0001280	Syaq.g_00294	Prbh.g_01372
OG0001281	Syaq.g_00306	Prbh.g_01378
OG0001282	Syaq.g_01762	Prbh.g_00010
OG0001283	Syaq.g_01175	Prbh.g_01492
OG0001284	Syaq.g_01700	Prbh.g_00175
OG0001285	Syaq.g_01639	Prbh.g_01756
OG0001286	Syaq.g_00602	Prbh.g_01640
OG0001287	Syaq.g_01030	Prbh.g_01579
OG0001289	Syaq.g_01528	Prbh.g_00696
OG0001290	Syaq.g_01493	Prbh.g_00682
OG0001291	Syaq.g_01444	Prbh.g_00645
OG0001293	Syaq.g_00736	Prbh.g_00518
OG0001296	Syaq.g_01808	Prbh.g_00321
OG0001297	Syaq.g_01812	Prbh.g_00316
OG0001298	Syaq.g_01967	Prbh.g_00252
OG0001299	Syaq.g_02246	Prbh.g_01186
OG0001300	Syaq.g_02589	Prbh.g_00929
OG0001301	Syaq.g_02602	Prbh.g_00934
OG0001302	Syaq.g_02115	Prbh.g_01051
OG0001304	Syaq.g_00049	Prbh.g_01136
OG0001305	Syaq.g_02673	Prbh.g_01027
OG0001306	Syaq.g_00267	Prbh.g_01298
OG0001308	Syaq.g_00385	Prbh.g_00109
OG0001312	Syaq.g_02449	Prbh.g_01063
OG0001314	Syaq.g_00826	Prbh.g_01949, Prbh.g_00791
OG0001315	Syaq.g_00581	Prbh.g_01861
OG0001316	Syaq.g_01437	Prbh.g_00641
OG0001317	Syaq.g_01576	Prbh.g_00546
OG0001318	Syaq.g_00728	Prbh.g_00522
OG0001319	Syaq.g_00751	Prbh.g_00506
OG0001321	Syaq.g_00483	Prbh.g_00381
OG0001322	Syaq.g_00482	Prbh.g_00380
OG0001323	Syaq.g_01820	Prbh.g_00310
OG0001324	Syaq.g_02590	Prbh.g_00930
OG0001325	Syaq.g_00030	Prbh.g_01168
OG0001327	Syaq.g_02259	Prbh.g_00867
OG0001328	Syaq.g_02280	Prbh.g_01357
OG0001329	Syaq.g_02113	Prbh.g_01816
OG0001330	Syaq.g_00287	Prbh.g_00201
OG0001331	Syaq.g_01757	Prbh.g_00015
OG0001333	Syaq.g_01622	Prbh.g_01744
OG0001336	Syaq.g_01174	Prbh.g_01491
OG0001337	Syaq.g_00564	Prbh.g_00447
OG0001343	Syaq.g_00700	Prbh.g_00855
OG0001346	Syaq.g_00298	Prbh.g_01374
OG0001348	Syaq.g_02703	Prbh.g_01888
OG0001349	Syaq.g_00942	Prbh.g_00076
OG0001350	Syaq.g_01580	Prbh.g_00543
OG0001351	Syaq.g_00476	Prbh.g_00373
OG0001352	Syaq.g_01904	Prbh.g_00914
OG0001353	Syaq.g_02379	Prbh.g_00985
OG0001354	Syaq.g_02503	Prbh.g_01096
OG0001355	Syaq.g_00797	Prbh.g_01146
OG0001357	Syaq.g_00825, Syaq.g_02130	Prbh.g_01350
OG0001358	Syaq.g_02056	Prbh.g_01463
OG0001359	Syaq.g_00699	Prbh.g_00856
OG0001361	Syaq.g_00216	Prbh.g_01264
OG0001364	Syaq.g_00972	Prbh.g_01614
OG0001365	Syaq.g_01259	Prbh.g_01531
OG0001368	Syaq.g_00708	Prbh.g_00793, Prbh.g_01410, Prbh.g_00768
OG0001369	Syaq.g_01503	Prbh.g_00691
OG0001375	Syaq.g_00701	Prbh.g_00854
OG0001379	Syaq.g_00289	Prbh.g_01367
OG0001380	Syaq.g_01915	Prbh.g_01341
OG0001382	Syaq.g_00662	Prbh.g_01343
OG0001394	Syaq.g_02307	Prbh.g_00893
OG0001401	Syaq.g_02383	Prbh.g_00990
OG0001402	Syaq.g_02061	Prbh.g_01458
OG0001409	Syaq.g_00229	Prbh.g_01274
OG0001418	Syaq.g_00243	Prbh.g_00919
OG0001429	Syaq.g_02438	Prbh.g_01055
OG0001430	Syaq.g_01271	Prbh.g_01340
OG0001435	Syaq.g_02265	Prbh.g_00874
OG0001441	Syaq.g_01822	Prbh.g_00308
OG0001443	Syaq.g_01236	Prbh.g_01871
OG0001448	Syaq.g_01873	Prbh.g_00375
OG0001453	Syaq.g_02522	Prbh.g_01927
OG0001460	Syaq.g_00129	Prbh.g_01791
OG0001461	Syaq.g_02163	Prbh.g_01839
OG0001465	Syaq.g_02704	Prbh.g_00941
OG0001467	Syaq.g_00354	Prbh.g_00007
OG0001476	Syaq.g_00111, Syaq.g_02188, Syaq.g_02195, Syaq.g_00233	Prbh.g_01275
OG0001477	Syaq.g_02599	Prbh.g_01893
OG0001484	Syaq.g_02628	Prbh.g_00200
OG0001486	Syaq.g_00251	Prbh.g_01285
OG0001487	Syaq.g_00422	Prbh.g_00139
OG0001488	Syaq.g_00224	Prbh.g_01269
OG0001489	Syaq.g_00591, Syaq.g_02565	Prbh.g_01629
OG0001494	Syaq.g_00931	Prbh.g_00068
OG0001495	Syaq.g_00659	Prbh.g_01693
OG0001496	Syaq.g_02596	Prbh.g_01895
OG0001497	Syaq.g_02598	Prbh.g_01894
OG0001498	Syaq.g_00528	Prbh.g_00414
OG0001505	Syaq.g_00906	Prbh.g_00063
OG0001510	Syaq.g_01034	Prbh.g_01575
OG0001511	Syaq.g_01478	Prbh.g_00671
OG0001512	Syaq.g_01583	Prbh.g_01335
OG0001514	Syaq.g_02595	Prbh.g_01896
OG0001515	Syaq.g_02585	Prbh.g_00927
OG0001516	Syaq.g_02243	Prbh.g_01189
OG0001517	Syaq.g_00558	Prbh.g_00438
OG0001518	Syaq.g_01244	Prbh.g_01522
OG0001519	Syaq.g_01234	Prbh.g_01517
OG0001527	Syaq.g_01946	Prbh.g_00266
OG0001529	Syaq.g_01102	Prbh.g_00742
OG0001530	Syaq.g_01480	Prbh.g_00672
OG0001531	Syaq.g_01584	Prbh.g_00541
OG0001532	Syaq.g_00195	Prbh.g_01251
OG0001534	Syaq.g_00048	Prbh.g_01137
OG0001535	Syaq.g_00065	Prbh.g_01122
OG0001536	Syaq.g_02480	Prbh.g_01082
OG0001537	Syaq.g_02301	Prbh.g_00890
OG0001538	Syaq.g_02345	Prbh.g_00958
OG0001539	Syaq.g_02261	Prbh.g_00869
OG0001540	Syaq.g_01452	Prbh.g_00651
OG0001541	Syaq.g_01387	Prbh.g_00603
OG0001542	Syaq.g_01379	Prbh.g_00597
OG0001544	Syaq.g_01235	Prbh.g_01518
OG0001545	Syaq.g_01185	Prbh.g_01502
OG0001549	Syaq.g_02416	Prbh.g_01018
OG0001557	Syaq.g_02308	Prbh.g_00894
OG0001559	Syaq.g_01481	Prbh.g_00673
OG0001560	Syaq.g_01494	Prbh.g_00683
OG0001561	Syaq.g_00059	Prbh.g_01127
OG0001563	Syaq.g_00608	Prbh.g_01645
OG0001565	Syaq.g_02120	Prbh.g_01838
OG0001574	Syaq.g_01944	Prbh.g_00268
OG0001575	Syaq.g_01949	Prbh.g_00263
OG0001576	Syaq.g_00326	Prbh.g_01386
OG0001580	Syaq.g_01275	Prbh.g_00735
OG0001591	Syaq.g_02254	Prbh.g_00906
OG0001592	Syaq.g_01274	Prbh.g_00736
OG0001613	Syaq.g_00582	Prbh.g_01622
OG0001614	Syaq.g_01020	Prbh.g_01587
OG0001616	Syaq.g_00208	Prbh.g_01259
OG0001617	Syaq.g_02593	Prbh.g_00931
OG0001619	Syaq.g_02469	Prbh.g_01072
OG0001620	Syaq.g_00546	Prbh.g_00429
OG0001621	Syaq.g_00724	Prbh.g_00526
OG0001622	Syaq.g_01176	Prbh.g_01493
OG0001634	Syaq.g_02249	Prbh.g_01183
OG0001636	Syaq.g_01109	Prbh.g_00747
OG0001638	Syaq.g_01660	Prbh.g_01771
OG0001639	Syaq.g_01738	Prbh.g_00148
OG0001640	Syaq.g_02695	Prbh.g_01043
OG0001641	Syaq.g_02520	Prbh.g_01105
OG0001642	Syaq.g_02411	Prbh.g_01007
OG0001643	Syaq.g_02087	Prbh.g_01214
OG0001658	Syaq.g_01265	Prbh.g_00740
OG0001659	Syaq.g_00199	Prbh.g_01407
OG0001678	Syaq.g_00691	Prbh.g_01715
OG0001679	Syaq.g_02436	Prbh.g_00443
OG0001693	Syaq.g_02678	Prbh.g_00805
OG0001709	Syaq.g_00943	Prbh.g_00077
OG0001713	Syaq.g_00232	Prbh.g_01360
OG0001731	Syaq.g_01717	Prbh.g_00161
OG0001762	Syaq.g_02528	Prbh.g_01110
OG0001764	Syaq.g_02427	Prbh.g_01152
OG0001770	Syaq.g_02165	Prbh.g_01802
OG0001916	Syaq.g_01790	Prbh.g_00335
OG0001974	Syaq.g_01268	Prbh.g_00407
OG0002003	Syaq.g_02584	Prbh.g_00832
OG0002019	Syaq.g_00994	Prbh.g_01950
OG0002052	Syaq.g_02551	Prbh.g_01132
OG0002122	Syaq.g_02583	Prbh.g_00831
OG0002246	Syaq.g_00271, Syaq.g_00518	Prbh.g_01831
OG0002389	Syaq.g_00586	Prbh.g_01625
