Orthogroup	Syaq	Syaf
OG0000001	Syaq.g_00118, Syaq.g_01435, Syaq.g_00115	Syaf.g_00846
OG0000001	Syaq.g_01434	Syaf.g_00845
OG0000001	Syaq.g_02178, Syaq.g_02413	Syaf.g_01634
OG0000004	Syaq.g_02603	Syaf.g_01455
OG0000004	Syaq.g_02042	Syaf.g_02351
OG0000004	Syaq.g_01567	Syaf.g_02794
OG0000005	Syaq.g_01658	Syaf.g_01017
OG0000005	Syaq.g_01692	Syaf.g_01057
OG0000005	Syaq.g_00236	Syaf.g_01352, Syaf.g_01732
OG0000006	Syaq.g_02108	Syaf.g_02288
OG0000006	Syaq.g_00696, Syaq.g_01590	Syaf.g_00179, Syaf.g_02778
OG0000007	Syaq.g_01793	Syaf.g_02702
OG0000007	Syaq.g_01673	Syaf.g_01033
OG0000008	Syaq.g_02162	Syaf.g_01479
OG0000008	Syaq.g_02575	Syaf.g_01480
OG0000009	Syaq.g_01489	Syaf.g_00905
OG0000010	Syaq.g_00443	Syaf.g_02499
OG0000011	Syaq.g_01038	Syaf.g_01483
OG0000012	Syaq.g_00077	Syaf.g_01353, Syaf.g_01833, Syaf.g_01462, Syaf.g_01693
OG0000013	Syaq.g_00569, Syaq.g_00572, Syaq.g_02023	Syaf.g_00056, Syaf.g_00044, Syaf.g_00061
OG0000014	Syaq.g_00862	Syaf.g_00280
OG0000015	Syaq.g_02255	Syaf.g_02120, Syaf.g_02121
OG0000016	Syaq.g_01136	Syaf.g_00484
OG0000016	Syaq.g_00169	Syaf.g_01576
OG0000017	Syaq.g_01992	Syaf.g_02561
OG0000017	Syaq.g_01999	Syaf.g_02554
OG0000018	Syaq.g_00401	Syaf.g_02451
OG0000019	Syaq.g_00717	Syaf.g_00193
OG0000022	Syaq.g_02126	Syaf.g_02256
OG0000023	Syaq.g_02540	Syaf.g_01765, Syaf.g_01987, Syaf.g_01731, Syaf.g_01995
OG0000025	Syaq.g_02381	Syaf.g_01385
OG0000026	Syaq.g_01114	Syaf.g_00461
OG0000028	Syaq.g_00878	Syaf.g_00297
OG0000030	Syaq.g_01047	Syaf.g_00406
OG0000030	Syaq.g_01048	Syaf.g_00407
OG0000031	Syaq.g_01009	Syaf.g_00314
OG0000032	Syaq.g_00421	Syaf.g_02471
OG0000033	Syaq.g_01399	Syaf.g_00807
OG0000034	Syaq.g_00312, Syaq.g_01431	Syaf.g_01241, Syaf.g_00837
OG0000035	Syaq.g_00372, Syaq.g_00371	Syaf.g_02412
OG0000037	Syaq.g_01483	Syaf.g_00899
OG0000038	Syaq.g_01260	Syaf.g_00642
OG0000041	Syaq.g_02688	Syaf.g_01414
OG0000042	Syaq.g_00200, Syaq.g_01044	Syaf.g_00403
OG0000043	Syaq.g_01920	Syaf.g_01747
OG0000044	Syaq.g_02701	Syaf.g_01400
OG0000045	Syaq.g_02047	Syaf.g_00979
OG0000046	Syaq.g_00570, Syaq.g_00573	Syaf.g_00062
OG0000048	Syaq.g_00749	Syaf.g_00230
OG0000052	Syaq.g_00969	Syaf.g_00335
OG0000053	Syaq.g_00397	Syaf.g_02447
OG0000054	Syaq.g_02005	Syaf.g_02376
OG0000055	Syaq.g_02700	Syaf.g_01402
OG0000057	Syaq.g_02541	Syaf.g_01665
OG0000058	Syaq.g_00944	Syaf.g_00316
OG0000059	Syaq.g_00657	Syaf.g_00143
OG0000060	Syaq.g_00456	Syaf.g_02515
OG0000060	Syaq.g_01770	Syaf.g_02726
OG0000060	Syaq.g_00201	Syaf.g_01603
OG0000061	Syaq.g_00249	Syaf.g_01288
OG0000062	Syaq.g_01690	Syaf.g_01055
OG0000063	Syaq.g_01110	Syaf.g_00457
OG0000067	Syaq.g_02340, Syaq.g_02560	Syaf.g_02049
OG0000068	Syaq.g_01763	Syaf.g_02733
OG0000070	Syaq.g_00484	Syaf.g_01237
OG0000071	Syaq.g_00297	Syaf.g_01254
OG0000072	Syaq.g_01397	Syaf.g_00805
OG0000073	Syaq.g_01795	Syaf.g_02700
OG0000075	Syaq.g_00986	Syaf.g_00353
OG0000076	Syaq.g_01028	Syaf.g_00388
OG0000077	Syaq.g_01547	Syaf.g_00951
OG0000078	Syaq.g_01585	Syaf.g_02782
OG0000079	Syaq.g_00721	Syaf.g_00197
OG0000081	Syaq.g_01893	Syaf.g_02776
OG0000082	Syaq.g_01975	Syaf.g_02576
OG0000084	Syaq.g_00367	Syaf.g_02409
OG0000085	Syaq.g_01683	Syaf.g_01048
OG0000086	Syaq.g_01525	Syaf.g_00932
OG0000087	Syaq.g_01438	Syaf.g_00848
OG0000088	Syaq.g_01402	Syaf.g_00811
OG0000089	Syaq.g_00529	Syaf.g_02807
OG0000090	Syaq.g_01838	Syaf.g_02654
OG0000091	Syaq.g_02090	Syaf.g_02302
OG0000093	Syaq.g_02323	Syaf.g_02065
OG0000094	Syaq.g_00056	Syaf.g_01940
OG0000095	Syaq.g_02679	Syaf.g_01442
OG0000097	Syaq.g_00167	Syaf.g_01574
OG0000098	Syaq.g_02221, Syaq.g_01849	Syaf.g_01637
OG0000099	Syaq.g_00882	Syaf.g_00312
OG0000100	Syaq.g_02371	Syaf.g_02017
OG0000101	Syaq.g_00607	Syaf.g_00093
OG0000102	Syaq.g_01033	Syaf.g_00393
OG0000103	Syaq.g_01170	Syaf.g_00520
OG0000104	Syaq.g_01154	Syaf.g_00502
OG0000105	Syaq.g_00754	Syaf.g_00235
OG0000106	Syaq.g_01863	Syaf.g_01745
OG0000107	Syaq.g_00694	Syaf.g_00758
OG0000108	Syaq.g_01772	Syaf.g_02721
OG0000109	Syaq.g_01788	Syaf.g_02706
OG0000110	Syaq.g_01962	Syaf.g_02589
OG0000111	Syaq.g_02606	Syaf.g_01451
OG0000112	Syaq.g_02476	Syaf.g_01852
OG0000114	Syaq.g_02269	Syaf.g_02103
OG0000115	Syaq.g_00395	Syaf.g_02445
OG0000116	Syaq.g_00263	Syaf.g_01276
OG0000117	Syaq.g_00203	Syaf.g_01605
OG0000118	Syaq.g_00325, Syaq.g_00316	Syaf.g_02544
OG0000120	Syaq.g_00883	Syaf.g_00313
OG0000121	Syaq.g_00375	Syaf.g_02419
OG0000123	Syaq.g_00599	Syaf.g_00086
OG0000124	Syaq.g_01055	Syaf.g_00414
OG0000125	Syaq.g_01256	Syaf.g_00640
OG0000126	Syaq.g_01156	Syaf.g_00504
OG0000128	Syaq.g_01138	Syaf.g_00486
OG0000129	Syaq.g_01269	Syaf.g_00651
OG0000130	Syaq.g_01559	Syaf.g_00963
OG0000131	Syaq.g_01427, Syaq.g_01424	Syaf.g_00833
OG0000132	Syaq.g_01404	Syaf.g_00813
OG0000133	Syaq.g_02481	Syaf.g_01857
OG0000134	Syaq.g_00526	Syaf.g_02804
OG0000135	Syaq.g_01227	Syaf.g_00605
OG0000136	Syaq.g_00496	Syaf.g_01224
OG0000137	Syaq.g_00442	Syaf.g_02498
OG0000138	Syaq.g_01789	Syaf.g_02705
OG0000139	Syaq.g_01844	Syaf.g_02648
OG0000140	Syaq.g_01848	Syaf.g_02646
OG0000141	Syaq.g_02010	Syaf.g_02375
OG0000142	Syaq.g_02082	Syaf.g_02310
OG0000143	Syaq.g_02086	Syaf.g_02306
OG0000144	Syaq.g_02152	Syaf.g_01735
OG0000145	Syaq.g_01796	Syaf.g_02699
OG0000146	Syaq.g_02475	Syaf.g_01851
OG0000147	Syaq.g_02474	Syaf.g_01850
OG0000148	Syaq.g_02359	Syaf.g_02028
OG0000149	Syaq.g_02395	Syaf.g_01371
OG0000150	Syaq.g_02011	Syaf.g_02645
OG0000151	Syaq.g_02283	Syaf.g_02091
OG0000152	Syaq.g_02485	Syaf.g_01861
OG0000153	Syaq.g_02518	Syaf.g_01904
OG0000154	Syaq.g_00066	Syaf.g_01930
OG0000155	Syaq.g_00212	Syaf.g_01324
OG0000156	Syaq.g_00281	Syaf.g_01270
OG0000157	Syaq.g_00282	Syaf.g_01269
OG0000158	Syaq.g_01003	Syaf.g_00364
OG0000160	Syaq.g_00374	Syaf.g_02418
OG0000161	Syaq.g_00382	Syaf.g_02424
OG0000162	Syaq.g_00389	Syaf.g_02431
OG0000163	Syaq.g_01730	Syaf.g_01105
OG0000164	Syaq.g_01642	Syaf.g_00999
OG0000165	Syaq.g_01630	Syaf.g_01197
OG0000166	Syaq.g_00647	Syaf.g_00133
OG0000167	Syaq.g_00983	Syaf.g_00350
OG0000168	Syaq.g_01004	Syaf.g_00365
OG0000169	Syaq.g_01016	Syaf.g_00376
OG0000170	Syaq.g_01023	Syaf.g_00383
OG0000171	Syaq.g_01052	Syaf.g_00413
OG0000172	Syaq.g_01074	Syaf.g_00419
OG0000173	Syaq.g_01092	Syaf.g_00438
OG0000174	Syaq.g_01224	Syaf.g_00603
OG0000175	Syaq.g_01183	Syaf.g_00531
OG0000176	Syaq.g_01146	Syaf.g_00494
OG0000177	Syaq.g_01145	Syaf.g_00493
OG0000178	Syaq.g_01144	Syaf.g_00492
OG0000179	Syaq.g_01129	Syaf.g_00477
OG0000180	Syaq.g_01128	Syaf.g_00476
OG0000181	Syaq.g_01127	Syaf.g_00475
OG0000182	Syaq.g_01126	Syaf.g_00474
OG0000183	Syaq.g_01122	Syaf.g_00470
OG0000184	Syaq.g_01277	Syaf.g_00664
OG0000185	Syaq.g_01290	Syaf.g_00684
OG0000186	Syaq.g_01563	Syaf.g_00968
OG0000187	Syaq.g_01561	Syaf.g_00966
OG0000188	Syaq.g_01539	Syaf.g_00944
OG0000189	Syaq.g_01499, Syaq.g_00122	Syaf.g_00916
OG0000190	Syaq.g_01497	Syaf.g_00914
OG0000191	Syaq.g_01467	Syaf.g_00877
OG0000192	Syaq.g_01462	Syaf.g_00871
OG0000193	Syaq.g_01423	Syaf.g_00832
OG0000194	Syaq.g_01420	Syaf.g_00829
OG0000195	Syaq.g_01418	Syaf.g_00827
OG0000196	Syaq.g_01407	Syaf.g_00816
OG0000197	Syaq.g_01406	Syaf.g_00815
OG0000198	Syaq.g_01405	Syaf.g_00814
OG0000199	Syaq.g_01398	Syaf.g_00806
OG0000200	Syaq.g_01382	Syaf.g_00789
OG0000201	Syaq.g_01365	Syaf.g_00771
OG0000202	Syaq.g_01364	Syaf.g_00770
OG0000203	Syaq.g_01363	Syaf.g_00769
OG0000204	Syaq.g_01362	Syaf.g_00768
OG0000205	Syaq.g_01355	Syaf.g_00761
OG0000206	Syaq.g_01345	Syaf.g_00736
OG0000207	Syaq.g_01338	Syaf.g_00735
OG0000208	Syaq.g_01337	Syaf.g_00734
OG0000209	Syaq.g_01310	Syaf.g_00714
OG0000210	Syaq.g_01309	Syaf.g_00713
OG0000211	Syaq.g_01570	Syaf.g_02791
OG0000212	Syaq.g_01586	Syaf.g_02781
OG0000213	Syaq.g_00729	Syaf.g_00210
OG0000214	Syaq.g_00745	Syaf.g_00226
OG0000215	Syaq.g_00777	Syaf.g_00258
OG0000216	Syaq.g_00781	Syaf.g_00262
OG0000217	Syaq.g_00844	Syaf.g_00266
OG0000218	Syaq.g_00846	Syaf.g_00268
OG0000219	Syaq.g_00847	Syaf.g_00269
OG0000220	Syaq.g_00848	Syaf.g_00270
OG0000221	Syaq.g_00856	Syaf.g_00273
OG0000222	Syaq.g_00868	Syaf.g_00287
OG0000223	Syaq.g_00946	Syaf.g_00317
OG0000224	Syaq.g_00950	Syaf.g_00324
OG0000225	Syaq.g_00543	Syaf.g_00007
OG0000226	Syaq.g_00536	Syaf.g_00003
OG0000227	Syaq.g_00534	Syaf.g_00001
OG0000228	Syaq.g_00531	Syaf.g_02808
OG0000229	Syaq.g_00501	Syaf.g_01214
OG0000230	Syaq.g_00499	Syaf.g_01216
OG0000231	Syaq.g_00485	Syaf.g_01236
OG0000232	Syaq.g_00472	Syaf.g_02536
OG0000233	Syaq.g_00464	Syaf.g_02528
OG0000234	Syaq.g_00440	Syaf.g_02497
OG0000235	Syaq.g_01771	Syaf.g_02722
OG0000236	Syaq.g_01787	Syaf.g_02707
OG0000237	Syaq.g_01805	Syaf.g_02690
OG0000238	Syaq.g_01810	Syaf.g_02685
OG0000239	Syaq.g_01826	Syaf.g_02669
OG0000240	Syaq.g_01827	Syaf.g_02668
OG0000241	Syaq.g_02074	Syaf.g_02322
OG0000242	Syaq.g_01836	Syaf.g_02656
OG0000243	Syaq.g_01922	Syaf.g_02634
OG0000244	Syaq.g_01928	Syaf.g_02627
OG0000245	Syaq.g_01930	Syaf.g_02625
OG0000246	Syaq.g_01934	Syaf.g_02621
OG0000247	Syaq.g_01945	Syaf.g_02610
OG0000248	Syaq.g_01948	Syaf.g_02607
OG0000249	Syaq.g_01950	Syaf.g_02605
OG0000250	Syaq.g_01958	Syaf.g_02593
OG0000251	Syaq.g_01984	Syaf.g_02568
OG0000252	Syaq.g_01987	Syaf.g_02565
OG0000253	Syaq.g_01989	Syaf.g_02564
OG0000254	Syaq.g_02016	Syaf.g_02371
OG0000255	Syaq.g_02041	Syaf.g_02352
OG0000256	Syaq.g_02068	Syaf.g_02329
OG0000257	Syaq.g_02073	Syaf.g_02323
OG0000258	Syaq.g_02095	Syaf.g_02301
OG0000259	Syaq.g_02239	Syaf.g_02137
OG0000260	Syaq.g_02242	Syaf.g_02134
OG0000261	Syaq.g_02245	Syaf.g_02131
OG0000262	Syaq.g_02250	Syaf.g_02126
OG0000263	Syaq.g_00185	Syaf.g_01585
OG0000264	Syaq.g_02582	Syaf.g_01473
OG0000266	Syaq.g_00037	Syaf.g_01967
OG0000267	Syaq.g_02430	Syaf.g_01787
OG0000268	Syaq.g_02431	Syaf.g_01788
OG0000269	Syaq.g_02335	Syaf.g_02054
OG0000270	Syaq.g_02338	Syaf.g_02051
OG0000271	Syaq.g_02346	Syaf.g_02043
OG0000272	Syaq.g_02347	Syaf.g_02042
OG0000273	Syaq.g_02376	Syaf.g_01392
OG0000274	Syaq.g_02377	Syaf.g_01391
OG0000275	Syaq.g_02380	Syaf.g_01386
OG0000276	Syaq.g_02387	Syaf.g_01379
OG0000277	Syaq.g_02388	Syaf.g_01378
OG0000278	Syaq.g_02391	Syaf.g_01375
OG0000279	Syaq.g_02401	Syaf.g_01367
OG0000280	Syaq.g_02410	Syaf.g_01337
OG0000281	Syaq.g_02224	Syaf.g_01636
OG0000282	Syaq.g_02271	Syaf.g_02101
OG0000283	Syaq.g_02445	Syaf.g_01804
OG0000284	Syaq.g_02450	Syaf.g_01810
OG0000285	Syaq.g_02466	Syaf.g_01842
OG0000286	Syaq.g_02484	Syaf.g_01860
OG0000287	Syaq.g_02511	Syaf.g_01896
OG0000288	Syaq.g_00067	Syaf.g_01929
OG0000289	Syaq.g_00053	Syaf.g_01943
OG0000290	Syaq.g_02682	Syaf.g_01439
OG0000291	Syaq.g_02680	Syaf.g_01441
OG0000292	Syaq.g_01157	Syaf.g_00505
OG0000293	Syaq.g_00262	Syaf.g_01277
OG0000294	Syaq.g_00261	Syaf.g_01278
OG0000295	Syaq.g_00220	Syaf.g_01316
OG0000296	Syaq.g_00218	Syaf.g_01318
OG0000298	Syaq.g_00204	Syaf.g_01606
OG0000299	Syaq.g_00171	Syaf.g_01578
OG0000300	Syaq.g_00164	Syaf.g_01571
OG0000301	Syaq.g_00163	Syaf.g_01570
OG0000302	Syaq.g_00162	Syaf.g_01568
OG0000303	Syaq.g_00152	Syaf.g_01559
OG0000304	Syaq.g_00146	Syaf.g_01551
OG0000305	Syaq.g_02677	Syaf.g_01444
OG0000306	Syaq.g_01861	Syaf.g_01332
OG0000307	Syaq.g_01754	Syaf.g_02742
OG0000308	Syaq.g_01752	Syaf.g_02744
OG0000309	Syaq.g_01747	Syaf.g_02749
OG0000310	Syaq.g_00347	Syaf.g_02387
OG0000311	Syaq.g_00352	Syaf.g_02391
OG0000312	Syaq.g_00359	Syaf.g_02397
OG0000313	Syaq.g_00379	Syaf.g_02421
OG0000314	Syaq.g_00408	Syaf.g_02458
OG0000315	Syaq.g_00418	Syaf.g_02468
OG0000316	Syaq.g_01716	Syaf.g_01088
OG0000317	Syaq.g_01675	Syaf.g_01040
OG0000318	Syaq.g_01672	Syaf.g_01032
OG0000319	Syaq.g_01657	Syaf.g_01015
OG0000320	Syaq.g_01655	Syaf.g_01013
OG0000321	Syaq.g_01654	Syaf.g_01012
OG0000322	Syaq.g_01653	Syaf.g_01011
OG0000323	Syaq.g_01638	Syaf.g_00997
OG0000324	Syaq.g_01605	Syaf.g_01164
OG0000325	Syaq.g_00693	Syaf.g_00176
OG0000326	Syaq.g_00686	Syaf.g_00169
OG0000327	Syaq.g_00652	Syaf.g_00138
OG0000328	Syaq.g_00651	Syaf.g_00137
OG0000329	Syaq.g_00633	Syaf.g_00119
OG0000330	Syaq.g_00632	Syaf.g_00118
OG0000331	Syaq.g_00631	Syaf.g_00117
OG0000332	Syaq.g_00616	Syaf.g_00102
OG0000333	Syaq.g_00613	Syaf.g_00099
OG0000334	Syaq.g_00603	Syaf.g_00090
OG0000335	Syaq.g_00598	Syaf.g_00085
OG0000336	Syaq.g_00594	Syaf.g_00081
OG0000337	Syaq.g_00975	Syaf.g_00344
OG0000338	Syaq.g_00981	Syaf.g_00348
OG0000339	Syaq.g_00988	Syaf.g_00355
OG0000340	Syaq.g_01005	Syaf.g_00366
OG0000341	Syaq.g_01007	Syaf.g_00368
OG0000342	Syaq.g_01008	Syaf.g_00369
OG0000343	Syaq.g_01010	Syaf.g_00370
OG0000344	Syaq.g_01014	Syaf.g_00374
OG0000345	Syaq.g_01024	Syaf.g_00384
OG0000346	Syaq.g_01029	Syaf.g_00389
OG0000347	Syaq.g_01057	Syaf.g_00415
OG0000348	Syaq.g_01070	Syaf.g_00427
OG0000349	Syaq.g_01099	Syaf.g_00445
OG0000350	Syaq.g_00679	Syaf.g_00162
OG0000351	Syaq.g_01179	Syaf.g_00528
OG0000352	Syaq.g_01178	Syaf.g_00527
OG0000353	Syaq.g_01151	Syaf.g_00499
OG0000354	Syaq.g_01816	Syaf.g_02680
OG0000354	Syaq.g_01131	Syaf.g_00479
OG0000355	Syaq.g_01149	Syaf.g_00497
OG0000356	Syaq.g_01148	Syaf.g_00496
OG0000357	Syaq.g_01147	Syaf.g_00495
OG0000358	Syaq.g_01143	Syaf.g_00491
OG0000359	Syaq.g_01141	Syaf.g_00489
OG0000360	Syaq.g_01140	Syaf.g_00488
OG0000361	Syaq.g_01139	Syaf.g_00487
OG0000362	Syaq.g_01137	Syaf.g_00485
OG0000363	Syaq.g_01135	Syaf.g_00483
OG0000364	Syaq.g_01134	Syaf.g_00482
OG0000365	Syaq.g_01125	Syaf.g_00473
OG0000366	Syaq.g_01124	Syaf.g_00472
OG0000367	Syaq.g_01123	Syaf.g_00471
OG0000368	Syaq.g_01121	Syaf.g_00469
OG0000369	Syaq.g_01120	Syaf.g_00468
OG0000370	Syaq.g_01119	Syaf.g_00467
OG0000371	Syaq.g_01111	Syaf.g_00458
OG0000372	Syaq.g_01106	Syaf.g_00453
OG0000373	Syaq.g_01105	Syaf.g_00452
OG0000374	Syaq.g_01104	Syaf.g_00451
OG0000375	Syaq.g_01103	Syaf.g_00449
OG0000376	Syaq.g_01101	Syaf.g_00447
OG0000377	Syaq.g_01270	Syaf.g_00654
OG0000378	Syaq.g_01286	Syaf.g_00668
OG0000379	Syaq.g_01291	Syaf.g_00686
OG0000380	Syaq.g_01560	Syaf.g_00965
OG0000381	Syaq.g_01558	Syaf.g_00962
OG0000382	Syaq.g_01540	Syaf.g_00945
OG0000383	Syaq.g_01535	Syaf.g_00941
OG0000384	Syaq.g_01534	Syaf.g_00940
OG0000385	Syaq.g_01533	Syaf.g_00939
OG0000386	Syaq.g_01532	Syaf.g_00938
OG0000387	Syaq.g_01495	Syaf.g_00912
OG0000388	Syaq.g_01491	Syaf.g_00908
OG0000389	Syaq.g_01488	Syaf.g_00904
OG0000390	Syaq.g_01473	Syaf.g_00883
OG0000391	Syaq.g_01468	Syaf.g_00878
OG0000392	Syaq.g_01463	Syaf.g_00872
OG0000393	Syaq.g_01460	Syaf.g_00870
OG0000394	Syaq.g_01459	Syaf.g_00869
OG0000395	Syaq.g_01458	Syaf.g_00868
OG0000396	Syaq.g_01455	Syaf.g_00865
OG0000397	Syaq.g_01453	Syaf.g_00863
OG0000398	Syaq.g_01448	Syaf.g_00858
OG0000399	Syaq.g_01447	Syaf.g_00857
OG0000400	Syaq.g_01446	Syaf.g_00856
OG0000401	Syaq.g_01445	Syaf.g_00855
OG0000402	Syaq.g_01443	Syaf.g_00852
OG0000403	Syaq.g_01442	Syaf.g_00851
OG0000404	Syaq.g_01440	Syaf.g_00850
OG0000405	Syaq.g_01429	Syaf.g_00835
OG0000406	Syaq.g_01422	Syaf.g_00831
OG0000407	Syaq.g_01421	Syaf.g_00830
OG0000408	Syaq.g_01419	Syaf.g_00828
OG0000409	Syaq.g_01417	Syaf.g_00826
OG0000410	Syaq.g_01416	Syaf.g_00825
OG0000411	Syaq.g_01415	Syaf.g_00824
OG0000412	Syaq.g_01414	Syaf.g_00823
OG0000413	Syaq.g_01412	Syaf.g_00821
OG0000414	Syaq.g_01411	Syaf.g_00820
OG0000415	Syaq.g_01410	Syaf.g_00819
OG0000416	Syaq.g_01409	Syaf.g_00818
OG0000417	Syaq.g_01408	Syaf.g_00817
OG0000418	Syaq.g_01403	Syaf.g_00812
OG0000419	Syaq.g_01401	Syaf.g_00810
OG0000420	Syaq.g_01400	Syaf.g_00808
OG0000421	Syaq.g_01395	Syaf.g_00803
OG0000422	Syaq.g_01394	Syaf.g_00802
OG0000423	Syaq.g_01393	Syaf.g_00801
OG0000424	Syaq.g_01392	Syaf.g_00800
OG0000425	Syaq.g_01391	Syaf.g_00799
OG0000426	Syaq.g_01390	Syaf.g_00798
OG0000427	Syaq.g_01389	Syaf.g_00797
OG0000428	Syaq.g_01386	Syaf.g_00794
OG0000429	Syaq.g_01384	Syaf.g_00792
OG0000430	Syaq.g_01383	Syaf.g_00790
OG0000431	Syaq.g_01380	Syaf.g_00786
OG0000432	Syaq.g_01374	Syaf.g_00779
OG0000433	Syaq.g_01369	Syaf.g_00777
OG0000434	Syaq.g_01368	Syaf.g_00776
OG0000435	Syaq.g_01367	Syaf.g_00772
OG0000436	Syaq.g_01361	Syaf.g_00767
OG0000437	Syaq.g_01360	Syaf.g_00766
OG0000438	Syaq.g_01359	Syaf.g_00765
OG0000439	Syaq.g_01357	Syaf.g_00763
OG0000440	Syaq.g_01356	Syaf.g_00762
OG0000441	Syaq.g_01352	Syaf.g_00756
OG0000442	Syaq.g_01350	Syaf.g_00743
OG0000443	Syaq.g_01347	Syaf.g_00739
OG0000444	Syaq.g_01333	Syaf.g_00733
OG0000445	Syaq.g_01332	Syaf.g_00729
OG0000446	Syaq.g_01330	Syaf.g_00728
OG0000447	Syaq.g_01328	Syaf.g_00725
OG0000448	Syaq.g_01327	Syaf.g_00724
OG0000449	Syaq.g_01320	Syaf.g_00723
OG0000450	Syaq.g_01313	Syaf.g_00717
OG0000451	Syaq.g_01312	Syaf.g_00716
OG0000452	Syaq.g_01308	Syaf.g_00712
OG0000453	Syaq.g_01307	Syaf.g_00711
OG0000454	Syaq.g_01306	Syaf.g_00710
OG0000455	Syaq.g_01305	Syaf.g_00709
OG0000456	Syaq.g_01304	Syaf.g_00708
OG0000457	Syaq.g_01302	Syaf.g_00706
OG0000458	Syaq.g_01299	Syaf.g_00705
OG0000459	Syaq.g_01298	Syaf.g_00704
OG0000460	Syaq.g_01577	Syaf.g_02789
OG0000461	Syaq.g_00707	Syaf.g_00183
OG0000462	Syaq.g_00710	Syaf.g_00186
OG0000463	Syaq.g_00711	Syaf.g_00187
OG0000464	Syaq.g_00712	Syaf.g_00188
OG0000465	Syaq.g_00714	Syaf.g_00190
OG0000466	Syaq.g_00718	Syaf.g_00194
OG0000467	Syaq.g_00720	Syaf.g_00196
OG0000468	Syaq.g_00725	Syaf.g_00206
OG0000469	Syaq.g_00739	Syaf.g_00220
OG0000470	Syaq.g_00741	Syaf.g_00222
OG0000471	Syaq.g_00742	Syaf.g_00223
OG0000472	Syaq.g_00744	Syaf.g_00225
OG0000473	Syaq.g_00746	Syaf.g_00227
OG0000474	Syaq.g_00747	Syaf.g_00228
OG0000475	Syaq.g_00748	Syaf.g_00229
OG0000476	Syaq.g_00750	Syaf.g_00231
OG0000477	Syaq.g_00756	Syaf.g_00237
OG0000478	Syaq.g_00757	Syaf.g_00238
OG0000479	Syaq.g_00759	Syaf.g_00239
OG0000480	Syaq.g_00766	Syaf.g_00247
OG0000481	Syaq.g_00768	Syaf.g_00249
OG0000482	Syaq.g_00769	Syaf.g_00250
OG0000483	Syaq.g_00773	Syaf.g_00254
OG0000484	Syaq.g_00774	Syaf.g_00255
OG0000485	Syaq.g_00775	Syaf.g_00256
OG0000486	Syaq.g_00776	Syaf.g_00257
OG0000487	Syaq.g_00782	Syaf.g_00263
OG0000488	Syaq.g_00845	Syaf.g_00267
OG0000489	Syaq.g_00857	Syaf.g_00274
OG0000490	Syaq.g_00864	Syaf.g_00284
OG0000491	Syaq.g_00865	Syaf.g_00285
OG0000492	Syaq.g_00869	Syaf.g_00288
OG0000493	Syaq.g_00870	Syaf.g_00289
OG0000494	Syaq.g_00871	Syaf.g_00290
OG0000495	Syaq.g_00872	Syaf.g_00291
OG0000496	Syaq.g_00873	Syaf.g_00292
OG0000497	Syaq.g_00874	Syaf.g_00293
OG0000498	Syaq.g_00875	Syaf.g_00294
OG0000499	Syaq.g_00876	Syaf.g_00295
OG0000500	Syaq.g_00877	Syaf.g_00296
OG0000501	Syaq.g_00880	Syaf.g_00299
OG0000502	Syaq.g_00953	Syaf.g_00319
OG0000503	Syaq.g_00559	Syaf.g_00023
OG0000504	Syaq.g_00557	Syaf.g_00021
OG0000505	Syaq.g_00556	Syaf.g_00020
OG0000506	Syaq.g_00554	Syaf.g_00018
OG0000507	Syaq.g_00548	Syaf.g_00012
OG0000508	Syaq.g_00544	Syaf.g_00008
OG0000509	Syaq.g_00542	Syaf.g_00006
OG0000510	Syaq.g_00538	Syaf.g_00005
OG0000511	Syaq.g_00537	Syaf.g_00004
OG0000512	Syaq.g_00535	Syaf.g_00002
OG0000513	Syaq.g_00525	Syaf.g_02803
OG0000514	Syaq.g_00514	Syaf.g_02796
OG0000515	Syaq.g_00513	Syaf.g_02795
OG0000516	Syaq.g_00509	Syaf.g_01219
OG0000517	Syaq.g_00502	Syaf.g_01213
OG0000518	Syaq.g_00490	Syaf.g_01230
OG0000519	Syaq.g_00489	Syaf.g_01231
OG0000520	Syaq.g_00488	Syaf.g_01235
OG0000521	Syaq.g_00477	Syaf.g_02542
OG0000522	Syaq.g_00475	Syaf.g_02538
OG0000523	Syaq.g_00474	Syaf.g_02537
OG0000524	Syaq.g_00469	Syaf.g_02531
OG0000525	Syaq.g_00450	Syaf.g_02507
OG0000526	Syaq.g_00448	Syaf.g_02504
OG0000527	Syaq.g_00444	Syaf.g_02500
OG0000528	Syaq.g_01768	Syaf.g_02728
OG0000529	Syaq.g_01773	Syaf.g_02720
OG0000530	Syaq.g_01776	Syaf.g_02717
OG0000531	Syaq.g_01777	Syaf.g_02716
OG0000532	Syaq.g_01780	Syaf.g_02713
OG0000533	Syaq.g_01782	Syaf.g_02712
OG0000534	Syaq.g_01783	Syaf.g_02711
OG0000535	Syaq.g_01784	Syaf.g_02710
OG0000536	Syaq.g_01785	Syaf.g_02709
OG0000537	Syaq.g_01786	Syaf.g_02708
OG0000538	Syaq.g_01798	Syaf.g_02697
OG0000539	Syaq.g_01799	Syaf.g_02696
OG0000540	Syaq.g_01800	Syaf.g_02695
OG0000541	Syaq.g_01801	Syaf.g_02694
OG0000542	Syaq.g_01804	Syaf.g_02691
OG0000543	Syaq.g_01806	Syaf.g_02689
OG0000544	Syaq.g_01807	Syaf.g_02688
OG0000545	Syaq.g_01809	Syaf.g_02686
OG0000546	Syaq.g_01811	Syaf.g_02684
OG0000547	Syaq.g_01813	Syaf.g_02682
OG0000548	Syaq.g_01814	Syaf.g_02681
OG0000549	Syaq.g_01819	Syaf.g_02676
OG0000550	Syaq.g_01824	Syaf.g_02671
OG0000551	Syaq.g_01829	Syaf.g_02666
OG0000552	Syaq.g_01830	Syaf.g_02665
OG0000553	Syaq.g_01834	Syaf.g_02663
OG0000554	Syaq.g_01839	Syaf.g_02653
OG0000555	Syaq.g_01857	Syaf.g_02635
OG0000556	Syaq.g_01925	Syaf.g_02630
OG0000557	Syaq.g_01927	Syaf.g_02628
OG0000558	Syaq.g_01929	Syaf.g_02626
OG0000559	Syaq.g_01933	Syaf.g_02622
OG0000560	Syaq.g_01936	Syaf.g_02619
OG0000561	Syaq.g_01937	Syaf.g_02618
OG0000562	Syaq.g_01938	Syaf.g_02617
OG0000563	Syaq.g_01939	Syaf.g_02616
OG0000564	Syaq.g_01940	Syaf.g_02615
OG0000565	Syaq.g_01943	Syaf.g_02612
OG0000566	Syaq.g_01947	Syaf.g_02608
OG0000567	Syaq.g_01951	Syaf.g_02604
OG0000568	Syaq.g_01954	Syaf.g_02599
OG0000569	Syaq.g_01955	Syaf.g_02596
OG0000570	Syaq.g_01956	Syaf.g_02595
OG0000571	Syaq.g_01960	Syaf.g_02591
OG0000572	Syaq.g_01977	Syaf.g_02575
OG0000573	Syaq.g_01985	Syaf.g_02567
OG0000574	Syaq.g_01986	Syaf.g_02566
OG0000575	Syaq.g_01991	Syaf.g_02562
OG0000576	Syaq.g_01993	Syaf.g_02560
OG0000577	Syaq.g_01994	Syaf.g_02559
OG0000578	Syaq.g_01995	Syaf.g_02558
OG0000579	Syaq.g_01996	Syaf.g_02557
OG0000580	Syaq.g_01997	Syaf.g_02556
OG0000581	Syaq.g_02003	Syaf.g_02550
OG0000582	Syaq.g_02012	Syaf.g_02374
OG0000583	Syaq.g_02013	Syaf.g_02373
OG0000584	Syaq.g_02014	Syaf.g_02372
OG0000585	Syaq.g_02017	Syaf.g_02370
OG0000586	Syaq.g_02018	Syaf.g_02369
OG0000587	Syaq.g_02020	Syaf.g_02367
OG0000588	Syaq.g_02043	Syaf.g_02350
OG0000589	Syaq.g_02057	Syaf.g_02340
OG0000590	Syaq.g_02058	Syaf.g_02339
OG0000591	Syaq.g_02066	Syaf.g_02331
OG0000592	Syaq.g_02067	Syaf.g_02330
OG0000593	Syaq.g_02078	Syaf.g_02314
OG0000594	Syaq.g_02079	Syaf.g_02313
OG0000595	Syaq.g_02080	Syaf.g_02312
OG0000596	Syaq.g_02085	Syaf.g_02307
OG0000597	Syaq.g_02088	Syaf.g_02304
OG0000598	Syaq.g_02089	Syaf.g_02303
OG0000599	Syaq.g_02096	Syaf.g_02300
OG0000600	Syaq.g_02097	Syaf.g_02299
OG0000601	Syaq.g_02098	Syaf.g_02298
OG0000602	Syaq.g_02104	Syaf.g_02293
OG0000603	Syaq.g_02105	Syaf.g_02292
OG0000604	Syaq.g_02107	Syaf.g_02289
OG0000605	Syaq.g_02151	Syaf.g_01734
OG0000606	Syaq.g_02231	Syaf.g_02145
OG0000607	Syaq.g_02234	Syaf.g_02142
OG0000608	Syaq.g_02235	Syaf.g_02141
OG0000609	Syaq.g_02237	Syaf.g_02139
OG0000610	Syaq.g_02244	Syaf.g_02132
OG0000611	Syaq.g_02247	Syaf.g_02129
OG0000612	Syaq.g_02248	Syaf.g_02128
OG0000613	Syaq.g_00885	Syaf.g_00315
OG0000614	Syaq.g_02588	Syaf.g_01469
OG0000615	Syaq.g_02302	Syaf.g_02085
OG0000616	Syaq.g_01168	Syaf.g_00518
OG0000617	Syaq.g_00031	Syaf.g_01975
OG0000618	Syaq.g_00032	Syaf.g_01974
OG0000619	Syaq.g_00033	Syaf.g_01973
OG0000620	Syaq.g_00038	Syaf.g_01966
OG0000621	Syaq.g_00039	Syaf.g_01965
OG0000622	Syaq.g_00040	Syaf.g_01964
OG0000623	Syaq.g_00041	Syaf.g_01963
OG0000624	Syaq.g_00042	Syaf.g_01961
OG0000625	Syaq.g_00043	Syaf.g_01960
OG0000626	Syaq.g_00044	Syaf.g_01959
OG0000627	Syaq.g_02425	Syaf.g_01782
OG0000628	Syaq.g_02426	Syaf.g_01783
OG0000629	Syaq.g_02429	Syaf.g_01786
OG0000630	Syaq.g_02433	Syaf.g_01790
OG0000631	Syaq.g_02441	Syaf.g_01801
OG0000632	Syaq.g_02442	Syaf.g_01802
OG0000633	Syaq.g_02444	Syaf.g_01803
OG0000634	Syaq.g_02336	Syaf.g_02053
OG0000635	Syaq.g_02337	Syaf.g_02052
OG0000636	Syaq.g_02339	Syaf.g_02050
OG0000637	Syaq.g_02341	Syaf.g_02048
OG0000638	Syaq.g_02342	Syaf.g_02047
OG0000639	Syaq.g_02343	Syaf.g_02046
OG0000640	Syaq.g_02344	Syaf.g_02045
OG0000641	Syaq.g_02348	Syaf.g_02041
OG0000642	Syaq.g_02349	Syaf.g_02040
OG0000643	Syaq.g_02350	Syaf.g_02038
OG0000644	Syaq.g_02351	Syaf.g_02037
OG0000645	Syaq.g_02353	Syaf.g_02035
OG0000646	Syaq.g_02356	Syaf.g_02032
OG0000647	Syaq.g_02358	Syaf.g_02030
OG0000648	Syaq.g_02360	Syaf.g_02027
OG0000649	Syaq.g_02361	Syaf.g_02026
OG0000650	Syaq.g_02362	Syaf.g_02025
OG0000651	Syaq.g_02363	Syaf.g_02024
OG0000652	Syaq.g_02364	Syaf.g_02023
OG0000653	Syaq.g_02367	Syaf.g_02021
OG0000654	Syaq.g_02368	Syaf.g_02020
OG0000655	Syaq.g_02369	Syaf.g_02019
OG0000656	Syaq.g_02372	Syaf.g_02016
OG0000657	Syaq.g_02382	Syaf.g_01384
OG0000658	Syaq.g_02385	Syaf.g_01381
OG0000659	Syaq.g_02386	Syaf.g_01380
OG0000660	Syaq.g_02390	Syaf.g_01376
OG0000661	Syaq.g_02392	Syaf.g_01374
OG0000662	Syaq.g_02394	Syaf.g_01372
OG0000663	Syaq.g_02397	Syaf.g_01369
OG0000664	Syaq.g_02400	Syaf.g_01368
OG0000665	Syaq.g_02124	Syaf.g_00980
OG0000666	Syaq.g_02117	Syaf.g_01733
OG0000667	Syaq.g_02222	Syaf.g_01635
OG0000668	Syaq.g_00068	Syaf.g_01928
OG0000669	Syaq.g_02260	Syaf.g_02112
OG0000670	Syaq.g_00079	Syaf.g_02769
OG0000671	Syaq.g_02264	Syaf.g_02108
OG0000672	Syaq.g_02267	Syaf.g_02105
OG0000673	Syaq.g_02270	Syaf.g_02102
OG0000674	Syaq.g_02272	Syaf.g_02100
OG0000675	Syaq.g_02273	Syaf.g_02099
OG0000676	Syaq.g_02275	Syaf.g_02097
OG0000677	Syaq.g_02276	Syaf.g_02096
OG0000678	Syaq.g_02282	Syaf.g_02092
OG0000679	Syaq.g_02305	Syaf.g_02083
OG0000680	Syaq.g_02306	Syaf.g_02082
OG0000681	Syaq.g_02309	Syaf.g_02079
OG0000682	Syaq.g_02310	Syaf.g_02078
OG0000683	Syaq.g_02311	Syaf.g_02077
OG0000684	Syaq.g_02315	Syaf.g_02072
OG0000685	Syaq.g_02317	Syaf.g_02070
OG0000686	Syaq.g_02318	Syaf.g_02069
OG0000687	Syaq.g_02319	Syaf.g_02068
OG0000688	Syaq.g_02325	Syaf.g_02063
OG0000689	Syaq.g_02327	Syaf.g_02061
OG0000690	Syaq.g_02328	Syaf.g_02060
OG0000691	Syaq.g_02329	Syaf.g_02059
OG0000692	Syaq.g_02330	Syaf.g_02058
OG0000693	Syaq.g_02332	Syaf.g_02057
OG0000694	Syaq.g_02333	Syaf.g_02056
OG0000695	Syaq.g_02446	Syaf.g_01805
OG0000696	Syaq.g_02447	Syaf.g_01806
OG0000697	Syaq.g_02448	Syaf.g_01808
OG0000698	Syaq.g_02451	Syaf.g_01811
OG0000699	Syaq.g_02452	Syaf.g_01813
OG0000700	Syaq.g_02453	Syaf.g_01814
OG0000701	Syaq.g_02454	Syaf.g_01815
OG0000702	Syaq.g_02467	Syaf.g_01843
OG0000703	Syaq.g_02468	Syaf.g_01844
OG0000704	Syaq.g_02470	Syaf.g_01846
OG0000705	Syaq.g_02477	Syaf.g_01853
OG0000706	Syaq.g_02478	Syaf.g_01854
OG0000707	Syaq.g_02479	Syaf.g_01855
OG0000708	Syaq.g_02482	Syaf.g_01858
OG0000709	Syaq.g_02490	Syaf.g_01867
OG0000710	Syaq.g_02494	Syaf.g_01878
OG0000711	Syaq.g_02521	Syaf.g_01908
OG0000712	Syaq.g_02523	Syaf.g_01910
OG0000713	Syaq.g_02524	Syaf.g_01911
OG0000714	Syaq.g_02527	Syaf.g_01913
OG0000715	Syaq.g_02529	Syaf.g_01915
OG0000716	Syaq.g_02533	Syaf.g_01919
OG0000717	Syaq.g_02534	Syaf.g_01920
OG0000718	Syaq.g_00072	Syaf.g_01924
OG0000719	Syaq.g_00070	Syaf.g_01926
OG0000720	Syaq.g_00057	Syaf.g_01939
OG0000721	Syaq.g_00055	Syaf.g_01941
OG0000722	Syaq.g_00054	Syaf.g_01942
OG0000723	Syaq.g_00046	Syaf.g_01957
OG0000724	Syaq.g_02685	Syaf.g_01418
OG0000725	Syaq.g_02676	Syaf.g_01445
OG0000726	Syaq.g_02675	Syaf.g_01446
OG0000727	Syaq.g_02674	Syaf.g_01447
OG0000728	Syaq.g_02672	Syaf.g_01449
OG0000729	Syaq.g_01046	Syaf.g_00405
OG0000730	Syaq.g_00561	Syaf.g_00026
OG0000731	Syaq.g_00550	Syaf.g_00014
OG0000732	Syaq.g_01098	Syaf.g_00444
OG0000733	Syaq.g_01232	Syaf.g_00615
OG0000734	Syaq.g_01479	Syaf.g_00895
OG0000735	Syaq.g_00266	Syaf.g_01273
OG0000736	Syaq.g_00265	Syaf.g_01274
OG0000737	Syaq.g_00264	Syaf.g_01275
OG0000738	Syaq.g_00258	Syaf.g_01280
OG0000739	Syaq.g_00257	Syaf.g_01281
OG0000740	Syaq.g_00256	Syaf.g_01282
OG0000741	Syaq.g_00253	Syaf.g_01285
OG0000742	Syaq.g_00250	Syaf.g_01287
OG0000743	Syaq.g_00248	Syaf.g_01289
OG0000744	Syaq.g_00247	Syaf.g_01290
OG0000745	Syaq.g_00245	Syaf.g_01293
OG0000746	Syaq.g_00242	Syaf.g_01295
OG0000747	Syaq.g_00241	Syaf.g_01296
OG0000748	Syaq.g_00227	Syaf.g_01307
OG0000749	Syaq.g_00226	Syaf.g_01309
OG0000750	Syaq.g_00225	Syaf.g_01310
OG0000751	Syaq.g_00219	Syaf.g_01317
OG0000752	Syaq.g_00217	Syaf.g_01319
OG0000753	Syaq.g_00214	Syaf.g_01322
OG0000754	Syaq.g_00209	Syaf.g_01611
OG0000755	Syaq.g_00198	Syaf.g_01599
OG0000756	Syaq.g_00197	Syaf.g_01598
OG0000757	Syaq.g_00190	Syaf.g_01590
OG0000758	Syaq.g_00189	Syaf.g_01589
OG0000759	Syaq.g_00188	Syaf.g_01588
OG0000760	Syaq.g_00187	Syaf.g_01587
OG0000761	Syaq.g_00186	Syaf.g_01586
OG0000762	Syaq.g_00183	Syaf.g_01584
OG0000763	Syaq.g_00181	Syaf.g_01582
OG0000764	Syaq.g_00180	Syaf.g_01581
OG0000765	Syaq.g_00157	Syaf.g_01564
OG0000766	Syaq.g_00156	Syaf.g_01563
OG0000767	Syaq.g_00154	Syaf.g_01561
OG0000768	Syaq.g_00153	Syaf.g_01560
OG0000769	Syaq.g_00151	Syaf.g_01558
OG0000770	Syaq.g_00148	Syaf.g_01553
OG0000771	Syaq.g_02691	Syaf.g_01411
OG0000772	Syaq.g_01887	Syaf.g_01705
OG0000773	Syaq.g_00283	Syaf.g_01268
OG0000774	Syaq.g_00288	Syaf.g_01263
OG0000775	Syaq.g_00290	Syaf.g_01261
OG0000776	Syaq.g_00291	Syaf.g_01260
OG0000777	Syaq.g_00292	Syaf.g_01259
OG0000778	Syaq.g_00293	Syaf.g_01258
OG0000779	Syaq.g_00299	Syaf.g_01252
OG0000780	Syaq.g_00304	Syaf.g_01249
OG0000781	Syaq.g_00308	Syaf.g_01245
OG0000782	Syaq.g_00309	Syaf.g_01244
OG0000783	Syaq.g_00310	Syaf.g_01243
OG0000784	Syaq.g_00311	Syaf.g_01242
OG0000785	Syaq.g_00313	Syaf.g_01240
OG0000786	Syaq.g_00328	Syaf.g_02546
OG0000787	Syaq.g_00329	Syaf.g_02547
OG0000788	Syaq.g_02099	Syaf.g_02297
OG0000789	Syaq.g_02123	Syaf.g_01750
OG0000790	Syaq.g_01758	Syaf.g_02738
OG0000791	Syaq.g_01756	Syaf.g_02740
OG0000792	Syaq.g_01755	Syaf.g_02741
OG0000793	Syaq.g_01750	Syaf.g_02746
OG0000794	Syaq.g_01749	Syaf.g_02747
OG0000795	Syaq.g_01748	Syaf.g_02748
OG0000796	Syaq.g_01744	Syaf.g_02752
OG0000797	Syaq.g_01743	Syaf.g_02753
OG0000798	Syaq.g_00760	Syaf.g_00240
OG0000799	Syaq.g_00341	Syaf.g_02380
OG0000800	Syaq.g_00342	Syaf.g_02383
OG0000801	Syaq.g_00343	Syaf.g_02384
OG0000802	Syaq.g_00350	Syaf.g_02388
OG0000803	Syaq.g_00353	Syaf.g_02393
OG0000804	Syaq.g_00358	Syaf.g_02396
OG0000805	Syaq.g_00360	Syaf.g_02398
OG0000806	Syaq.g_00362	Syaf.g_02405
OG0000807	Syaq.g_00364	Syaf.g_02406
OG0000808	Syaq.g_00365	Syaf.g_02407
OG0000809	Syaq.g_00369	Syaf.g_02410
OG0000810	Syaq.g_00370	Syaf.g_02411
OG0000811	Syaq.g_00378	Syaf.g_02420
OG0000812	Syaq.g_00380	Syaf.g_02422
OG0000813	Syaq.g_00381	Syaf.g_02423
OG0000814	Syaq.g_00383	Syaf.g_02425
OG0000815	Syaq.g_00384	Syaf.g_02426
OG0000816	Syaq.g_00386	Syaf.g_02428
OG0000817	Syaq.g_00387	Syaf.g_02429
OG0000818	Syaq.g_00392	Syaf.g_02442
OG0000819	Syaq.g_00393	Syaf.g_02443
OG0000820	Syaq.g_00394	Syaf.g_02444
OG0000821	Syaq.g_00400	Syaf.g_02450
OG0000822	Syaq.g_00402	Syaf.g_02452
OG0000823	Syaq.g_00403	Syaf.g_02453
OG0000824	Syaq.g_00409	Syaf.g_02459
OG0000825	Syaq.g_00410	Syaf.g_02460
OG0000826	Syaq.g_00411	Syaf.g_02461
OG0000827	Syaq.g_00412	Syaf.g_02462
OG0000828	Syaq.g_00415	Syaf.g_02465
OG0000829	Syaq.g_00416	Syaf.g_02466
OG0000830	Syaq.g_00417	Syaf.g_02467
OG0000831	Syaq.g_00419	Syaf.g_02470
OG0000832	Syaq.g_01737	Syaf.g_01109
OG0000833	Syaq.g_01725	Syaf.g_01100
OG0000834	Syaq.g_01724	Syaf.g_01098
OG0000835	Syaq.g_01723	Syaf.g_01097
OG0000836	Syaq.g_01720	Syaf.g_01093
OG0000837	Syaq.g_01719	Syaf.g_01091
OG0000838	Syaq.g_01715	Syaf.g_01087
OG0000839	Syaq.g_01714	Syaf.g_01086
OG0000840	Syaq.g_01713	Syaf.g_01085
OG0000841	Syaq.g_01712	Syaf.g_01084
OG0000842	Syaq.g_01711	Syaf.g_01083
OG0000843	Syaq.g_01710	Syaf.g_01082
OG0000844	Syaq.g_01708	Syaf.g_01080
OG0000845	Syaq.g_01707	Syaf.g_01079
OG0000846	Syaq.g_01706	Syaf.g_01078
OG0000847	Syaq.g_01705	Syaf.g_01077
OG0000848	Syaq.g_01703	Syaf.g_01075
OG0000849	Syaq.g_01702	Syaf.g_01074
OG0000850	Syaq.g_01699	Syaf.g_01072
OG0000851	Syaq.g_01696	Syaf.g_01061
OG0000852	Syaq.g_01695	Syaf.g_01060
OG0000853	Syaq.g_01691	Syaf.g_01056
OG0000854	Syaq.g_01689	Syaf.g_01054
OG0000855	Syaq.g_01688	Syaf.g_01053
OG0000856	Syaq.g_02069	Syaf.g_02328
OG0000857	Syaq.g_02357	Syaf.g_02031
OG0000858	Syaq.g_01682	Syaf.g_01047
OG0000859	Syaq.g_01681	Syaf.g_01046
OG0000860	Syaq.g_01671	Syaf.g_01031
OG0000861	Syaq.g_01670	Syaf.g_01030
OG0000862	Syaq.g_01668	Syaf.g_01029
OG0000863	Syaq.g_01665	Syaf.g_01026
OG0000864	Syaq.g_01664	Syaf.g_01025
OG0000865	Syaq.g_01663	Syaf.g_01024
OG0000866	Syaq.g_01662	Syaf.g_01023
OG0000867	Syaq.g_01661	Syaf.g_01022
OG0000868	Syaq.g_01659	Syaf.g_01019
OG0000869	Syaq.g_01656	Syaf.g_01014
OG0000870	Syaq.g_01651	Syaf.g_01009
OG0000871	Syaq.g_01650	Syaf.g_01008
OG0000872	Syaq.g_01644	Syaf.g_01001
OG0000873	Syaq.g_01641	Syaf.g_00998
OG0000874	Syaq.g_01637	Syaf.g_01002
OG0000875	Syaq.g_01633	Syaf.g_00996
OG0000876	Syaq.g_01631	Syaf.g_01198
OG0000877	Syaq.g_01628	Syaf.g_01188
OG0000878	Syaq.g_01627	Syaf.g_01187
OG0000879	Syaq.g_01626	Syaf.g_01186
OG0000880	Syaq.g_01625	Syaf.g_01185
OG0000881	Syaq.g_01621	Syaf.g_01179
OG0000882	Syaq.g_01616	Syaf.g_01174
OG0000883	Syaq.g_01613	Syaf.g_01172
OG0000884	Syaq.g_01611	Syaf.g_01170
OG0000885	Syaq.g_01610	Syaf.g_01169
OG0000886	Syaq.g_01609	Syaf.g_01168
OG0000887	Syaq.g_01608	Syaf.g_01167
OG0000888	Syaq.g_01606	Syaf.g_01165
OG0000889	Syaq.g_01604	Syaf.g_01163
OG0000890	Syaq.g_01597	Syaf.g_01157
OG0000891	Syaq.g_01596	Syaf.g_01156
OG0000892	Syaq.g_01594	Syaf.g_01154
OG0000893	Syaq.g_00695	Syaf.g_00178
OG0000894	Syaq.g_00692	Syaf.g_00175
OG0000895	Syaq.g_00688	Syaf.g_00171
OG0000896	Syaq.g_00687	Syaf.g_00170
OG0000897	Syaq.g_00685	Syaf.g_00168
OG0000898	Syaq.g_00684	Syaf.g_00167
OG0000899	Syaq.g_00683	Syaf.g_00166
OG0000900	Syaq.g_00682	Syaf.g_00165
OG0000901	Syaq.g_00677	Syaf.g_00160
OG0000902	Syaq.g_00671	Syaf.g_00158
OG0000903	Syaq.g_00655	Syaf.g_00141
OG0000904	Syaq.g_00660	Syaf.g_00146
OG0000905	Syaq.g_00666	Syaf.g_00151
OG0000906	Syaq.g_00669	Syaf.g_00154
OG0000907	Syaq.g_00653	Syaf.g_00139
OG0000908	Syaq.g_00650	Syaf.g_00136
OG0000909	Syaq.g_00649	Syaf.g_00135
OG0000910	Syaq.g_00648	Syaf.g_00134
OG0000911	Syaq.g_00646	Syaf.g_00132
OG0000912	Syaq.g_00645	Syaf.g_00131
OG0000913	Syaq.g_00644	Syaf.g_00130
OG0000914	Syaq.g_00643	Syaf.g_00129
OG0000915	Syaq.g_00641	Syaf.g_00127
OG0000916	Syaq.g_00640	Syaf.g_00126
OG0000917	Syaq.g_00639	Syaf.g_00125
OG0000918	Syaq.g_00638	Syaf.g_00124
OG0000919	Syaq.g_00637	Syaf.g_00123
OG0000920	Syaq.g_00636	Syaf.g_00122
OG0000921	Syaq.g_00635	Syaf.g_00121
OG0000922	Syaq.g_00634	Syaf.g_00120
OG0000923	Syaq.g_00630	Syaf.g_00116
OG0000924	Syaq.g_00629	Syaf.g_00115
OG0000925	Syaq.g_00628	Syaf.g_00114
OG0000926	Syaq.g_00627	Syaf.g_00113
OG0000927	Syaq.g_00625	Syaf.g_00111
OG0000928	Syaq.g_00624	Syaf.g_00110
OG0000929	Syaq.g_00623	Syaf.g_00109
OG0000930	Syaq.g_00622	Syaf.g_00108
OG0000931	Syaq.g_00621	Syaf.g_00107
OG0000932	Syaq.g_00620	Syaf.g_00106
OG0000933	Syaq.g_00614	Syaf.g_00100
OG0000934	Syaq.g_00612	Syaf.g_00098
OG0000935	Syaq.g_00611	Syaf.g_00097
OG0000936	Syaq.g_00610	Syaf.g_00096
OG0000937	Syaq.g_00609	Syaf.g_00095
OG0000938	Syaq.g_00606	Syaf.g_00092
OG0000939	Syaq.g_00604	Syaf.g_00091
OG0000940	Syaq.g_00597	Syaf.g_00084
OG0000941	Syaq.g_00595	Syaf.g_00082
OG0000942	Syaq.g_00593	Syaf.g_00080
OG0000943	Syaq.g_00592	Syaf.g_00079
OG0000944	Syaq.g_00590	Syaf.g_00077
OG0000945	Syaq.g_00588	Syaf.g_00075
OG0000946	Syaq.g_00580	Syaf.g_00070
OG0000947	Syaq.g_00577	Syaf.g_00067
OG0000948	Syaq.g_00576	Syaf.g_00066
OG0000949	Syaq.g_00971	Syaf.g_00337
OG0000950	Syaq.g_00984	Syaf.g_00351
OG0000951	Syaq.g_00991	Syaf.g_00358
OG0000952	Syaq.g_01002	Syaf.g_00363
OG0000953	Syaq.g_01006	Syaf.g_00367
OG0000954	Syaq.g_01012	Syaf.g_00372
OG0000955	Syaq.g_01013	Syaf.g_00373
OG0000956	Syaq.g_01015	Syaf.g_00375
OG0000957	Syaq.g_01026	Syaf.g_00386
OG0000958	Syaq.g_01027	Syaf.g_00387
OG0000959	Syaq.g_01031	Syaf.g_00391
OG0000960	Syaq.g_01032	Syaf.g_00392
OG0000961	Syaq.g_01043	Syaf.g_00402
OG0000962	Syaq.g_01045	Syaf.g_00404
OG0000963	Syaq.g_01049	Syaf.g_00409
OG0000964	Syaq.g_01050	Syaf.g_00410
OG0000965	Syaq.g_01051	Syaf.g_00411
OG0000966	Syaq.g_01060	Syaf.g_00421
OG0000967	Syaq.g_01067	Syaf.g_00426
OG0000968	Syaq.g_01071	Syaf.g_00417
OG0000969	Syaq.g_01078	Syaf.g_00423
OG0000970	Syaq.g_01079	Syaf.g_00424
OG0000971	Syaq.g_01081	Syaf.g_00429
OG0000972	Syaq.g_01082	Syaf.g_00430
OG0000973	Syaq.g_01083	Syaf.g_00431
OG0000974	Syaq.g_01084	Syaf.g_00432
OG0000975	Syaq.g_01085	Syaf.g_00433
OG0000976	Syaq.g_01086	Syaf.g_00434
OG0000977	Syaq.g_01088	Syaf.g_00436
OG0000978	Syaq.g_01091	Syaf.g_00437
OG0000979	Syaq.g_01094	Syaf.g_00440
OG0000980	Syaq.g_01097	Syaf.g_00443
OG0000981	Syaq.g_01100	Syaf.g_00446
OG0000982	Syaq.g_01263	Syaf.g_00645
OG0000983	Syaq.g_01262	Syaf.g_00644
OG0000984	Syaq.g_01261	Syaf.g_00643
OG0000985	Syaq.g_01257	Syaf.g_00641
OG0000986	Syaq.g_01253	Syaf.g_00639
OG0000987	Syaq.g_01251	Syaf.g_00637
OG0000988	Syaq.g_01245	Syaf.g_00633
OG0000989	Syaq.g_01239	Syaf.g_00624
OG0000990	Syaq.g_01229	Syaf.g_00606
OG0000991	Syaq.g_01225	Syaf.g_00604
OG0000992	Syaq.g_01222	Syaf.g_00601
OG0000993	Syaq.g_01221	Syaf.g_00600
OG0000994	Syaq.g_01218	Syaf.g_00597
OG0000995	Syaq.g_01212	Syaf.g_00592
OG0000996	Syaq.g_01193	Syaf.g_00543
OG0000997	Syaq.g_01184	Syaf.g_00532
OG0000998	Syaq.g_01182	Syaf.g_00530
OG0000999	Syaq.g_01181	Syaf.g_00529
OG0001000	Syaq.g_01177	Syaf.g_00526
OG0001001	Syaq.g_01172	Syaf.g_00521
OG0001002	Syaq.g_01165	Syaf.g_00515
OG0001003	Syaq.g_01163	Syaf.g_00514
OG0001004	Syaq.g_01162	Syaf.g_00513
OG0001005	Syaq.g_01161	Syaf.g_00510
OG0001006	Syaq.g_01152	Syaf.g_00500
OG0001007	Syaq.g_01150	Syaf.g_00498
OG0001008	Syaq.g_00500	Syaf.g_01215
OG0001009	Syaq.g_01118	Syaf.g_00466
OG0001010	Syaq.g_01117	Syaf.g_00465
OG0001011	Syaq.g_01115	Syaf.g_00463
OG0001012	Syaq.g_01267	Syaf.g_00649
OG0001013	Syaq.g_01289	Syaf.g_00669
OG0001014	Syaq.g_01295	Syaf.g_00691
OG0001015	Syaq.g_01296	Syaf.g_00692
OG0001016	Syaq.g_01554	Syaf.g_00958
OG0001017	Syaq.g_01548	Syaf.g_00952
OG0001018	Syaq.g_01546	Syaf.g_00950
OG0001019	Syaq.g_01524	Syaf.g_00931
OG0001020	Syaq.g_01510	Syaf.g_00926
OG0001021	Syaq.g_01506	Syaf.g_00922
OG0001022	Syaq.g_01501	Syaf.g_00918
OG0001023	Syaq.g_01500	Syaf.g_00917
OG0001024	Syaq.g_01496	Syaf.g_00913
OG0001025	Syaq.g_01490	Syaf.g_00906
OG0001026	Syaq.g_01477	Syaf.g_00893
OG0001027	Syaq.g_01474	Syaf.g_00884
OG0001028	Syaq.g_01472	Syaf.g_00882
OG0001029	Syaq.g_01470	Syaf.g_00880
OG0001030	Syaq.g_01450	Syaf.g_00860
OG0001031	Syaq.g_01378	Syaf.g_00784
OG0001032	Syaq.g_01376	Syaf.g_00781
OG0001034	Syaq.g_01579	Syaf.g_02787
OG0001035	Syaq.g_00726	Syaf.g_00207
OG0001036	Syaq.g_00731	Syaf.g_00212
OG0001037	Syaq.g_00733	Syaf.g_00214
OG0001038	Syaq.g_00761	Syaf.g_00242
OG0001039	Syaq.g_00764	Syaf.g_00245
OG0001040	Syaq.g_00767	Syaf.g_00248
OG0001041	Syaq.g_00772	Syaf.g_00253
OG0001042	Syaq.g_00858	Syaf.g_00275
OG0001044	Syaq.g_00560	Syaf.g_00024
OG0001045	Syaq.g_00547	Syaf.g_00011
OG0001046	Syaq.g_02509	Syaf.g_01894
OG0001047	Syaq.g_00498	Syaf.g_01217
OG0001048	Syaq.g_00497	Syaf.g_01218
OG0001049	Syaq.g_00494	Syaf.g_01226
OG0001050	Syaq.g_00493	Syaf.g_01227
OG0001051	Syaq.g_00492	Syaf.g_01228
OG0001052	Syaq.g_00446	Syaf.g_02502
OG0001053	Syaq.g_01775	Syaf.g_02718
OG0001054	Syaq.g_01794	Syaf.g_02701
OG0001056	Syaq.g_01843	Syaf.g_02649
OG0001057	Syaq.g_00334	Syaf.g_02638
OG0001058	Syaq.g_01931	Syaf.g_02624
OG0001059	Syaq.g_01935	Syaf.g_02620
OG0001060	Syaq.g_01941	Syaf.g_02614
OG0001061	Syaq.g_01961	Syaf.g_02590
OG0001062	Syaq.g_01963	Syaf.g_02588
OG0001063	Syaq.g_01968	Syaf.g_02583
OG0001064	Syaq.g_01969	Syaf.g_02582
OG0001065	Syaq.g_01970	Syaf.g_02581
OG0001066	Syaq.g_01971	Syaf.g_02580
OG0001067	Syaq.g_01972	Syaf.g_02579
OG0001068	Syaq.g_01973	Syaf.g_02578
OG0001069	Syaq.g_01974	Syaf.g_02577
OG0001070	Syaq.g_01978	Syaf.g_02574
OG0001071	Syaq.g_01979	Syaf.g_02573
OG0001072	Syaq.g_01983	Syaf.g_02569
OG0001073	Syaq.g_01998	Syaf.g_02555
OG0001074	Syaq.g_02132	Syaf.g_02365
OG0001075	Syaq.g_02025	Syaf.g_02363
OG0001076	Syaq.g_02060	Syaf.g_02337
OG0001077	Syaq.g_02071	Syaf.g_02325
OG0001078	Syaq.g_02083	Syaf.g_02309
OG0001079	Syaq.g_02100	Syaf.g_02296
OG0001080	Syaq.g_02161	Syaf.g_01740
OG0001081	Syaq.g_02232	Syaf.g_02144
OG0001082	Syaq.g_02233	Syaf.g_02143
OG0001083	Syaq.g_02240	Syaf.g_02136
OG0001084	Syaq.g_02241	Syaf.g_02135
OG0001085	Syaq.g_02251	Syaf.g_02125
OG0001086	Syaq.g_02253	Syaf.g_02123
OG0001087	Syaq.g_02574	Syaf.g_01482
OG0001088	Syaq.g_02576	Syaf.g_01478
OG0001089	Syaq.g_02604	Syaf.g_01453
OG0001090	Syaq.g_00024	Syaf.g_01981
OG0001091	Syaq.g_00027	Syaf.g_01979
OG0001092	Syaq.g_00029	Syaf.g_01977
OG0001093	Syaq.g_00035	Syaf.g_01971
OG0001094	Syaq.g_02334	Syaf.g_02055
OG0001095	Syaq.g_02354	Syaf.g_02034
OG0001096	Syaq.g_02370	Syaf.g_02018
OG0001097	Syaq.g_02393	Syaf.g_01373
OG0001098	Syaq.g_02415	Syaf.g_01743
OG0001099	Syaq.g_01471	Syaf.g_00881
OG0001100	Syaq.g_02262	Syaf.g_02110
OG0001101	Syaq.g_02263	Syaf.g_02109
OG0001102	Syaq.g_02266	Syaf.g_02106
OG0001103	Syaq.g_02268	Syaf.g_02104
OG0001104	Syaq.g_02316	Syaf.g_02071
OG0001105	Syaq.g_02320	Syaf.g_02067
OG0001106	Syaq.g_02471	Syaf.g_01847
OG0001108	Syaq.g_02491	Syaf.g_01868
OG0001109	Syaq.g_02493	Syaf.g_01877
OG0001110	Syaq.g_02495	Syaf.g_01879
OG0001111	Syaq.g_02497	Syaf.g_01881
OG0001112	Syaq.g_02499	Syaf.g_01883
OG0001113	Syaq.g_02539	Syaf.g_01884
OG0001114	Syaq.g_02500	Syaf.g_01885
OG0001115	Syaq.g_02504	Syaf.g_01889
OG0001116	Syaq.g_02506	Syaf.g_01891
OG0001117	Syaq.g_02507	Syaf.g_01892
OG0001118	Syaq.g_02508	Syaf.g_01893
OG0001119	Syaq.g_02510	Syaf.g_01895
OG0001120	Syaq.g_02514	Syaf.g_01899
OG0001122	Syaq.g_00069	Syaf.g_01927
OG0001123	Syaq.g_00061	Syaf.g_01934
OG0001124	Syaq.g_00060	Syaf.g_01936
OG0001125	Syaq.g_00058	Syaf.g_01938
OG0001126	Syaq.g_02693	Syaf.g_01409
OG0001127	Syaq.g_02692	Syaf.g_01410
OG0001128	Syaq.g_02689	Syaf.g_01413
OG0001129	Syaq.g_02687	Syaf.g_01415
OG0001130	Syaq.g_02686	Syaf.g_01416
OG0001131	Syaq.g_02284	Syaf.g_02090
OG0001132	Syaq.g_01872	Syaf.g_01722
OG0001133	Syaq.g_02063	Syaf.g_02334
OG0001134	Syaq.g_02213	Syaf.g_01616
OG0001135	Syaq.g_02212	Syaf.g_01618
OG0001136	Syaq.g_00252	Syaf.g_01286
OG0001137	Syaq.g_00228	Syaf.g_01306
OG0001138	Syaq.g_00196	Syaf.g_01596
OG0001139	Syaq.g_00194	Syaf.g_01594
OG0001140	Syaq.g_00193	Syaf.g_01593
OG0001141	Syaq.g_00192	Syaf.g_01592
OG0001142	Syaq.g_00191	Syaf.g_01591
OG0001143	Syaq.g_00182	Syaf.g_01583
OG0001144	Syaq.g_00166	Syaf.g_01573
OG0001145	Syaq.g_00284	Syaf.g_01267
OG0001146	Syaq.g_00305	Syaf.g_01248
OG0001147	Syaq.g_00438	Syaf.g_02489
OG0001148	Syaq.g_01761	Syaf.g_02735
OG0001149	Syaq.g_01760	Syaf.g_02736
OG0001150	Syaq.g_01759	Syaf.g_02737
OG0001151	Syaq.g_01746	Syaf.g_02750
OG0001152	Syaq.g_01745	Syaf.g_02751
OG0001153	Syaq.g_00413	Syaf.g_02463
OG0001154	Syaq.g_00414	Syaf.g_02464
OG0001155	Syaq.g_01739	Syaf.g_01107
OG0001156	Syaq.g_01729	Syaf.g_01104
OG0001157	Syaq.g_01728	Syaf.g_01103
OG0001158	Syaq.g_01727	Syaf.g_01102
OG0001159	Syaq.g_01726	Syaf.g_01101
OG0001160	Syaq.g_01693	Syaf.g_01058
OG0001161	Syaq.g_01233	Syaf.g_00617
OG0001162	Syaq.g_00331	Syaf.g_02015
OG0001163	Syaq.g_01685	Syaf.g_01050
OG0001164	Syaq.g_01679	Syaf.g_01044
OG0001165	Syaq.g_01674	Syaf.g_01039
OG0001166	Syaq.g_01652	Syaf.g_01010
OG0001167	Syaq.g_01039	Syaf.g_01182
OG0001169	Syaq.g_01620	Syaf.g_01178
OG0001170	Syaq.g_01618	Syaf.g_01176
OG0001171	Syaq.g_01607	Syaf.g_01166
OG0001172	Syaq.g_00690	Syaf.g_00173
OG0001173	Syaq.g_00689	Syaf.g_00172
OG0001174	Syaq.g_00681	Syaf.g_00164
OG0001175	Syaq.g_00680	Syaf.g_00163
OG0001176	Syaq.g_00656	Syaf.g_00142
OG0001177	Syaq.g_00658	Syaf.g_00144
OG0001178	Syaq.g_01667	Syaf.g_01028
OG0001179	Syaq.g_00626	Syaf.g_00112
OG0001180	Syaq.g_00600	Syaf.g_00087
OG0001181	Syaq.g_00596	Syaf.g_00083
OG0001182	Syaq.g_00587	Syaf.g_00074
OG0001184	Syaq.g_00995	Syaf.g_00360
OG0001185	Syaq.g_01022	Syaf.g_00382
OG0001186	Syaq.g_01058	Syaf.g_00418
OG0001187	Syaq.g_01061	Syaf.g_00422
OG0001188	Syaq.g_01065	Syaf.g_00425
OG0001189	Syaq.g_01095	Syaf.g_00441
OG0001190	Syaq.g_01264	Syaf.g_00646
OG0001191	Syaq.g_01248	Syaf.g_00635
OG0001192	Syaq.g_01242	Syaf.g_00630
OG0001193	Syaq.g_01217	Syaf.g_00596
OG0001194	Syaq.g_01214	Syaf.g_00594
OG0001195	Syaq.g_01213	Syaf.g_00593
OG0001196	Syaq.g_01169	Syaf.g_00519
OG0001197	Syaq.g_01167	Syaf.g_00517
OG0001198	Syaq.g_01153	Syaf.g_00501
OG0001199	Syaq.g_01553	Syaf.g_00957
OG0001200	Syaq.g_01551	Syaf.g_00955
OG0001201	Syaq.g_01486	Syaf.g_00902
OG0001202	Syaq.g_01358	Syaf.g_00764
OG0001203	Syaq.g_01581	Syaf.g_02785
OG0001204	Syaq.g_00709	Syaf.g_00185
OG0001205	Syaq.g_00491	Syaf.g_01229
OG0001206	Syaq.g_00468	Syaf.g_02530
OG0001207	Syaq.g_01764	Syaf.g_02732
OG0001208	Syaq.g_01774	Syaf.g_02719
OG0001209	Syaq.g_01841	Syaf.g_02651
OG0001210	Syaq.g_01852	Syaf.g_02642
OG0001211	Syaq.g_01932	Syaf.g_02623
OG0001212	Syaq.g_01990	Syaf.g_02563
OG0001213	Syaq.g_02072	Syaf.g_02324
OG0001214	Syaq.g_02084	Syaf.g_02308
OG0001215	Syaq.g_02580	Syaf.g_01477
OG0001216	Syaq.g_00026	Syaf.g_01980
OG0001217	Syaq.g_01885	Syaf.g_02237
OG0001218	Syaq.g_00423	Syaf.g_02473
OG0001219	Syaq.g_02434	Syaf.g_01796
OG0001220	Syaq.g_02412	Syaf.g_01335
OG0001221	Syaq.g_02300	Syaf.g_02087
OG0001222	Syaq.g_02472	Syaf.g_01848
OG0001223	Syaq.g_02516	Syaf.g_01902
OG0001224	Syaq.g_02683	Syaf.g_01438
OG0001225	Syaq.g_02681	Syaf.g_01440
OG0001226	Syaq.g_01543	Syaf.g_02262
OG0001227	Syaq.g_00333	Syaf.g_00614
OG0001230	Syaq.g_00361	Syaf.g_02404
OG0001231	Syaq.g_01133	Syaf.g_00481
OG0001232	Syaq.g_01643	Syaf.g_01000
OG0001234	Syaq.g_00676	Syaf.g_00159
OG0001235	Syaq.g_00665	Syaf.g_00150
OG0001236	Syaq.g_00990	Syaf.g_00357
OG0001237	Syaq.g_00999	Syaf.g_00362
OG0001238	Syaq.g_01246	Syaf.g_00634
OG0001239	Syaq.g_01556	Syaf.g_00960
OG0001240	Syaq.g_01502	Syaf.g_00919
OG0001241	Syaq.g_01492	Syaf.g_00909
OG0001243	Syaq.g_01457	Syaf.g_00867
OG0001244	Syaq.g_01430	Syaf.g_00836
OG0001246	Syaq.g_01802	Syaf.g_02693
OG0001248	Syaq.g_01891	Syaf.g_02012
OG0001250	Syaq.g_02389	Syaf.g_01377
OG0001251	Syaq.g_02135	Syaf.g_00588
OG0001252	Syaq.g_02690	Syaf.g_01412
OG0001254	Syaq.g_02214	Syaf.g_01617
OG0001255	Syaq.g_02111	Syaf.g_01070
OG0001256	Syaq.g_01686	Syaf.g_01051
OG0001258	Syaq.g_01676	Syaf.g_01041
OG0001259	Syaq.g_01619	Syaf.g_01177
OG0001260	Syaq.g_01595	Syaf.g_01155
OG0001261	Syaq.g_00617	Syaf.g_00103
OG0001262	Syaq.g_01093	Syaf.g_00439
OG0001263	Syaq.g_01454	Syaf.g_00864
OG0001264	Syaq.g_01513	Syaf.g_01234
OG0001265	Syaq.g_01466	Syaf.g_00876
OG0001266	Syaq.g_01354	Syaf.g_00760
OG0001267	Syaq.g_00763	Syaf.g_00244
OG0001268	Syaq.g_00553	Syaf.g_00017
OG0001269	Syaq.g_01866	Syaf.g_01653
OG0001270	Syaq.g_00504	Syaf.g_01210
OG0001271	Syaq.g_00445	Syaf.g_02501
OG0001272	Syaq.g_01778	Syaf.g_02715
OG0001273	Syaq.g_02077	Syaf.g_02315
OG0001274	Syaq.g_01303	Syaf.g_00707
OG0001275	Syaq.g_02531	Syaf.g_01917
OG0001276	Syaq.g_00062	Syaf.g_01933
OG0001278	Syaq.g_00155	Syaf.g_01562
OG0001279	Syaq.g_01867	Syaf.g_02385
OG0001280	Syaq.g_00294	Syaf.g_01257
OG0001281	Syaq.g_00306	Syaf.g_01247
OG0001282	Syaq.g_01762	Syaf.g_02734
OG0001283	Syaq.g_01175	Syaf.g_00524, Syaf.g_02414
OG0001284	Syaq.g_01700	Syaf.g_01073
OG0001285	Syaq.g_01639	Syaf.g_00568
OG0001286	Syaq.g_00602	Syaf.g_00089
OG0001287	Syaq.g_01030	Syaf.g_00390
OG0001289	Syaq.g_01528	Syaf.g_00935
OG0001290	Syaq.g_01493	Syaf.g_00910
OG0001291	Syaq.g_01444	Syaf.g_00853
OG0001293	Syaq.g_00736	Syaf.g_00217
OG0001294	Syaq.g_02252	Syaf.g_02124
OG0001296	Syaq.g_01808	Syaf.g_02687
OG0001297	Syaq.g_01812	Syaf.g_02683
OG0001298	Syaq.g_01967	Syaf.g_02584
OG0001299	Syaq.g_02246	Syaf.g_02130
OG0001300	Syaq.g_02589	Syaf.g_01468
OG0001301	Syaq.g_02602	Syaf.g_01454
OG0001302	Syaq.g_02115	Syaf.g_02279
OG0001303	Syaq.g_02437	Syaf.g_01798
OG0001304	Syaq.g_00049	Syaf.g_01950
OG0001305	Syaq.g_02673	Syaf.g_01448
OG0001306	Syaq.g_00267	Syaf.g_01272
OG0001308	Syaq.g_00385	Syaf.g_02427
OG0001312	Syaq.g_02449	Syaf.g_01809
OG0001313	Syaq.g_00458	Syaf.g_02517
OG0001313	Syaq.g_00459	Syaf.g_02523
OG0001315	Syaq.g_00581	Syaf.g_00071
OG0001316	Syaq.g_01437	Syaf.g_00847
OG0001317	Syaq.g_01576	Syaf.g_02790
OG0001318	Syaq.g_00728	Syaf.g_00209
OG0001319	Syaq.g_00751	Syaf.g_00232
OG0001321	Syaq.g_00483	Syaf.g_01238
OG0001322	Syaq.g_00482	Syaf.g_01239
OG0001323	Syaq.g_01820	Syaf.g_02675
OG0001324	Syaq.g_02590	Syaf.g_01467
OG0001325	Syaq.g_00030	Syaf.g_01976
OG0001326	Syaq.g_01205	Syaf.g_00578
OG0001327	Syaq.g_02259	Syaf.g_02116
OG0001328	Syaq.g_02280	Syaf.g_02094
OG0001329	Syaq.g_02113	Syaf.g_02285
OG0001330	Syaq.g_00287	Syaf.g_01264
OG0001331	Syaq.g_01757	Syaf.g_02739
OG0001333	Syaq.g_01622	Syaf.g_01181
OG0001336	Syaq.g_01174	Syaf.g_00523
OG0001337	Syaq.g_00564	Syaf.g_00063
OG0001343	Syaq.g_00700	Syaf.g_00590
OG0001345	Syaq.g_00213	Syaf.g_01323
OG0001346	Syaq.g_00298	Syaf.g_01253
OG0001347	Syaq.g_01063	Syaf.g_02400
OG0001348	Syaq.g_02703	Syaf.g_01396
OG0001350	Syaq.g_01580	Syaf.g_02786
OG0001351	Syaq.g_00476	Syaf.g_02539
OG0001352	Syaq.g_01904	Syaf.g_02661
OG0001353	Syaq.g_02379	Syaf.g_01388
OG0001354	Syaq.g_02503	Syaf.g_01888
OG0001356	Syaq.g_02555	Syaf.g_02177
OG0001356	Syaq.g_00127	Syaf.g_01397
OG0001357	Syaq.g_00825, Syaq.g_02130	Syaf.g_01769, Syaf.g_01068, Syaf.g_01131, Syaf.g_01827
OG0001358	Syaq.g_02056	Syaf.g_02341
OG0001359	Syaq.g_00699	Syaf.g_00591
OG0001360	Syaq.g_00211	Syaf.g_01325
OG0001361	Syaq.g_00216	Syaf.g_01320
OG0001364	Syaq.g_00972	Syaf.g_00338
OG0001366	Syaq.g_01649	Syaf.g_01007
OG0001368	Syaq.g_00708	Syaf.g_00184
OG0001373	Syaq.g_01206	Syaf.g_00579
OG0001374	Syaq.g_01198	Syaf.g_00571
OG0001375	Syaq.g_00701	Syaf.g_00589
OG0001378	Syaq.g_00506	Syaf.g_01209
OG0001379	Syaq.g_00289	Syaf.g_01262
OG0001380	Syaq.g_01915	Syaf.g_02247
OG0001383	Syaq.g_01292	Syaf.g_00688
OG0001385	Syaq.g_01209	Syaf.g_00582
OG0001386	Syaq.g_01208	Syaf.g_00581
OG0001387	Syaq.g_01207	Syaf.g_00580
OG0001388	Syaq.g_01204	Syaf.g_00577
OG0001389	Syaq.g_01203	Syaf.g_00576
OG0001390	Syaq.g_01202	Syaf.g_00575
OG0001391	Syaq.g_01201	Syaf.g_00574
OG0001392	Syaq.g_01200	Syaf.g_00573
OG0001393	Syaq.g_01199	Syaf.g_00572
OG0001394	Syaq.g_02307	Syaf.g_02081
OG0001395	Syaq.g_00045	Syaf.g_01958
OG0001396	Syaq.g_01064	Syaf.g_02399
OG0001401	Syaq.g_02383	Syaf.g_01383
OG0001402	Syaq.g_02061	Syaf.g_02336
OG0001408	Syaq.g_02125	Syaf.g_01546
OG0001412	Syaq.g_01062	Syaf.g_02401
OG0001413	Syaq.g_02051	Syaf.g_02267
OG0001416	Syaq.g_00303	Syaf.g_01250
OG0001417	Syaq.g_02502	Syaf.g_01887
OG0001420	Syaq.g_01833	Syaf.g_02664
OG0001428	Syaq.g_01396	Syaf.g_00804
OG0001432	Syaq.g_01862	Syaf.g_01492
OG0001433	Syaq.g_00128	Syaf.g_01398
OG0001435	Syaq.g_02265	Syaf.g_02107
OG0001436	Syaq.g_00966	Syaf.g_00331
OG0001436	Syaq.g_00967	Syaf.g_00332
OG0001438	Syaq.g_00778	Syaf.g_00259
OG0001439	Syaq.g_00863	Syaf.g_00283
OG0001441	Syaq.g_01822	Syaf.g_02673
OG0001442	Syaq.g_02322	Syaf.g_02066
OG0001443	Syaq.g_01236	Syaf.g_00621
OG0001444	Syaq.g_01508	Syaf.g_00924
OG0001444	Syaq.g_01042	Syaf.g_00401
OG0001447	Syaq.g_01456	Syaf.g_00866
OG0001448	Syaq.g_01873	Syaf.g_00612
OG0001449	Syaq.g_00698	Syaf.g_00182
OG0001452	Syaq.g_00723	Syaf.g_00204
OG0001453	Syaq.g_02522	Syaf.g_01909
OG0001454	Syaq.g_01917	Syaf.g_02263
OG0001456	Syaq.g_01196	Syaf.g_00561
OG0001457	Syaq.g_01195	Syaf.g_00560
OG0001458	Syaq.g_01194	Syaf.g_00559
OG0001460	Syaq.g_00129	Syaf.g_01399
OG0001461	Syaq.g_02163	Syaf.g_01633
OG0001462	Syaq.g_01108	Syaf.g_00455
OG0001465	Syaq.g_02704	Syaf.g_02000
OG0001467	Syaq.g_00354	Syaf.g_02280
OG0001470	Syaq.g_00903	Syaf.g_01206
OG0001471	Syaq.g_00859	Syaf.g_00276
OG0001473	Syaq.g_02134	Syaf.g_02282
OG0001474	Syaq.g_00552	Syaf.g_00016
OG0001475	Syaq.g_00905	Syaf.g_01204
OG0001476	Syaq.g_00111, Syaq.g_02188, Syaq.g_02195, Syaq.g_00233	Syaf.g_01302
OG0001477	Syaq.g_02599	Syaf.g_01457
OG0001478	Syaq.g_00457	Syaf.g_02516
OG0001479	Syaq.g_00555	Syaf.g_00019
OG0001480	Syaq.g_02121	Syaf.g_01334
OG0001482	Syaq.g_02512	Syaf.g_01897
OG0001484	Syaq.g_02628	Syaf.g_00570
OG0001487	Syaq.g_00422	Syaf.g_02472
OG0001488	Syaq.g_00224	Syaf.g_01311
OG0001489	Syaq.g_00591, Syaq.g_02565	Syaf.g_00078
OG0001492	Syaq.g_00158	Syaf.g_01565
OG0001493	Syaq.g_00150	Syaf.g_01555
OG0001495	Syaq.g_00659	Syaf.g_00145
OG0001496	Syaq.g_02596	Syaf.g_01459
OG0001497	Syaq.g_02598	Syaf.g_01458
OG0001498	Syaq.g_00528	Syaf.g_02806
OG0001502	Syaq.g_02407	Syaf.g_01341
OG0001508	Syaq.g_00902	Syaf.g_01207
OG0001510	Syaq.g_01034	Syaf.g_00394
OG0001511	Syaq.g_01478	Syaf.g_00894
OG0001512	Syaq.g_01583	Syaf.g_02784
OG0001513	Syaq.g_00998	Syaf.g_00361
OG0001514	Syaq.g_02595	Syaf.g_01460
OG0001515	Syaq.g_02585	Syaf.g_01472
OG0001516	Syaq.g_02243	Syaf.g_02133
OG0001517	Syaq.g_00558	Syaf.g_00022
OG0001518	Syaq.g_01244	Syaf.g_00632
OG0001519	Syaq.g_01234	Syaf.g_00619
OG0001520	Syaq.g_01953	Syaf.g_02600
OG0001527	Syaq.g_01946	Syaf.g_02609
OG0001528	Syaq.g_00904	Syaf.g_01205
OG0001529	Syaq.g_01102	Syaf.g_00448
OG0001530	Syaq.g_01480	Syaf.g_00896
OG0001531	Syaq.g_01584	Syaf.g_02783
OG0001532	Syaq.g_00195	Syaf.g_01595
OG0001533	Syaq.g_00470	Syaf.g_02533
OG0001533	Syaq.g_00508	Syaf.g_02543
OG0001534	Syaq.g_00048	Syaf.g_01951
OG0001535	Syaq.g_00065	Syaf.g_01931
OG0001536	Syaq.g_02480	Syaf.g_01856
OG0001537	Syaq.g_02301	Syaf.g_02086
OG0001538	Syaq.g_02345	Syaf.g_02044
OG0001539	Syaq.g_02261	Syaf.g_02111
OG0001540	Syaq.g_01452	Syaf.g_00862
OG0001541	Syaq.g_01387	Syaf.g_00795
OG0001542	Syaq.g_01379	Syaf.g_00785
OG0001544	Syaq.g_01235	Syaf.g_00620
OG0001545	Syaq.g_01185	Syaf.g_00534
OG0001546	Syaq.g_01825	Syaf.g_02670
OG0001547	Syaq.g_02422	Syaf.g_01777
OG0001549	Syaq.g_02416	Syaf.g_01326
OG0001551	Syaq.g_02572	Syaf.g_01403
OG0001554	Syaq.g_01266	Syaf.g_00648
OG0001556	Syaq.g_00202, Syaq.g_02654	Syaf.g_01604
OG0001557	Syaq.g_02308	Syaf.g_02080
OG0001558	Syaq.g_01130	Syaf.g_00478
OG0001559	Syaq.g_01481	Syaf.g_00897
OG0001560	Syaq.g_01494	Syaf.g_00911
OG0001561	Syaq.g_00059	Syaf.g_01937
OG0001562	Syaq.g_00073	Syaf.g_01923
OG0001563	Syaq.g_00608	Syaf.g_00094
OG0001564	Syaq.g_02158	Syaf.g_00565
OG0001567	Syaq.g_02421	Syaf.g_01776
OG0001568	Syaq.g_02424	Syaf.g_01779
OG0001570	Syaq.g_02417	Syaf.g_00978
OG0001574	Syaq.g_01944	Syaf.g_02611
OG0001575	Syaq.g_01949	Syaf.g_02606
OG0001576	Syaq.g_00326	Syaf.g_02545
OG0001577	Syaq.g_00254	Syaf.g_01284
OG0001580	Syaq.g_01275	Syaf.g_00662
OG0001588	Syaq.g_00974	Syaf.g_00343
OG0001590	Syaq.g_02076	Syaf.g_02316
OG0001591	Syaq.g_02254	Syaf.g_02122
OG0001592	Syaq.g_01274	Syaf.g_00661
OG0001602	Syaq.g_02705	Syaf.g_02001
OG0001614	Syaq.g_01020	Syaf.g_00380
OG0001615	Syaq.g_02404	Syaf.g_01364
OG0001615	Syaq.g_01923	Syaf.g_01117, Syaf.g_02632
OG0001616	Syaq.g_00208	Syaf.g_01610
OG0001617	Syaq.g_02593	Syaf.g_01465
OG0001618	Syaq.g_00036, Syaq.g_00005, Syaq.g_00786	Syaf.g_01969
OG0001619	Syaq.g_02469	Syaf.g_01845
OG0001620	Syaq.g_00546	Syaf.g_00010
OG0001621	Syaq.g_00724	Syaf.g_00205
OG0001622	Syaq.g_01176	Syaf.g_00525
OG0001623	Syaq.g_00571	Syaf.g_00035
OG0001624	Syaq.g_02116	Syaf.g_00613
OG0001625	Syaq.g_00730	Syaf.g_00211
OG0001634	Syaq.g_02249	Syaf.g_02127
OG0001636	Syaq.g_01109	Syaf.g_00456
OG0001637	Syaq.g_01603	Syaf.g_01162
OG0001638	Syaq.g_01660	Syaf.g_01021
OG0001639	Syaq.g_01738	Syaf.g_01108
OG0001640	Syaq.g_02695	Syaf.g_01408
OG0001641	Syaq.g_02520	Syaf.g_01907
OG0001642	Syaq.g_02411	Syaf.g_01336
OG0001643	Syaq.g_02087	Syaf.g_02305
OG0001646	Syaq.g_01883	Syaf.g_02246
OG0001647	Syaq.g_00753	Syaf.g_00234
OG0001652	Syaq.g_01132	Syaf.g_00480
OG0001653	Syaq.g_01505	Syaf.g_00921, Syaf.g_00507
OG0001654	Syaq.g_01736	Syaf.g_01110
OG0001657	Syaq.g_01413	Syaf.g_00822
OG0001658	Syaq.g_01265	Syaf.g_00647
OG0001659	Syaq.g_00199	Syaf.g_01602
OG0001671	Syaq.g_01316	Syaf.g_00721
OG0001672	Syaq.g_01545	Syaf.g_00949
OG0001673	Syaq.g_01569	Syaf.g_02792
OG0001675	Syaq.g_02535	Syaf.g_01921
OG0001677	Syaq.g_00578	Syaf.g_01597
OG0001678	Syaq.g_00691	Syaf.g_00174
OG0001679	Syaq.g_02436	Syaf.g_02602, Syaf.g_02601
OG0001682	Syaq.g_00034	Syaf.g_02264, Syaf.g_01972
OG0001692	Syaq.g_00366	Syaf.g_02408
OG0001693	Syaq.g_02678	Syaf.g_01443
OG0001694	Syaq.g_00765	Syaf.g_00246
OG0001695	Syaq.g_01191	Syaf.g_00540
OG0001700	Syaq.g_02420	Syaf.g_02162, Syaf.g_02178
OG0001702	Syaq.g_01523	Syaf.g_00930
OG0001703	Syaq.g_01765	Syaf.g_02731
OG0001713	Syaq.g_00232	Syaf.g_01303
OG0001715	Syaq.g_01875	Syaf.g_02249
OG0001716	Syaq.g_02409, Syaq.g_01334	Syaf.g_01339
OG0001726	Syaq.g_02419	Syaf.g_01751
OG0001729	Syaq.g_01589	Syaf.g_02780
OG0001730	Syaq.g_01591	Syaf.g_02777
OG0001731	Syaq.g_01717	Syaf.g_01089
OG0001732	Syaq.g_00173	Syaf.g_01580
OG0001733	Syaq.g_02256	Syaf.g_02119
OG0001735	Syaq.g_02236	Syaf.g_00506
OG0001736	Syaq.g_00952	Syaf.g_00318
OG0001737	Syaq.g_00843	Syaf.g_00265
OG0001738	Syaq.g_00879	Syaf.g_00298
OG0001739	Syaq.g_01192	Syaf.g_00542
OG0001740	Syaq.g_01188	Syaf.g_00537
OG0001747	Syaq.g_01432	Syaf.g_00841
OG0001748	Syaq.g_01314	Syaf.g_00719
OG0001749	Syaq.g_00959	Syaf.g_00322
OG0001750	Syaq.g_01507	Syaf.g_00923
OG0001751	Syaq.g_01568	Syaf.g_02793, Syaf.g_01781
OG0001752	Syaq.g_01593	Syaf.g_01153
OG0001753	Syaq.g_00080, Syaq.g_00238	Syaf.g_01159
OG0001754	Syaq.g_01598	Syaf.g_01160, Syaf.g_00677
OG0001755	Syaq.g_01817	Syaf.g_02679
OG0001761	Syaq.g_02021	Syaf.g_02366
OG0001762	Syaq.g_02528	Syaf.g_01914
OG0001763	Syaq.g_02515	Syaf.g_01901
OG0001764	Syaq.g_02427	Syaf.g_01784
OG0001765	Syaq.g_02655	Syaf.g_01121, Syaf.g_01644
OG0001766	Syaq.g_00854	Syaf.g_00271
OG0001767	Syaq.g_00965	Syaf.g_00330
OG0001768	Syaq.g_01373	Syaf.g_00778
OG0001770	Syaq.g_02165	Syaf.g_01631
OG0001783	Syaq.g_01025	Syaf.g_00385
OG0001784	Syaq.g_01512	Syaf.g_00929
OG0001785	Syaq.g_01602	Syaf.g_01161
OG0001786	Syaq.g_01698	Syaf.g_01071
OG0001787	Syaq.g_01837	Syaf.g_02655
OG0001788	Syaq.g_01840	Syaf.g_02652
OG0001789	Syaq.g_00296	Syaf.g_01255
OG0001790	Syaq.g_00260	Syaf.g_01279
OG0001791	Syaq.g_00231	Syaf.g_01304
OG0001792	Syaq.g_00165	Syaf.g_01572
OG0001794	Syaq.g_00051	Syaf.g_01944
OG0001796	Syaq.g_00071	Syaf.g_01925
OG0001797	Syaq.g_02461	Syaf.g_01817
OG0001798	Syaq.g_02064	Syaf.g_02333
OG0001799	Syaq.g_02103	Syaf.g_02294
OG0001800	Syaq.g_00346	Syaf.g_02386
OG0001801	Syaq.g_00356	Syaf.g_02394
OG0001803	Syaq.g_00495	Syaf.g_01225
OG0001804	Syaq.g_00527	Syaf.g_02805
OG0001805	Syaq.g_00719	Syaf.g_00195
OG0001806	Syaq.g_00752	Syaf.g_00233
OG0001807	Syaq.g_00968	Syaf.g_00334
OG0001808	Syaq.g_00979	Syaf.g_00347
OG0001809	Syaq.g_01441	Syaf.g_00967
OG0001810	Syaq.g_01439	Syaf.g_00849
OG0001811	Syaq.g_01381	Syaf.g_00788
OG0001812	Syaq.g_01273	Syaf.g_00660
OG0001813	Syaq.g_01230	Syaf.g_00607
OG0001814	Syaq.g_01166	Syaf.g_00516
OG0001815	Syaq.g_01155	Syaf.g_00503
OG0001816	Syaq.g_02258	Syaf.g_02117
OG0001817	Syaq.g_00076	Syaf.g_02239, Syaf.g_01533
OG0001837	Syaq.g_01315	Syaf.g_00720
OG0001838	Syaq.g_01142	Syaf.g_00490
OG0001839	Syaq.g_01113	Syaf.g_00460
OG0001840	Syaq.g_01096	Syaf.g_00442
OG0001841	Syaq.g_01087	Syaf.g_00435
OG0001843	Syaq.g_01019	Syaf.g_00379
OG0001844	Syaq.g_01018	Syaf.g_00378
OG0001845	Syaq.g_01017	Syaf.g_00377
OG0001846	Syaq.g_01464	Syaf.g_00873
OG0001847	Syaq.g_01465	Syaf.g_00875
OG0001848	Syaq.g_01469	Syaf.g_00879
OG0001849	Syaq.g_01529	Syaf.g_00936
OG0001850	Syaq.g_01542	Syaf.g_00947
OG0001851	Syaq.g_01549	Syaf.g_00953
OG0001852	Syaq.g_01550	Syaf.g_00954
OG0001853	Syaq.g_01557	Syaf.g_00961
OG0001854	Syaq.g_01578	Syaf.g_02788
OG0001856	Syaq.g_01694	Syaf.g_01059
OG0001857	Syaq.g_01697	Syaf.g_01062
OG0001858	Syaq.g_01722	Syaf.g_01096
OG0001859	Syaq.g_01753	Syaf.g_02743
OG0001860	Syaq.g_01767	Syaf.g_02729
OG0001861	Syaq.g_01779	Syaf.g_02714
OG0001862	Syaq.g_01791	Syaf.g_02703
OG0001863	Syaq.g_01797	Syaf.g_02698
OG0001864	Syaq.g_01850	Syaf.g_02644
OG0001865	Syaq.g_01980	Syaf.g_02572
OG0001866	Syaq.g_02004	Syaf.g_02549
OG0001867	Syaq.g_02019	Syaf.g_02368
OG0001868	Syaq.g_00302	Syaf.g_01251
OG0001869	Syaq.g_00255	Syaf.g_01283
OG0001870	Syaq.g_00246	Syaf.g_01291
OG0001871	Syaq.g_00240	Syaf.g_01297
OG0001872	Syaq.g_00160	Syaf.g_01566
OG0001873	Syaq.g_00207	Syaf.g_01609
OG0001874	Syaq.g_00210	Syaf.g_01612
OG0001877	Syaq.g_02586	Syaf.g_01471
OG0001878	Syaq.g_02532	Syaf.g_01918
OG0001879	Syaq.g_02525	Syaf.g_01912
OG0001880	Syaq.g_02489	Syaf.g_01866
OG0001881	Syaq.g_02488	Syaf.g_01864
OG0001882	Syaq.g_02464	Syaf.g_01840
OG0001883	Syaq.g_02455	Syaf.g_01816
OG0001884	Syaq.g_01869	Syaf.g_01807
OG0001885	Syaq.g_02432	Syaf.g_01789
OG0001886	Syaq.g_02428	Syaf.g_01785
OG0001887	Syaq.g_02279	Syaf.g_02095
OG0001888	Syaq.g_02314	Syaf.g_02073
OG0001889	Syaq.g_02355	Syaf.g_02033
OG0001890	Syaq.g_02396	Syaf.g_01370
OG0001891	Syaq.g_02402	Syaf.g_01366
OG0001892	Syaq.g_02119	Syaf.g_01333
OG0001893	Syaq.g_02065	Syaf.g_02332
OG0001894	Syaq.g_02081	Syaf.g_02311
OG0001895	Syaq.g_00351	Syaf.g_02390
OG0001896	Syaq.g_00511	Syaf.g_01220
OG0001897	Syaq.g_00549	Syaf.g_00013
OG0001898	Syaq.g_00566	Syaf.g_00029
OG0001899	Syaq.g_00619	Syaf.g_00105
OG0001900	Syaq.g_00737	Syaf.g_00218
OG0001901	Syaq.g_00738	Syaf.g_00219
OG0001902	Syaq.g_00770	Syaf.g_00251
OG0001903	Syaq.g_00779	Syaf.g_00260
OG0001904	Syaq.g_00970	Syaf.g_00336
OG0001905	Syaq.g_00982	Syaf.g_00349
OG0001906	Syaq.g_01451	Syaf.g_00861
OG0001907	Syaq.g_01433	Syaf.g_00844
OG0001908	Syaq.g_01385	Syaf.g_00793
OG0001909	Syaq.g_01375	Syaf.g_00780
OG0001910	Syaq.g_01311	Syaf.g_00715
OG0001912	Syaq.g_01252	Syaf.g_00638
OG0001913	Syaq.g_01250	Syaf.g_00636
OG0001914	Syaq.g_02168	Syaf.g_01621
OG0001915	Syaq.g_01158	Syaf.g_00509
OG0001916	Syaq.g_01790	Syaf.g_02704
OG0001917	Syaq.g_00063	Syaf.g_01932
OG0001924	Syaq.g_02038	Syaf.g_02355
OG0001925	Syaq.g_02037	Syaf.g_02356
OG0001926	Syaq.g_02036	Syaf.g_02357
OG0001927	Syaq.g_02035	Syaf.g_02362
OG0001929	Syaq.g_01080	Syaf.g_00428
OG0001932	Syaq.g_01021	Syaf.g_00381
OG0001933	Syaq.g_01484	Syaf.g_00900
OG0001934	Syaq.g_01498	Syaf.g_00915
OG0001935	Syaq.g_01552	Syaf.g_00956
OG0001937	Syaq.g_01709	Syaf.g_01081
OG0001938	Syaq.g_01769	Syaf.g_02727
OG0001939	Syaq.g_02112	Syaf.g_01475
OG0001940	Syaq.g_01966	Syaf.g_02585
OG0001941	Syaq.g_00307	Syaf.g_01246
OG0001942	Syaq.g_01278	Syaf.g_01514, Syaf.g_01513
OG0001944	Syaq.g_02418	Syaf.g_01498
OG0001946	Syaq.g_02587	Syaf.g_01470
OG0001947	Syaq.g_02697	Syaf.g_01406
OG0001948	Syaq.g_02517	Syaf.g_01903
OG0001949	Syaq.g_02498	Syaf.g_01882
OG0001950	Syaq.g_02496	Syaf.g_01880
OG0001951	Syaq.g_02487	Syaf.g_01863
OG0001952	Syaq.g_02463	Syaf.g_01839
OG0001953	Syaq.g_02462	Syaf.g_01838
OG0001954	Syaq.g_02716	Syaf.g_01746
OG0001957	Syaq.g_02070	Syaf.g_02327
OG0001958	Syaq.g_02238	Syaf.g_02138
OG0001961	Syaq.g_00447	Syaf.g_02503
OG0001964	Syaq.g_00678	Syaf.g_00161
OG0001966	Syaq.g_00732	Syaf.g_00213
OG0001967	Syaq.g_00734	Syaf.g_00215
OG0001968	Syaq.g_00735	Syaf.g_00216
OG0001969	Syaq.g_00861	Syaf.g_00278
OG0001970	Syaq.g_01449	Syaf.g_00859
OG0001971	Syaq.g_01377	Syaf.g_00782
OG0001972	Syaq.g_01297	Syaf.g_00703
OG0001974	Syaq.g_01268	Syaf.g_00650
OG0001975	Syaq.g_02169	Syaf.g_01620
OG0001976	Syaq.g_02167	Syaf.g_01622
OG0001979	Syaq.g_02581	Syaf.g_01474
OG0001980	Syaq.g_00565	Syaf.g_00033
OG0001981	Syaq.g_02143	Syaf.g_00750, Syaf.g_00744, Syaf.g_02227
OG0001990	Syaq.g_01187	Syaf.g_00536
OG0001991	Syaq.g_00123	Syaf.g_02163
OG0001993	Syaq.g_02040	Syaf.g_02353
OG0001994	Syaq.g_02039	Syaf.g_02354
OG0001996	Syaq.g_01116	Syaf.g_00464
OG0001997	Syaq.g_01509	Syaf.g_00925
OG0001999	Syaq.g_01624	Syaf.g_01184
OG0002000	Syaq.g_01818	Syaf.g_02677
OG0002002	Syaq.g_00161	Syaf.g_01567
OG0002004	Syaq.g_01894	Syaf.g_02764
OG0002006	Syaq.g_02698	Syaf.g_01405
OG0002007	Syaq.g_02699	Syaf.g_01404
OG0002008	Syaq.g_02530	Syaf.g_01916
OG0002009	Syaq.g_02303	Syaf.g_02084
OG0002010	Syaq.g_00404	Syaf.g_02454
OG0002011	Syaq.g_00521, Syaq.g_01903	Syaf.g_02799
OG0002012	Syaq.g_01913	Syaf.g_01756
OG0002013	Syaq.g_01537	Syaf.g_00341
OG0002014	Syaq.g_00947, Syaq.g_00958	Syaf.g_00328
OG0002015	Syaq.g_00961	Syaf.g_00327
OG0002016	Syaq.g_01317	Syaf.g_00722
OG0002018	Syaq.g_01189	Syaf.g_00538
OG0002029	Syaq.g_02609, Syaq.g_02652	Syaf.g_01511
OG0002038	Syaq.g_00237	Syaf.g_01299
OG0002039	Syaq.g_00223	Syaf.g_01312
OG0002040	Syaq.g_00222	Syaf.g_01313
OG0002041	Syaq.g_02513	Syaf.g_01898
OG0002042	Syaq.g_02492	Syaf.g_01869
OG0002043	Syaq.g_02440	Syaf.g_01800
OG0002044	Syaq.g_02378	Syaf.g_01390
OG0002045	Syaq.g_00449	Syaf.g_02506
OG0002046	Syaq.g_00452	Syaf.g_02511, Syaf.g_02510
OG0002047	Syaq.g_00532	Syaf.g_02809
OG0002048	Syaq.g_00583	Syaf.g_00072
OG0002049	Syaq.g_00668	Syaf.g_00153
OG0002050	Syaq.g_00743	Syaf.g_00224
OG0002051	Syaq.g_01388	Syaf.g_00796
OG0002053	Syaq.g_02548	Syaf.g_02170
OG0002056	Syaq.g_00780	Syaf.g_00261
OG0002113	Syaq.g_01112	Syaf.g_00459
OG0002115	Syaq.g_01680	Syaf.g_01045
OG0002116	Syaq.g_01704	Syaf.g_01076
OG0002118	Syaq.g_00170	Syaf.g_01577
OG0002119	Syaq.g_01329	Syaf.g_00727
OG0002120	Syaq.g_02714	Syaf.g_01744
OG0002121	Syaq.g_01890	Syaf.g_02230
OG0002123	Syaq.g_00028	Syaf.g_01978
OG0002124	Syaq.g_02406	Syaf.g_01342
OG0002126	Syaq.g_00960	Syaf.g_00323
OG0002128	Syaq.g_02211	Syaf.g_01619
OG0002129	Syaq.g_00388	Syaf.g_02430
OG0002130	Syaq.g_00295	Syaf.g_01256
OG0002134	Syaq.g_01011	Syaf.g_00371
OG0002135	Syaq.g_01645	Syaf.g_01003
OG0002136	Syaq.g_01646	Syaf.g_01004
OG0002138	Syaq.g_02128	Syaf.g_01476
OG0002139	Syaq.g_00145	Syaf.g_01550
OG0002142	Syaq.g_00357	Syaf.g_02395
OG0002143	Syaq.g_00524	Syaf.g_02802
OG0002144	Syaq.g_00661	Syaf.g_00147
OG0002159	Syaq.g_01041	Syaf.g_00400, Syaf.g_00943
OG0002160	Syaq.g_02573	Syaf.g_01485
OG0002162	Syaq.g_01959	Syaf.g_02592
OG0002163	Syaq.g_01238	Syaf.g_00623
OG0002167	Syaq.g_01536	Syaf.g_02647
OG0002168	Syaq.g_02696	Syaf.g_01407
OG0002169	Syaq.g_00533	Syaf.g_02810
OG0002171	Syaq.g_00956	Syaf.g_00320
OG0002174	Syaq.g_01219	Syaf.g_00598
OG0002179	Syaq.g_00985	Syaf.g_00352
OG0002180	Syaq.g_00771	Syaf.g_00252
OG0002181	Syaq.g_00740	Syaf.g_00221
OG0002182	Syaq.g_00722	Syaf.g_00203
OG0002183	Syaq.g_01527	Syaf.g_00934
OG0002184	Syaq.g_01531	Syaf.g_00937
OG0002185	Syaq.g_01541	Syaf.g_00946
OG0002186	Syaq.g_01647	Syaf.g_01005
OG0002187	Syaq.g_01648	Syaf.g_01006
OG0002188	Syaq.g_01677	Syaf.g_01042
OG0002189	Syaq.g_01678	Syaf.g_01043
OG0002190	Syaq.g_01718	Syaf.g_01090
OG0002191	Syaq.g_00507	Syaf.g_01212
OG0002192	Syaq.g_00221	Syaf.g_01315
OG0002193	Syaq.g_02571	Syaf.g_01491, Syaf.g_01824
OG0002194	Syaq.g_00149	Syaf.g_01554
OG0002195	Syaq.g_02274	Syaf.g_02098
OG0002196	Syaq.g_02326	Syaf.g_02062
OG0002197	Syaq.g_02519	Syaf.g_01906
OG0002198	Syaq.g_02106	Syaf.g_02290
OG0002199	Syaq.g_02101	Syaf.g_02295
OG0002200	Syaq.g_00373	Syaf.g_02416
OG0002201	Syaq.g_02002	Syaf.g_02551
OG0002202	Syaq.g_02001	Syaf.g_02552
OG0002203	Syaq.g_02000	Syaf.g_02553
OG0002204	Syaq.g_01982	Syaf.g_02570
OG0002205	Syaq.g_01964	Syaf.g_02587
OG0002206	Syaq.g_01952	Syaf.g_02603
OG0002207	Syaq.g_01942	Syaf.g_02613
OG0002208	Syaq.g_01766	Syaf.g_02730
OG0002209	Syaq.g_00551	Syaf.g_00015
OG0002210	Syaq.g_00574	Syaf.g_00064
OG0002211	Syaq.g_00615	Syaf.g_00101
OG0002212	Syaq.g_01276	Syaf.g_00663
OG0002213	Syaq.g_01272	Syaf.g_00658
OG0002214	Syaq.g_01173	Syaf.g_00522
OG0002230	Syaq.g_00916	Syaf.g_01208
OG0002231	Syaq.g_00286	Syaf.g_01265
OG0002233	Syaq.g_02109	Syaf.g_02002
OG0002236	Syaq.g_02225	Syaf.g_01641
OG0002237	Syaq.g_02075	Syaf.g_02317
OG0002241	Syaq.g_00453	Syaf.g_02512
OG0002242	Syaq.g_00957	Syaf.g_00321
OG0002243	Syaq.g_01280	Syaf.g_00667
OG0002245	Syaq.g_00522	Syaf.g_02800
OG0002247	Syaq.g_01957	Syaf.g_02594
OG0002248	Syaq.g_02591	Syaf.g_01466
OG0002250	Syaq.g_01526	Syaf.g_00933
OG0002251	Syaq.g_01721	Syaf.g_01094
OG0002252	Syaq.g_01629	Syaf.g_01189, Syaf.g_01190
OG0002253	Syaq.g_00285	Syaf.g_01266
OG0002254	Syaq.g_00050	Syaf.g_01949
OG0002255	Syaq.g_02505	Syaf.g_01890
OG0002257	Syaq.g_02136	Syaf.g_02266
OG0002258	Syaq.g_01981	Syaf.g_02571
OG0002259	Syaq.g_01842	Syaf.g_02650
OG0002260	Syaq.g_00144	Syaf.g_01549
OG0002279	Syaq.g_01485	Syaf.g_00901
OG0002281	Syaq.g_01965	Syaf.g_02586
OG0002287	Syaq.g_00963	Syaf.g_00326
OG0002289	Syaq.g_00455	Syaf.g_02514
OG0002296	Syaq.g_00399	Syaf.g_02449
OG0002297	Syaq.g_01854	Syaf.g_01493
OG0002298	Syaq.g_02501	Syaf.g_01886
OG0002299	Syaq.g_02465	Syaf.g_01841
OG0002300	Syaq.g_01864	Syaf.g_01749
OG0002301	Syaq.g_01888	Syaf.g_02326
OG0002302	Syaq.g_01751	Syaf.g_02745
OG0002303	Syaq.g_00523	Syaf.g_02801
OG0002305	Syaq.g_01482	Syaf.g_00898
OG0002306	Syaq.g_01210	Syaf.g_00551
OG0002309	Syaq.g_02384	Syaf.g_01382
OG0002328	Syaq.g_01504	Syaf.g_00920
OG0002330	Syaq.g_02597	Syaf.g_01624
OG0002331	Syaq.g_00339	Syaf.g_02003
OG0002337	Syaq.g_00755	Syaf.g_00236
OG0002338	Syaq.g_00964	Syaf.g_00329
OG0002339	Syaq.g_00973	Syaf.g_00342
OG0002343	Syaq.g_00713	Syaf.g_00189
OG0002351	Syaq.g_00860	Syaf.g_00277
OG0002352	Syaq.g_00235	Syaf.g_01300
OG0002353	Syaq.g_02352	Syaf.g_02036
OG0002354	Syaq.g_02486	Syaf.g_01862
OG0002356	Syaq.g_00467, Syaq.g_02630	Syaf.g_02529
OG0002357	Syaq.g_02133	Syaf.g_00595
OG0002358	Syaq.g_00503	Syaf.g_01211
OG0002359	Syaq.g_00407	Syaf.g_02457
OG0002360	Syaq.g_02684	Syaf.g_02206, Syaf.g_02205
OG0002388	Syaq.g_00461	Syaf.g_02525
OG0002396	Syaq.g_00642	Syaf.g_00128
OG0002401	Syaq.g_00234	Syaf.g_01301
OG0002403	Syaq.g_00172	Syaf.g_01579
OG0002405	Syaq.g_02435	Syaf.g_01797
OG0002406	Syaq.g_01886	Syaf.g_02236
OG0002407	Syaq.g_02139	Syaf.g_01668
OG0002408	Syaq.g_01876	Syaf.g_02261
OG0002409	Syaq.g_01223	Syaf.g_00602
OG0002410	Syaq.g_01180	Syaf.g_02248
OG0002411	Syaq.g_02375	Syaf.g_01393
OG0002446	Syaq.g_02537	Syaf.g_01825
OG0002449	Syaq.g_01190	Syaf.g_00539
OG0002458	Syaq.g_02157	Syaf.g_00564
OG0002459	Syaq.g_02159	Syaf.g_00566
OG0002460	Syaq.g_02160	Syaf.g_00567
OG0002464	Syaq.g_01544	Syaf.g_00948
OG0002466	Syaq.g_01599	Syaf.g_01158
OG0002468	Syaq.g_00147	Syaf.g_01552
OG0002469	Syaq.g_00168	Syaf.g_01575
OG0002471	Syaq.g_02137	Syaf.g_01718
OG0002474	Syaq.g_00663	Syaf.g_00148
OG0002475	Syaq.g_00406	Syaf.g_02456
OG0002476	Syaq.g_00025	Syaf.g_01670
OG0002498	Syaq.g_00510	Syaf.g_00395
OG0002519	Syaq.g_00989	Syaf.g_00356
OG0002521	Syaq.g_01684	Syaf.g_01049
OG0002526	Syaq.g_02140	Syaf.g_01728
OG0002529	Syaq.g_01905	Syaf.g_01719
OG0002533	Syaq.g_01926	Syaf.g_02629
OG0002537	Syaq.g_02102	Syaf.g_00774
OG0002538	Syaq.g_01353	Syaf.g_00757
OG0002540	Syaq.g_02156	Syaf.g_00563
OG0002541	Syaq.g_00575	Syaf.g_00065
OG0002542	Syaq.g_02374	Syaf.g_01222
OG0002543	Syaq.g_01249	Syaf.g_01518
OG0002568	Syaq.g_01988	Syaf.g_00973
OG0002574	Syaq.g_00460	Syaf.g_02524
OG0002575	Syaq.g_00462	Syaf.g_02526
OG0002576	Syaq.g_00463	Syaf.g_02527
OG0002589	Syaq.g_00104, Syaq.g_02717	Syaf.g_02154
OG0002595	Syaq.g_01921	Syaf.g_01488
OG0002597	Syaq.g_01632	Syaf.g_01753
OG0002606	Syaq.g_02155	Syaf.g_00562
OG0002608	Syaq.g_02600	Syaf.g_01456
OG0002609	Syaq.g_02405	Syaf.g_01363
OG0002611	Syaq.g_00987	Syaf.g_02171, Syaf.g_00354
OG0002639	Syaq.g_01600	Syaf.g_00783
OG0002643	Syaq.g_00106	Syaf.g_01985
OG0002667	Syaq.g_00086	Syaf.g_02254
OG0002671	Syaq.g_01666	Syaf.g_01027
OG0002674	Syaq.g_00589	Syaf.g_00076
OG0002675	Syaq.g_00664	Syaf.g_00149
OG0002676	Syaq.g_01186	Syaf.g_00535
OG0002684	Syaq.g_01340	Syaf.g_00618
OG0002685	Syaq.g_00078	Syaf.g_01699
OG0002737	Syaq.g_01623	Syaf.g_01183
OG0002747	Syaq.g_02062	Syaf.g_02335
OG0002748	Syaq.g_00330	Syaf.g_02548
OG0002799	Syaq.g_01924	Syaf.g_01347
OG0002868	Syaq.g_01346	Syaf.g_00610
OG0002869	Syaq.g_02403	Syaf.g_01365
OG0002870	Syaq.g_01538	Syaf.g_00340
OG0002874	Syaq.g_02176	Syaf.g_02435
OG0002875	Syaq.g_02175	Syaf.g_02436
OG0002876	Syaq.g_02173	Syaf.g_02438
OG0002877	Syaq.g_02171	Syaf.g_02440
OG0002878	Syaq.g_02170	Syaf.g_02441
OG0002879	Syaq.g_02291	Syaf.g_01673
OG0002910	Syaq.g_00505	Syaf.g_01871
OG0002931	Syaq.g_02718	Syaf.g_02155
OG0002953	Syaq.g_01859	Syaf.g_01064
OG0002961	Syaq.g_01902	Syaf.g_01614
OG0002991	Syaq.g_02174	Syaf.g_02437
OG0002992	Syaq.g_02172	Syaf.g_02439
OG0002994	Syaq.g_01882	Syaf.g_01349
OG0003119	Syaq.g_02024	Syaf.g_02364
OG0003127	Syaq.g_00081	Syaf.g_02199
OG0003131	Syaq.g_02053	Syaf.g_02342
OG0003144	Syaq.g_01511	Syaf.g_00928
OG0003147	Syaq.g_02208	Syaf.g_01831
OG0003545	Syaq.g_01035	Syaf.g_02214
OG0003831	Syaq.g_02737	Syaf.g_02491
OG0003878	Syaq.g_00084	Syaf.g_02208
OG0003880	Syaq.g_02052	Syaf.g_02343
OG0003881	Syaq.g_02050	Syaf.g_02345
OG0003882	Syaq.g_02049	Syaf.g_02346
OG0003924	Syaq.g_00667	Syaf.g_00152
OG0004390	Syaq.g_00244	Syaf.g_01389
