Orthogroup	Prbj	Prar
OG0000000	Prbj.g_00164	Prar.g_00729
OG0000000	Prbj.g_00166	Prar.g_01204, Prar.g_00730
OG0000001	Prbj.g_02517	Prar.g_00918
OG0000001	Prbj.g_00030	Prar.g_01508
OG0000002	Prbj.g_00169, Prbj.g_00672, Prbj.g_01549, Prbj.g_02662, Prbj.g_02690	Prar.g_00926
OG0000004	Prbj.g_00165	Prar.g_00973, Prar.g_00727
OG0000005	Prbj.g_00697, Prbj.g_00073	Prar.g_01630
OG0000008	Prbj.g_01610	Prar.g_01328
OG0000008	Prbj.g_00857	Prar.g_01143
OG0000009	Prbj.g_00789, Prbj.g_00208, Prbj.g_02698, Prbj.g_00201, Prbj.g_00790, Prbj.g_02533	Prar.g_00931
OG0000010	Prbj.g_01349	Prar.g_01663, Prar.g_00078
OG0000011	Prbj.g_00378	Prar.g_00436
OG0000013	Prbj.g_01300, Prbj.g_00618	Prar.g_00737, Prar.g_00223
OG0000014	Prbj.g_01442	Prar.g_00281
OG0000015	Prbj.g_02509	Prar.g_00468
OG0000015	Prbj.g_00666	Prar.g_00257
OG0000016	Prbj.g_02502	Prar.g_01179
OG0000018	Prbj.g_01769, Prbj.g_01761	Prar.g_01428
OG0000020	Prbj.g_00740, Prbj.g_00778	Prar.g_00915
OG0000021	Prbj.g_00638	Prar.g_00589
OG0000022	Prbj.g_02699	Prar.g_00086
OG0000023	Prbj.g_01774	Prar.g_00425
OG0000024	Prbj.g_00731	Prar.g_00979
OG0000025	Prbj.g_00773	Prar.g_01634
OG0000027	Prbj.g_00928	Prar.g_01502
OG0000028	Prbj.g_00929	Prar.g_01185
OG0000031	Prbj.g_01808, Prbj.g_00001, Prbj.g_02010	Prar.g_00660
OG0000032	Prbj.g_01208	Prar.g_00004, Prar.g_00005, Prar.g_01189
OG0000034	Prbj.g_01056	Prar.g_00339
OG0000036	Prbj.g_00046	Prar.g_01187
OG0000038	Prbj.g_01522, Prbj.g_01527	Prar.g_00879
OG0000040	Prbj.g_00897	Prar.g_00978
OG0000041	Prbj.g_02552	Prar.g_01453
OG0000045	Prbj.g_01789	Prar.g_01414
OG0000046	Prbj.g_00050, Prbj.g_01572	Prar.g_01649
OG0000047	Prbj.g_00971	Prar.g_01263
OG0000049	Prbj.g_01467	Prar.g_00870, Prar.g_00362
OG0000050	Prbj.g_00912, Prbj.g_00521	Prar.g_00161
OG0000051	Prbj.g_02392	Prar.g_00420
OG0000053	Prbj.g_00913, Prbj.g_02178	Prar.g_01599
OG0000054	Prbj.g_00869	Prar.g_01150
OG0000055	Prbj.g_01598	Prar.g_00592, Prar.g_00653
OG0000056	Prbj.g_01204	Prar.g_00007
OG0000057	Prbj.g_00530	Prar.g_00170, Prar.g_01569
OG0000058	Prbj.g_00875	Prar.g_00431
OG0000059	Prbj.g_02141	Prar.g_01369
OG0000061	Prbj.g_01324	Prar.g_01644
OG0000062	Prbj.g_02437	Prar.g_01706
OG0000063	Prbj.g_00227	Prar.g_01307
OG0000066	Prbj.g_00128	Prar.g_00525
OG0000067	Prbj.g_00758	Prar.g_01528
OG0000070	Prbj.g_01838	Prar.g_01904
OG0000071	Prbj.g_01915	Prar.g_01003
OG0000072	Prbj.g_01728	Prar.g_00955
OG0000074	Prbj.g_01465	Prar.g_00880
OG0000075	Prbj.g_00415, Prbj.g_00981	Prar.g_01027
OG0000076	Prbj.g_01468	Prar.g_00886
OG0000077	Prbj.g_02085	Prar.g_00027
OG0000078	Prbj.g_01460	Prar.g_00265
OG0000079	Prbj.g_02004	Prar.g_00444
OG0000080	Prbj.g_00824	Prar.g_01499
OG0000081	Prbj.g_00933	Prar.g_01521
OG0000082	Prbj.g_02419	Prar.g_01691
OG0000084	Prbj.g_02268	Prar.g_01833
OG0000085	Prbj.g_02066	Prar.g_01953
OG0000086	Prbj.g_01990	Prar.g_01296
OG0000090	Prbj.g_01464	Prar.g_00872
OG0000091	Prbj.g_01072	Prar.g_00839
OG0000092	Prbj.g_01678	Prar.g_01166
OG0000093	Prbj.g_01029	Prar.g_01090
OG0000094	Prbj.g_00985	Prar.g_01030
OG0000095	Prbj.g_01500	Prar.g_00627
OG0000096	Prbj.g_01218	Prar.g_00696
OG0000098	Prbj.g_02076	Prar.g_00035
OG0000099	Prbj.g_01195	Prar.g_00015
OG0000101	Prbj.g_01921	Prar.g_00570
OG0000102	Prbj.g_01551	Prar.g_00215
OG0000103	Prbj.g_01566	Prar.g_00207
OG0000104	Prbj.g_01547	Prar.g_00189
OG0000105	Prbj.g_00517	Prar.g_00157
OG0000106	Prbj.g_01138	Prar.g_00143
OG0000107	Prbj.g_01157	Prar.g_00135
OG0000108	Prbj.g_01167	Prar.g_00125
OG0000109	Prbj.g_02614	Prar.g_00088
OG0000110	Prbj.g_01352	Prar.g_00076
OG0000111	Prbj.g_01397	Prar.g_00313
OG0000112	Prbj.g_01410	Prar.g_00303
OG0000113	Prbj.g_01426	Prar.g_00290
OG0000114	Prbj.g_01480	Prar.g_00262
OG0000115	Prbj.g_00129	Prar.g_00524
OG0000116	Prbj.g_00127	Prar.g_00526
OG0000117	Prbj.g_01630	Prar.g_00530
OG0000118	Prbj.g_01608	Prar.g_01330
OG0000119	Prbj.g_02125	Prar.g_01362
OG0000120	Prbj.g_02127	Prar.g_01363
OG0000121	Prbj.g_02668	Prar.g_01373
OG0000122	Prbj.g_01866	Prar.g_01382
OG0000123	Prbj.g_01790	Prar.g_01413
OG0000124	Prbj.g_00792	Prar.g_01481
OG0000125	Prbj.g_00793	Prar.g_01482
OG0000126	Prbj.g_00794	Prar.g_01483
OG0000127	Prbj.g_00429	Prar.g_01516
OG0000128	Prbj.g_02181	Prar.g_01601
OG0000129	Prbj.g_02314	Prar.g_01621
OG0000130	Prbj.g_00023	Prar.g_01668
OG0000131	Prbj.g_02410	Prar.g_01682
OG0000132	Prbj.g_02474	Prar.g_01717
OG0000133	Prbj.g_02382	Prar.g_01792
OG0000134	Prbj.g_02388	Prar.g_01801
OG0000135	Prbj.g_02260	Prar.g_01837
OG0000136	Prbj.g_01841	Prar.g_01901
OG0000137	Prbj.g_01992	Prar.g_01293
OG0000139	Prbj.g_00843	Prar.g_01257
OG0000140	Prbj.g_00020	Prar.g_01206
OG0000141	Prbj.g_01848	Prar.g_00376
OG0000142	Prbj.g_01742	Prar.g_00943
OG0000143	Prbj.g_01639	Prar.g_00911
OG0000144	Prbj.g_01040	Prar.g_00352
OG0000145	Prbj.g_01057	Prar.g_00338
OG0000146	Prbj.g_00656	Prar.g_00810
OG0000147	Prbj.g_00882	Prar.g_00770
OG0000148	Prbj.g_00881	Prar.g_00769
OG0000149	Prbj.g_00863	Prar.g_01145
OG0000150	Prbj.g_00461	Prar.g_01959
OG0000151	Prbj.g_00458	Prar.g_01956, Prar.g_00595
OG0000152	Prbj.g_00425	Prar.g_01119
OG0000153	Prbj.g_01024	Prar.g_01068
OG0000154	Prbj.g_00987	Prar.g_01032
OG0000155	Prbj.g_00400	Prar.g_01015
OG0000156	Prbj.g_01516	Prar.g_00638
OG0000157	Prbj.g_01280	Prar.g_00669
OG0000158	Prbj.g_02047	Prar.g_00055
OG0000160	Prbj.g_02074	Prar.g_00037
OG0000161	Prbj.g_02075	Prar.g_00036
OG0000162	Prbj.g_02077	Prar.g_00034
OG0000163	Prbj.g_02078	Prar.g_00033
OG0000164	Prbj.g_02079	Prar.g_00032
OG0000165	Prbj.g_02080	Prar.g_00031
OG0000166	Prbj.g_02082	Prar.g_00030
OG0000167	Prbj.g_02083	Prar.g_00029
OG0000168	Prbj.g_02084	Prar.g_00028
OG0000169	Prbj.g_02086	Prar.g_00026
OG0000170	Prbj.g_01182	Prar.g_00024
OG0000171	Prbj.g_01183	Prar.g_00023
OG0000172	Prbj.g_01188	Prar.g_00022
OG0000173	Prbj.g_01189	Prar.g_00021
OG0000174	Prbj.g_01190	Prar.g_00020
OG0000175	Prbj.g_01191	Prar.g_00019
OG0000176	Prbj.g_01192	Prar.g_00018
OG0000177	Prbj.g_01193	Prar.g_00017
OG0000178	Prbj.g_01194	Prar.g_00016
OG0000179	Prbj.g_01196	Prar.g_00014
OG0000180	Prbj.g_01197	Prar.g_00013
OG0000181	Prbj.g_01198	Prar.g_00012
OG0000182	Prbj.g_01199	Prar.g_00011
OG0000183	Prbj.g_01200	Prar.g_00010
OG0000184	Prbj.g_01202	Prar.g_00009
OG0000185	Prbj.g_01207	Prar.g_00006
OG0000186	Prbj.g_01212	Prar.g_00002
OG0000187	Prbj.g_01213	Prar.g_00001
OG0000188	Prbj.g_01214	Prar.g_00594
OG0000189	Prbj.g_01215	Prar.g_00580
OG0000190	Prbj.g_01217	Prar.g_00578
OG0000191	Prbj.g_01953	Prar.g_00577
OG0000192	Prbj.g_01951	Prar.g_00576
OG0000193	Prbj.g_01950	Prar.g_00574
OG0000194	Prbj.g_01943	Prar.g_00573
OG0000195	Prbj.g_01936	Prar.g_00572
OG0000196	Prbj.g_01928	Prar.g_00571
OG0000197	Prbj.g_01920	Prar.g_00569
OG0000198	Prbj.g_01919	Prar.g_00568
OG0000199	Prbj.g_01918	Prar.g_00567
OG0000200	Prbj.g_00558	Prar.g_00554
OG0000201	Prbj.g_00560	Prar.g_00553
OG0000202	Prbj.g_00561	Prar.g_00552
OG0000203	Prbj.g_00564	Prar.g_00549
OG0000204	Prbj.g_00565	Prar.g_00548
OG0000205	Prbj.g_00569	Prar.g_00255
OG0000206	Prbj.g_00571	Prar.g_00253
OG0000207	Prbj.g_00575	Prar.g_00251
OG0000208	Prbj.g_00576	Prar.g_00250
OG0000209	Prbj.g_00047	Prar.g_00249
OG0000210	Prbj.g_00577	Prar.g_00248
OG0000211	Prbj.g_00580	Prar.g_00247
OG0000212	Prbj.g_00581	Prar.g_00246
OG0000213	Prbj.g_00582	Prar.g_00245
OG0000214	Prbj.g_00583	Prar.g_00244
OG0000215	Prbj.g_00584	Prar.g_00243
OG0000216	Prbj.g_00585	Prar.g_00242
OG0000217	Prbj.g_00589	Prar.g_00240
OG0000218	Prbj.g_00590	Prar.g_00239
OG0000219	Prbj.g_00596	Prar.g_00238
OG0000220	Prbj.g_00600	Prar.g_00237
OG0000221	Prbj.g_00605	Prar.g_00234
OG0000222	Prbj.g_00606	Prar.g_00233
OG0000223	Prbj.g_00607	Prar.g_00232
OG0000224	Prbj.g_00609	Prar.g_00231
OG0000225	Prbj.g_00610	Prar.g_00230
OG0000226	Prbj.g_00611	Prar.g_00229
OG0000227	Prbj.g_00613	Prar.g_00228
OG0000228	Prbj.g_00614	Prar.g_00227
OG0000229	Prbj.g_00615	Prar.g_00226
OG0000230	Prbj.g_00616	Prar.g_00225
OG0000231	Prbj.g_00617	Prar.g_00224
OG0000232	Prbj.g_00619	Prar.g_00222
OG0000233	Prbj.g_00620	Prar.g_00221
OG0000234	Prbj.g_00621	Prar.g_00220
OG0000235	Prbj.g_00624	Prar.g_00219
OG0000236	Prbj.g_00628	Prar.g_00218
OG0000237	Prbj.g_00630	Prar.g_00217
OG0000238	Prbj.g_01550	Prar.g_00216
OG0000239	Prbj.g_01552	Prar.g_00214
OG0000240	Prbj.g_01554	Prar.g_00213
OG0000241	Prbj.g_01556	Prar.g_00212
OG0000242	Prbj.g_01557	Prar.g_00211
OG0000243	Prbj.g_01562	Prar.g_00208
OG0000244	Prbj.g_01567	Prar.g_00206
OG0000245	Prbj.g_01568	Prar.g_00205
OG0000246	Prbj.g_01569	Prar.g_00204
OG0000247	Prbj.g_01530	Prar.g_00201
OG0000248	Prbj.g_01532	Prar.g_00199
OG0000249	Prbj.g_01535	Prar.g_00198
OG0000250	Prbj.g_01537	Prar.g_00197
OG0000251	Prbj.g_01538	Prar.g_00196
OG0000252	Prbj.g_01539	Prar.g_00195
OG0000253	Prbj.g_01540	Prar.g_00194
OG0000254	Prbj.g_01542	Prar.g_00192
OG0000255	Prbj.g_01543	Prar.g_00191
OG0000256	Prbj.g_01548	Prar.g_00188
OG0000257	Prbj.g_00545	Prar.g_00186
OG0000258	Prbj.g_00543	Prar.g_00182
OG0000259	Prbj.g_00542	Prar.g_00181
OG0000260	Prbj.g_00541	Prar.g_00180
OG0000261	Prbj.g_00540	Prar.g_00179
OG0000262	Prbj.g_00539	Prar.g_00178
OG0000263	Prbj.g_00537	Prar.g_00176
OG0000264	Prbj.g_00536	Prar.g_00175
OG0000265	Prbj.g_00535	Prar.g_00174
OG0000266	Prbj.g_00534	Prar.g_00173
OG0000267	Prbj.g_00533	Prar.g_00172
OG0000268	Prbj.g_00531	Prar.g_00171
OG0000269	Prbj.g_00529	Prar.g_00169
OG0000270	Prbj.g_00528	Prar.g_00168
OG0000271	Prbj.g_00527	Prar.g_00167
OG0000272	Prbj.g_00526	Prar.g_00166
OG0000273	Prbj.g_00525	Prar.g_00165
OG0000274	Prbj.g_00524	Prar.g_00164
OG0000275	Prbj.g_00523	Prar.g_00163
OG0000276	Prbj.g_00522	Prar.g_00162
OG0000277	Prbj.g_00520	Prar.g_00160
OG0000278	Prbj.g_00519	Prar.g_00159
OG0000279	Prbj.g_00518	Prar.g_00158
OG0000280	Prbj.g_00516	Prar.g_00156
OG0000281	Prbj.g_00515	Prar.g_00154
OG0000282	Prbj.g_00514	Prar.g_00153
OG0000283	Prbj.g_00513	Prar.g_00152
OG0000284	Prbj.g_00512	Prar.g_00151
OG0000285	Prbj.g_00511	Prar.g_00150
OG0000286	Prbj.g_00510	Prar.g_00149
OG0000287	Prbj.g_00509	Prar.g_00148
OG0000288	Prbj.g_02369	Prar.g_00146
OG0000289	Prbj.g_01135	Prar.g_00145
OG0000290	Prbj.g_01137	Prar.g_00144
OG0000291	Prbj.g_01141	Prar.g_00142
OG0000292	Prbj.g_01143	Prar.g_00141
OG0000293	Prbj.g_01146	Prar.g_00140
OG0000294	Prbj.g_01148	Prar.g_00139
OG0000295	Prbj.g_01151	Prar.g_00138
OG0000296	Prbj.g_01152	Prar.g_00137
OG0000297	Prbj.g_01155	Prar.g_00136
OG0000298	Prbj.g_01158	Prar.g_00134
OG0000299	Prbj.g_01159	Prar.g_00133
OG0000300	Prbj.g_01160	Prar.g_00132
OG0000301	Prbj.g_01161	Prar.g_00131
OG0000302	Prbj.g_01162	Prar.g_00130
OG0000303	Prbj.g_01163	Prar.g_00129
OG0000304	Prbj.g_01165	Prar.g_00127
OG0000305	Prbj.g_01166	Prar.g_00126
OG0000306	Prbj.g_01173	Prar.g_00123
OG0000307	Prbj.g_01174	Prar.g_00122
OG0000308	Prbj.g_00289	Prar.g_00121
OG0000309	Prbj.g_00288	Prar.g_00120
OG0000310	Prbj.g_00287	Prar.g_00119
OG0000311	Prbj.g_00234	Prar.g_00118
OG0000312	Prbj.g_00235	Prar.g_00117
OG0000313	Prbj.g_00237	Prar.g_00116
OG0000314	Prbj.g_00238	Prar.g_00115
OG0000315	Prbj.g_00240	Prar.g_00114
OG0000316	Prbj.g_00250	Prar.g_00113
OG0000317	Prbj.g_00251	Prar.g_00112
OG0000318	Prbj.g_00252	Prar.g_00111
OG0000319	Prbj.g_00258	Prar.g_00110
OG0000320	Prbj.g_00259	Prar.g_00109
OG0000321	Prbj.g_00262	Prar.g_00108
OG0000322	Prbj.g_00263	Prar.g_00107
OG0000323	Prbj.g_00264	Prar.g_00106
OG0000324	Prbj.g_00265	Prar.g_00105
OG0000325	Prbj.g_00266	Prar.g_00104
OG0000326	Prbj.g_00267	Prar.g_00103
OG0000327	Prbj.g_00268	Prar.g_00102
OG0000328	Prbj.g_00270	Prar.g_00101
OG0000329	Prbj.g_00271	Prar.g_00100
OG0000330	Prbj.g_00272	Prar.g_00099
OG0000331	Prbj.g_00181	Prar.g_00098
OG0000332	Prbj.g_01775	Prar.g_00097
OG0000333	Prbj.g_01776	Prar.g_00096
OG0000334	Prbj.g_01777	Prar.g_00095
OG0000335	Prbj.g_00177	Prar.g_00094
OG0000336	Prbj.g_00176	Prar.g_00092
OG0000337	Prbj.g_02608	Prar.g_00091
OG0000338	Prbj.g_02615	Prar.g_00087
OG0000339	Prbj.g_02661	Prar.g_00085
OG0000340	Prbj.g_01341	Prar.g_00083
OG0000341	Prbj.g_01342	Prar.g_00082
OG0000342	Prbj.g_01343	Prar.g_00081
OG0000343	Prbj.g_01345	Prar.g_00080
OG0000344	Prbj.g_01350	Prar.g_00077
OG0000345	Prbj.g_01359	Prar.g_00334
OG0000346	Prbj.g_01360	Prar.g_00333
OG0000347	Prbj.g_01362	Prar.g_00330
OG0000348	Prbj.g_01364	Prar.g_00328
OG0000349	Prbj.g_01366	Prar.g_00327
OG0000350	Prbj.g_01372	Prar.g_00325
OG0000351	Prbj.g_00180	Prar.g_00324
OG0000352	Prbj.g_01385	Prar.g_00323
OG0000353	Prbj.g_01386	Prar.g_00322
OG0000354	Prbj.g_01388	Prar.g_00321
OG0000355	Prbj.g_01389	Prar.g_00320
OG0000356	Prbj.g_01390	Prar.g_00319
OG0000357	Prbj.g_01391	Prar.g_00318
OG0000358	Prbj.g_01392	Prar.g_00317
OG0000359	Prbj.g_01394	Prar.g_00316
OG0000360	Prbj.g_01399	Prar.g_00312
OG0000361	Prbj.g_01400	Prar.g_00311
OG0000362	Prbj.g_01401	Prar.g_00310
OG0000363	Prbj.g_01403	Prar.g_00309
OG0000364	Prbj.g_01408	Prar.g_00305
OG0000365	Prbj.g_01409	Prar.g_00304
OG0000366	Prbj.g_01411	Prar.g_00302
OG0000367	Prbj.g_01413	Prar.g_00301
OG0000368	Prbj.g_01414	Prar.g_00300
OG0000369	Prbj.g_01415	Prar.g_00299
OG0000370	Prbj.g_01416	Prar.g_00298
OG0000371	Prbj.g_01417	Prar.g_00297
OG0000372	Prbj.g_01418	Prar.g_00296
OG0000373	Prbj.g_01419	Prar.g_00295
OG0000374	Prbj.g_01422	Prar.g_00293
OG0000375	Prbj.g_01423	Prar.g_00292
OG0000376	Prbj.g_01427	Prar.g_00289
OG0000377	Prbj.g_01430	Prar.g_00288
OG0000378	Prbj.g_01431	Prar.g_00287
OG0000379	Prbj.g_01432	Prar.g_00286
OG0000380	Prbj.g_01437	Prar.g_00285
OG0000381	Prbj.g_01438	Prar.g_00284
OG0000382	Prbj.g_01439	Prar.g_00283
OG0000383	Prbj.g_01441	Prar.g_00282
OG0000384	Prbj.g_01444	Prar.g_00279
OG0000385	Prbj.g_01445	Prar.g_00278
OG0000386	Prbj.g_01446	Prar.g_00277
OG0000387	Prbj.g_01448	Prar.g_00276
OG0000388	Prbj.g_01449	Prar.g_00275
OG0000389	Prbj.g_01450	Prar.g_00274
OG0000390	Prbj.g_01451	Prar.g_00273
OG0000391	Prbj.g_01452	Prar.g_00272
OG0000392	Prbj.g_01453	Prar.g_00271
OG0000393	Prbj.g_01454	Prar.g_00270
OG0000394	Prbj.g_01455	Prar.g_00269
OG0000395	Prbj.g_01456	Prar.g_00268
OG0000396	Prbj.g_01459	Prar.g_00266
OG0000397	Prbj.g_01469	Prar.g_00264
OG0000398	Prbj.g_01471	Prar.g_00263
OG0000399	Prbj.g_00359	Prar.g_00260
OG0000400	Prbj.g_00352	Prar.g_00259
OG0000401	Prbj.g_00351	Prar.g_00258
OG0000402	Prbj.g_00341	Prar.g_00394
OG0000403	Prbj.g_00339	Prar.g_00395
OG0000404	Prbj.g_00338	Prar.g_00396
OG0000405	Prbj.g_00336	Prar.g_00398
OG0000406	Prbj.g_00331	Prar.g_00401
OG0000407	Prbj.g_00330	Prar.g_00402
OG0000408	Prbj.g_00324	Prar.g_00405
OG0000409	Prbj.g_00323	Prar.g_00406
OG0000410	Prbj.g_00322	Prar.g_00407
OG0000411	Prbj.g_00321	Prar.g_00408
OG0000412	Prbj.g_00320	Prar.g_00409
OG0000413	Prbj.g_00319	Prar.g_00410
OG0000414	Prbj.g_00318	Prar.g_00411
OG0000415	Prbj.g_00317	Prar.g_00412
OG0000416	Prbj.g_00063	Prar.g_00415
OG0000417	Prbj.g_00064	Prar.g_00416
OG0000418	Prbj.g_00067	Prar.g_00417
OG0000419	Prbj.g_00068	Prar.g_00418
OG0000420	Prbj.g_02500	Prar.g_00419
OG0000421	Prbj.g_00563	Prar.g_00432
OG0000422	Prbj.g_00874	Prar.g_00440
OG0000423	Prbj.g_00689	Prar.g_00441
OG0000424	Prbj.g_02659	Prar.g_00446
OG0000425	Prbj.g_00076	Prar.g_00479
OG0000426	Prbj.g_00077	Prar.g_00480
OG0000427	Prbj.g_00089	Prar.g_00481
OG0000428	Prbj.g_00099	Prar.g_00483
OG0000429	Prbj.g_00100	Prar.g_00484
OG0000430	Prbj.g_00102	Prar.g_00486
OG0000431	Prbj.g_00103	Prar.g_00487
OG0000432	Prbj.g_00104	Prar.g_00488
OG0000433	Prbj.g_00105	Prar.g_00489
OG0000434	Prbj.g_00107	Prar.g_00490
OG0000435	Prbj.g_00108	Prar.g_00491
OG0000436	Prbj.g_00109	Prar.g_00492
OG0000437	Prbj.g_00110	Prar.g_00493
OG0000438	Prbj.g_00111	Prar.g_00494
OG0000439	Prbj.g_00112	Prar.g_00495
OG0000440	Prbj.g_00113	Prar.g_00496
OG0000441	Prbj.g_00117	Prar.g_00497
OG0000442	Prbj.g_00118	Prar.g_00498
OG0000443	Prbj.g_00119	Prar.g_00499
OG0000444	Prbj.g_00120	Prar.g_00500
OG0000445	Prbj.g_01894	Prar.g_00501
OG0000446	Prbj.g_01892	Prar.g_00503
OG0000447	Prbj.g_01891	Prar.g_00504
OG0000448	Prbj.g_01888	Prar.g_00506
OG0000449	Prbj.g_00152	Prar.g_00510
OG0000450	Prbj.g_00151	Prar.g_00511
OG0000451	Prbj.g_00148	Prar.g_00512
OG0000452	Prbj.g_00136	Prar.g_00513
OG0000453	Prbj.g_00134	Prar.g_00514
OG0000454	Prbj.g_00132	Prar.g_00521
OG0000455	Prbj.g_00130	Prar.g_00523
OG0000456	Prbj.g_01638	Prar.g_00527
OG0000457	Prbj.g_01635	Prar.g_00528
OG0000458	Prbj.g_01631	Prar.g_00529
OG0000459	Prbj.g_01629	Prar.g_00531
OG0000460	Prbj.g_01627	Prar.g_00533
OG0000461	Prbj.g_01626	Prar.g_00534
OG0000462	Prbj.g_01625	Prar.g_00535
OG0000463	Prbj.g_01622	Prar.g_00537
OG0000464	Prbj.g_01620	Prar.g_00538
OG0000465	Prbj.g_01619	Prar.g_00539
OG0000466	Prbj.g_01618	Prar.g_00540
OG0000467	Prbj.g_01617	Prar.g_00541
OG0000468	Prbj.g_01616	Prar.g_00542
OG0000469	Prbj.g_01615	Prar.g_00543
OG0000470	Prbj.g_01614	Prar.g_00544
OG0000471	Prbj.g_01613	Prar.g_00545
OG0000472	Prbj.g_01605	Prar.g_01331
OG0000473	Prbj.g_02088	Prar.g_01332
OG0000474	Prbj.g_02089	Prar.g_01333
OG0000475	Prbj.g_02090	Prar.g_01334
OG0000476	Prbj.g_02093	Prar.g_01336
OG0000477	Prbj.g_02094	Prar.g_01337
OG0000478	Prbj.g_02095	Prar.g_01338
OG0000479	Prbj.g_02096	Prar.g_01339
OG0000480	Prbj.g_02097	Prar.g_01341
OG0000481	Prbj.g_02098	Prar.g_01343
OG0000482	Prbj.g_02099	Prar.g_01344
OG0000483	Prbj.g_02101	Prar.g_01345
OG0000484	Prbj.g_02102	Prar.g_01346
OG0000485	Prbj.g_02103	Prar.g_01347
OG0000486	Prbj.g_02108	Prar.g_01348
OG0000487	Prbj.g_02113	Prar.g_01353
OG0000488	Prbj.g_02114	Prar.g_01355
OG0000489	Prbj.g_02115	Prar.g_01356
OG0000490	Prbj.g_02117	Prar.g_01357
OG0000491	Prbj.g_02118	Prar.g_01358
OG0000492	Prbj.g_02123	Prar.g_01359
OG0000493	Prbj.g_01116	Prar.g_01360
OG0000494	Prbj.g_00765	Prar.g_01361
OG0000495	Prbj.g_02128	Prar.g_01364
OG0000496	Prbj.g_02130	Prar.g_01365
OG0000497	Prbj.g_02132	Prar.g_01366
OG0000498	Prbj.g_02133	Prar.g_01367
OG0000499	Prbj.g_02139	Prar.g_01368
OG0000500	Prbj.g_02142	Prar.g_01370
OG0000501	Prbj.g_02144	Prar.g_01371
OG0000502	Prbj.g_02146	Prar.g_01372
OG0000503	Prbj.g_02666	Prar.g_01374
OG0000504	Prbj.g_01858	Prar.g_01375
OG0000505	Prbj.g_01859	Prar.g_01376
OG0000506	Prbj.g_01861	Prar.g_01377
OG0000507	Prbj.g_01862	Prar.g_01378
OG0000508	Prbj.g_01863	Prar.g_01379
OG0000509	Prbj.g_01864	Prar.g_01380
OG0000510	Prbj.g_01865	Prar.g_01381
OG0000511	Prbj.g_01867	Prar.g_01383
OG0000512	Prbj.g_01868	Prar.g_01384
OG0000513	Prbj.g_01869	Prar.g_01385
OG0000514	Prbj.g_01870	Prar.g_01386
OG0000515	Prbj.g_01871	Prar.g_01387
OG0000516	Prbj.g_01872	Prar.g_01388
OG0000517	Prbj.g_01874	Prar.g_01390
OG0000518	Prbj.g_01875	Prar.g_01391
OG0000519	Prbj.g_01877	Prar.g_01392
OG0000520	Prbj.g_01879	Prar.g_01393
OG0000521	Prbj.g_01880	Prar.g_01394
OG0000522	Prbj.g_01881	Prar.g_01395
OG0000523	Prbj.g_01882	Prar.g_01396
OG0000524	Prbj.g_01883	Prar.g_01397
OG0000525	Prbj.g_01885	Prar.g_01398
OG0000526	Prbj.g_01807	Prar.g_01399
OG0000527	Prbj.g_01806	Prar.g_01400
OG0000528	Prbj.g_01805	Prar.g_01401
OG0000529	Prbj.g_01803	Prar.g_01402
OG0000530	Prbj.g_01802	Prar.g_01403
OG0000531	Prbj.g_01801	Prar.g_01404
OG0000532	Prbj.g_01800	Prar.g_01405
OG0000533	Prbj.g_01796	Prar.g_01407
OG0000534	Prbj.g_01795	Prar.g_01408
OG0000535	Prbj.g_01794	Prar.g_01409
OG0000536	Prbj.g_01793	Prar.g_01410
OG0000537	Prbj.g_01792	Prar.g_01411
OG0000538	Prbj.g_01791	Prar.g_01412
OG0000539	Prbj.g_01787	Prar.g_01415
OG0000540	Prbj.g_01786	Prar.g_01416
OG0000541	Prbj.g_01785	Prar.g_01417
OG0000542	Prbj.g_01781	Prar.g_01420
OG0000543	Prbj.g_01780	Prar.g_01422
OG0000544	Prbj.g_01779	Prar.g_01423
OG0000545	Prbj.g_01778	Prar.g_01424
OG0000546	Prbj.g_01772	Prar.g_01425
OG0000547	Prbj.g_01771	Prar.g_01426
OG0000548	Prbj.g_01770	Prar.g_01427
OG0000549	Prbj.g_01768	Prar.g_01429
OG0000550	Prbj.g_01767	Prar.g_01430
OG0000551	Prbj.g_01766	Prar.g_01431
OG0000552	Prbj.g_01765	Prar.g_01432
OG0000553	Prbj.g_01764	Prar.g_01433
OG0000554	Prbj.g_01763	Prar.g_01434
OG0000555	Prbj.g_01760	Prar.g_01435
OG0000556	Prbj.g_01758	Prar.g_01436
OG0000557	Prbj.g_01757	Prar.g_01437
OG0000558	Prbj.g_01756	Prar.g_01438
OG0000559	Prbj.g_01755	Prar.g_01439
OG0000560	Prbj.g_01754	Prar.g_01440
OG0000561	Prbj.g_01753	Prar.g_01441
OG0000562	Prbj.g_01752	Prar.g_01442
OG0000563	Prbj.g_01750	Prar.g_01443
OG0000564	Prbj.g_01748	Prar.g_01444
OG0000565	Prbj.g_02544	Prar.g_01445
OG0000566	Prbj.g_02545	Prar.g_01446
OG0000567	Prbj.g_02546	Prar.g_01447
OG0000568	Prbj.g_02547	Prar.g_01448
OG0000569	Prbj.g_02550	Prar.g_01451
OG0000570	Prbj.g_02551	Prar.g_01452
OG0000571	Prbj.g_02553	Prar.g_01454
OG0000572	Prbj.g_02558	Prar.g_01455
OG0000573	Prbj.g_02559	Prar.g_01456
OG0000574	Prbj.g_02560	Prar.g_01457
OG0000575	Prbj.g_02563	Prar.g_01458
OG0000576	Prbj.g_02565	Prar.g_01459
OG0000577	Prbj.g_02566	Prar.g_01460
OG0000578	Prbj.g_02568	Prar.g_01461
OG0000579	Prbj.g_02569	Prar.g_01462
OG0000580	Prbj.g_02570	Prar.g_01463
OG0000581	Prbj.g_02571	Prar.g_01464
OG0000582	Prbj.g_02573	Prar.g_01465
OG0000583	Prbj.g_02574	Prar.g_01466
OG0000584	Prbj.g_02576	Prar.g_01468
OG0000585	Prbj.g_02577	Prar.g_01469
OG0000586	Prbj.g_02579	Prar.g_01470
OG0000587	Prbj.g_02580	Prar.g_01471
OG0000588	Prbj.g_02581	Prar.g_01472
OG0000589	Prbj.g_02589	Prar.g_01473
OG0000590	Prbj.g_02590	Prar.g_01474
OG0000591	Prbj.g_02591	Prar.g_01475
OG0000592	Prbj.g_02592	Prar.g_01476
OG0000593	Prbj.g_02593	Prar.g_01477
OG0000594	Prbj.g_02596	Prar.g_01478
OG0000595	Prbj.g_02597	Prar.g_01479
OG0000596	Prbj.g_02598	Prar.g_01480
OG0000597	Prbj.g_00803	Prar.g_01484
OG0000598	Prbj.g_00804	Prar.g_01485
OG0000599	Prbj.g_00805	Prar.g_01486
OG0000600	Prbj.g_00806	Prar.g_01487
OG0000601	Prbj.g_00807	Prar.g_01488
OG0000602	Prbj.g_00809	Prar.g_01489
OG0000603	Prbj.g_00812	Prar.g_01490
OG0000604	Prbj.g_00813	Prar.g_01491
OG0000605	Prbj.g_00815	Prar.g_01492
OG0000606	Prbj.g_00816	Prar.g_01493
OG0000607	Prbj.g_00818	Prar.g_01494
OG0000608	Prbj.g_00819	Prar.g_01495
OG0000609	Prbj.g_00821	Prar.g_01497
OG0000610	Prbj.g_00822	Prar.g_01498
OG0000611	Prbj.g_00825	Prar.g_01500
OG0000612	Prbj.g_02707	Prar.g_01501
OG0000613	Prbj.g_01466	Prar.g_01503
OG0000614	Prbj.g_00184	Prar.g_01509
OG0000615	Prbj.g_00760	Prar.g_01510
OG0000616	Prbj.g_00248	Prar.g_01511
OG0000617	Prbj.g_02453	Prar.g_01513
OG0000618	Prbj.g_02636	Prar.g_01514
OG0000619	Prbj.g_00943	Prar.g_01515
OG0000620	Prbj.g_00921	Prar.g_01517
OG0000621	Prbj.g_00927	Prar.g_01518
OG0000622	Prbj.g_00931	Prar.g_01519
OG0000623	Prbj.g_00932	Prar.g_01520
OG0000624	Prbj.g_00946	Prar.g_01522
OG0000625	Prbj.g_00947	Prar.g_01523
OG0000626	Prbj.g_00948	Prar.g_01524
OG0000627	Prbj.g_00754	Prar.g_01525
OG0000628	Prbj.g_00755	Prar.g_01526
OG0000629	Prbj.g_00757	Prar.g_01527
OG0000630	Prbj.g_00759	Prar.g_01529
OG0000631	Prbj.g_02373	Prar.g_01530
OG0000632	Prbj.g_02057	Prar.g_01534
OG0000633	Prbj.g_00168	Prar.g_01535
OG0000634	Prbj.g_02180	Prar.g_01600
OG0000635	Prbj.g_02182	Prar.g_01602
OG0000636	Prbj.g_02183	Prar.g_01603
OG0000637	Prbj.g_02184	Prar.g_01605
OG0000638	Prbj.g_02185	Prar.g_01606
OG0000639	Prbj.g_02186	Prar.g_01607
OG0000640	Prbj.g_02187	Prar.g_01608
OG0000641	Prbj.g_02189	Prar.g_01609
OG0000642	Prbj.g_02190	Prar.g_01610
OG0000643	Prbj.g_02191	Prar.g_01611
OG0000644	Prbj.g_02193	Prar.g_01613
OG0000645	Prbj.g_02194	Prar.g_01614
OG0000646	Prbj.g_02195	Prar.g_01615
OG0000647	Prbj.g_02196	Prar.g_01616
OG0000648	Prbj.g_02320	Prar.g_01617
OG0000649	Prbj.g_02319	Prar.g_01618
OG0000650	Prbj.g_02316	Prar.g_01619
OG0000651	Prbj.g_02315	Prar.g_01620
OG0000652	Prbj.g_02312	Prar.g_01622
OG0000653	Prbj.g_02463	Prar.g_01636
OG0000654	Prbj.g_01884	Prar.g_01638
OG0000656	Prbj.g_01607	Prar.g_01651
OG0000657	Prbj.g_02276	Prar.g_01652
OG0000658	Prbj.g_02277	Prar.g_01653
OG0000659	Prbj.g_02278	Prar.g_01654
OG0000660	Prbj.g_00347	Prar.g_01661
OG0000661	Prbj.g_01337	Prar.g_01670
OG0000662	Prbj.g_02311	Prar.g_01672
OG0000663	Prbj.g_02306	Prar.g_01675
OG0000664	Prbj.g_02305	Prar.g_01676
OG0000665	Prbj.g_02304	Prar.g_01677
OG0000666	Prbj.g_02406	Prar.g_01678
OG0000667	Prbj.g_02407	Prar.g_01679
OG0000668	Prbj.g_02408	Prar.g_01680
OG0000669	Prbj.g_02409	Prar.g_01681
OG0000670	Prbj.g_02411	Prar.g_01683
OG0000671	Prbj.g_02412	Prar.g_01684
OG0000672	Prbj.g_02413	Prar.g_01685
OG0000673	Prbj.g_02414	Prar.g_01686
OG0000674	Prbj.g_02415	Prar.g_01687
OG0000675	Prbj.g_02416	Prar.g_01688
OG0000676	Prbj.g_02418	Prar.g_01690
OG0000677	Prbj.g_02420	Prar.g_01692
OG0000678	Prbj.g_02421	Prar.g_01693
OG0000679	Prbj.g_02422	Prar.g_01694
OG0000680	Prbj.g_02423	Prar.g_01695
OG0000681	Prbj.g_02424	Prar.g_01696
OG0000682	Prbj.g_02425	Prar.g_01697
OG0000683	Prbj.g_02427	Prar.g_01698
OG0000684	Prbj.g_02430	Prar.g_01699
OG0000685	Prbj.g_02431	Prar.g_01700
OG0000686	Prbj.g_02432	Prar.g_01701
OG0000687	Prbj.g_02433	Prar.g_01702
OG0000688	Prbj.g_02434	Prar.g_01703
OG0000689	Prbj.g_02435	Prar.g_01704
OG0000690	Prbj.g_02436	Prar.g_01705
OG0000691	Prbj.g_02438	Prar.g_01707
OG0000692	Prbj.g_02439	Prar.g_01708
OG0000693	Prbj.g_02440	Prar.g_01709
OG0000694	Prbj.g_02441	Prar.g_01710
OG0000695	Prbj.g_02442	Prar.g_01711
OG0000696	Prbj.g_02443	Prar.g_01712
OG0000697	Prbj.g_02470	Prar.g_01714
OG0000698	Prbj.g_02471	Prar.g_01715
OG0000699	Prbj.g_02475	Prar.g_01718
OG0000700	Prbj.g_02476	Prar.g_01719
OG0000701	Prbj.g_02478	Prar.g_01720
OG0000702	Prbj.g_02479	Prar.g_01721
OG0000703	Prbj.g_02480	Prar.g_01722
OG0000704	Prbj.g_02481	Prar.g_01723
OG0000705	Prbj.g_02483	Prar.g_01725
OG0000706	Prbj.g_02484	Prar.g_01726
OG0000707	Prbj.g_02485	Prar.g_01727
OG0000708	Prbj.g_02486	Prar.g_01728
OG0000709	Prbj.g_02487	Prar.g_01729
OG0000710	Prbj.g_02488	Prar.g_01730
OG0000711	Prbj.g_02490	Prar.g_01731
OG0000712	Prbj.g_02491	Prar.g_01732
OG0000713	Prbj.g_02492	Prar.g_01733
OG0000714	Prbj.g_02503	Prar.g_01735
OG0000715	Prbj.g_02504	Prar.g_01736
OG0000716	Prbj.g_02507	Prar.g_01737
OG0000717	Prbj.g_02511	Prar.g_01738
OG0000718	Prbj.g_02512	Prar.g_01740
OG0000719	Prbj.g_02514	Prar.g_01742
OG0000720	Prbj.g_02323	Prar.g_01744
OG0000721	Prbj.g_02199	Prar.g_01745
OG0000722	Prbj.g_02215	Prar.g_01759
OG0000723	Prbj.g_01553	Prar.g_01764
OG0000724	Prbj.g_02523	Prar.g_01767
OG0000725	Prbj.g_02333	Prar.g_01768
OG0000726	Prbj.g_00044	Prar.g_01769
OG0000727	Prbj.g_02334	Prar.g_01770
OG0000728	Prbj.g_02335	Prar.g_01771
OG0000729	Prbj.g_02337	Prar.g_01773
OG0000730	Prbj.g_02338	Prar.g_01774
OG0000731	Prbj.g_02340	Prar.g_01776
OG0000732	Prbj.g_02341	Prar.g_01777
OG0000733	Prbj.g_02342	Prar.g_01778
OG0000734	Prbj.g_02343	Prar.g_01779
OG0000735	Prbj.g_02344	Prar.g_01780
OG0000736	Prbj.g_02352	Prar.g_01782
OG0000737	Prbj.g_02354	Prar.g_01783
OG0000738	Prbj.g_02359	Prar.g_01785
OG0000739	Prbj.g_02361	Prar.g_01786
OG0000740	Prbj.g_02364	Prar.g_01787
OG0000741	Prbj.g_02379	Prar.g_01789
OG0000742	Prbj.g_02380	Prar.g_01790
OG0000743	Prbj.g_02383	Prar.g_01793
OG0000744	Prbj.g_02384	Prar.g_01794
OG0000745	Prbj.g_02397	Prar.g_01795
OG0000746	Prbj.g_02396	Prar.g_01796
OG0000747	Prbj.g_02395	Prar.g_01797
OG0000748	Prbj.g_02394	Prar.g_01798
OG0000749	Prbj.g_02393	Prar.g_01799
OG0000750	Prbj.g_02391	Prar.g_01800
OG0000751	Prbj.g_02399	Prar.g_01802
OG0000752	Prbj.g_02400	Prar.g_01803
OG0000753	Prbj.g_02401	Prar.g_01804
OG0000754	Prbj.g_02402	Prar.g_01805
OG0000755	Prbj.g_02403	Prar.g_01807
OG0000756	Prbj.g_02404	Prar.g_01808
OG0000757	Prbj.g_02405	Prar.g_01809
OG0000758	Prbj.g_02303	Prar.g_01810
OG0000759	Prbj.g_02302	Prar.g_01811
OG0000760	Prbj.g_02301	Prar.g_01812
OG0000761	Prbj.g_02299	Prar.g_01813
OG0000762	Prbj.g_02297	Prar.g_01815
OG0000763	Prbj.g_02296	Prar.g_01816
OG0000764	Prbj.g_02294	Prar.g_01817
OG0000765	Prbj.g_02293	Prar.g_01818
OG0000766	Prbj.g_02292	Prar.g_01819
OG0000767	Prbj.g_00694	Prar.g_01820
OG0000768	Prbj.g_02284	Prar.g_01821
OG0000769	Prbj.g_02283	Prar.g_01822
OG0000770	Prbj.g_02281	Prar.g_01823
OG0000771	Prbj.g_02280	Prar.g_01824
OG0000772	Prbj.g_01984	Prar.g_01825
OG0000773	Prbj.g_02275	Prar.g_01827
OG0000774	Prbj.g_02274	Prar.g_01828
OG0000775	Prbj.g_02273	Prar.g_01829
OG0000776	Prbj.g_02271	Prar.g_01830
OG0000777	Prbj.g_02270	Prar.g_01831
OG0000778	Prbj.g_02269	Prar.g_01832
OG0000779	Prbj.g_02264	Prar.g_01834
OG0000780	Prbj.g_02263	Prar.g_01835
OG0000781	Prbj.g_02261	Prar.g_01836
OG0000782	Prbj.g_02259	Prar.g_01838
OG0000783	Prbj.g_02257	Prar.g_01839
OG0000784	Prbj.g_02255	Prar.g_01840
OG0000785	Prbj.g_02254	Prar.g_01841
OG0000786	Prbj.g_02253	Prar.g_01842
OG0000787	Prbj.g_02251	Prar.g_01844
OG0000788	Prbj.g_02250	Prar.g_01845
OG0000789	Prbj.g_02249	Prar.g_01846
OG0000790	Prbj.g_02248	Prar.g_01847
OG0000791	Prbj.g_02247	Prar.g_01848
OG0000792	Prbj.g_00722	Prar.g_01849
OG0000793	Prbj.g_02245	Prar.g_01850
OG0000794	Prbj.g_02243	Prar.g_01851
OG0000795	Prbj.g_02241	Prar.g_01852
OG0000796	Prbj.g_02237	Prar.g_01853
OG0000797	Prbj.g_02236	Prar.g_01855
OG0000798	Prbj.g_02235	Prar.g_01856
OG0000799	Prbj.g_02231	Prar.g_01857
OG0000800	Prbj.g_02230	Prar.g_01858
OG0000801	Prbj.g_02229	Prar.g_01859
OG0000802	Prbj.g_02225	Prar.g_01861
OG0000803	Prbj.g_02224	Prar.g_01862
OG0000804	Prbj.g_02219	Prar.g_01873
OG0000805	Prbj.g_02217	Prar.g_01875
OG0000806	Prbj.g_02216	Prar.g_01876
OG0000807	Prbj.g_02214	Prar.g_01877
OG0000808	Prbj.g_02213	Prar.g_01878
OG0000809	Prbj.g_02207	Prar.g_01882
OG0000810	Prbj.g_02205	Prar.g_01883
OG0000811	Prbj.g_02204	Prar.g_01884
OG0000812	Prbj.g_01985	Prar.g_01885
OG0000813	Prbj.g_02203	Prar.g_01886
OG0000814	Prbj.g_02202	Prar.g_01887
OG0000815	Prbj.g_02201	Prar.g_01888
OG0000816	Prbj.g_02198	Prar.g_01890
OG0000817	Prbj.g_01850	Prar.g_01893
OG0000818	Prbj.g_01849	Prar.g_01894
OG0000819	Prbj.g_01846	Prar.g_01896
OG0000820	Prbj.g_01845	Prar.g_01897
OG0000821	Prbj.g_01844	Prar.g_01898
OG0000822	Prbj.g_01843	Prar.g_01899
OG0000823	Prbj.g_01840	Prar.g_01902
OG0000824	Prbj.g_01839	Prar.g_01903
OG0000825	Prbj.g_01836	Prar.g_01905
OG0000826	Prbj.g_01835	Prar.g_01906
OG0000827	Prbj.g_01834	Prar.g_01907
OG0000828	Prbj.g_01833	Prar.g_01909
OG0000829	Prbj.g_02687	Prar.g_01935
OG0000830	Prbj.g_02537	Prar.g_01944
OG0000831	Prbj.g_01669	Prar.g_01947
OG0000832	Prbj.g_00696	Prar.g_01948
OG0000833	Prbj.g_01289	Prar.g_01955
OG0000834	Prbj.g_00343	Prar.g_01324
OG0000835	Prbj.g_00333	Prar.g_01320
OG0000836	Prbj.g_00634	Prar.g_01318
OG0000837	Prbj.g_02555	Prar.g_01309
OG0000838	Prbj.g_01997	Prar.g_01295
OG0000839	Prbj.g_01991	Prar.g_01294
OG0000840	Prbj.g_01336	Prar.g_01289
OG0000841	Prbj.g_00641	Prar.g_01282
OG0000842	Prbj.g_00627	Prar.g_01278
OG0000843	Prbj.g_00953	Prar.g_01276
OG0000844	Prbj.g_00954	Prar.g_01275
OG0000845	Prbj.g_00955	Prar.g_01274
OG0000846	Prbj.g_00956	Prar.g_01273
OG0000847	Prbj.g_00958	Prar.g_01272
OG0000848	Prbj.g_00959	Prar.g_01271
OG0000849	Prbj.g_00962	Prar.g_01270
OG0000850	Prbj.g_00964	Prar.g_01269
OG0000851	Prbj.g_00968	Prar.g_01267
OG0000852	Prbj.g_00970	Prar.g_01264
OG0000853	Prbj.g_00972	Prar.g_01262
OG0000854	Prbj.g_00973	Prar.g_01261
OG0000855	Prbj.g_00846	Prar.g_01260
OG0000856	Prbj.g_00845	Prar.g_01259
OG0000857	Prbj.g_00844	Prar.g_01258
OG0000858	Prbj.g_00834	Prar.g_01256
OG0000859	Prbj.g_00832	Prar.g_01255
OG0000860	Prbj.g_00831	Prar.g_01254
OG0000861	Prbj.g_00830	Prar.g_01253
OG0000862	Prbj.g_00829	Prar.g_01252
OG0000863	Prbj.g_00304	Prar.g_01251
OG0000864	Prbj.g_00305	Prar.g_01250
OG0000865	Prbj.g_00307	Prar.g_01249
OG0000866	Prbj.g_00308	Prar.g_01248
OG0000867	Prbj.g_00311	Prar.g_01245
OG0000868	Prbj.g_00312	Prar.g_01243
OG0000869	Prbj.g_01910	Prar.g_01242
OG0000870	Prbj.g_01913	Prar.g_01241
OG0000871	Prbj.g_01914	Prar.g_01240
OG0000872	Prbj.g_00002	Prar.g_01239
OG0000873	Prbj.g_00003	Prar.g_01238
OG0000874	Prbj.g_00004	Prar.g_01237
OG0000875	Prbj.g_00006	Prar.g_01236
OG0000876	Prbj.g_00008	Prar.g_01234
OG0000877	Prbj.g_00009	Prar.g_01233
OG0000878	Prbj.g_00010	Prar.g_01232
OG0000879	Prbj.g_00011	Prar.g_01231
OG0000880	Prbj.g_00012	Prar.g_01230
OG0000881	Prbj.g_00013	Prar.g_01229
OG0000882	Prbj.g_00014	Prar.g_01228
OG0000883	Prbj.g_01908	Prar.g_01227
OG0000884	Prbj.g_01907	Prar.g_01226
OG0000885	Prbj.g_01906	Prar.g_01225
OG0000886	Prbj.g_01905	Prar.g_01224
OG0000887	Prbj.g_01903	Prar.g_01223
OG0000888	Prbj.g_02152	Prar.g_01222
OG0000889	Prbj.g_02153	Prar.g_01221
OG0000890	Prbj.g_02155	Prar.g_01220
OG0000891	Prbj.g_02156	Prar.g_01219
OG0000892	Prbj.g_02158	Prar.g_01218
OG0000893	Prbj.g_02159	Prar.g_01217
OG0000894	Prbj.g_02163	Prar.g_01215
OG0000895	Prbj.g_02164	Prar.g_01214
OG0000896	Prbj.g_02166	Prar.g_01212
OG0000897	Prbj.g_02167	Prar.g_01211
OG0000898	Prbj.g_00314	Prar.g_01210
OG0000899	Prbj.g_00313	Prar.g_01209
OG0000900	Prbj.g_00019	Prar.g_01207
OG0000901	Prbj.g_01679	Prar.g_00976
OG0000902	Prbj.g_00163	Prar.g_00966
OG0000903	Prbj.g_00162	Prar.g_00965
OG0000904	Prbj.g_00161	Prar.g_00964
OG0000905	Prbj.g_01717	Prar.g_00963
OG0000906	Prbj.g_01719	Prar.g_00962
OG0000907	Prbj.g_01721	Prar.g_00960
OG0000908	Prbj.g_01722	Prar.g_00959
OG0000909	Prbj.g_01723	Prar.g_00958
OG0000910	Prbj.g_01724	Prar.g_00957
OG0000911	Prbj.g_01725	Prar.g_00956
OG0000912	Prbj.g_01729	Prar.g_00953
OG0000913	Prbj.g_01732	Prar.g_00952
OG0000914	Prbj.g_01733	Prar.g_00951
OG0000915	Prbj.g_01736	Prar.g_00949
OG0000916	Prbj.g_01737	Prar.g_00948
OG0000917	Prbj.g_01738	Prar.g_00947
OG0000918	Prbj.g_01739	Prar.g_00946
OG0000919	Prbj.g_01740	Prar.g_00945
OG0000920	Prbj.g_01741	Prar.g_00944
OG0000921	Prbj.g_01744	Prar.g_00942
OG0000922	Prbj.g_01745	Prar.g_00941
OG0000923	Prbj.g_00669	Prar.g_00929
OG0000924	Prbj.g_00670	Prar.g_00928
OG0000925	Prbj.g_00121	Prar.g_00925
OG0000926	Prbj.g_00094	Prar.g_00924
OG0000927	Prbj.g_02508	Prar.g_00923
OG0000928	Prbj.g_00687	Prar.g_00921
OG0000929	Prbj.g_01837	Prar.g_00919
OG0000930	Prbj.g_02689	Prar.g_00917
OG0000931	Prbj.g_02521	Prar.g_00916
OG0000932	Prbj.g_00873	Prar.g_00913
OG0000933	Prbj.g_01640	Prar.g_00909
OG0000934	Prbj.g_01641	Prar.g_00908
OG0000935	Prbj.g_01642	Prar.g_00907
OG0000936	Prbj.g_01643	Prar.g_00906
OG0000937	Prbj.g_01644	Prar.g_00905
OG0000938	Prbj.g_01645	Prar.g_00904
OG0000939	Prbj.g_01646	Prar.g_00903
OG0000940	Prbj.g_01647	Prar.g_00902
OG0000941	Prbj.g_01649	Prar.g_00901
OG0000942	Prbj.g_01650	Prar.g_00900
OG0000943	Prbj.g_01651	Prar.g_00899
OG0000944	Prbj.g_01652	Prar.g_00898
OG0000945	Prbj.g_01653	Prar.g_00897
OG0000946	Prbj.g_01654	Prar.g_00896
OG0000947	Prbj.g_01655	Prar.g_00895
OG0000948	Prbj.g_01656	Prar.g_00894
OG0000949	Prbj.g_01657	Prar.g_00893
OG0000950	Prbj.g_01514	Prar.g_00375
OG0000951	Prbj.g_01304	Prar.g_00357
OG0000952	Prbj.g_01303	Prar.g_00356
OG0000953	Prbj.g_01302	Prar.g_00355
OG0000954	Prbj.g_01294	Prar.g_00354
OG0000955	Prbj.g_01293	Prar.g_00353
OG0000956	Prbj.g_01041	Prar.g_00351
OG0000957	Prbj.g_01043	Prar.g_00350
OG0000958	Prbj.g_01044	Prar.g_00349
OG0000959	Prbj.g_01045	Prar.g_00348
OG0000960	Prbj.g_01046	Prar.g_00347
OG0000961	Prbj.g_01047	Prar.g_00346
OG0000962	Prbj.g_01049	Prar.g_00345
OG0000963	Prbj.g_01050	Prar.g_00344
OG0000964	Prbj.g_01052	Prar.g_00343
OG0000965	Prbj.g_01054	Prar.g_00341
OG0000966	Prbj.g_01055	Prar.g_00340
OG0000967	Prbj.g_01058	Prar.g_00337
OG0000968	Prbj.g_01067	Prar.g_00336
OG0000969	Prbj.g_01068	Prar.g_00335
OG0000970	Prbj.g_01069	Prar.g_00842
OG0000971	Prbj.g_01070	Prar.g_00841
OG0000972	Prbj.g_01071	Prar.g_00840
OG0000973	Prbj.g_01073	Prar.g_00838
OG0000974	Prbj.g_01074	Prar.g_00837
OG0000975	Prbj.g_01075	Prar.g_00836
OG0000976	Prbj.g_01076	Prar.g_00835
OG0000977	Prbj.g_01077	Prar.g_00834
OG0000978	Prbj.g_01078	Prar.g_00833
OG0000979	Prbj.g_01079	Prar.g_00832
OG0000980	Prbj.g_01080	Prar.g_00831
OG0000981	Prbj.g_00631	Prar.g_00830
OG0000982	Prbj.g_00632	Prar.g_00829
OG0000983	Prbj.g_00633	Prar.g_00828
OG0000984	Prbj.g_00640	Prar.g_00824
OG0000985	Prbj.g_00642	Prar.g_00823
OG0000986	Prbj.g_00643	Prar.g_00822
OG0000987	Prbj.g_00646	Prar.g_00820
OG0000988	Prbj.g_00647	Prar.g_00819
OG0000989	Prbj.g_00648	Prar.g_00818
OG0000990	Prbj.g_00649	Prar.g_00817
OG0000991	Prbj.g_00650	Prar.g_00816
OG0000992	Prbj.g_00651	Prar.g_00815
OG0000993	Prbj.g_00652	Prar.g_00814
OG0000994	Prbj.g_00653	Prar.g_00813
OG0000995	Prbj.g_00654	Prar.g_00812
OG0000996	Prbj.g_00655	Prar.g_00811
OG0000997	Prbj.g_00657	Prar.g_00809
OG0000998	Prbj.g_00036	Prar.g_00806
OG0000999	Prbj.g_01674	Prar.g_00804
OG0001000	Prbj.g_01684	Prar.g_00803
OG0001001	Prbj.g_01686	Prar.g_00802
OG0001002	Prbj.g_01688	Prar.g_00800
OG0001003	Prbj.g_01689	Prar.g_00799
OG0001004	Prbj.g_02538	Prar.g_00798
OG0001005	Prbj.g_01690	Prar.g_00797
OG0001006	Prbj.g_01692	Prar.g_00795
OG0001007	Prbj.g_01693	Prar.g_00794
OG0001008	Prbj.g_01694	Prar.g_00793
OG0001009	Prbj.g_01696	Prar.g_00792
OG0001010	Prbj.g_01697	Prar.g_00791
OG0001011	Prbj.g_01699	Prar.g_00790
OG0001012	Prbj.g_01700	Prar.g_00789
OG0001013	Prbj.g_01701	Prar.g_00788
OG0001014	Prbj.g_01702	Prar.g_00787
OG0001015	Prbj.g_01703	Prar.g_00786
OG0001016	Prbj.g_01704	Prar.g_00785
OG0001017	Prbj.g_01705	Prar.g_00784
OG0001018	Prbj.g_01707	Prar.g_00783
OG0001019	Prbj.g_01708	Prar.g_00782
OG0001020	Prbj.g_01709	Prar.g_00781
OG0001021	Prbj.g_01710	Prar.g_00780
OG0001022	Prbj.g_01711	Prar.g_00779
OG0001023	Prbj.g_01712	Prar.g_00778
OG0001024	Prbj.g_01713	Prar.g_00776
OG0001025	Prbj.g_00888	Prar.g_00775
OG0001026	Prbj.g_00887	Prar.g_00774
OG0001027	Prbj.g_00185	Prar.g_00773
OG0001028	Prbj.g_00884	Prar.g_00772
OG0001029	Prbj.g_00883	Prar.g_00771
OG0001030	Prbj.g_00880	Prar.g_00768
OG0001031	Prbj.g_00879	Prar.g_00767
OG0001032	Prbj.g_02535	Prar.g_00760
OG0001033	Prbj.g_02561	Prar.g_00753
OG0001034	Prbj.g_02429	Prar.g_00725
OG0001035	Prbj.g_00868	Prar.g_01149
OG0001036	Prbj.g_00867	Prar.g_01148
OG0001037	Prbj.g_00856	Prar.g_01142
OG0001038	Prbj.g_00855	Prar.g_01141
OG0001039	Prbj.g_00854	Prar.g_01140
OG0001040	Prbj.g_00852	Prar.g_01139
OG0001041	Prbj.g_00495	Prar.g_01137
OG0001042	Prbj.g_00494	Prar.g_01136
OG0001043	Prbj.g_00493	Prar.g_01135
OG0001044	Prbj.g_00492	Prar.g_01134
OG0001045	Prbj.g_00491	Prar.g_01133
OG0001046	Prbj.g_00489	Prar.g_01132
OG0001047	Prbj.g_00488	Prar.g_01131
OG0001048	Prbj.g_00487	Prar.g_01129
OG0001049	Prbj.g_00486	Prar.g_01128
OG0001050	Prbj.g_00485	Prar.g_01127
OG0001051	Prbj.g_00484	Prar.g_01126
OG0001052	Prbj.g_00483	Prar.g_01125
OG0001053	Prbj.g_00482	Prar.g_01124
OG0001054	Prbj.g_00481	Prar.g_01123
OG0001055	Prbj.g_00480	Prar.g_01122
OG0001056	Prbj.g_00478	Prar.g_01121
OG0001057	Prbj.g_00476	Prar.g_01964
OG0001058	Prbj.g_00475	Prar.g_01965
OG0001059	Prbj.g_00473	Prar.g_01966
OG0001060	Prbj.g_00472	Prar.g_01967
OG0001061	Prbj.g_00471	Prar.g_01968
OG0001062	Prbj.g_00470	Prar.g_01969
OG0001063	Prbj.g_00469	Prar.g_01970
OG0001064	Prbj.g_00467	Prar.g_01971
OG0001065	Prbj.g_00466	Prar.g_01963
OG0001066	Prbj.g_00465	Prar.g_01962
OG0001067	Prbj.g_00464	Prar.g_01961
OG0001068	Prbj.g_00463	Prar.g_01960
OG0001069	Prbj.g_00459	Prar.g_01957
OG0001070	Prbj.g_00457	Prar.g_00596
OG0001071	Prbj.g_00456	Prar.g_00597
OG0001072	Prbj.g_00455	Prar.g_00598
OG0001073	Prbj.g_00454	Prar.g_00599
OG0001074	Prbj.g_00453	Prar.g_00600
OG0001075	Prbj.g_00451	Prar.g_00601
OG0001076	Prbj.g_00449	Prar.g_00603
OG0001077	Prbj.g_00448	Prar.g_00604
OG0001078	Prbj.g_00447	Prar.g_00605
OG0001079	Prbj.g_00446	Prar.g_00606
OG0001080	Prbj.g_00445	Prar.g_00607
OG0001081	Prbj.g_00444	Prar.g_00608
OG0001082	Prbj.g_00443	Prar.g_00609
OG0001083	Prbj.g_00442	Prar.g_00610
OG0001084	Prbj.g_00428	Prar.g_00611
OG0001085	Prbj.g_00427	Prar.g_00612
OG0001086	Prbj.g_02660	Prar.g_01114
OG0001087	Prbj.g_02657	Prar.g_01113
OG0001088	Prbj.g_02656	Prar.g_01112
OG0001089	Prbj.g_02652	Prar.g_01110
OG0001090	Prbj.g_02651	Prar.g_01109
OG0001091	Prbj.g_02650	Prar.g_01108
OG0001092	Prbj.g_02649	Prar.g_01107
OG0001093	Prbj.g_02648	Prar.g_01106
OG0001094	Prbj.g_02647	Prar.g_01105
OG0001095	Prbj.g_02646	Prar.g_01104
OG0001096	Prbj.g_02645	Prar.g_01103
OG0001097	Prbj.g_02644	Prar.g_01102
OG0001098	Prbj.g_02643	Prar.g_01101
OG0001099	Prbj.g_02641	Prar.g_01100
OG0001100	Prbj.g_02640	Prar.g_01099
OG0001101	Prbj.g_02639	Prar.g_01098
OG0001102	Prbj.g_01027	Prar.g_01095
OG0001103	Prbj.g_01028	Prar.g_01094
OG0001104	Prbj.g_01032	Prar.g_01093
OG0001105	Prbj.g_01030	Prar.g_01091
OG0001106	Prbj.g_01033	Prar.g_01089
OG0001107	Prbj.g_01034	Prar.g_01088
OG0001108	Prbj.g_02635	Prar.g_01087
OG0001109	Prbj.g_01025	Prar.g_01069
OG0001110	Prbj.g_01023	Prar.g_01067
OG0001111	Prbj.g_01022	Prar.g_01066
OG0001112	Prbj.g_01021	Prar.g_01065
OG0001113	Prbj.g_01020	Prar.g_01064
OG0001114	Prbj.g_01019	Prar.g_01063
OG0001115	Prbj.g_01018	Prar.g_01062
OG0001116	Prbj.g_01017	Prar.g_01061
OG0001117	Prbj.g_01016	Prar.g_01060
OG0001118	Prbj.g_01015	Prar.g_01059
OG0001119	Prbj.g_01014	Prar.g_01058
OG0001120	Prbj.g_01013	Prar.g_01057
OG0001121	Prbj.g_01012	Prar.g_01056
OG0001122	Prbj.g_01011	Prar.g_01055
OG0001123	Prbj.g_01010	Prar.g_01054
OG0001124	Prbj.g_01009	Prar.g_01053
OG0001125	Prbj.g_01008	Prar.g_01052
OG0001126	Prbj.g_01007	Prar.g_01051
OG0001127	Prbj.g_01006	Prar.g_01050
OG0001128	Prbj.g_01005	Prar.g_01049
OG0001129	Prbj.g_01004	Prar.g_01048
OG0001130	Prbj.g_01003	Prar.g_01047
OG0001131	Prbj.g_01002	Prar.g_01046
OG0001132	Prbj.g_01001	Prar.g_01045
OG0001133	Prbj.g_01000	Prar.g_01044
OG0001134	Prbj.g_00999	Prar.g_01043
OG0001135	Prbj.g_00998	Prar.g_01042
OG0001136	Prbj.g_00997	Prar.g_01041
OG0001137	Prbj.g_00996	Prar.g_01040
OG0001138	Prbj.g_00995	Prar.g_01039
OG0001139	Prbj.g_00994	Prar.g_01038
OG0001140	Prbj.g_00993	Prar.g_01037
OG0001141	Prbj.g_00990	Prar.g_01035
OG0001142	Prbj.g_00989	Prar.g_01034
OG0001143	Prbj.g_00988	Prar.g_01033
OG0001144	Prbj.g_00986	Prar.g_01031
OG0001145	Prbj.g_00984	Prar.g_01029
OG0001146	Prbj.g_00983	Prar.g_01028
OG0001147	Prbj.g_00414	Prar.g_01026
OG0001148	Prbj.g_00413	Prar.g_01025
OG0001149	Prbj.g_00410	Prar.g_01024
OG0001150	Prbj.g_00407	Prar.g_01022
OG0001151	Prbj.g_00406	Prar.g_01021
OG0001152	Prbj.g_00405	Prar.g_01020
OG0001153	Prbj.g_00404	Prar.g_01019
OG0001154	Prbj.g_00403	Prar.g_01018
OG0001155	Prbj.g_00402	Prar.g_01017
OG0001156	Prbj.g_00401	Prar.g_01016
OG0001157	Prbj.g_00399	Prar.g_01014
OG0001158	Prbj.g_00397	Prar.g_01013
OG0001159	Prbj.g_00395	Prar.g_01012
OG0001160	Prbj.g_00394	Prar.g_01011
OG0001161	Prbj.g_00368	Prar.g_00617
OG0001162	Prbj.g_00367	Prar.g_00618
OG0001163	Prbj.g_00365	Prar.g_00619
OG0001164	Prbj.g_00364	Prar.g_00620
OG0001165	Prbj.g_00363	Prar.g_00621
OG0001166	Prbj.g_00362	Prar.g_00622
OG0001167	Prbj.g_00361	Prar.g_00623
OG0001168	Prbj.g_01494	Prar.g_00625
OG0001169	Prbj.g_01498	Prar.g_00626
OG0001170	Prbj.g_01501	Prar.g_00628
OG0001171	Prbj.g_01502	Prar.g_00629
OG0001172	Prbj.g_01504	Prar.g_00630
OG0001173	Prbj.g_01506	Prar.g_00632
OG0001174	Prbj.g_01509	Prar.g_00634
OG0001175	Prbj.g_01513	Prar.g_00636
OG0001176	Prbj.g_01515	Prar.g_00637
OG0001177	Prbj.g_01517	Prar.g_00639
OG0001178	Prbj.g_01518	Prar.g_00640
OG0001179	Prbj.g_01519	Prar.g_00641
OG0001180	Prbj.g_01576	Prar.g_00642
OG0001181	Prbj.g_01577	Prar.g_00643
OG0001182	Prbj.g_01578	Prar.g_00644
OG0001183	Prbj.g_01579	Prar.g_00645
OG0001184	Prbj.g_01580	Prar.g_00646
OG0001185	Prbj.g_01581	Prar.g_00647
OG0001186	Prbj.g_01592	Prar.g_00648
OG0001187	Prbj.g_01593	Prar.g_00649
OG0001188	Prbj.g_01594	Prar.g_00650
OG0001189	Prbj.g_01596	Prar.g_00651
OG0001190	Prbj.g_01597	Prar.g_00652
OG0001191	Prbj.g_01599	Prar.g_00654
OG0001192	Prbj.g_01821	Prar.g_00656
OG0001193	Prbj.g_01820	Prar.g_00657
OG0001194	Prbj.g_01819	Prar.g_00658
OG0001195	Prbj.g_01809	Prar.g_00659
OG0001196	Prbj.g_01290	Prar.g_00661
OG0001197	Prbj.g_01286	Prar.g_00663
OG0001198	Prbj.g_01285	Prar.g_00664
OG0001199	Prbj.g_01284	Prar.g_00665
OG0001200	Prbj.g_01283	Prar.g_00666
OG0001201	Prbj.g_01282	Prar.g_00667
OG0001202	Prbj.g_01281	Prar.g_00668
OG0001203	Prbj.g_01253	Prar.g_00670
OG0001204	Prbj.g_01250	Prar.g_00673
OG0001205	Prbj.g_01249	Prar.g_00674
OG0001206	Prbj.g_01248	Prar.g_00675
OG0001207	Prbj.g_01245	Prar.g_00676
OG0001208	Prbj.g_01244	Prar.g_00677
OG0001209	Prbj.g_01243	Prar.g_00678
OG0001210	Prbj.g_01241	Prar.g_00679
OG0001211	Prbj.g_01239	Prar.g_00680
OG0001212	Prbj.g_01238	Prar.g_00681
OG0001213	Prbj.g_01236	Prar.g_00682
OG0001214	Prbj.g_01235	Prar.g_00683
OG0001215	Prbj.g_01234	Prar.g_00684
OG0001216	Prbj.g_01233	Prar.g_00685
OG0001217	Prbj.g_01232	Prar.g_00686
OG0001218	Prbj.g_01231	Prar.g_00687
OG0001219	Prbj.g_01229	Prar.g_00688
OG0001220	Prbj.g_01228	Prar.g_00689
OG0001221	Prbj.g_01227	Prar.g_00690
OG0001222	Prbj.g_01225	Prar.g_00692
OG0001223	Prbj.g_01221	Prar.g_00694
OG0001224	Prbj.g_01219	Prar.g_00695
OG0001225	Prbj.g_01955	Prar.g_00697
OG0001226	Prbj.g_01956	Prar.g_00698
OG0001227	Prbj.g_01957	Prar.g_00699
OG0001228	Prbj.g_01958	Prar.g_00700
OG0001229	Prbj.g_01960	Prar.g_00701
OG0001230	Prbj.g_01961	Prar.g_00702
OG0001231	Prbj.g_01962	Prar.g_00703
OG0001232	Prbj.g_01964	Prar.g_00705
OG0001233	Prbj.g_01966	Prar.g_00706
OG0001234	Prbj.g_01968	Prar.g_00707
OG0001235	Prbj.g_01969	Prar.g_00708
OG0001236	Prbj.g_01970	Prar.g_00709
OG0001237	Prbj.g_01975	Prar.g_00074
OG0001238	Prbj.g_01980	Prar.g_00073
OG0001239	Prbj.g_02002	Prar.g_00070
OG0001240	Prbj.g_02005	Prar.g_00069
OG0001241	Prbj.g_02006	Prar.g_00068
OG0001242	Prbj.g_02008	Prar.g_00067
OG0001243	Prbj.g_02009	Prar.g_00066
OG0001244	Prbj.g_02012	Prar.g_00065
OG0001245	Prbj.g_02013	Prar.g_00064
OG0001246	Prbj.g_02019	Prar.g_00063
OG0001247	Prbj.g_02020	Prar.g_00062
OG0001248	Prbj.g_02021	Prar.g_00061
OG0001249	Prbj.g_02034	Prar.g_00060
OG0001250	Prbj.g_02043	Prar.g_00059
OG0001251	Prbj.g_02044	Prar.g_00058
OG0001252	Prbj.g_02045	Prar.g_00057
OG0001253	Prbj.g_02046	Prar.g_00056
OG0001254	Prbj.g_02048	Prar.g_00054
OG0001255	Prbj.g_02049	Prar.g_00053
OG0001256	Prbj.g_02053	Prar.g_00051
OG0001257	Prbj.g_02055	Prar.g_00050
OG0001258	Prbj.g_02056	Prar.g_00049
OG0001259	Prbj.g_02060	Prar.g_00047
OG0001260	Prbj.g_02062	Prar.g_00046
OG0001261	Prbj.g_02063	Prar.g_00045
OG0001262	Prbj.g_02065	Prar.g_00044
OG0001263	Prbj.g_02067	Prar.g_00043
OG0001264	Prbj.g_02069	Prar.g_00042
OG0001265	Prbj.g_02070	Prar.g_00041
OG0001266	Prbj.g_02071	Prar.g_00040
OG0001267	Prbj.g_02072	Prar.g_00039
OG0001268	Prbj.g_02073	Prar.g_00038
OG0001269	Prbj.g_00603	Prar.g_00236
OG0001270	Prbj.g_01545	Prar.g_00190
OG0001271	Prbj.g_00538	Prar.g_00177
OG0001272	Prbj.g_01406	Prar.g_00306
OG0001273	Prbj.g_00342	Prar.g_00393
OG0001274	Prbj.g_01628	Prar.g_00532
OG0001275	Prbj.g_01609	Prar.g_01329
OG0001276	Prbj.g_01782	Prar.g_01419
OG0001278	Prbj.g_02498	Prar.g_01734
OG0001279	Prbj.g_02339	Prar.g_01775
OG0001280	Prbj.g_02209	Prar.g_01880
OG0001281	Prbj.g_00678	Prar.g_01928
OG0001282	Prbj.g_02357	Prar.g_01946
OG0001283	Prbj.g_00677	Prar.g_01951
OG0001285	Prbj.g_00769	Prar.g_01279
OG0001286	Prbj.g_00969	Prar.g_01266
OG0001288	Prbj.g_02627	Prar.g_00807
OG0001289	Prbj.g_01691	Prar.g_00796
OG0001290	Prbj.g_00907	Prar.g_00755
OG0001291	Prbj.g_02106	Prar.g_00754
OG0001292	Prbj.g_00780	Prar.g_00749
OG0001293	Prbj.g_00158	Prar.g_00734
OG0001294	Prbj.g_02368	Prar.g_00722, Prar.g_01158
OG0001296	Prbj.g_00870	Prar.g_01151
OG0001297	Prbj.g_00865	Prar.g_01147
OG0001298	Prbj.g_00862	Prar.g_01144
OG0001299	Prbj.g_02653	Prar.g_01111
OG0001300	Prbj.g_00851	Prar.g_01086
OG0001301	Prbj.g_01512	Prar.g_00635
OG0001302	Prbj.g_01287	Prar.g_00662
OG0001303	Prbj.g_01223	Prar.g_00693
OG0001304	Prbj.g_02058	Prar.g_00048
OG0001305	Prbj.g_00214, Prbj.g_02701	Prar.g_01155, Prar.g_01007, Prar.g_01561
OG0001306	Prbj.g_00101	Prar.g_00485
OG0001307	Prbj.g_01203	Prar.g_00008
OG0001308	Prbj.g_00567	Prar.g_00547
OG0001309	Prbj.g_00570	Prar.g_00254
OG0001310	Prbj.g_00572	Prar.g_00252
OG0001311	Prbj.g_00604	Prar.g_00235
OG0001312	Prbj.g_01560	Prar.g_00209
OG0001313	Prbj.g_01529	Prar.g_00203
OG0001314	Prbj.g_01164	Prar.g_00128
OG0001315	Prbj.g_01340	Prar.g_00084
OG0001317	Prbj.g_01896	Prar.g_00434
OG0001318	Prbj.g_02575	Prar.g_01467
OG0001320	Prbj.g_01847	Prar.g_01895
OG0001321	Prbj.g_01842	Prar.g_01900
OG0001322	Prbj.g_02042	Prar.g_01937
OG0001323	Prbj.g_01220	Prar.g_01314
OG0001325	Prbj.g_00688	Prar.g_01304
OG0001326	Prbj.g_00007	Prar.g_01235
OG0001327	Prbj.g_00671	Prar.g_00927
OG0001328	Prbj.g_01184	Prar.g_00751
OG0001329	Prbj.g_00477	Prar.g_01120
OG0001330	Prbj.g_00426	Prar.g_00613
OG0001331	Prbj.g_01505	Prar.g_00631
OG0001333	Prbj.g_02610	Prar.g_00089
OG0001334	Prbj.g_02145	Prar.g_00516
OG0001337	Prbj.g_02632	Prar.g_01954
OG0001338	Prbj.g_01718	Prar.g_00977
OG0001339	Prbj.g_01734	Prar.g_00950
OG0001340	Prbj.g_02051	Prar.g_00891
OG0001343	Prbj.g_00864	Prar.g_01146
OG0001344	Prbj.g_00450	Prar.g_00602
OG0001347	Prbj.g_01226	Prar.g_00691
OG0001348	Prbj.g_01531	Prar.g_00200
OG0001349	Prbj.g_01558	Prar.g_00210
OG0001351	Prbj.g_01168	Prar.g_00124
OG0001352	Prbj.g_01346	Prar.g_00079
OG0001353	Prbj.g_01369	Prar.g_00326
OG0001354	Prbj.g_01405	Prar.g_00307
OG0001355	Prbj.g_00335	Prar.g_00399
OG0001356	Prbj.g_00826	Prar.g_00439
OG0001357	Prbj.g_00098	Prar.g_00482
OG0001358	Prbj.g_00131	Prar.g_00522
OG0001359	Prbj.g_01624	Prar.g_00536
OG0001362	Prbj.g_01797	Prar.g_01406
OG0001363	Prbj.g_00269	Prar.g_01533
OG0001365	Prbj.g_02482	Prar.g_01724
OG0001367	Prbj.g_02227	Prar.g_01860
OG0001368	Prbj.g_02210	Prar.g_01879
OG0001371	Prbj.g_02165	Prar.g_01213
OG0001375	Prbj.g_00460	Prar.g_01958
OG0001376	Prbj.g_00377, Prbj.g_00390	Prar.g_01097
OG0001378	Prbj.g_02208	Prar.g_01881
OG0001382	Prbj.g_01541	Prar.g_00193
OG0001385	Prbj.g_01395	Prar.g_00315
OG0001389	Prbj.g_01893	Prar.g_00502
OG0001391	Prbj.g_02091	Prar.g_01335
OG0001393	Prbj.g_02109	Prar.g_01349
OG0001404	Prbj.g_02309	Prar.g_01864
OG0001421	Prbj.g_02298	Prar.g_01814
OG0001422	Prbj.g_00194, Prbj.g_02695, Prbj.g_01330, Prbj.g_00726	Prar.g_01172
OG0001425	Prbj.g_00360	Prar.g_00261
OG0001427	Prbj.g_02111	Prar.g_01351
OG0001436	Prbj.g_02174	Prar.g_00738
OG0001437	Prbj.g_00249	Prar.g_00732
OG0001438	Prbj.g_02052	Prar.g_00052
OG0001439	Prbj.g_01102, Prbj.g_02711	Prar.g_01560
OG0001442	Prbj.g_00038	Prar.g_01872
OG0001446	Prbj.g_01986	Prar.g_01181
OG0001448	Prbj.g_02549	Prar.g_01450
OG0001450	Prbj.g_00043	Prar.g_01302
OG0001459	Prbj.g_00736	Prar.g_00718, Prar.g_01169, Prar.g_01194, Prar.g_01161
OG0001464	Prbj.g_01873	Prar.g_01389
OG0001465	Prbj.g_01783	Prar.g_01418
OG0001476	Prbj.g_01053	Prar.g_00342
OG0001480	Prbj.g_00547	Prar.g_00724, Prar.g_01199
OG0001482	Prbj.g_01457	Prar.g_00267
OG0001484	Prbj.g_02457	Prar.g_00475
OG0001485	Prbj.g_00920	Prar.g_01746
OG0001488	Prbj.g_01979	Prar.g_01913
OG0001489	Prbj.g_01978	Prar.g_01914
OG0001490	Prbj.g_01977	Prar.g_01915
OG0001491	Prbj.g_00764	Prar.g_01921
OG0001492	Prbj.g_00018	Prar.g_01949
OG0001493	Prbj.g_00091	Prar.g_01325
OG0001494	Prbj.g_00309	Prar.g_01247
OG0001505	Prbj.g_02389	Prar.g_01629
OG0001508	Prbj.g_01682	Prar.g_01713
OG0001511	Prbj.g_02022	Prar.g_01551
OG0001512	Prbj.g_02023	Prar.g_01550
OG0001513	Prbj.g_02024	Prar.g_01549
OG0001514	Prbj.g_02025	Prar.g_01548
OG0001515	Prbj.g_02026	Prar.g_01547
OG0001516	Prbj.g_02027	Prar.g_01546
OG0001517	Prbj.g_02028	Prar.g_01545
OG0001518	Prbj.g_02029	Prar.g_01544
OG0001519	Prbj.g_02030	Prar.g_01543
OG0001520	Prbj.g_02031	Prar.g_01542
OG0001521	Prbj.g_02032	Prar.g_01541
OG0001522	Prbj.g_02033	Prar.g_01540
OG0001540	Prbj.g_01731	Prar.g_00507
OG0001547	Prbj.g_01210	Prar.g_00003
OG0001557	Prbj.g_01316	Prar.g_00742
OG0001559	Prbj.g_00071	Prar.g_01188
OG0001560	Prbj.g_02336	Prar.g_01772
OG0001570	Prbj.g_02460	Prar.g_00508
OG0001588	Prbj.g_00213	Prar.g_01192
OG0001602	Prbj.g_01420	Prar.g_00294
OG0001620	Prbj.g_00334	Prar.g_00400
OG0001629	Prbj.g_01124	Prar.g_00381
OG0001630	Prbj.g_01257	Prar.g_00887
OG0001631	Prbj.g_02696, Prbj.g_00301	Prar.g_01421
OG0001632	Prbj.g_00379	Prar.g_01650
OG0001635	Prbj.g_00337	Prar.g_00397
OG0001702	Prbj.g_01492	Prar.g_00363
OG0001720	Prbj.g_01254	Prar.g_00890
OG0001733	Prbj.g_01255	Prar.g_00889
OG0001821	Prbj.g_01402	Prar.g_00866
OG0001857	Prbj.g_00784	Prar.g_01973
OG0001869	Prbj.g_01154	Prar.g_00728
OG0001872	Prbj.g_02465	Prar.g_00472
OG0001873	Prbj.g_02321	Prar.g_00469
OG0002024	Prbj.g_02353	Prar.g_01556
OG0002126	Prbj.g_01520	Prar.g_01538
