Orthogroup	Syas	Pran
OG0000004	Syas.g_00176	Pran.g_01483
OG0000004	Syas.g_00509, Syas.g_00174, Syas.g_00311, Syas.g_00072	Pran.g_00200
OG0000005	Syas.g_02665	Pran.g_00983
OG0000005	Syas.g_02704	Pran.g_00657
OG0000006	Syas.g_00942, Syas.g_01684, Syas.g_02565, Syas.g_00720	Pran.g_01951
OG0000007	Syas.g_01232	Pran.g_01681
OG0000007	Syas.g_02681	Pran.g_00970
OG0000009	Syas.g_01450	Pran.g_00328
OG0000010	Syas.g_01334	Pran.g_00175, Pran.g_01704
OG0000013	Syas.g_00158, Syas.g_01552, Syas.g_01555, Syas.g_01557	Pran.g_01867
OG0000014	Syas.g_01816	Pran.g_01888
OG0000017	Syas.g_00849	Pran.g_01580
OG0000018	Syas.g_01290	Pran.g_00078, Pran.g_01316
OG0000019	Syas.g_01696	Pran.g_01943, Pran.g_01363
OG0000022	Syas.g_02758	Pran.g_01401, Pran.g_00097
OG0000025	Syas.g_00231	Pran.g_01309, Pran.g_01863
OG0000026	Syas.g_02070	Pran.g_00930, Pran.g_00393, Pran.g_00168
OG0000027	Syas.g_01480	Pran.g_00583
OG0000028	Syas.g_01793	Pran.g_01874
OG0000030	Syas.g_01644, Syas.g_01645	Pran.g_01170
OG0000033	Syas.g_02328	Pran.g_00800, Pran.g_00263
OG0000034	Syas.g_02371, Syas.g_02838	Pran.g_00866
OG0000035	Syas.g_02814, Syas.g_02818	Pran.g_00733
OG0000037	Syas.g_01479, Syas.g_00147, Syas.g_01928	Pran.g_00324
OG0000038	Syas.g_01885, Syas.g_01887	Pran.g_01210
OG0000039	Syas.g_02795	Pran.g_01492
OG0000040	Syas.g_02028	Pran.g_00923
OG0000042	Syas.g_01121, Syas.g_02147	Pran.g_01167
OG0000044	Syas.g_00894, Syas.g_02453	Pran.g_00949
OG0000048	Syas.g_01734	Pran.g_01772, Pran.g_01820
OG0000051	Syas.g_01445	Pran.g_00898, Pran.g_00944
OG0000053	Syas.g_01287	Pran.g_00713
OG0000054	Syas.g_00961	Pran.g_01572
OG0000060	Syas.g_00975	Pran.g_01399
OG0000061	Syas.g_01184	Pran.g_00060
OG0000062	Syas.g_00070	Pran.g_00655
OG0000063	Syas.g_02074	Pran.g_00391
OG0000065	Syas.g_02420	Pran.g_00326
OG0000066	Syas.g_00094	Pran.g_01639
OG0000067	Syas.g_00596	Pran.g_01343
OG0000068	Syas.g_00969, Syas.g_01261	Pran.g_00841
OG0000070	Syas.g_00173	Pran.g_01727
OG0000072	Syas.g_02326, Syas.g_01524	Pran.g_00261
OG0000073	Syas.g_01230, Syas.g_00358, Syas.g_00264	Pran.g_01679
OG0000075	Syas.g_01921, Syas.g_02194	Pran.g_01137
OG0000076	Syas.g_02156	Pran.g_01160
OG0000078	Syas.g_02308	Pran.g_00194
OG0000079	Syas.g_01699	Pran.g_01940
OG0000081	Syas.g_00391	Pran.g_01647
OG0000082	Syas.g_00837	Pran.g_01593
OG0000085	Syas.g_02695	Pran.g_00963
OG0000086	Syas.g_02470	Pran.g_00344
OG0000087	Syas.g_02374	Pran.g_00295
OG0000089	Syas.g_01512	Pran.g_01839
OG0000090	Syas.g_00062	Pran.g_01645
OG0000091	Syas.g_00907, Syas.g_00146	Pran.g_01536
OG0000092	Syas.g_00900, Syas.g_00877	Pran.g_00434
OG0000094	Syas.g_00208, Syas.g_01716	Pran.g_00549
OG0000095	Syas.g_01021	Pran.g_00903, Pran.g_00568
OG0000097	Syas.g_00114, Syas.g_01443	Pran.g_00019
OG0000098	Syas.g_00091	Pran.g_00855
OG0000099	Syas.g_01826	Pran.g_00806
OG0000100	Syas.g_00567	Pran.g_00659
OG0000101	Syas.g_01589	Pran.g_01105
OG0000102	Syas.g_02152, Syas.g_01395	Pran.g_01165
OG0000103	Syas.g_02009	Pran.g_01244
OG0000104	Syas.g_02027, Syas.g_02026	Pran.g_01253
OG0000105	Syas.g_01739	Pran.g_01920
OG0000106	Syas.g_01451	Pran.g_01824
OG0000107	Syas.g_01669	Pran.g_01808
OG0000108	Syas.g_01253	Pran.g_01698
OG0000109	Syas.g_01236	Pran.g_01684
OG0000110	Syas.g_00818	Pran.g_01603
OG0000111	Syas.g_01037	Pran.g_01479
OG0000112	Syas.g_00452	Pran.g_01378
OG0000113	Syas.g_00571	Pran.g_01321
OG0000114	Syas.g_00674	Pran.g_00429
OG0000115	Syas.g_02548, Syas.g_01285	Pran.g_00123
OG0000116	Syas.g_01198, Syas.g_00317	Pran.g_00070
OG0000117	Syas.g_01122	Pran.g_01466
OG0000118	Syas.g_02835	Pran.g_00864
OG0000120	Syas.g_01828	Pran.g_00752
OG0000121	Syas.g_02821	Pran.g_00731
OG0000122	Syas.g_00393	Pran.g_00693
OG0000123	Syas.g_01582	Pran.g_01112
OG0000124	Syas.g_02137	Pran.g_01176
OG0000125	Syas.g_01889	Pran.g_01212
OG0000126	Syas.g_01992	Pran.g_01252
OG0000128	Syas.g_02046	Pran.g_01268
OG0000129	Syas.g_01880	Pran.g_00381
OG0000130	Syas.g_02522	Pran.g_00363
OG0000131	Syas.g_02367	Pran.g_00288
OG0000132	Syas.g_02334	Pran.g_00268
OG0000133	Syas.g_00457	Pran.g_01872
OG0000134	Syas.g_01509	Pran.g_01838
OG0000135	Syas.g_01938	Pran.g_01812
OG0000136	Syas.g_02740	Pran.g_01739
OG0000137	Syas.g_01333	Pran.g_01703
OG0000138	Syas.g_01235	Pran.g_01683
OG0000140	Syas.g_00090	Pran.g_01640
OG0000141	Syas.g_00875	Pran.g_01571
OG0000142	Syas.g_00746	Pran.g_01543
OG0000143	Syas.g_00742	Pran.g_01539
OG0000144	Syas.g_00718	Pran.g_01526
OG0000145	Syas.g_00948	Pran.g_01400
OG0000146	Syas.g_00451	Pran.g_01377
OG0000147	Syas.g_00450	Pran.g_01376
OG0000148	Syas.g_00577	Pran.g_01327
OG0000149	Syas.g_00282	Pran.g_01297
OG0000150	Syas.g_00874	Pran.g_01289
OG0000151	Syas.g_00148, Syas.g_00659	Pran.g_00439
OG0000152	Syas.g_00461	Pran.g_00487
OG0000153	Syas.g_00543	Pran.g_00506
OG0000154	Syas.g_00219	Pran.g_00542
OG0000155	Syas.g_01131	Pran.g_00040
OG0000156	Syas.g_01206	Pran.g_00887
OG0000157	Syas.g_01207	Pran.g_00886
OG0000158	Syas.g_02185	Pran.g_00822
OG0000159	Syas.g_01155	Pran.g_00808
OG0000160	Syas.g_02820	Pran.g_00732
OG0000161	Syas.g_02826	Pran.g_00726
OG0000162	Syas.g_02751	Pran.g_00720
OG0000163	Syas.g_01488	Pran.g_00686
OG0000164	Syas.g_02648	Pran.g_00994
OG0000165	Syas.g_02609	Pran.g_01001
OG0000166	Syas.g_01629	Pran.g_01069, Pran.g_01068
OG0000167	Syas.g_01449	Pran.g_01135
OG0000168	Syas.g_02184	Pran.g_01144
OG0000169	Syas.g_02170	Pran.g_01154
OG0000170	Syas.g_02161	Pran.g_01156
OG0000171	Syas.g_02139	Pran.g_01175
OG0000172	Syas.g_02110	Pran.g_01184
OG0000173	Syas.g_02092	Pran.g_01199
OG0000174	Syas.g_01940	Pran.g_01226
OG0000175	Syas.g_01994	Pran.g_01236
OG0000176	Syas.g_02038	Pran.g_01261
OG0000177	Syas.g_02039	Pran.g_01262
OG0000178	Syas.g_02040	Pran.g_01263
OG0000179	Syas.g_02054	Pran.g_00408
OG0000180	Syas.g_02055	Pran.g_00407
OG0000181	Syas.g_02056	Pran.g_00406
OG0000182	Syas.g_02057	Pran.g_00405
OG0000183	Syas.g_02061	Pran.g_00401
OG0000184	Syas.g_01872	Pran.g_00379
OG0000185	Syas.g_01861	Pran.g_00376
OG0000186	Syas.g_02525	Pran.g_00368
OG0000187	Syas.g_02524	Pran.g_00367
OG0000188	Syas.g_02502	Pran.g_00350
OG0000189	Syas.g_02432	Pran.g_00337
OG0000190	Syas.g_00133	Pran.g_00336
OG0000191	Syas.g_02400	Pran.g_00316
OG0000192	Syas.g_02395	Pran.g_00312
OG0000193	Syas.g_02366	Pran.g_00287
OG0000194	Syas.g_02363	Pran.g_00283
OG0000195	Syas.g_02360	Pran.g_00281
OG0000196	Syas.g_02337	Pran.g_00271
OG0000197	Syas.g_02336	Pran.g_00270
OG0000198	Syas.g_02335	Pran.g_00269
OG0000199	Syas.g_02327	Pran.g_00262
OG0000200	Syas.g_02298	Pran.g_00248
OG0000201	Syas.g_02279	Pran.g_00240
OG0000202	Syas.g_02278	Pran.g_00239
OG0000203	Syas.g_02277	Pran.g_00238
OG0000204	Syas.g_02276	Pran.g_00237
OG0000205	Syas.g_02267	Pran.g_00230
OG0000206	Syas.g_02240	Pran.g_00225
OG0000207	Syas.g_02237	Pran.g_00223
OG0000208	Syas.g_02236	Pran.g_00222
OG0000209	Syas.g_01837	Pran.g_00213
OG0000210	Syas.g_01838	Pran.g_00212
OG0000211	Syas.g_02552	Pran.g_00199
OG0000212	Syas.g_02562	Pran.g_00193
OG0000213	Syas.g_01707	Pran.g_01935
OG0000214	Syas.g_01730	Pran.g_01926
OG0000215	Syas.g_01766	Pran.g_01902
OG0000216	Syas.g_01770	Pran.g_01900
OG0000217	Syas.g_01778	Pran.g_01897
OG0000218	Syas.g_01780	Pran.g_01895
OG0000219	Syas.g_01783	Pran.g_01894
OG0000220	Syas.g_01784	Pran.g_01893
OG0000221	Syas.g_01785	Pran.g_01892
OG0000222	Syas.g_01804	Pran.g_01884
OG0000223	Syas.g_02221	Pran.g_01871
OG0000224	Syas.g_02215	Pran.g_01869
OG0000225	Syas.g_01522	Pran.g_01849
OG0000226	Syas.g_01518	Pran.g_01845
OG0000227	Syas.g_01516	Pran.g_01843
OG0000228	Syas.g_01513	Pran.g_01840
OG0000229	Syas.g_01497	Pran.g_01744
OG0000230	Syas.g_01495	Pran.g_01742
OG0000231	Syas.g_02749	Pran.g_01728
OG0000232	Syas.g_01276	Pran.g_01720
OG0000233	Syas.g_01352	Pran.g_01715
OG0000234	Syas.g_01331	Pran.g_01702
OG0000235	Syas.g_01254	Pran.g_01699
OG0000236	Syas.g_01237	Pran.g_01685
OG0000237	Syas.g_01220	Pran.g_01672
OG0000238	Syas.g_01215	Pran.g_01666
OG0000239	Syas.g_00012	Pran.g_01653
OG0000240	Syas.g_00013	Pran.g_01652
OG0000241	Syas.g_00754	Pran.g_01648
OG0000242	Syas.g_00059	Pran.g_01646
OG0000243	Syas.g_00777	Pran.g_01635
OG0000244	Syas.g_00784	Pran.g_01632
OG0000245	Syas.g_00786	Pran.g_01630
OG0000246	Syas.g_00790	Pran.g_01626
OG0000247	Syas.g_00802	Pran.g_01616
OG0000248	Syas.g_00805	Pran.g_01613
OG0000249	Syas.g_00807	Pran.g_01611
OG0000250	Syas.g_00814	Pran.g_01606
OG0000251	Syas.g_00845	Pran.g_01587
OG0000252	Syas.g_00950	Pran.g_01584
OG0000253	Syas.g_00846	Pran.g_01583
OG0000254	Syas.g_00869	Pran.g_01567
OG0000255	Syas.g_00132, Syas.g_01062	Pran.g_01561
OG0000256	Syas.g_00104	Pran.g_01551
OG0000257	Syas.g_00757	Pran.g_01548
OG0000258	Syas.g_00733	Pran.g_01535
OG0000259	Syas.g_00708	Pran.g_01518
OG0000260	Syas.g_00705	Pran.g_01515
OG0000261	Syas.g_00701	Pran.g_01513
OG0000262	Syas.g_00695	Pran.g_01509
OG0000263	Syas.g_01103	Pran.g_01497
OG0000264	Syas.g_02588	Pran.g_01487
OG0000266	Syas.g_00186	Pran.g_01450
OG0000267	Syas.g_00377	Pran.g_01439
OG0000268	Syas.g_00390	Pran.g_01438
OG0000269	Syas.g_00601	Pran.g_01348
OG0000270	Syas.g_00598	Pran.g_01345
OG0000271	Syas.g_00590	Pran.g_01337
OG0000272	Syas.g_00589	Pran.g_01336
OG0000273	Syas.g_00563	Pran.g_01313
OG0000274	Syas.g_00562	Pran.g_01312
OG0000275	Syas.g_00230	Pran.g_01310
OG0000276	Syas.g_00237	Pran.g_01305
OG0000277	Syas.g_00238	Pran.g_01304
OG0000278	Syas.g_00241	Pran.g_01301
OG0000279	Syas.g_00288	Pran.g_01294
OG0000280	Syas.g_00889, Syas.g_00481	Pran.g_01293
OG0000281	Syas.g_00970	Pran.g_01287
OG0000282	Syas.g_00672	Pran.g_00431
OG0000283	Syas.g_00409	Pran.g_00464
OG0000284	Syas.g_00416	Pran.g_00469
OG0000285	Syas.g_00436	Pran.g_00474
OG0000286	Syas.g_00460	Pran.g_00486
OG0000287	Syas.g_00534	Pran.g_00503
OG0000288	Syas.g_00220	Pran.g_00541
OG0000289	Syas.g_00205	Pran.g_00552
OG0000290	Syas.g_01016	Pran.g_00565
OG0000292	Syas.g_02020	Pran.g_00135
OG0000293	Syas.g_01197	Pran.g_00069
OG0000294	Syas.g_01196	Pran.g_00068
OG0000295	Syas.g_01139	Pran.g_00048
OG0000296	Syas.g_01137	Pran.g_00046
OG0000299	Syas.g_01087	Pran.g_00020
OG0000300	Syas.g_01082	Pran.g_00017
OG0000301	Syas.g_01081	Pran.g_00016
OG0000302	Syas.g_01080	Pran.g_00014
OG0000303	Syas.g_01071	Pran.g_00007
OG0000304	Syas.g_01066	Pran.g_00003
OG0000305	Syas.g_01023	Pran.g_00848
OG0000306	Syas.g_01929	Pran.g_00846
OG0000307	Syas.g_01270	Pran.g_00832
OG0000308	Syas.g_01272	Pran.g_00831
OG0000309	Syas.g_01364	Pran.g_00827
OG0000310	Syas.g_02796	Pran.g_00748
OG0000311	Syas.g_02799	Pran.g_00746
OG0000312	Syas.g_02804	Pran.g_00743
OG0000313	Syas.g_02823	Pran.g_00729
OG0000315	Syas.g_01306	Pran.g_00696
OG0000316	Syas.g_02728	Pran.g_00676
OG0000317	Syas.g_02687	Pran.g_00968
OG0000318	Syas.g_02680	Pran.g_00971
OG0000319	Syas.g_02663	Pran.g_00984
OG0000320	Syas.g_02661	Pran.g_00986
OG0000321	Syas.g_02660	Pran.g_00987
OG0000322	Syas.g_02659	Pran.g_00988
OG0000323	Syas.g_02646	Pran.g_00997
OG0000324	Syas.g_02578	Pran.g_01023
OG0000325	Syas.g_01668	Pran.g_01033
OG0000326	Syas.g_01661	Pran.g_01039
OG0000327	Syas.g_01634	Pran.g_01063
OG0000328	Syas.g_01633	Pran.g_01064
OG0000329	Syas.g_01615	Pran.g_01082
OG0000330	Syas.g_01614	Pran.g_01083
OG0000331	Syas.g_01613	Pran.g_01084
OG0000332	Syas.g_01598	Pran.g_01098
OG0000333	Syas.g_01595	Pran.g_01100
OG0000334	Syas.g_01586	Pran.g_01108
OG0000335	Syas.g_01581	Pran.g_01113
OG0000336	Syas.g_01577	Pran.g_01117
OG0000337	Syas.g_02211	Pran.g_01133
OG0000338	Syas.g_02199	Pran.g_01134
OG0000339	Syas.g_02192	Pran.g_01138
OG0000340	Syas.g_02183	Pran.g_01145
OG0000341	Syas.g_02181	Pran.g_01147
OG0000342	Syas.g_02180	Pran.g_01148
OG0000343	Syas.g_02176	Pran.g_01149
OG0000344	Syas.g_02172	Pran.g_01152
OG0000345	Syas.g_02160	Pran.g_01157
OG0000346	Syas.g_02155	Pran.g_01161
OG0000347	Syas.g_02136	Pran.g_01177
OG0000348	Syas.g_02107	Pran.g_01187
OG0000349	Syas.g_02085	Pran.g_01203
OG0000350	Syas.g_01654	Pran.g_01222
OG0000351	Syas.g_01998	Pran.g_01239
OG0000352	Syas.g_01999	Pran.g_01240
OG0000353	Syas.g_02033	Pran.g_01256
OG0000355	Syas.g_02035	Pran.g_01258
OG0000356	Syas.g_02036	Pran.g_01259
OG0000357	Syas.g_02037	Pran.g_01260
OG0000358	Syas.g_02041	Pran.g_01264
OG0000359	Syas.g_02043	Pran.g_01265
OG0000360	Syas.g_02044	Pran.g_01266
OG0000361	Syas.g_02045	Pran.g_01267
OG0000362	Syas.g_02047	Pran.g_01269
OG0000363	Syas.g_02049	Pran.g_00410
OG0000364	Syas.g_02685	Pran.g_00409
OG0000365	Syas.g_02058	Pran.g_00404
OG0000366	Syas.g_02059	Pran.g_00403
OG0000368	Syas.g_02062	Pran.g_00400
OG0000369	Syas.g_02063	Pran.g_00399
OG0000370	Syas.g_02064	Pran.g_00398
OG0000371	Syas.g_02073	Pran.g_00392
OG0000372	Syas.g_02078	Pran.g_00389
OG0000373	Syas.g_02079	Pran.g_00388
OG0000374	Syas.g_02080	Pran.g_00387
OG0000375	Syas.g_02081	Pran.g_00385
OG0000376	Syas.g_02083	Pran.g_00383
OG0000377	Syas.g_01879	Pran.g_00380
OG0000378	Syas.g_01867	Pran.g_00378
OG0000379	Syas.g_01859	Pran.g_00375
OG0000380	Syas.g_02523	Pran.g_00366
OG0000381	Syas.g_02521	Pran.g_00362
OG0000382	Syas.g_02503	Pran.g_00351
OG0000383	Syas.g_02480	Pran.g_00349
OG0000384	Syas.g_02479	Pran.g_00348
OG0000385	Syas.g_02478	Pran.g_00347
OG0000386	Syas.g_02477	Pran.g_00346
OG0000387	Syas.g_00134	Pran.g_00334
OG0000388	Syas.g_02426	Pran.g_00331
OG0000389	Syas.g_02422	Pran.g_00327
OG0000390	Syas.g_02406	Pran.g_00320
OG0000391	Syas.g_02401	Pran.g_00317
OG0000392	Syas.g_02396	Pran.g_00313
OG0000393	Syas.g_02394	Pran.g_00311
OG0000394	Syas.g_02393	Pran.g_00310
OG0000395	Syas.g_02392	Pran.g_00309
OG0000396	Syas.g_02389	Pran.g_00307
OG0000397	Syas.g_02387	Pran.g_00305
OG0000398	Syas.g_02382	Pran.g_00303
OG0000399	Syas.g_02381	Pran.g_00302
OG0000400	Syas.g_02380	Pran.g_00301
OG0000401	Syas.g_02379	Pran.g_00300
OG0000402	Syas.g_02377	Pran.g_00298
OG0000403	Syas.g_02376	Pran.g_00297
OG0000404	Syas.g_02375	Pran.g_00296
OG0000405	Syas.g_02369	Pran.g_00292
OG0000406	Syas.g_02365	Pran.g_00286
OG0000407	Syas.g_02364	Pran.g_00285
OG0000408	Syas.g_02361	Pran.g_00282
OG0000409	Syas.g_02359	Pran.g_00280
OG0000410	Syas.g_02358	Pran.g_00279
OG0000411	Syas.g_02357	Pran.g_00278
OG0000412	Syas.g_02356	Pran.g_00277
OG0000413	Syas.g_02354	Pran.g_00276
OG0000414	Syas.g_02353	Pran.g_00275
OG0000415	Syas.g_02352	Pran.g_00274
OG0000416	Syas.g_02351	Pran.g_00273
OG0000417	Syas.g_02338	Pran.g_00272
OG0000418	Syas.g_02333	Pran.g_00267
OG0000419	Syas.g_02331	Pran.g_00265
OG0000420	Syas.g_02329	Pran.g_00264
OG0000421	Syas.g_02324	Pran.g_00259
OG0000422	Syas.g_02323	Pran.g_00258
OG0000423	Syas.g_02322	Pran.g_00257
OG0000424	Syas.g_02321	Pran.g_00256
OG0000425	Syas.g_02320	Pran.g_00255
OG0000426	Syas.g_02319	Pran.g_00254
OG0000427	Syas.g_02318	Pran.g_00253
OG0000428	Syas.g_02315	Pran.g_00251
OG0000429	Syas.g_02312	Pran.g_00250
OG0000430	Syas.g_02311	Pran.g_00249
OG0000431	Syas.g_02296	Pran.g_00247
OG0000432	Syas.g_02288	Pran.g_00244
OG0000433	Syas.g_02286	Pran.g_00243
OG0000434	Syas.g_02285	Pran.g_00242
OG0000435	Syas.g_02282	Pran.g_00241
OG0000436	Syas.g_02273	Pran.g_00236
OG0000437	Syas.g_02272	Pran.g_00235
OG0000438	Syas.g_02271	Pran.g_00234
OG0000439	Syas.g_02269	Pran.g_00232
OG0000440	Syas.g_02268	Pran.g_00231
OG0000441	Syas.g_02265	Pran.g_00228
OG0000442	Syas.g_02259	Pran.g_00227
OG0000443	Syas.g_02241	Pran.g_00226
OG0000444	Syas.g_02234	Pran.g_00221
OG0000445	Syas.g_02233	Pran.g_00220
OG0000446	Syas.g_02231	Pran.g_00219
OG0000447	Syas.g_02229	Pran.g_00218
OG0000448	Syas.g_02228	Pran.g_00217
OG0000449	Syas.g_02226	Pran.g_00216
OG0000450	Syas.g_01834	Pran.g_00215
OG0000451	Syas.g_01835	Pran.g_00214
OG0000452	Syas.g_01844	Pran.g_00211
OG0000453	Syas.g_01845	Pran.g_00210
OG0000454	Syas.g_01846	Pran.g_00209
OG0000455	Syas.g_01847	Pran.g_00208
OG0000456	Syas.g_01848	Pran.g_00207
OG0000457	Syas.g_01850	Pran.g_00206
OG0000458	Syas.g_01851	Pran.g_00205
OG0000459	Syas.g_01852	Pran.g_00204
OG0000460	Syas.g_02554	Pran.g_00197
OG0000461	Syas.g_01686	Pran.g_01950
OG0000462	Syas.g_01688	Pran.g_01948
OG0000463	Syas.g_01689	Pran.g_01947
OG0000464	Syas.g_01690	Pran.g_01946
OG0000465	Syas.g_01692	Pran.g_01945
OG0000466	Syas.g_01697	Pran.g_01942
OG0000467	Syas.g_01698	Pran.g_01941
OG0000468	Syas.g_01703	Pran.g_01939
OG0000469	Syas.g_01725	Pran.g_01931
OG0000470	Syas.g_01727	Pran.g_01929
OG0000471	Syas.g_01728	Pran.g_01928
OG0000472	Syas.g_01729	Pran.g_01927
OG0000473	Syas.g_01731	Pran.g_01925
OG0000474	Syas.g_01732	Pran.g_01924
OG0000475	Syas.g_01733	Pran.g_01923
OG0000476	Syas.g_01735	Pran.g_01922
OG0000477	Syas.g_01740	Pran.g_01919
OG0000478	Syas.g_01741	Pran.g_01918
OG0000479	Syas.g_01749	Pran.g_01917
OG0000480	Syas.g_01756	Pran.g_01912
OG0000481	Syas.g_00161, Syas.g_00162	Pran.g_01910
OG0000482	Syas.g_01758	Pran.g_01909
OG0000483	Syas.g_01762	Pran.g_01906
OG0000484	Syas.g_01763	Pran.g_01905
OG0000485	Syas.g_01764	Pran.g_01904
OG0000486	Syas.g_01765	Pran.g_01903
OG0000487	Syas.g_01771	Pran.g_01899
OG0000488	Syas.g_01779	Pran.g_01896
OG0000489	Syas.g_01823	Pran.g_01891
OG0000490	Syas.g_01808	Pran.g_01886
OG0000491	Syas.g_01806	Pran.g_01885
OG0000492	Syas.g_01803	Pran.g_01883
OG0000493	Syas.g_01802	Pran.g_01882
OG0000494	Syas.g_01801	Pran.g_01881
OG0000495	Syas.g_01799	Pran.g_01880
OG0000496	Syas.g_01798	Pran.g_01879
OG0000497	Syas.g_01797	Pran.g_01878
OG0000498	Syas.g_01796	Pran.g_01877
OG0000499	Syas.g_01795	Pran.g_01876
OG0000500	Syas.g_01794	Pran.g_01875
OG0000501	Syas.g_01791	Pran.g_01873
OG0000502	Syas.g_02216	Pran.g_01870
OG0000503	Syas.g_01541	Pran.g_01860
OG0000504	Syas.g_01539	Pran.g_01859
OG0000505	Syas.g_01538	Pran.g_01858
OG0000506	Syas.g_01536	Pran.g_01857
OG0000507	Syas.g_01530	Pran.g_01854
OG0000508	Syas.g_01523	Pran.g_01850
OG0000509	Syas.g_01521	Pran.g_01848
OG0000510	Syas.g_01520	Pran.g_01847
OG0000511	Syas.g_01519	Pran.g_01846
OG0000512	Syas.g_01517	Pran.g_01844
OG0000513	Syas.g_01508	Pran.g_01837
OG0000514	Syas.g_01504	Pran.g_01749
OG0000515	Syas.g_01503	Pran.g_01748
OG0000516	Syas.g_01501	Pran.g_01747
OG0000517	Syas.g_01498	Pran.g_01745
OG0000518	Syas.g_00360, Syas.g_02746	Pran.g_01734
OG0000519	Syas.g_02747	Pran.g_01733
OG0000520	Syas.g_02748	Pran.g_01729
OG0000521	Syas.g_01281	Pran.g_01724
OG0000522	Syas.g_01279	Pran.g_01723
OG0000523	Syas.g_01278	Pran.g_01722
OG0000524	Syas.g_01354	Pran.g_01717
OG0000525	Syas.g_01342	Pran.g_01714
OG0000526	Syas.g_01340	Pran.g_01713
OG0000527	Syas.g_01335	Pran.g_01705
OG0000528	Syas.g_01256	Pran.g_01700
OG0000529	Syas.g_01252	Pran.g_01697
OG0000530	Syas.g_01249	Pran.g_01694
OG0000531	Syas.g_01248	Pran.g_01693
OG0000532	Syas.g_01245	Pran.g_01691
OG0000533	Syas.g_01243	Pran.g_01690
OG0000534	Syas.g_01242	Pran.g_01689
OG0000535	Syas.g_01241	Pran.g_01688
OG0000536	Syas.g_01240	Pran.g_01687
OG0000537	Syas.g_01238	Pran.g_01686
OG0000538	Syas.g_01228	Pran.g_01678
OG0000539	Syas.g_01227	Pran.g_01677
OG0000540	Syas.g_01226	Pran.g_01676
OG0000541	Syas.g_01225	Pran.g_01675
OG0000542	Syas.g_01221	Pran.g_01673
OG0000543	Syas.g_01219	Pran.g_01671
OG0000544	Syas.g_01218	Pran.g_01670
OG0000545	Syas.g_01216	Pran.g_01668
OG0000546	Syas.g_01214	Pran.g_01665
OG0000547	Syas.g_01212	Pran.g_01663
OG0000548	Syas.g_01211	Pran.g_01662
OG0000549	Syas.g_00005	Pran.g_01660
OG0000550	Syas.g_00010	Pran.g_01655
OG0000551	Syas.g_00015	Pran.g_01651
OG0000552	Syas.g_00016	Pran.g_01650
OG0000553	Syas.g_00019	Pran.g_01649
OG0000554	Syas.g_00063	Pran.g_01644
OG0000555	Syas.g_00775	Pran.g_01636
OG0000556	Syas.g_00781	Pran.g_01634
OG0000557	Syas.g_00783	Pran.g_01633
OG0000558	Syas.g_00785	Pran.g_01631
OG0000559	Syas.g_00789	Pran.g_01627
OG0000560	Syas.g_00792	Pran.g_01624
OG0000561	Syas.g_00793	Pran.g_01623
OG0000562	Syas.g_00794	Pran.g_01622
OG0000563	Syas.g_00795	Pran.g_01621
OG0000564	Syas.g_00796	Pran.g_01620
OG0000565	Syas.g_00800	Pran.g_01617
OG0000566	Syas.g_00804	Pran.g_01614
OG0000567	Syas.g_00808	Pran.g_01610
OG0000568	Syas.g_00810	Pran.g_01609
OG0000569	Syas.g_00811	Pran.g_01608
OG0000570	Syas.g_00812	Pran.g_01607
OG0000571	Syas.g_00815	Pran.g_01605
OG0000572	Syas.g_00839	Pran.g_01592
OG0000573	Syas.g_00952	Pran.g_01586
OG0000574	Syas.g_00951	Pran.g_01585
OG0000575	Syas.g_00848	Pran.g_01581
OG0000576	Syas.g_00850	Pran.g_01579
OG0000577	Syas.g_00851	Pran.g_01578
OG0000578	Syas.g_00852	Pran.g_01577
OG0000579	Syas.g_00853	Pran.g_01576
OG0000580	Syas.g_00854	Pran.g_01575
OG0000581	Syas.g_00861	Pran.g_01573
OG0000582	Syas.g_00873	Pran.g_01570
OG0000583	Syas.g_00872	Pran.g_01569
OG0000584	Syas.g_00871	Pran.g_01568
OG0000585	Syas.g_00868	Pran.g_01566
OG0000586	Syas.g_00867	Pran.g_01565
OG0000587	Syas.g_00865	Pran.g_01564
OG0000588	Syas.g_00960	Pran.g_01560
OG0000589	Syas.g_00121	Pran.g_01557
OG0000590	Syas.g_00120	Pran.g_01556
OG0000591	Syas.g_00106	Pran.g_01553
OG0000592	Syas.g_00105	Pran.g_01552
OG0000593	Syas.g_00750	Pran.g_01546
OG0000594	Syas.g_00749	Pran.g_01545
OG0000595	Syas.g_00748	Pran.g_01544
OG0000596	Syas.g_00743	Pran.g_01540
OG0000597	Syas.g_00740	Pran.g_01538
OG0000598	Syas.g_00739	Pran.g_01537
OG0000599	Syas.g_00732	Pran.g_01534
OG0000600	Syas.g_00731	Pran.g_01533
OG0000601	Syas.g_00730	Pran.g_01532
OG0000602	Syas.g_00725	Pran.g_01530
OG0000603	Syas.g_00724	Pran.g_01529
OG0000604	Syas.g_00721	Pran.g_01528
OG0000605	Syas.g_00719	Pran.g_01527
OG0000606	Syas.g_00716	Pran.g_01524
OG0000607	Syas.g_00713	Pran.g_01521
OG0000608	Syas.g_00712	Pran.g_01520
OG0000609	Syas.g_00710	Pran.g_01519
OG0000610	Syas.g_00702	Pran.g_01514
OG0000611	Syas.g_00699	Pran.g_01511
OG0000612	Syas.g_00698	Pran.g_01510
OG0000613	Syas.g_01825	Pran.g_01505
OG0000614	Syas.g_01044	Pran.g_01486
OG0000615	Syas.g_00650	Pran.g_01478
OG0000616	Syas.g_02011	Pran.g_01472
OG0000617	Syas.g_00180	Pran.g_01454
OG0000618	Syas.g_00181	Pran.g_01453
OG0000619	Syas.g_00182	Pran.g_01452
OG0000620	Syas.g_00188	Pran.g_01449
OG0000621	Syas.g_00189	Pran.g_01448
OG0000622	Syas.g_00190	Pran.g_01447
OG0000623	Syas.g_00191	Pran.g_01446
OG0000624	Syas.g_00192	Pran.g_01445
OG0000625	Syas.g_00193	Pran.g_01444
OG0000626	Syas.g_00194	Pran.g_01443
OG0000627	Syas.g_00372	Pran.g_01442
OG0000628	Syas.g_00373	Pran.g_01441
OG0000629	Syas.g_00376	Pran.g_01440
OG0000630	Syas.g_00397	Pran.g_01437
OG0000631	Syas.g_00405	Pran.g_01352
OG0000632	Syas.g_00406	Pran.g_01351
OG0000633	Syas.g_00407	Pran.g_01350
OG0000634	Syas.g_00600	Pran.g_01347
OG0000635	Syas.g_00599	Pran.g_01346
OG0000636	Syas.g_00597	Pran.g_01344
OG0000637	Syas.g_00595	Pran.g_01342
OG0000638	Syas.g_00594	Pran.g_01341
OG0000639	Syas.g_00593	Pran.g_01340
OG0000640	Syas.g_00592	Pran.g_01339
OG0000641	Syas.g_00587	Pran.g_01335
OG0000642	Syas.g_00586	Pran.g_01334
OG0000643	Syas.g_00585	Pran.g_01333
OG0000644	Syas.g_00584	Pran.g_01332
OG0000645	Syas.g_00583	Pran.g_01331
OG0000646	Syas.g_00580	Pran.g_01329
OG0000647	Syas.g_00578	Pran.g_01328
OG0000648	Syas.g_00576	Pran.g_01326
OG0000649	Syas.g_00575	Pran.g_01325
OG0000650	Syas.g_00574	Pran.g_01324
OG0000651	Syas.g_00573	Pran.g_01323
OG0000652	Syas.g_00572	Pran.g_01322
OG0000653	Syas.g_00570	Pran.g_01320
OG0000654	Syas.g_00569	Pran.g_01319
OG0000655	Syas.g_00568	Pran.g_01318
OG0000656	Syas.g_00565	Pran.g_01315
OG0000657	Syas.g_00232	Pran.g_01308
OG0000658	Syas.g_00235	Pran.g_01307
OG0000659	Syas.g_00236	Pran.g_01306
OG0000660	Syas.g_00240	Pran.g_01302
OG0000661	Syas.g_00242	Pran.g_01300
OG0000662	Syas.g_00281	Pran.g_01298
OG0000663	Syas.g_00284	Pran.g_01296
OG0000664	Syas.g_00287	Pran.g_01295
OG0000665	Syas.g_00385	Pran.g_01291
OG0000666	Syas.g_01362	Pran.g_01290
OG0000667	Syas.g_00088	Pran.g_01285
OG0000668	Syas.g_00221	Pran.g_00413
OG0000669	Syas.g_00684	Pran.g_00421
OG0000670	Syas.g_00681	Pran.g_00423
OG0000671	Syas.g_00679	Pran.g_00425
OG0000672	Syas.g_00676	Pran.g_00427
OG0000673	Syas.g_00673	Pran.g_00430
OG0000674	Syas.g_00671	Pran.g_00432
OG0000675	Syas.g_00670	Pran.g_00433
OG0000676	Syas.g_00668	Pran.g_00435
OG0000677	Syas.g_00667	Pran.g_00436
OG0000678	Syas.g_00660	Pran.g_00438
OG0000679	Syas.g_00629	Pran.g_00442
OG0000680	Syas.g_00628	Pran.g_00443
OG0000681	Syas.g_00625	Pran.g_00445
OG0000682	Syas.g_00624	Pran.g_00446
OG0000683	Syas.g_00623	Pran.g_00447
OG0000684	Syas.g_00621	Pran.g_00449
OG0000685	Syas.g_00187	Pran.g_00451
OG0000686	Syas.g_00619	Pran.g_00452
OG0000687	Syas.g_00618	Pran.g_00453
OG0000688	Syas.g_00612	Pran.g_00456
OG0000689	Syas.g_00610	Pran.g_00457
OG0000690	Syas.g_00609	Pran.g_00458
OG0000691	Syas.g_00608	Pran.g_00459
OG0000692	Syas.g_00606	Pran.g_00461
OG0000693	Syas.g_00604	Pran.g_00462
OG0000694	Syas.g_00603	Pran.g_00463
OG0000695	Syas.g_00410	Pran.g_00465
OG0000696	Syas.g_00411	Pran.g_00466
OG0000697	Syas.g_00413	Pran.g_00467
OG0000698	Syas.g_00417	Pran.g_00470
OG0000699	Syas.g_00419	Pran.g_00471
OG0000700	Syas.g_00420	Pran.g_00472
OG0000701	Syas.g_00421	Pran.g_00473
OG0000702	Syas.g_00437	Pran.g_00475
OG0000703	Syas.g_00438	Pran.g_00476
OG0000704	Syas.g_00446	Pran.g_00477
OG0000705	Syas.g_00453	Pran.g_00481
OG0000706	Syas.g_00454	Pran.g_00482
OG0000707	Syas.g_00455	Pran.g_00483
OG0000708	Syas.g_00458	Pran.g_00484
OG0000709	Syas.g_00466	Pran.g_00488
OG0000710	Syas.g_00497	Pran.g_00491
OG0000711	Syas.g_00546	Pran.g_00508
OG0000712	Syas.g_00548	Pran.g_00510
OG0000713	Syas.g_00549	Pran.g_00511
OG0000714	Syas.g_00551	Pran.g_00512
OG0000715	Syas.g_00553	Pran.g_00514
OG0000716	Syas.g_00556	Pran.g_00516
OG0000717	Syas.g_00557	Pran.g_00517
OG0000718	Syas.g_00561	Pran.g_00537
OG0000719	Syas.g_00223	Pran.g_00539
OG0000720	Syas.g_00209	Pran.g_00548
OG0000721	Syas.g_00207	Pran.g_00550
OG0000722	Syas.g_00206	Pran.g_00551
OG0000723	Syas.g_00196	Pran.g_00554
OG0000724	Syas.g_00999	Pran.g_00563
OG0000725	Syas.g_01024	Pran.g_00569
OG0000726	Syas.g_01025	Pran.g_00570
OG0000727	Syas.g_01026	Pran.g_00571
OG0000728	Syas.g_01028	Pran.g_00573
OG0000729	Syas.g_02145	Pran.g_00133
OG0000730	Syas.g_01544	Pran.g_00129
OG0000731	Syas.g_01532	Pran.g_00125
OG0000732	Syas.g_02086	Pran.g_00115
OG0000733	Syas.g_00096	Pran.g_00092
OG0000734	Syas.g_02414	Pran.g_00075
OG0000735	Syas.g_01201	Pran.g_00073
OG0000736	Syas.g_01200	Pran.g_00072
OG0000737	Syas.g_01199	Pran.g_00071
OG0000738	Syas.g_01193	Pran.g_00067
OG0000739	Syas.g_01192	Pran.g_00066
OG0000740	Syas.g_01191	Pran.g_00065
OG0000741	Syas.g_01188	Pran.g_00064
OG0000742	Syas.g_01185	Pran.g_00061
OG0000743	Syas.g_01182	Pran.g_00059
OG0000744	Syas.g_01181	Pran.g_00058
OG0000745	Syas.g_01178	Pran.g_00057
OG0000746	Syas.g_01176	Pran.g_00055
OG0000747	Syas.g_01174	Pran.g_00054
OG0000748	Syas.g_01146	Pran.g_00051
OG0000749	Syas.g_01144	Pran.g_00050
OG0000750	Syas.g_01143	Pran.g_00049
OG0000751	Syas.g_01138	Pran.g_00047
OG0000752	Syas.g_01136	Pran.g_00045
OG0000753	Syas.g_01133	Pran.g_00042
OG0000754	Syas.g_01128	Pran.g_00039
OG0000755	Syas.g_01117	Pran.g_00036
OG0000756	Syas.g_01116	Pran.g_00035
OG0000757	Syas.g_01108	Pran.g_00029
OG0000758	Syas.g_01107	Pran.g_00028
OG0000759	Syas.g_01106	Pran.g_00027
OG0000760	Syas.g_01105	Pran.g_00026
OG0000761	Syas.g_01104	Pran.g_00025
OG0000762	Syas.g_01102	Pran.g_00024
OG0000763	Syas.g_01091	Pran.g_00022
OG0000764	Syas.g_01090	Pran.g_00021
OG0000765	Syas.g_01076	Pran.g_00012
OG0000766	Syas.g_01075	Pran.g_00011
OG0000767	Syas.g_01073	Pran.g_00009
OG0000768	Syas.g_01072	Pran.g_00008
OG0000769	Syas.g_01070	Pran.g_00006
OG0000770	Syas.g_01067	Pran.g_00004
OG0000771	Syas.g_00993	Pran.g_00918
OG0000772	Syas.g_01461	Pran.g_00899
OG0000773	Syas.g_00002	Pran.g_00885
OG0000774	Syas.g_02862	Pran.g_00883
OG0000775	Syas.g_02860	Pran.g_00881
OG0000776	Syas.g_02859	Pran.g_00880
OG0000777	Syas.g_02858	Pran.g_00879
OG0000778	Syas.g_02857	Pran.g_00878
OG0000779	Syas.g_02852	Pran.g_00874
OG0000780	Syas.g_02847	Pran.g_00873
OG0000781	Syas.g_02842	Pran.g_00870
OG0000782	Syas.g_02841	Pran.g_00869
OG0000783	Syas.g_02840	Pran.g_00868
OG0000784	Syas.g_02839	Pran.g_00867
OG0000785	Syas.g_02837	Pran.g_00865
OG0000786	Syas.g_02833	Pran.g_00863
OG0000787	Syas.g_02832	Pran.g_00862
OG0000788	Syas.g_00782	Pran.g_00853
OG0000789	Syas.g_01507	Pran.g_00850
OG0000790	Syas.g_01266	Pran.g_00836
OG0000791	Syas.g_01268	Pran.g_00834
OG0000792	Syas.g_01269	Pran.g_00833
OG0000793	Syas.g_01359	Pran.g_00830
OG0000794	Syas.g_01361	Pran.g_00829
OG0000795	Syas.g_01363	Pran.g_00828
OG0000796	Syas.g_01368	Pran.g_00824
OG0000797	Syas.g_01369	Pran.g_00823
OG0000798	Syas.g_01750, Syas.g_02134	Pran.g_00789
OG0000799	Syas.g_02789	Pran.g_00751
OG0000800	Syas.g_02790	Pran.g_00750
OG0000801	Syas.g_02791	Pran.g_00749
OG0000802	Syas.g_02797	Pran.g_00747
OG0000803	Syas.g_02800	Pran.g_00745
OG0000804	Syas.g_02803	Pran.g_00744
OG0000805	Syas.g_02805	Pran.g_00742
OG0000806	Syas.g_02807	Pran.g_00740
OG0000807	Syas.g_02808	Pran.g_00739
OG0000808	Syas.g_02809	Pran.g_00738
OG0000809	Syas.g_02811	Pran.g_00735
OG0000810	Syas.g_02813	Pran.g_00734
OG0000811	Syas.g_02822	Pran.g_00730
OG0000812	Syas.g_02824	Pran.g_00728
OG0000813	Syas.g_02825	Pran.g_00727
OG0000814	Syas.g_02827	Pran.g_00725
OG0000815	Syas.g_02829	Pran.g_00724
OG0000816	Syas.g_02831	Pran.g_00722
OG0000817	Syas.g_02753	Pran.g_00721
OG0000818	Syas.g_01282	Pran.g_00716
OG0000819	Syas.g_01283	Pran.g_00715
OG0000820	Syas.g_01284	Pran.g_00714
OG0000821	Syas.g_01289	Pran.g_00710
OG0000822	Syas.g_01291	Pran.g_00709
OG0000823	Syas.g_01292	Pran.g_00708
OG0000824	Syas.g_01297	Pran.g_00705
OG0000825	Syas.g_01298	Pran.g_00704
OG0000826	Syas.g_01299	Pran.g_00703
OG0000827	Syas.g_01300	Pran.g_00702
OG0000828	Syas.g_01303	Pran.g_00699
OG0000829	Syas.g_01304	Pran.g_00698
OG0000830	Syas.g_01305	Pran.g_00697
OG0000831	Syas.g_01308	Pran.g_00695
OG0000832	Syas.g_01476	Pran.g_00689
OG0000833	Syas.g_02738	Pran.g_00681
OG0000834	Syas.g_02737	Pran.g_00680
OG0000835	Syas.g_02736	Pran.g_00679
OG0000836	Syas.g_02732	Pran.g_00678
OG0000837	Syas.g_02731	Pran.g_00677
OG0000838	Syas.g_02727	Pran.g_00675
OG0000839	Syas.g_02726	Pran.g_00674
OG0000840	Syas.g_02725	Pran.g_00673
OG0000841	Syas.g_02724	Pran.g_00672
OG0000842	Syas.g_02723	Pran.g_00671
OG0000843	Syas.g_02722	Pran.g_00670
OG0000844	Syas.g_02720	Pran.g_00669
OG0000845	Syas.g_02719	Pran.g_00668
OG0000846	Syas.g_02718	Pran.g_00667
OG0000847	Syas.g_02717	Pran.g_00666
OG0000848	Syas.g_02715	Pran.g_00665
OG0000849	Syas.g_02714	Pran.g_00664
OG0000850	Syas.g_02711	Pran.g_00662
OG0000851	Syas.g_02708	Pran.g_00661
OG0000852	Syas.g_02707	Pran.g_00660
OG0000853	Syas.g_02703	Pran.g_00656
OG0000854	Syas.g_02701	Pran.g_00654
OG0000855	Syas.g_02700	Pran.g_00653
OG0000856	Syas.g_00103	Pran.g_00636
OG0000857	Syas.g_00579	Pran.g_00598
OG0000858	Syas.g_02693	Pran.g_00964
OG0000859	Syas.g_02692	Pran.g_00965
OG0000860	Syas.g_02679	Pran.g_00972
OG0000861	Syas.g_02678	Pran.g_00973
OG0000862	Syas.g_02677	Pran.g_00974
OG0000863	Syas.g_02675	Pran.g_00976
OG0000864	Syas.g_02674	Pran.g_00977
OG0000865	Syas.g_02673	Pran.g_00978
OG0000866	Syas.g_02672	Pran.g_00979
OG0000867	Syas.g_02671	Pran.g_00980
OG0000868	Syas.g_02667	Pran.g_00981
OG0000869	Syas.g_02662	Pran.g_00985
OG0000870	Syas.g_02657	Pran.g_00990
OG0000871	Syas.g_02656	Pran.g_00991
OG0000872	Syas.g_02650	Pran.g_00992
OG0000873	Syas.g_02647	Pran.g_00995
OG0000874	Syas.g_02645	Pran.g_00998
OG0000875	Syas.g_02644	Pran.g_00999
OG0000876	Syas.g_00280	Pran.g_01000
OG0000877	Syas.g_02603	Pran.g_01002
OG0000878	Syas.g_02602	Pran.g_01003
OG0000879	Syas.g_02601	Pran.g_01004
OG0000880	Syas.g_02600	Pran.g_01005
OG0000881	Syas.g_02596	Pran.g_01009
OG0000882	Syas.g_02591	Pran.g_01014
OG0000883	Syas.g_02586	Pran.g_01015
OG0000884	Syas.g_02584	Pran.g_01017
OG0000885	Syas.g_02583	Pran.g_01018
OG0000886	Syas.g_02582	Pran.g_01019
OG0000887	Syas.g_02581	Pran.g_01020
OG0000888	Syas.g_02579	Pran.g_01022
OG0000889	Syas.g_02577	Pran.g_01024
OG0000890	Syas.g_02574	Pran.g_01025
OG0000891	Syas.g_02573	Pran.g_01026
OG0000892	Syas.g_02571	Pran.g_01028
OG0000893	Syas.g_01677	Pran.g_01032
OG0000894	Syas.g_01667	Pran.g_01034
OG0000895	Syas.g_01663	Pran.g_01037
OG0000896	Syas.g_01662	Pran.g_01038
OG0000897	Syas.g_01660	Pran.g_01040
OG0000898	Syas.g_01659	Pran.g_01041
OG0000899	Syas.g_01658	Pran.g_01042
OG0000900	Syas.g_01657	Pran.g_01044
OG0000901	Syas.g_01652	Pran.g_01047
OG0000902	Syas.g_01651	Pran.g_01049
OG0000903	Syas.g_01637	Pran.g_01052
OG0000904	Syas.g_01642	Pran.g_01054
OG0000905	Syas.g_01647	Pran.g_01058
OG0000906	Syas.g_01649	Pran.g_01059
OG0000907	Syas.g_01635	Pran.g_01062
OG0000908	Syas.g_01632	Pran.g_01065
OG0000909	Syas.g_01631	Pran.g_01066
OG0000910	Syas.g_01630	Pran.g_01067
OG0000911	Syas.g_01628	Pran.g_01070
OG0000912	Syas.g_01627	Pran.g_01071
OG0000913	Syas.g_01626	Pran.g_01072
OG0000914	Syas.g_01625	Pran.g_01073
OG0000915	Syas.g_01623	Pran.g_01074
OG0000916	Syas.g_01622	Pran.g_01075
OG0000917	Syas.g_01621	Pran.g_01076
OG0000918	Syas.g_01620	Pran.g_01077
OG0000919	Syas.g_01619	Pran.g_01078
OG0000920	Syas.g_01618	Pran.g_01079
OG0000921	Syas.g_01617	Pran.g_01080
OG0000922	Syas.g_01616	Pran.g_01081
OG0000923	Syas.g_01612	Pran.g_01085
OG0000924	Syas.g_01611	Pran.g_01086
OG0000925	Syas.g_01610	Pran.g_01087
OG0000926	Syas.g_01609	Pran.g_01088
OG0000927	Syas.g_01607	Pran.g_01090
OG0000928	Syas.g_01606	Pran.g_01091
OG0000929	Syas.g_01605	Pran.g_01092
OG0000930	Syas.g_01604	Pran.g_01093
OG0000931	Syas.g_01603	Pran.g_01094
OG0000932	Syas.g_01602	Pran.g_01095
OG0000933	Syas.g_01596	Pran.g_01099
OG0000934	Syas.g_01594	Pran.g_01101
OG0000935	Syas.g_01593	Pran.g_01102
OG0000936	Syas.g_01592	Pran.g_01103
OG0000937	Syas.g_01591	Pran.g_01104
OG0000938	Syas.g_01588	Pran.g_01106
OG0000939	Syas.g_01587	Pran.g_01107
OG0000940	Syas.g_01580	Pran.g_01114
OG0000941	Syas.g_01578	Pran.g_01116
OG0000942	Syas.g_01576	Pran.g_01118
OG0000943	Syas.g_01575	Pran.g_01119
OG0000944	Syas.g_01573	Pran.g_01120
OG0000945	Syas.g_01572	Pran.g_01121
OG0000946	Syas.g_01565	Pran.g_01125
OG0000947	Syas.g_01562	Pran.g_01127
OG0000948	Syas.g_01561	Pran.g_01128
OG0000949	Syas.g_02213	Pran.g_01131
OG0000950	Syas.g_02197	Pran.g_01136
OG0000951	Syas.g_02190	Pran.g_01139
OG0000952	Syas.g_02186	Pran.g_01143
OG0000953	Syas.g_02182	Pran.g_01146
OG0000954	Syas.g_02174	Pran.g_01150
OG0000955	Syas.g_02173	Pran.g_01151
OG0000956	Syas.g_02171	Pran.g_01153
OG0000957	Syas.g_02158	Pran.g_01158
OG0000958	Syas.g_02157	Pran.g_01159
OG0000959	Syas.g_02154	Pran.g_01163
OG0000960	Syas.g_02153	Pran.g_01164
OG0000961	Syas.g_02345	Pran.g_01166
OG0000962	Syas.g_02146	Pran.g_01168
OG0000963	Syas.g_02143	Pran.g_01172
OG0000964	Syas.g_02142	Pran.g_01173
OG0000965	Syas.g_02141	Pran.g_01174
OG0000966	Syas.g_02112	Pran.g_01182
OG0000967	Syas.g_02108	Pran.g_01186
OG0000968	Syas.g_02106	Pran.g_01188
OG0000969	Syas.g_02104	Pran.g_01189
OG0000970	Syas.g_02103	Pran.g_01190
OG0000971	Syas.g_02101	Pran.g_01191
OG0000972	Syas.g_02100	Pran.g_01192
OG0000973	Syas.g_02099	Pran.g_01193
OG0000974	Syas.g_02098	Pran.g_01194
OG0000975	Syas.g_02097	Pran.g_01195
OG0000976	Syas.g_02096	Pran.g_01196
OG0000977	Syas.g_02094	Pran.g_01197
OG0000978	Syas.g_02093	Pran.g_01198
OG0000979	Syas.g_02090	Pran.g_01201
OG0000980	Syas.g_02087	Pran.g_01202
OG0000981	Syas.g_02084	Pran.g_01204
OG0000982	Syas.g_01882	Pran.g_01206
OG0000983	Syas.g_01883	Pran.g_01207
OG0000984	Syas.g_01884	Pran.g_01208
OG0000985	Syas.g_01888	Pran.g_01211
OG0000986	Syas.g_01891	Pran.g_01213
OG0000987	Syas.g_01897	Pran.g_01214
OG0000988	Syas.g_01902	Pran.g_01217
OG0000989	Syas.g_01908	Pran.g_01221
OG0000990	Syas.g_01937	Pran.g_01224
OG0000991	Syas.g_01939	Pran.g_01225
OG0000992	Syas.g_01943	Pran.g_01227
OG0000993	Syas.g_01945	Pran.g_01228
OG0000994	Syas.g_01948	Pran.g_01229
OG0000995	Syas.g_01955	Pran.g_01233
OG0000996	Syas.g_01977	Pran.g_01234
OG0000997	Syas.g_01993	Pran.g_01235
OG0000998	Syas.g_01995	Pran.g_01237
OG0000999	Syas.g_01996	Pran.g_01238
OG0001000	Syas.g_02000	Pran.g_01241
OG0001001	Syas.g_02006	Pran.g_01243
OG0001002	Syas.g_02014	Pran.g_01247
OG0001003	Syas.g_02016	Pran.g_01249
OG0001004	Syas.g_02017	Pran.g_01250
OG0001005	Syas.g_02018	Pran.g_01251
OG0001006	Syas.g_02032	Pran.g_01255
OG0001007	Syas.g_02034	Pran.g_01257
OG0001008	Syas.g_01496	Pran.g_01743
OG0001009	Syas.g_02065	Pran.g_00397
OG0001010	Syas.g_02066	Pran.g_00396
OG0001011	Syas.g_02068	Pran.g_00395
OG0001012	Syas.g_00152	Pran.g_00382
OG0001013	Syas.g_01866	Pran.g_00377
OG0001014	Syas.g_01857	Pran.g_00374
OG0001015	Syas.g_01856	Pran.g_00373
OG0001016	Syas.g_02517	Pran.g_00359
OG0001017	Syas.g_02511	Pran.g_00355
OG0001018	Syas.g_02509	Pran.g_00352
OG0001019	Syas.g_02469	Pran.g_00343
OG0001020	Syas.g_02443	Pran.g_00342
OG0001021	Syas.g_02437	Pran.g_00341
OG0001022	Syas.g_02434	Pran.g_00339
OG0001023	Syas.g_02433	Pran.g_00338
OG0001024	Syas.g_00135	Pran.g_00335
OG0001025	Syas.g_02424	Pran.g_00329
OG0001026	Syas.g_02412	Pran.g_00322
OG0001027	Syas.g_02408	Pran.g_00321
OG0001028	Syas.g_02405	Pran.g_00319
OG0001029	Syas.g_02403	Pran.g_00318
OG0001030	Syas.g_02384	Pran.g_00304
OG0001031	Syas.g_02293	Pran.g_00246
OG0001032	Syas.g_02290	Pran.g_00245
OG0001033	Syas.g_02239	Pran.g_00224
OG0001034	Syas.g_02556	Pran.g_00196
OG0001035	Syas.g_01704	Pran.g_01938
OG0001036	Syas.g_01709	Pran.g_01934
OG0001037	Syas.g_01711	Pran.g_01933
OG0001038	Syas.g_01751	Pran.g_01916
OG0001039	Syas.g_01754	Pran.g_01913
OG0001041	Syas.g_01761	Pran.g_01907
OG0001042	Syas.g_01821	Pran.g_01890
OG0001043	Syas.g_01817	Pran.g_01889
OG0001044	Syas.g_01542	Pran.g_01861
OG0001045	Syas.g_01529	Pran.g_01853
OG0001046	Syas.g_00532	Pran.g_01816
OG0001047	Syas.g_01494	Pran.g_01741
OG0001048	Syas.g_01493	Pran.g_01740
OG0001049	Syas.g_02742	Pran.g_01738
OG0001050	Syas.g_02743	Pran.g_01737
OG0001051	Syas.g_02744	Pran.g_01736
OG0001052	Syas.g_01337	Pran.g_01707
OG0001053	Syas.g_01250	Pran.g_01695
OG0001054	Syas.g_01231	Pran.g_01680
OG0001055	Syas.g_01210	Pran.g_01661
OG0001056	Syas.g_00068	Pran.g_01642
OG0001057	Syas.g_00763	Pran.g_01637
OG0001058	Syas.g_00787	Pran.g_01629
OG0001059	Syas.g_00791	Pran.g_01625
OG0001060	Syas.g_00797	Pran.g_01618
OG0001061	Syas.g_00816	Pran.g_01604
OG0001062	Syas.g_00819	Pran.g_01602
OG0001063	Syas.g_00830	Pran.g_01600
OG0001064	Syas.g_00831	Pran.g_01599
OG0001065	Syas.g_00832	Pran.g_01598
OG0001066	Syas.g_00833	Pran.g_01597
OG0001067	Syas.g_00834	Pran.g_01596
OG0001068	Syas.g_00835	Pran.g_01595
OG0001069	Syas.g_00836	Pran.g_01594
OG0001070	Syas.g_00840	Pran.g_01591
OG0001071	Syas.g_00841	Pran.g_01590
OG0001072	Syas.g_00844	Pran.g_01588
OG0001073	Syas.g_00855	Pran.g_01574
OG0001074	Syas.g_00157	Pran.g_01563
OG0001075	Syas.g_00163	Pran.g_01562
OG0001076	Syas.g_00113	Pran.g_01554
OG0001077	Syas.g_00101	Pran.g_01550
OG0001078	Syas.g_00745	Pran.g_01542
OG0001079	Syas.g_00729	Pran.g_01531
OG0001080	Syas.g_00717	Pran.g_01525
OG0001081	Syas.g_00715	Pran.g_01523
OG0001082	Syas.g_00714	Pran.g_01522
OG0001083	Syas.g_00707	Pran.g_01517
OG0001084	Syas.g_00706	Pran.g_01516
OG0001085	Syas.g_00693	Pran.g_01508
OG0001086	Syas.g_00691	Pran.g_01507
OG0001087	Syas.g_00071	Pran.g_01490
OG0001088	Syas.g_01060	Pran.g_01489
OG0001089	Syas.g_01039	Pran.g_01481
OG0001090	Syas.g_00980	Pran.g_01459
OG0001091	Syas.g_00979	Pran.g_01457
OG0001092	Syas.g_00178	Pran.g_01456
OG0001093	Syas.g_00184	Pran.g_01451
OG0001095	Syas.g_00582	Pran.g_01330
OG0001097	Syas.g_00243	Pran.g_01299
OG0001098	Syas.g_00880	Pran.g_01283
OG0001099	Syas.g_02404	Pran.g_00418
OG0001100	Syas.g_00682	Pran.g_00422
OG0001101	Syas.g_00680	Pran.g_00424
OG0001102	Syas.g_00677	Pran.g_00426
OG0001103	Syas.g_00675	Pran.g_00428
OG0001104	Syas.g_00620	Pran.g_00450
OG0001105	Syas.g_00617	Pran.g_00454
OG0001106	Syas.g_00447	Pran.g_00478
OG0001107	Syas.g_00459	Pran.g_00485
OG0001108	Syas.g_00494	Pran.g_00489
OG0001109	Syas.g_00496	Pran.g_00490
OG0001110	Syas.g_00498	Pran.g_00492
OG0001111	Syas.g_00500	Pran.g_00493
OG0001112	Syas.g_00503	Pran.g_00494
OG0001113	Syas.g_00504	Pran.g_00495
OG0001114	Syas.g_00505	Pran.g_00496
OG0001115	Syas.g_00527	Pran.g_00498
OG0001116	Syas.g_00529	Pran.g_00499
OG0001117	Syas.g_00530	Pran.g_00500
OG0001118	Syas.g_00531	Pran.g_00501
OG0001119	Syas.g_00533	Pran.g_00502
OG0001120	Syas.g_00539	Pran.g_00504
OG0001122	Syas.g_00222	Pran.g_00540
OG0001123	Syas.g_00214	Pran.g_00544
OG0001124	Syas.g_00212	Pran.g_00546
OG0001125	Syas.g_00210	Pran.g_00547
OG0001126	Syas.g_00991	Pran.g_00557
OG0001127	Syas.g_00992	Pran.g_00558
OG0001128	Syas.g_00995	Pran.g_00560
OG0001129	Syas.g_00997	Pran.g_00561
OG0001130	Syas.g_00998	Pran.g_00562
OG0001131	Syas.g_01401	Pran.g_00154
OG0001132	Syas.g_00525	Pran.g_00144
OG0001133	Syas.g_00109	Pran.g_00110
OG0001136	Syas.g_01187	Pran.g_00063
OG0001138	Syas.g_01114	Pran.g_00034
OG0001139	Syas.g_01112	Pran.g_00033
OG0001140	Syas.g_01111	Pran.g_00032
OG0001141	Syas.g_01110	Pran.g_00031
OG0001142	Syas.g_01109	Pran.g_00030
OG0001143	Syas.g_01092	Pran.g_00023
OG0001144	Syas.g_01084	Pran.g_00018
OG0001145	Syas.g_02867	Pran.g_00884
OG0001146	Syas.g_02846	Pran.g_00872
OG0001147	Syas.g_01329	Pran.g_00854
OG0001148	Syas.g_01263	Pran.g_00839
OG0001149	Syas.g_01264	Pran.g_00838
OG0001150	Syas.g_01265	Pran.g_00837
OG0001151	Syas.g_01366	Pran.g_00826
OG0001152	Syas.g_01367	Pran.g_00825
OG0001153	Syas.g_01301	Pran.g_00701
OG0001154	Syas.g_01302	Pran.g_00700
OG0001155	Syas.g_01478	Pran.g_00688
OG0001156	Syas.g_01489	Pran.g_00685
OG0001157	Syas.g_01490	Pran.g_00684
OG0001158	Syas.g_01491	Pran.g_00683
OG0001159	Syas.g_01492	Pran.g_00682
OG0001160	Syas.g_02705	Pran.g_00658
OG0001161	Syas.g_02030	Pran.g_00646
OG0001162	Syas.g_02473	Pran.g_00632
OG0001163	Syas.g_02697	Pran.g_00962
OG0001164	Syas.g_02691	Pran.g_00966
OG0001165	Syas.g_02686	Pran.g_00969
OG0001166	Syas.g_02658	Pran.g_00989
OG0001167	Syas.g_01046	Pran.g_01006
OG0001168	Syas.g_02597	Pran.g_01008
OG0001169	Syas.g_02595	Pran.g_01010
OG0001170	Syas.g_02593	Pran.g_01012
OG0001171	Syas.g_02580	Pran.g_01021
OG0001172	Syas.g_01665	Pran.g_01035
OG0001173	Syas.g_01664	Pran.g_01036
OG0001174	Syas.g_01656	Pran.g_01045
OG0001175	Syas.g_01655	Pran.g_01046
OG0001176	Syas.g_01638	Pran.g_01053
OG0001177	Syas.g_01640	Pran.g_01055
OG0001178	Syas.g_02676	Pran.g_01060
OG0001179	Syas.g_01608	Pran.g_01089
OG0001180	Syas.g_01583	Pran.g_01111
OG0001181	Syas.g_01579	Pran.g_01115
OG0001182	Syas.g_01571	Pran.g_01122
OG0001183	Syas.g_01564	Pran.g_01126
OG0001184	Syas.g_02188	Pran.g_01141
OG0001185	Syas.g_02162	Pran.g_01155
OG0001186	Syas.g_02113	Pran.g_01178
OG0001187	Syas.g_02111	Pran.g_01183
OG0001190	Syas.g_01881	Pran.g_01205
OG0001191	Syas.g_01900	Pran.g_01215
OG0001193	Syas.g_01952	Pran.g_01230
OG0001194	Syas.g_01953	Pran.g_01231
OG0001195	Syas.g_01954	Pran.g_01232
OG0001196	Syas.g_02010	Pran.g_01245
OG0001197	Syas.g_02012	Pran.g_01246
OG0001198	Syas.g_02031	Pran.g_01254
OG0001199	Syas.g_02516	Pran.g_00358
OG0001200	Syas.g_02514	Pran.g_00356
OG0001201	Syas.g_02419	Pran.g_00325
OG0001202	Syas.g_02270	Pran.g_00233
OG0001204	Syas.g_01687	Pran.g_01949
OG0001205	Syas.g_02745	Pran.g_01735
OG0001207	Syas.g_01260	Pran.g_01701
OG0001208	Syas.g_01251	Pran.g_01696
OG0001209	Syas.g_00065	Pran.g_01643
OG0001210	Syas.g_00761	Pran.g_01638
OG0001211	Syas.g_00788	Pran.g_01628
OG0001212	Syas.g_00847	Pran.g_01582
OG0001213	Syas.g_00100	Pran.g_01549
OG0001214	Syas.g_00744	Pran.g_01541
OG0001215	Syas.g_02245	Pran.g_01488
OG0001217	Syas.g_01397, Syas.g_02493	Pran.g_01415
OG0001218	Syas.g_01309	Pran.g_01407
OG0001219	Syas.g_00399	Pran.g_01354
OG0001220	Syas.g_02447	Pran.g_01292
OG0001221	Syas.g_02669	Pran.g_00440
OG0001222	Syas.g_00448	Pran.g_00479
OG0001223	Syas.g_00541	Pran.g_00505
OG0001225	Syas.g_01017	Pran.g_00566
OG0001226	Syas.g_02506	Pran.g_00159
OG0001227	Syas.g_00824	Pran.g_00141
OG0001228	Syas.g_02195	Pran.g_00015
OG0001229	Syas.g_00285	Pran.g_00843
OG0001230	Syas.g_02806	Pran.g_00741
OG0001231	Syas.g_02050	Pran.g_00634
OG0001232	Syas.g_02649	Pran.g_00993
OG0001233	Syas.g_02592	Pran.g_01013
OG0001234	Syas.g_01310	Pran.g_01048
OG0001235	Syas.g_01646	Pran.g_01057
OG0001237	Syas.g_02187	Pran.g_01142
OG0001238	Syas.g_01901	Pran.g_01216
OG0001239	Syas.g_02519	Pran.g_00361
OG0001240	Syas.g_02435	Pran.g_00340
OG0001241	Syas.g_02427	Pran.g_00332
OG0001242	Syas.g_02398	Pran.g_00314
OG0001244	Syas.g_02370	Pran.g_00293
OG0001245	Syas.g_00524	Pran.g_01815
OG0001246	Syas.g_01224, Syas.g_01829	Pran.g_01674
OG0001249	Syas.g_01547	Pran.g_01365
OG0001250	Syas.g_00239	Pran.g_01303
OG0001251	Syas.g_00516, Syas.g_00408	Pran.g_00414
OG0001252	Syas.g_00994	Pran.g_00559
OG0001253	Syas.g_00143	Pran.g_00140
OG0001255	Syas.g_00492	Pran.g_00076
OG0001256	Syas.g_02698	Pran.g_00641
OG0001257	Syas.g_01407	Pran.g_00635
OG0001258	Syas.g_02688	Pran.g_00967
OG0001259	Syas.g_02594	Pran.g_01011
OG0001260	Syas.g_02572	Pran.g_01027
OG0001261	Syas.g_01599	Pran.g_01097
OG0001262	Syas.g_02091	Pran.g_01200
OG0001265	Syas.g_02399	Pran.g_00315
OG0001266	Syas.g_02266	Pran.g_00229
OG0001267	Syas.g_01753	Pran.g_01914
OG0001268	Syas.g_01535	Pran.g_01856
OG0001269	Syas.g_00510	Pran.g_01835
OG0001270	Syas.g_01499	Pran.g_01746
OG0001271	Syas.g_01336	Pran.g_01706
OG0001272	Syas.g_01247	Pran.g_01692
OG0001273	Syas.g_00751	Pran.g_01547
OG0001274	Syas.g_01849	Pran.g_01473
OG0001275	Syas.g_00554	Pran.g_00515
OG0001276	Syas.g_00215	Pran.g_00543
OG0001277	Syas.g_00110	Pran.g_00152
OG0001278	Syas.g_01074	Pran.g_00010
OG0001279	Syas.g_02792	Pran.g_00609
OG0001280	Syas.g_01095	Pran.g_00877
OG0001281	Syas.g_02845	Pran.g_00871
OG0001282	Syas.g_01262	Pran.g_00840
OG0001284	Syas.g_02713	Pran.g_00663
OG0001286	Syas.g_01585	Pran.g_01109
OG0001287	Syas.g_00136	Pran.g_01162
OG0001288	Syas.g_02144	Pran.g_01171
OG0001289	Syas.g_02474	Pran.g_00345
OG0001290	Syas.g_02428	Pran.g_00333
OG0001291	Syas.g_02378	Pran.g_00299
OG0001292	Syas.g_01693	Pran.g_01944
OG0001293	Syas.g_01720	Pran.g_01932
OG0001294	Syas.g_00692	Pran.g_01817
OG0001295	Syas.g_00770	Pran.g_01711
OG0001296	Syas.g_01217	Pran.g_01669
OG0001297	Syas.g_01213	Pran.g_01664
OG0001298	Syas.g_00829	Pran.g_01601
OG0001299	Syas.g_00700	Pran.g_01512
OG0001303	Syas.g_00400	Pran.g_01434
OG0001304	Syas.g_00199	Pran.g_00553
OG0001305	Syas.g_01027	Pran.g_00572
OG0001306	Syas.g_01202	Pran.g_00074
OG0001308	Syas.g_02830	Pran.g_00723
OG0001309	Syas.g_00003	Pran.g_00637
OG0001310	Syas.g_02666	Pran.g_00982
OG0001311	Syas.g_00213	Pran.g_00545
OG0001312	Syas.g_00414	Pran.g_00468
OG0001315	Syas.g_01566	Pran.g_00371
OG0001317	Syas.g_02553	Pran.g_00198
OG0001318	Syas.g_01706	Pran.g_01936
OG0001319	Syas.g_01736	Pran.g_01921
OG0001323	Syas.g_00006	Pran.g_01659
OG0001325	Syas.g_00179	Pran.g_01455
OG0001326	Syas.g_01960, Syas.g_01961	Pran.g_00184
OG0001327	Syas.g_00687	Pran.g_00167
OG0001329	Syas.g_00773	Pran.g_00101
OG0001331	Syas.g_01267	Pran.g_00835
OG0001333	Syas.g_02598	Pran.g_01007
OG0001336	Syas.g_02003	Pran.g_01242
OG0001339	Syas.g_02425	Pran.g_00330
OG0001345	Syas.g_01132	Pran.g_00041
OG0001346	Syas.g_02853	Pran.g_00875
OG0001348	Syas.g_00119	Pran.g_00604
OG0001349	Syas.g_02643	Pran.g_00792, Pran.g_00805
OG0001353	Syas.g_00228	Pran.g_01311
OG0001354	Syas.g_00526	Pran.g_00497
OG0001356	Syas.g_01715	Pran.g_01390
OG0001358	Syas.g_00122	Pran.g_01558
OG0001360	Syas.g_01130	Pran.g_00139
OG0001361	Syas.g_01135	Pran.g_00044
OG0001364	Syas.g_02212	Pran.g_01132
OG0001365	Syas.g_01886	Pran.g_01209
OG0001371	Syas.g_02499	Pran.g_01499
OG0001373	Syas.g_01959	Pran.g_00183
OG0001374	Syas.g_01968	Pran.g_00191
OG0001376	Syas.g_00468	Pran.g_00173
OG0001377	Syas.g_00467	Pran.g_00172
OG0001378	Syas.g_01500	Pran.g_00130
OG0001379	Syas.g_02861	Pran.g_00882
OG0001380	Syas.g_00126	Pran.g_00852
OG0001385	Syas.g_01956	Pran.g_00180
OG0001386	Syas.g_01957	Pran.g_00181
OG0001387	Syas.g_01958	Pran.g_00182
OG0001388	Syas.g_01962	Pran.g_00185
OG0001389	Syas.g_01963	Pran.g_00186
OG0001390	Syas.g_01964	Pran.g_00187
OG0001391	Syas.g_01965	Pran.g_00188
OG0001392	Syas.g_01966	Pran.g_00189
OG0001393	Syas.g_01967	Pran.g_00190
OG0001394	Syas.g_00627	Pran.g_00444
OG0001395	Syas.g_00195	Pran.g_00555
OG0001398	Syas.g_02481	Pran.g_00596
OG0001399	Syas.g_02459	Pran.g_01050
OG0001403	Syas.g_02069	Pran.g_00394
OG0001406	Syas.g_00469	Pran.g_00174
OG0001408	Syas.g_00142	Pran.g_00156
OG0001409	Syas.g_00154	Pran.g_00053
OG0001411	Syas.g_01156	Pran.g_00809
OG0001413	Syas.g_01481	Pran.g_00648
OG0001416	Syas.g_01061	Pran.g_01719
OG0001417	Syas.g_00507	Pran.g_01709
OG0001418	Syas.g_01177	Pran.g_01494
OG0001420	Syas.g_00017	Pran.g_00121
OG0001423	Syas.g_02532	Pran.g_01777
OG0001428	Syas.g_02325	Pran.g_00260
OG0001429	Syas.g_00401	Pran.g_01353
OG0001432	Syas.g_01484	Pran.g_00650
OG0001433	Syas.g_01398	Pran.g_01391
OG0001438	Syas.g_01767	Pran.g_01901
OG0001439	Syas.g_01809	Pran.g_01887
OG0001441	Syas.g_00008	Pran.g_01657
OG0001443	Syas.g_01910	Pran.g_00595
OG0001447	Syas.g_02390	Pran.g_00308
OG0001449	Syas.g_02567	Pran.g_01794
OG0001450	Syas.g_02208, Syas.g_00474	Pran.g_01491
OG0001451	Syas.g_02342, Syas.g_02343	Pran.g_01282
OG0001452	Syas.g_01700	Pran.g_00416
OG0001453	Syas.g_00547	Pran.g_00509
OG0001454	Syas.g_01483	Pran.g_00146
OG0001456	Syas.g_01969	Pran.g_00082
OG0001457	Syas.g_01970	Pran.g_00081
OG0001458	Syas.g_01971	Pran.g_00080
OG0001459	Syas.g_02778	Pran.g_00954, Pran.g_00642
OG0001460	Syas.g_01399	Pran.g_01392
OG0001461	Syas.g_00566	Pran.g_00916
OG0001471	Syas.g_01819	Pran.g_00647
OG0001473	Syas.g_00323	Pran.g_01180
OG0001474	Syas.g_01534	Pran.g_01855
OG0001480	Syas.g_00771	Pran.g_01826
OG0001482	Syas.g_00535	Pran.g_01721
OG0001484	Syas.g_00166, Syas.g_00167	Pran.g_01414
OG0001486	Syas.g_01186	Pran.g_00062
OG0001492	Syas.g_01077	Pran.g_00013
OG0001493	Syas.g_01069	Pran.g_00005
OG0001502	Syas.g_00290	Pran.g_01373
OG0001504	Syas.g_02777	Pran.g_00953
OG0001507	Syas.g_01183	Pran.g_00613
OG0001527	Syas.g_00803	Pran.g_01615
OG0001546	Syas.g_00011	Pran.g_01654
OG0001547	Syas.g_00300	Pran.g_01371
OG0001554	Syas.g_00153	Pran.g_00639
OG0001555	Syas.g_00654	Pran.g_00624
OG0001556	Syas.g_01679	Pran.g_01398
OG0001565	Syas.g_00351	Pran.g_01757
OG0001567	Syas.g_00294	Pran.g_01372
OG0001568	Syas.g_00368	Pran.g_01370
OG0001570	Syas.g_00309	Pran.g_00118
OG0001584	Syas.g_00607	Pran.g_00460
OG0001587	Syas.g_02569	Pran.g_01029
OG0001634	Syas.g_00697	Pran.g_00610
OG0001666	Syas.g_02785	Pran.g_00955
OG0001700	Syas.g_01390, Syas.g_01391	Pran.g_01393
OG0001990	Syas.g_01973	Pran.g_01773
OG0002029	Syas.g_01930, Syas.g_02786	Pran.g_00956
OG0002227	Syas.g_01904	Pran.g_01396
OG0002274	Syas.g_02624	Pran.g_00814
OG0002369	Syas.g_02628	Pran.g_00784
OG0002622	Syas.g_01892	Pran.g_00782
OG0002892	Syas.g_00908	Pran.g_01762
