Orthogroup	Syah	Prad
OG0000001	Syah.g_00726, Syah.g_01516, Syah.g_00040, Syah.g_00041, Syah.g_00710	Prad.g_00609
OG0000002	Syah.g_01829	Prad.g_00601, Prad.g_01252
OG0000004	Syah.g_02017	Prad.g_01269
OG0000004	Syah.g_01967, Syah.g_00901	Prad.g_01759
OG0000005	Syah.g_02403	Prad.g_00928
OG0000005	Syah.g_02363	Prad.g_00438
OG0000006	Syah.g_01912, Syah.g_00683, Syah.g_00915, Syah.g_00681, Syah.g_00918	Prad.g_01750
OG0000007	Syah.g_01016	Prad.g_00132
OG0000007	Syah.g_02384	Prad.g_00941
OG0000009	Syah.g_02457	Prad.g_00317, Prad.g_00401
OG0000009	Syah.g_01910, Syah.g_02535	Prad.g_01888
OG0000010	Syah.g_01220	Prad.g_01304, Prad.g_01011
OG0000011	Syah.g_01991	Prad.g_01212
OG0000012	Syah.g_01960, Syah.g_02169, Syah.g_01340	Prad.g_01412
OG0000013	Syah.g_00822, Syah.g_00831, Syah.g_00817	Prad.g_01664
OG0000014	Syah.g_00127	Prad.g_01685
OG0000015	Syah.g_01511, Syah.g_01510	Prad.g_01108
OG0000016	Syah.g_00359	Prad.g_01973
OG0000017	Syah.g_01152, Syah.g_01159	Prad.g_01387
OG0000018	Syah.g_01264	Prad.g_01515
OG0000019	Syah.g_00669	Prad.g_01742, Prad.g_01125
OG0000022	Syah.g_01881	Prad.g_01993
OG0000023	Syah.g_01330, Syah.g_02167, Syah.g_00930	Prad.g_00751
OG0000024	Syah.g_01990	Prad.g_01088, Prad.g_01249
OG0000025	Syah.g_02082	Prad.g_01660, Prad.g_01181
OG0000026	Syah.g_00340	Prad.g_01955, Prad.g_01004
OG0000027	Syah.g_01541	Prad.g_01298, Prad.g_00353
OG0000028	Syah.g_00141	Prad.g_01204, Prad.g_01671
OG0000029	Syah.g_01292	Prad.g_01096, Prad.g_00734
OG0000032	Syah.g_01246	Prad.g_00572
OG0000034	Syah.g_00048, Syah.g_02213	Prad.g_00618
OG0000035	Syah.g_01293	Prad.g_00515
OG0000037	Syah.g_02541, Syah.g_00956, Syah.g_01365	Prad.g_01884
OG0000038	Syah.g_00508, Syah.g_00506	Prad.g_01582
OG0000039	Syah.g_02074	Prad.g_01260
OG0000040	Syah.g_01908	Prad.g_00369
OG0000040	Syah.g_00431	Prad.g_01516
OG0000041	Syah.g_02271, Syah.g_02039	Prad.g_00894
OG0000042	Syah.g_00261	Prad.g_01624
OG0000043	Syah.g_02119	Prad.g_00313
OG0000044	Syah.g_02454, Syah.g_02072, Syah.g_01194	Prad.g_01213
OG0000045	Syah.g_01872	Prad.g_00738
OG0000047	Syah.g_00847	Prad.g_01661, Prad.g_00683
OG0000048	Syah.g_00637	Prad.g_00735
OG0000050	Syah.g_00941	Prad.g_00985
OG0000051	Syah.g_02473	Prad.g_00342
OG0000052	Syah.g_00171	Prad.g_00571
OG0000053	Syah.g_01267	Prad.g_00494
OG0000054	Syah.g_01982, Syah.g_01862	Prad.g_01395
OG0000055	Syah.g_01878, Syah.g_02071	Prad.g_01126
OG0000057	Syah.g_02020	Prad.g_01272
OG0000058	Syah.g_00152	Prad.g_00565
OG0000059	Syah.g_00737	Prad.g_00855
OG0000061	Syah.g_02158	Prad.g_01496
OG0000062	Syah.g_02365	Prad.g_00436
OG0000063	Syah.g_00337	Prad.g_01953, Prad.g_00081
OG0000065	Syah.g_02537, Syah.g_02443	Prad.g_01886
OG0000066	Syah.g_01073	Prad.g_00090
OG0000067	Syah.g_01779	Prad.g_01146
OG0000068	Syah.g_00986	Prad.g_00594
OG0000069	Syah.g_01715	Prad.g_00952, Prad.g_00400
OG0000070	Syah.g_02217	Prad.g_00057
OG0000071	Syah.g_01863, Syah.g_02199	Prad.g_00628
OG0000072	Syah.g_00080	Prad.g_01820
OG0000073	Syah.g_01018	Prad.g_00130
OG0000074	Syah.g_00951	Prad.g_01256
OG0000075	Syah.g_00186	Prad.g_00775
OG0000076	Syah.g_00250	Prad.g_01631
OG0000077	Syah.g_02494	Prad.g_01915
OG0000078	Syah.g_00912	Prad.g_01752
OG0000079	Syah.g_00665	Prad.g_01739
OG0000081	Syah.g_00922, Syah.g_02471	Prad.g_00098
OG0000082	Syah.g_01136	Prad.g_01374
OG0000084	Syah.g_02105, Syah.g_01296	Prad.g_00519
OG0000085	Syah.g_02372	Prad.g_00948
OG0000086	Syah.g_02511	Prad.g_01905
OG0000087	Syah.g_00038	Prad.g_01854
OG0000088	Syah.g_00074	Prad.g_01825
OG0000089	Syah.g_00888	Prad.g_00755
OG0000090	Syah.g_01064	Prad.g_00096
OG0000091	Syah.g_01927	Prad.g_01431
OG0000093	Syah.g_01794	Prad.g_00218
OG0000094	Syah.g_01692	Prad.g_01038
OG0000095	Syah.g_02030	Prad.g_01018
OG0000097	Syah.g_01400	Prad.g_01454
OG0000098	Syah.g_00723	Prad.g_00612
OG0000099	Syah.g_00144	Prad.g_00566
OG0000100	Syah.g_01747	Prad.g_00440
OG0000101	Syah.g_00785	Prad.g_00807
OG0000102	Syah.g_00255	Prad.g_01626
OG0000103	Syah.g_00391	Prad.g_01548
OG0000104	Syah.g_00377	Prad.g_01540
OG0000105	Syah.g_00632	Prad.g_01717
OG0000106	Syah.g_01544	Prad.g_00739
OG0000107	Syah.g_00688	Prad.g_00724
OG0000108	Syah.g_00997	Prad.g_00027
OG0000109	Syah.g_01012	Prad.g_00013
OG0000110	Syah.g_01124	Prad.g_01364
OG0000111	Syah.g_02021	Prad.g_01273
OG0000112	Syah.g_01613	Prad.g_01109
OG0000113	Syah.g_01752	Prad.g_01168
OG0000114	Syah.g_01529	Prad.g_00245
OG0000115	Syah.g_01269	Prad.g_00641
OG0000116	Syah.g_02175	Prad.g_01506
OG0000117	Syah.g_01425	Prad.g_01214
OG0000118	Syah.g_01173	Prad.g_00616
OG0000120	Syah.g_00145	Prad.g_00564
OG0000121	Syah.g_01287	Prad.g_00513
OG0000122	Syah.g_01900	Prad.g_00474
OG0000123	Syah.g_00793	Prad.g_00800
OG0000124	Syah.g_00272	Prad.g_01616
OG0000125	Syah.g_00504	Prad.g_01580
OG0000126	Syah.g_00379	Prad.g_01541
OG0000128	Syah.g_00361	Prad.g_01975
OG0000129	Syah.g_00516	Prad.g_01943
OG0000130	Syah.g_02483	Prad.g_01924
OG0000131	Syah.g_00052	Prad.g_01846
OG0000132	Syah.g_00072	Prad.g_01827
OG0000133	Syah.g_01618	Prad.g_01669
OG0000134	Syah.g_00891	Prad.g_00754
OG0000135	Syah.g_00465	Prad.g_00727
OG0000136	Syah.g_02227	Prad.g_00066
OG0000137	Syah.g_01221	Prad.g_00032
OG0000138	Syah.g_01013	Prad.g_00012
OG0000139	Syah.g_01070	Prad.g_00092
OG0000140	Syah.g_01071	Prad.g_00091
OG0000141	Syah.g_01981	Prad.g_01396
OG0000142	Syah.g_01935	Prad.g_01424
OG0000143	Syah.g_01931	Prad.g_01428
OG0000144	Syah.g_01824	Prad.g_01226
OG0000145	Syah.g_01019	Prad.g_01107
OG0000146	Syah.g_01612	Prad.g_01110
OG0000147	Syah.g_01611	Prad.g_01111
OG0000148	Syah.g_01758	Prad.g_01162
OG0000149	Syah.g_02096	Prad.g_00301
OG0000150	Syah.g_01980	Prad.g_00293
OG0000151	Syah.g_01820	Prad.g_00235
OG0000152	Syah.g_01622	Prad.g_00186
OG0000153	Syah.g_01656	Prad.g_00167
OG0000154	Syah.g_01682	Prad.g_00139
OG0000155	Syah.g_02123	Prad.g_01476
OG0000156	Syah.g_02185	Prad.g_00359
OG0000157	Syah.g_02186	Prad.g_00360
OG0000158	Syah.g_00204	Prad.g_00567
OG0000160	Syah.g_01289	Prad.g_00514
OG0000161	Syah.g_01282	Prad.g_00508
OG0000162	Syah.g_01276	Prad.g_00502
OG0000163	Syah.g_02315	Prad.g_00467
OG0000164	Syah.g_02423	Prad.g_00917
OG0000165	Syah.g_02251	Prad.g_00910
OG0000166	Syah.g_00747	Prad.g_00843
OG0000167	Syah.g_00183	Prad.g_00777
OG0000168	Syah.g_00205	Prad.g_00767
OG0000169	Syah.g_00237	Prad.g_01637
OG0000170	Syah.g_00245	Prad.g_01635
OG0000171	Syah.g_00271	Prad.g_01617
OG0000172	Syah.g_00293	Prad.g_01609
OG0000173	Syah.g_00313	Prad.g_01594
OG0000174	Syah.g_00461	Prad.g_01566
OG0000175	Syah.g_00402	Prad.g_01556
OG0000176	Syah.g_00369	Prad.g_01532
OG0000177	Syah.g_00368	Prad.g_01531
OG0000178	Syah.g_00367	Prad.g_01530
OG0000179	Syah.g_00355	Prad.g_01970
OG0000180	Syah.g_00354	Prad.g_01969
OG0000181	Syah.g_00353	Prad.g_01968
OG0000182	Syah.g_00352	Prad.g_01967
OG0000183	Syah.g_00348	Prad.g_01963
OG0000184	Syah.g_00525	Prad.g_01940
OG0000185	Syah.g_00528	Prad.g_01937
OG0000186	Syah.g_02479	Prad.g_01929
OG0000187	Syah.g_02480	Prad.g_01928
OG0000188	Syah.g_02501	Prad.g_01911
OG0000189	Syah.g_02526	Prad.g_01897
OG0000190	Syah.g_02528	Prad.g_01896
OG0000191	Syah.g_00008	Prad.g_01876
OG0000192	Syah.g_00013	Prad.g_01872
OG0000193	Syah.g_00053	Prad.g_01845
OG0000194	Syah.g_00056	Prad.g_01842
OG0000195	Syah.g_00058	Prad.g_01840
OG0000196	Syah.g_00069	Prad.g_01830
OG0000197	Syah.g_00070	Prad.g_01829
OG0000198	Syah.g_00071	Prad.g_01828
OG0000199	Syah.g_00079	Prad.g_01821
OG0000200	Syah.g_00616	Prad.g_01807
OG0000201	Syah.g_00601	Prad.g_01799
OG0000202	Syah.g_00600	Prad.g_01798
OG0000203	Syah.g_00599	Prad.g_01797
OG0000204	Syah.g_00598	Prad.g_01796
OG0000205	Syah.g_00591	Prad.g_01789
OG0000206	Syah.g_00578	Prad.g_01784
OG0000207	Syah.g_00575	Prad.g_01782
OG0000208	Syah.g_00574	Prad.g_01781
OG0000209	Syah.g_00544	Prad.g_01772
OG0000210	Syah.g_00543	Prad.g_01771
OG0000211	Syah.g_00904	Prad.g_01758
OG0000212	Syah.g_00913	Prad.g_01751
OG0000213	Syah.g_00657	Prad.g_01734
OG0000214	Syah.g_00641	Prad.g_01724
OG0000215	Syah.g_00101	Prad.g_01699
OG0000216	Syah.g_00105	Prad.g_01697
OG0000217	Syah.g_00109	Prad.g_01694
OG0000218	Syah.g_00111	Prad.g_01692
OG0000219	Syah.g_00112	Prad.g_01691
OG0000220	Syah.g_00113	Prad.g_01690
OG0000221	Syah.g_00120	Prad.g_01689
OG0000222	Syah.g_00131	Prad.g_01681
OG0000223	Syah.g_00153	Prad.g_01668
OG0000224	Syah.g_00162	Prad.g_01666
OG0000225	Syah.g_00874	Prad.g_01645
OG0000226	Syah.g_00878	Prad.g_00761
OG0000227	Syah.g_00880	Prad.g_00759
OG0000228	Syah.g_00887	Prad.g_00756
OG0000229	Syah.g_02236	Prad.g_00666
OG0000230	Syah.g_02234	Prad.g_00069
OG0000231	Syah.g_02218	Prad.g_00058
OG0000232	Syah.g_01206	Prad.g_00049
OG0000233	Syah.g_01210	Prad.g_00043
OG0000234	Syah.g_01222	Prad.g_00031
OG0000235	Syah.g_00996	Prad.g_00028
OG0000236	Syah.g_01011	Prad.g_00014
OG0000237	Syah.g_01028	Prad.g_00123
OG0000238	Syah.g_01032	Prad.g_00117
OG0000239	Syah.g_01048	Prad.g_00104
OG0000240	Syah.g_01049	Prad.g_00103
OG0000241	Syah.g_01944	Prad.g_00099
OG0000242	Syah.g_01062	Prad.g_00097
OG0000243	Syah.g_01079	Prad.g_01333
OG0000244	Syah.g_01087	Prad.g_01336
OG0000245	Syah.g_01090	Prad.g_01338
OG0000246	Syah.g_01094	Prad.g_01342
OG0000247	Syah.g_01106	Prad.g_01352
OG0000248	Syah.g_01109	Prad.g_01354
OG0000249	Syah.g_01111	Prad.g_01356
OG0000250	Syah.g_01120	Prad.g_01361
OG0000251	Syah.g_01145	Prad.g_01380
OG0000252	Syah.g_01148	Prad.g_01383
OG0000253	Syah.g_01149	Prad.g_01384
OG0000254	Syah.g_01976	Prad.g_01400
OG0000255	Syah.g_01968	Prad.g_01406
OG0000256	Syah.g_01952	Prad.g_01416
OG0000257	Syah.g_01945	Prad.g_01419
OG0000258	Syah.g_01926	Prad.g_01432
OG0000259	Syah.g_01494	Prad.g_01234
OG0000260	Syah.g_01497	Prad.g_01237
OG0000261	Syah.g_01500	Prad.g_01239
OG0000262	Syah.g_01505	Prad.g_01243
OG0000263	Syah.g_01410	Prad.g_01255
OG0000264	Syah.g_02000	Prad.g_01265
OG0000265	Syah.g_02252	Prad.g_01049
OG0000266	Syah.g_01714	Prad.g_01059
OG0000267	Syah.g_01574	Prad.g_01070
OG0000268	Syah.g_01575	Prad.g_01071
OG0000269	Syah.g_01784	Prad.g_01141
OG0000270	Syah.g_01781	Prad.g_01144
OG0000271	Syah.g_01773	Prad.g_01152
OG0000272	Syah.g_01772	Prad.g_01153
OG0000273	Syah.g_02075	Prad.g_01176
OG0000274	Syah.g_02076	Prad.g_01177
OG0000275	Syah.g_02081	Prad.g_01180
OG0000276	Syah.g_02088	Prad.g_01185
OG0000277	Syah.g_02089	Prad.g_00308
OG0000278	Syah.g_02092	Prad.g_00305
OG0000279	Syah.g_02100	Prad.g_00298
OG0000280	Syah.g_02112	Prad.g_00297
OG0000281	Syah.g_00722	Prad.g_00292
OG0000282	Syah.g_01531	Prad.g_00243
OG0000283	Syah.g_01585	Prad.g_00209
OG0000284	Syah.g_01591	Prad.g_00204
OG0000285	Syah.g_01603	Prad.g_00199
OG0000286	Syah.g_01621	Prad.g_00187
OG0000287	Syah.g_01231, Syah.g_01649	Prad.g_00170
OG0000288	Syah.g_01681	Prad.g_00140
OG0000289	Syah.g_01695	Prad.g_01035
OG0000290	Syah.g_02033	Prad.g_01021
OG0000291	Syah.g_02031	Prad.g_01019
OG0000292	Syah.g_00380	Prad.g_00972
OG0000293	Syah.g_02173	Prad.g_01505
OG0000294	Syah.g_02172	Prad.g_01504
OG0000295	Syah.g_02131	Prad.g_01484
OG0000296	Syah.g_02129	Prad.g_01482
OG0000297	Syah.g_01427	Prad.g_01474
OG0000298	Syah.g_01426	Prad.g_01473
OG0000299	Syah.g_01404	Prad.g_01455
OG0000300	Syah.g_01397	Prad.g_01452
OG0000301	Syah.g_01396	Prad.g_01451
OG0000302	Syah.g_01395	Prad.g_01449
OG0000303	Syah.g_01387	Prad.g_01442
OG0000304	Syah.g_01382	Prad.g_01438
OG0000305	Syah.g_02028	Prad.g_00602
OG0000306	Syah.g_02116	Prad.g_00599
OG0000307	Syah.g_00978	Prad.g_00585
OG0000308	Syah.g_00976	Prad.g_00584
OG0000309	Syah.g_00971	Prad.g_00580
OG0000310	Syah.g_01321	Prad.g_00530
OG0000311	Syah.g_01317	Prad.g_00528
OG0000312	Syah.g_01304	Prad.g_00525
OG0000313	Syah.g_01285	Prad.g_00511
OG0000314	Syah.g_01259	Prad.g_00487
OG0000315	Syah.g_01248	Prad.g_00477
OG0000316	Syah.g_02333	Prad.g_00457
OG0000317	Syah.g_02380	Prad.g_00943
OG0000318	Syah.g_02385	Prad.g_00940
OG0000319	Syah.g_02405	Prad.g_00927
OG0000320	Syah.g_02407	Prad.g_00925
OG0000321	Syah.g_02408	Prad.g_00924
OG0000322	Syah.g_02409	Prad.g_00923
OG0000323	Syah.g_02425	Prad.g_00914
OG0000324	Syah.g_02278	Prad.g_00887
OG0000325	Syah.g_00689	Prad.g_00878
OG0000326	Syah.g_00696	Prad.g_00872
OG0000327	Syah.g_00742	Prad.g_00848
OG0000328	Syah.g_00743	Prad.g_00847
OG0000329	Syah.g_00760	Prad.g_00830
OG0000330	Syah.g_00761	Prad.g_00829
OG0000331	Syah.g_00762	Prad.g_00828
OG0000332	Syah.g_00776	Prad.g_00814
OG0000333	Syah.g_00779	Prad.g_00812
OG0000334	Syah.g_00789	Prad.g_00804
OG0000335	Syah.g_00794	Prad.g_00799
OG0000336	Syah.g_00798	Prad.g_00795
OG0000337	Syah.g_00178	Prad.g_00779
OG0000338	Syah.g_00181	Prad.g_00778
OG0000339	Syah.g_00188	Prad.g_00774
OG0000340	Syah.g_00206	Prad.g_00766, Prad.g_01294
OG0000341	Syah.g_00208	Prad.g_00764
OG0000342	Syah.g_00209	Prad.g_00763
OG0000343	Syah.g_00231	Prad.g_00762
OG0000344	Syah.g_00235	Prad.g_01639
OG0000345	Syah.g_00246	Prad.g_01634
OG0000346	Syah.g_00251	Prad.g_01630
OG0000347	Syah.g_00275	Prad.g_01615
OG0000348	Syah.g_00301	Prad.g_01606
OG0000349	Syah.g_00320	Prad.g_01589
OG0000350	Syah.g_00703	Prad.g_01570
OG0000351	Syah.g_00399	Prad.g_01553
OG0000352	Syah.g_00398	Prad.g_01552
OG0000353	Syah.g_00374	Prad.g_01537
OG0000354	Syah.g_01038, Syah.g_00561	Prad.g_01041
OG0000355	Syah.g_00372	Prad.g_01535
OG0000356	Syah.g_00371	Prad.g_01534
OG0000357	Syah.g_00370	Prad.g_01533
OG0000358	Syah.g_00366	Prad.g_01529
OG0000359	Syah.g_00364	Prad.g_01528
OG0000360	Syah.g_00363	Prad.g_01527
OG0000361	Syah.g_00362	Prad.g_01976
OG0000362	Syah.g_00360	Prad.g_01974
OG0000363	Syah.g_00358	Prad.g_01972
OG0000364	Syah.g_00357	Prad.g_01971
OG0000365	Syah.g_00351	Prad.g_01966
OG0000366	Syah.g_00350	Prad.g_01965
OG0000367	Syah.g_00349	Prad.g_01964
OG0000368	Syah.g_00347	Prad.g_01962
OG0000369	Syah.g_00346	Prad.g_01961
OG0000370	Syah.g_00345	Prad.g_01960
OG0000371	Syah.g_00338	Prad.g_01954
OG0000372	Syah.g_00333	Prad.g_01951
OG0000373	Syah.g_00332	Prad.g_01950
OG0000374	Syah.g_00331	Prad.g_01949
OG0000375	Syah.g_00329	Prad.g_01947
OG0000376	Syah.g_00327	Prad.g_01945
OG0000377	Syah.g_00517	Prad.g_01941
OG0000378	Syah.g_00526	Prad.g_01939
OG0000379	Syah.g_00529	Prad.g_01936
OG0000380	Syah.g_02481	Prad.g_01927
OG0000381	Syah.g_02484	Prad.g_01923
OG0000382	Syah.g_02500	Prad.g_01912
OG0000383	Syah.g_02502	Prad.g_01910
OG0000384	Syah.g_02503	Prad.g_01909
OG0000385	Syah.g_02504	Prad.g_01908
OG0000386	Syah.g_02505	Prad.g_01907
OG0000387	Syah.g_02530	Prad.g_01894
OG0000388	Syah.g_02533	Prad.g_01891
OG0000389	Syah.g_02536	Prad.g_01887
OG0000390	Syah.g_00002	Prad.g_01880, Prad.g_00011
OG0000391	Syah.g_00007	Prad.g_01877
OG0000392	Syah.g_00012	Prad.g_01873
OG0000393	Syah.g_00014	Prad.g_01871
OG0000394	Syah.g_00015	Prad.g_01870
OG0000395	Syah.g_00016	Prad.g_01869
OG0000396	Syah.g_00019	Prad.g_01866
OG0000397	Syah.g_00021	Prad.g_01864
OG0000398	Syah.g_00027	Prad.g_01862
OG0000399	Syah.g_00028	Prad.g_01861
OG0000400	Syah.g_00029	Prad.g_01860
OG0000401	Syah.g_00030	Prad.g_01859
OG0000402	Syah.g_00033	Prad.g_01857
OG0000403	Syah.g_00034	Prad.g_01856
OG0000404	Syah.g_00036	Prad.g_01855
OG0000405	Syah.g_00050	Prad.g_01851
OG0000406	Syah.g_00054	Prad.g_01844
OG0000407	Syah.g_00055	Prad.g_01843
OG0000408	Syah.g_00057	Prad.g_01841
OG0000409	Syah.g_00059	Prad.g_01839
OG0000410	Syah.g_00060	Prad.g_01838
OG0000411	Syah.g_00061	Prad.g_01837
OG0000412	Syah.g_00062	Prad.g_01836
OG0000413	Syah.g_00064	Prad.g_01835
OG0000414	Syah.g_00065	Prad.g_01834
OG0000415	Syah.g_00066	Prad.g_01833
OG0000416	Syah.g_00067	Prad.g_01832
OG0000417	Syah.g_00068	Prad.g_01831
OG0000418	Syah.g_00073	Prad.g_01826
OG0000419	Syah.g_00075	Prad.g_01824
OG0000420	Syah.g_00077	Prad.g_01823
OG0000421	Syah.g_00082	Prad.g_01818
OG0000422	Syah.g_00083	Prad.g_01817
OG0000423	Syah.g_00084	Prad.g_01816
OG0000424	Syah.g_00085	Prad.g_01815
OG0000425	Syah.g_00086	Prad.g_01814
OG0000426	Syah.g_00087	Prad.g_01813
OG0000427	Syah.g_00088	Prad.g_01812
OG0000428	Syah.g_00620	Prad.g_01810
OG0000429	Syah.g_00618	Prad.g_01809
OG0000430	Syah.g_00617	Prad.g_01808
OG0000431	Syah.g_00613	Prad.g_01806
OG0000432	Syah.g_00607	Prad.g_01803
OG0000433	Syah.g_00605	Prad.g_01802
OG0000434	Syah.g_00604	Prad.g_01801
OG0000435	Syah.g_00602	Prad.g_01800
OG0000436	Syah.g_00597	Prad.g_01795
OG0000437	Syah.g_00596	Prad.g_01794
OG0000438	Syah.g_00595	Prad.g_01793
OG0000439	Syah.g_00593	Prad.g_01791
OG0000440	Syah.g_00592	Prad.g_01790
OG0000441	Syah.g_00585	Prad.g_01787
OG0000442	Syah.g_00580	Prad.g_01786
OG0000443	Syah.g_00579	Prad.g_01785
OG0000444	Syah.g_00573	Prad.g_01780
OG0000445	Syah.g_00572	Prad.g_01779
OG0000446	Syah.g_00570	Prad.g_01778
OG0000447	Syah.g_00567	Prad.g_01777
OG0000448	Syah.g_00566	Prad.g_01776
OG0000449	Syah.g_00565	Prad.g_01775
OG0000450	Syah.g_00547	Prad.g_01774
OG0000451	Syah.g_00546	Prad.g_01773
OG0000452	Syah.g_00542	Prad.g_01770
OG0000453	Syah.g_00541	Prad.g_01769
OG0000454	Syah.g_00540	Prad.g_01768
OG0000455	Syah.g_00539	Prad.g_01767
OG0000456	Syah.g_00538	Prad.g_01766
OG0000457	Syah.g_00536	Prad.g_01765
OG0000458	Syah.g_00535	Prad.g_01764
OG0000459	Syah.g_00534	Prad.g_01763
OG0000460	Syah.g_00906	Prad.g_01756
OG0000461	Syah.g_00678	Prad.g_01749
OG0000462	Syah.g_00675	Prad.g_01747
OG0000463	Syah.g_00674	Prad.g_01746
OG0000464	Syah.g_00673	Prad.g_01745
OG0000465	Syah.g_00672	Prad.g_01744
OG0000466	Syah.g_00668	Prad.g_01741
OG0000467	Syah.g_00666	Prad.g_01740
OG0000468	Syah.g_00661	Prad.g_01738
OG0000469	Syah.g_00647	Prad.g_01729
OG0000470	Syah.g_00645	Prad.g_01727
OG0000471	Syah.g_00644	Prad.g_01726
OG0000472	Syah.g_00642	Prad.g_01725
OG0000473	Syah.g_00640	Prad.g_01723
OG0000474	Syah.g_00639	Prad.g_01722
OG0000475	Syah.g_00638	Prad.g_01721
OG0000476	Syah.g_00636	Prad.g_01720
OG0000477	Syah.g_00630	Prad.g_01716
OG0000478	Syah.g_00629	Prad.g_01715
OG0000479	Syah.g_00628	Prad.g_01714
OG0000480	Syah.g_00089	Prad.g_01709
OG0000481	Syah.g_00091	Prad.g_01707
OG0000482	Syah.g_00092	Prad.g_01706
OG0000483	Syah.g_00096	Prad.g_01703
OG0000484	Syah.g_00097	Prad.g_01702
OG0000485	Syah.g_00098	Prad.g_01701
OG0000486	Syah.g_00099	Prad.g_01700
OG0000487	Syah.g_00106	Prad.g_01696
OG0000488	Syah.g_00110	Prad.g_01693
OG0000489	Syah.g_00121	Prad.g_01688
OG0000490	Syah.g_00129	Prad.g_01683
OG0000491	Syah.g_00130	Prad.g_01682
OG0000492	Syah.g_00132	Prad.g_01680
OG0000493	Syah.g_00133	Prad.g_01679
OG0000494	Syah.g_00134	Prad.g_01678
OG0000495	Syah.g_00135	Prad.g_01677
OG0000496	Syah.g_00136	Prad.g_01676
OG0000497	Syah.g_00137	Prad.g_01675
OG0000498	Syah.g_00138	Prad.g_01674
OG0000499	Syah.g_00139	Prad.g_01673
OG0000500	Syah.g_00140	Prad.g_01672
OG0000501	Syah.g_00143	Prad.g_01670
OG0000502	Syah.g_00155	Prad.g_01667
OG0000503	Syah.g_00858	Prad.g_01657
OG0000504	Syah.g_00860	Prad.g_01656
OG0000505	Syah.g_00861	Prad.g_01655
OG0000506	Syah.g_00863	Prad.g_01653
OG0000507	Syah.g_00869	Prad.g_01650
OG0000508	Syah.g_00873	Prad.g_01646
OG0000509	Syah.g_00875	Prad.g_01644
OG0000510	Syah.g_00876	Prad.g_01643
OG0000511	Syah.g_00877	Prad.g_01642
OG0000512	Syah.g_00879	Prad.g_00760
OG0000513	Syah.g_00892	Prad.g_00753
OG0000514	Syah.g_00899	Prad.g_00671
OG0000515	Syah.g_00900	Prad.g_00670
OG0000516	Syah.g_02231	Prad.g_00669
OG0000517	Syah.g_02237	Prad.g_00667
OG0000518	Syah.g_02221	Prad.g_00061
OG0000519	Syah.g_02220	Prad.g_00060
OG0000520	Syah.g_02219	Prad.g_00059
OG0000521	Syah.g_01202	Prad.g_00054
OG0000522	Syah.g_01204	Prad.g_00052
OG0000523	Syah.g_01205	Prad.g_00051
OG0000524	Syah.g_01207	Prad.g_00045
OG0000525	Syah.g_01212	Prad.g_00042
OG0000526	Syah.g_01215	Prad.g_00041
OG0000527	Syah.g_01219	Prad.g_00034
OG0000528	Syah.g_00991	Prad.g_00029
OG0000529	Syah.g_00998	Prad.g_00026
OG0000530	Syah.g_01001	Prad.g_00023
OG0000531	Syah.g_01002	Prad.g_00022
OG0000532	Syah.g_01005	Prad.g_00020
OG0000533	Syah.g_01006	Prad.g_00019
OG0000534	Syah.g_01007	Prad.g_00018
OG0000535	Syah.g_01008	Prad.g_00017
OG0000536	Syah.g_01009	Prad.g_00016
OG0000537	Syah.g_01010	Prad.g_00015
OG0000538	Syah.g_01021	Prad.g_00129
OG0000539	Syah.g_01022	Prad.g_00128
OG0000540	Syah.g_01023	Prad.g_00127
OG0000541	Syah.g_01024	Prad.g_00126
OG0000542	Syah.g_01027	Prad.g_00124
OG0000543	Syah.g_01029	Prad.g_00122
OG0000545	Syah.g_01031	Prad.g_00119
OG0000546	Syah.g_01033	Prad.g_00116
OG0000547	Syah.g_01035	Prad.g_00114
OG0000548	Syah.g_01036	Prad.g_00113
OG0000549	Syah.g_01042	Prad.g_00111
OG0000550	Syah.g_01046	Prad.g_00106
OG0000551	Syah.g_01051	Prad.g_00102
OG0000552	Syah.g_01052	Prad.g_00101
OG0000553	Syah.g_01054	Prad.g_00100
OG0000554	Syah.g_01065	Prad.g_00095
OG0000555	Syah.g_01078	Prad.g_01332
OG0000556	Syah.g_01084	Prad.g_01334
OG0000557	Syah.g_01086	Prad.g_01335
OG0000558	Syah.g_01088	Prad.g_01337
OG0000559	Syah.g_01093	Prad.g_01341
OG0000560	Syah.g_01096	Prad.g_01344
OG0000561	Syah.g_01097	Prad.g_01345
OG0000562	Syah.g_01098	Prad.g_01346
OG0000563	Syah.g_01099	Prad.g_01347
OG0000564	Syah.g_01100	Prad.g_01348
OG0000565	Syah.g_01104	Prad.g_01351
OG0000566	Syah.g_01108	Prad.g_01353
OG0000567	Syah.g_01112	Prad.g_01357
OG0000568	Syah.g_01116	Prad.g_01358
OG0000569	Syah.g_01117	Prad.g_01359
OG0000570	Syah.g_01118	Prad.g_01360
OG0000571	Syah.g_01122	Prad.g_01362
OG0000572	Syah.g_01137	Prad.g_01375
OG0000573	Syah.g_01146	Prad.g_01381
OG0000574	Syah.g_01147	Prad.g_01382
OG0000575	Syah.g_01151	Prad.g_01386
OG0000576	Syah.g_01153	Prad.g_01388
OG0000577	Syah.g_01154	Prad.g_01389
OG0000578	Syah.g_01155	Prad.g_01390
OG0000579	Syah.g_01156	Prad.g_01391
OG0000580	Syah.g_01157	Prad.g_01392
OG0000581	Syah.g_01163	Prad.g_01394
OG0000582	Syah.g_01979	Prad.g_01397
OG0000583	Syah.g_01978	Prad.g_01398
OG0000584	Syah.g_01977	Prad.g_01399
OG0000585	Syah.g_01975	Prad.g_01401
OG0000586	Syah.g_01974	Prad.g_01402
OG0000587	Syah.g_01972	Prad.g_01403
OG0000588	Syah.g_01966	Prad.g_01407
OG0000589	Syah.g_01962	Prad.g_01410
OG0000590	Syah.g_01961	Prad.g_01411
OG0000591	Syah.g_01954	Prad.g_01414
OG0000592	Syah.g_01953	Prad.g_01415
OG0000593	Syah.g_01939	Prad.g_01421
OG0000594	Syah.g_01938	Prad.g_01422
OG0000595	Syah.g_01937	Prad.g_01423
OG0000596	Syah.g_01932	Prad.g_01427
OG0000597	Syah.g_01929	Prad.g_01429
OG0000598	Syah.g_01928	Prad.g_01430
OG0000599	Syah.g_01925	Prad.g_01433
OG0000600	Syah.g_01924	Prad.g_01219
OG0000601	Syah.g_01923	Prad.g_01220
OG0000602	Syah.g_01917	Prad.g_01222
OG0000603	Syah.g_01916	Prad.g_01223
OG0000604	Syah.g_01913	Prad.g_01224
OG0000605	Syah.g_01825	Prad.g_01225
OG0000606	Syah.g_01485	Prad.g_01228
OG0000607	Syah.g_01489	Prad.g_01231
OG0000608	Syah.g_01490	Prad.g_01232
OG0000609	Syah.g_01492	Prad.g_01233
OG0000610	Syah.g_01499	Prad.g_01238
OG0000611	Syah.g_01502	Prad.g_01241
OG0000612	Syah.g_01503	Prad.g_01242
OG0000613	Syah.g_00147	Prad.g_01247
OG0000614	Syah.g_02004	Prad.g_01266
OG0000615	Syah.g_01814	Prad.g_01274
OG0000616	Syah.g_00389	Prad.g_01278
OG0000617	Syah.g_01722	Prad.g_01055
OG0000618	Syah.g_01721	Prad.g_01056
OG0000619	Syah.g_01720	Prad.g_01057
OG0000620	Syah.g_01713	Prad.g_01060
OG0000621	Syah.g_01712	Prad.g_01061
OG0000622	Syah.g_01711	Prad.g_01062
OG0000623	Syah.g_01710	Prad.g_01063
OG0000624	Syah.g_01708	Prad.g_01064
OG0000625	Syah.g_01707	Prad.g_01065
OG0000626	Syah.g_01706	Prad.g_01066
OG0000627	Syah.g_01569	Prad.g_01067
OG0000628	Syah.g_01570	Prad.g_01068
OG0000629	Syah.g_01573	Prad.g_01069
OG0000630	Syah.g_01577	Prad.g_01072
OG0000631	Syah.g_01582	Prad.g_01137
OG0000632	Syah.g_01583	Prad.g_01138
OG0000633	Syah.g_01584	Prad.g_01139
OG0000634	Syah.g_01783	Prad.g_01142
OG0000635	Syah.g_01782	Prad.g_01143
OG0000636	Syah.g_01780	Prad.g_01145
OG0000637	Syah.g_01778	Prad.g_01147
OG0000638	Syah.g_01777	Prad.g_01148
OG0000639	Syah.g_01776	Prad.g_01149
OG0000640	Syah.g_01775	Prad.g_01150
OG0000641	Syah.g_01771	Prad.g_01154
OG0000642	Syah.g_01770	Prad.g_01155
OG0000643	Syah.g_01768	Prad.g_01156
OG0000644	Syah.g_01767	Prad.g_01157
OG0000645	Syah.g_01765	Prad.g_01158
OG0000646	Syah.g_01762	Prad.g_01160
OG0000647	Syah.g_01760	Prad.g_01161
OG0000648	Syah.g_01757	Prad.g_01163
OG0000649	Syah.g_01756	Prad.g_01164
OG0000650	Syah.g_01755	Prad.g_01165
OG0000651	Syah.g_01754	Prad.g_01166
OG0000652	Syah.g_01753	Prad.g_01167
OG0000653	Syah.g_01751	Prad.g_01169
OG0000654	Syah.g_01750	Prad.g_01170
OG0000655	Syah.g_01749	Prad.g_01171
OG0000656	Syah.g_01746	Prad.g_01174
OG0000657	Syah.g_02083	Prad.g_01182
OG0000658	Syah.g_02086	Prad.g_01183
OG0000659	Syah.g_02087	Prad.g_01184
OG0000660	Syah.g_02091	Prad.g_00306
OG0000661	Syah.g_02093	Prad.g_00304
OG0000662	Syah.g_02095	Prad.g_00302
OG0000663	Syah.g_02098	Prad.g_00300
OG0000664	Syah.g_02099	Prad.g_00299
OG0000665	Syah.g_01895	Prad.g_00295
OG0000666	Syah.g_01826	Prad.g_00294
OG0000667	Syah.g_00714	Prad.g_00290
OG0000668	Syah.g_01680	Prad.g_00260
OG0000669	Syah.g_01520	Prad.g_00253
OG0000670	Syah.g_02352	Prad.g_00251
OG0000671	Syah.g_01524	Prad.g_00249
OG0000672	Syah.g_01527	Prad.g_00247
OG0000673	Syah.g_01530	Prad.g_00244
OG0000674	Syah.g_01532	Prad.g_00242
OG0000675	Syah.g_01533	Prad.g_00241
OG0000676	Syah.g_01535	Prad.g_00239
OG0000677	Syah.g_01536	Prad.g_00238
OG0000678	Syah.g_01821	Prad.g_00236
OG0000679	Syah.g_01812	Prad.g_00232
OG0000680	Syah.g_01811	Prad.g_00231
OG0000681	Syah.g_01808	Prad.g_00228
OG0000682	Syah.g_01807	Prad.g_00227
OG0000683	Syah.g_01806	Prad.g_00226
OG0000684	Syah.g_01802	Prad.g_00224
OG0000685	Syah.g_01800	Prad.g_00222
OG0000686	Syah.g_01799	Prad.g_00221
OG0000687	Syah.g_01798	Prad.g_00220
OG0000688	Syah.g_01793	Prad.g_00217
OG0000689	Syah.g_01791	Prad.g_00216
OG0000690	Syah.g_01790	Prad.g_00215
OG0000691	Syah.g_01789	Prad.g_00214
OG0000692	Syah.g_01788	Prad.g_00212
OG0000693	Syah.g_01787	Prad.g_00211
OG0000694	Syah.g_01786	Prad.g_00210
OG0000695	Syah.g_01586	Prad.g_00208
OG0000696	Syah.g_01587	Prad.g_00207
OG0000697	Syah.g_01589	Prad.g_00206
OG0000698	Syah.g_01592	Prad.g_00203
OG0000699	Syah.g_01594	Prad.g_00202
OG0000700	Syah.g_01595	Prad.g_00201
OG0000701	Syah.g_01596	Prad.g_00200
OG0000702	Syah.g_01604	Prad.g_00198
OG0000703	Syah.g_01605	Prad.g_00197
OG0000704	Syah.g_01608	Prad.g_00196
OG0000705	Syah.g_01614	Prad.g_00192
OG0000706	Syah.g_01615	Prad.g_00191
OG0000707	Syah.g_01616	Prad.g_00190
OG0000708	Syah.g_01619	Prad.g_00189
OG0000709	Syah.g_01627	Prad.g_00185
OG0000710	Syah.g_01631	Prad.g_00182
OG0000711	Syah.g_01661	Prad.g_00165
OG0000712	Syah.g_01662	Prad.g_00163
OG0000713	Syah.g_01663	Prad.g_00162
OG0000714	Syah.g_01665	Prad.g_00161
OG0000715	Syah.g_01667	Prad.g_00159
OG0000716	Syah.g_01671	Prad.g_00157
OG0000717	Syah.g_01672	Prad.g_00156
OG0000718	Syah.g_01676	Prad.g_00144
OG0000719	Syah.g_01678	Prad.g_00142
OG0000720	Syah.g_01691	Prad.g_01039
OG0000721	Syah.g_01693	Prad.g_01037
OG0000722	Syah.g_01694	Prad.g_01036
OG0000723	Syah.g_01704	Prad.g_01033
OG0000724	Syah.g_02036	Prad.g_01023
OG0000725	Syah.g_02027	Prad.g_01017
OG0000726	Syah.g_02026	Prad.g_01016
OG0000727	Syah.g_02025	Prad.g_01015
OG0000728	Syah.g_02023	Prad.g_01013
OG0000729	Syah.g_00263	Prad.g_00970
OG0000730	Syah.g_00855	Prad.g_00635
OG0000731	Syah.g_00867	Prad.g_00639
OG0000732	Syah.g_00319	Prad.g_00649
OG0000733	Syah.g_00473	Prad.g_01988
OG0000734	Syah.g_02545	Prad.g_01511
OG0000735	Syah.g_02178	Prad.g_01509
OG0000736	Syah.g_02177	Prad.g_01508
OG0000737	Syah.g_02176	Prad.g_01507
OG0000738	Syah.g_02170	Prad.g_01503
OG0000739	Syah.g_02165	Prad.g_01502
OG0000740	Syah.g_02164	Prad.g_01501
OG0000741	Syah.g_02161	Prad.g_01500
OG0000742	Syah.g_02159	Prad.g_01497
OG0000743	Syah.g_02157	Prad.g_01495
OG0000744	Syah.g_02156	Prad.g_01494
OG0000745	Syah.g_02154	Prad.g_01493
OG0000746	Syah.g_02151	Prad.g_01491
OG0000747	Syah.g_02150	Prad.g_01490
OG0000748	Syah.g_02140	Prad.g_01487
OG0000749	Syah.g_02138	Prad.g_01486
OG0000750	Syah.g_02137	Prad.g_01485
OG0000751	Syah.g_02130	Prad.g_01483
OG0000752	Syah.g_02128	Prad.g_01481
OG0000753	Syah.g_02125	Prad.g_01478
OG0000754	Syah.g_01431	Prad.g_01475
OG0000755	Syah.g_01423	Prad.g_01472
OG0000756	Syah.g_01422	Prad.g_01470, Prad.g_01471
OG0000757	Syah.g_01415	Prad.g_01464
OG0000758	Syah.g_01414	Prad.g_01463
OG0000759	Syah.g_01413	Prad.g_01462
OG0000760	Syah.g_01412	Prad.g_01461
OG0000761	Syah.g_01411	Prad.g_01460
OG0000762	Syah.g_01409	Prad.g_01459
OG0000763	Syah.g_01407	Prad.g_01457
OG0000764	Syah.g_01406	Prad.g_01456
OG0000765	Syah.g_01392	Prad.g_01447
OG0000766	Syah.g_01391	Prad.g_01446
OG0000767	Syah.g_01389	Prad.g_01444
OG0000768	Syah.g_01388	Prad.g_01443
OG0000769	Syah.g_01386	Prad.g_01441
OG0000770	Syah.g_01383	Prad.g_01439
OG0000771	Syah.g_02042	Prad.g_00076
OG0000772	Syah.g_01351	Prad.g_00341
OG0000773	Syah.g_02187	Prad.g_00361
OG0000774	Syah.g_02191	Prad.g_00363
OG0000775	Syah.g_02193	Prad.g_00365
OG0000776	Syah.g_02194	Prad.g_00366
OG0000777	Syah.g_02195	Prad.g_00631
OG0000778	Syah.g_02196	Prad.g_00630
OG0000779	Syah.g_02201	Prad.g_00626
OG0000780	Syah.g_02205	Prad.g_00625
OG0000781	Syah.g_02209	Prad.g_00622
OG0000782	Syah.g_02210	Prad.g_00621
OG0000783	Syah.g_02211	Prad.g_00620
OG0000784	Syah.g_02212	Prad.g_00619
OG0000785	Syah.g_02214	Prad.g_00617
OG0000786	Syah.g_01171	Prad.g_00615
OG0000787	Syah.g_01170	Prad.g_00614
OG0000788	Syah.g_01922	Prad.g_00607
OG0000789	Syah.g_01556	Prad.g_00604
OG0000790	Syah.g_00981	Prad.g_00589
OG0000791	Syah.g_00980	Prad.g_00587
OG0000792	Syah.g_00979	Prad.g_00586
OG0000793	Syah.g_00974	Prad.g_00583
OG0000794	Syah.g_00973	Prad.g_00582
OG0000795	Syah.g_00972	Prad.g_00581
OG0000796	Syah.g_00968	Prad.g_00577
OG0000797	Syah.g_00967	Prad.g_00576
OG0000799	Syah.g_01326	Prad.g_00533
OG0000800	Syah.g_01325	Prad.g_00532
OG0000801	Syah.g_01324	Prad.g_00531
OG0000802	Syah.g_01320	Prad.g_00529
OG0000803	Syah.g_01315	Prad.g_00527
OG0000804	Syah.g_01312	Prad.g_00526
OG0000805	Syah.g_01303	Prad.g_00524
OG0000806	Syah.g_01301	Prad.g_00522
OG0000807	Syah.g_01299	Prad.g_00521
OG0000808	Syah.g_01298	Prad.g_00520
OG0000809	Syah.g_01295	Prad.g_00517
OG0000810	Syah.g_01294	Prad.g_00516
OG0000811	Syah.g_01286	Prad.g_00512
OG0000812	Syah.g_01284	Prad.g_00510
OG0000813	Syah.g_01283	Prad.g_00509
OG0000814	Syah.g_01281	Prad.g_00507
OG0000815	Syah.g_01280	Prad.g_00506
OG0000816	Syah.g_01279	Prad.g_00504
OG0000817	Syah.g_01278	Prad.g_00503
OG0000818	Syah.g_01272	Prad.g_00498
OG0000819	Syah.g_01271	Prad.g_00497
OG0000820	Syah.g_01270	Prad.g_00496
OG0000821	Syah.g_01265	Prad.g_00491
OG0000822	Syah.g_01263	Prad.g_00490
OG0000823	Syah.g_01262	Prad.g_00489
OG0000824	Syah.g_01258	Prad.g_00486
OG0000825	Syah.g_01257	Prad.g_00485
OG0000826	Syah.g_01256	Prad.g_00484
OG0000827	Syah.g_01254	Prad.g_00483
OG0000828	Syah.g_01251	Prad.g_00480
OG0000829	Syah.g_01250	Prad.g_00479
OG0000830	Syah.g_01249	Prad.g_00478
OG0000831	Syah.g_01247	Prad.g_00476
OG0000832	Syah.g_02311	Prad.g_00470
OG0000833	Syah.g_02322	Prad.g_00462
OG0000834	Syah.g_02324	Prad.g_00461
OG0000835	Syah.g_02325	Prad.g_00460
OG0000836	Syah.g_02329	Prad.g_00459
OG0000837	Syah.g_02330	Prad.g_00458
OG0000838	Syah.g_02334	Prad.g_00456
OG0000839	Syah.g_02335	Prad.g_00455
OG0000840	Syah.g_02336	Prad.g_00454
OG0000841	Syah.g_02337	Prad.g_00453
OG0000842	Syah.g_02338	Prad.g_00452
OG0000843	Syah.g_02339	Prad.g_00451
OG0000844	Syah.g_02341	Prad.g_00450
OG0000845	Syah.g_02342	Prad.g_00449
OG0000846	Syah.g_02343	Prad.g_00448
OG0000847	Syah.g_02344	Prad.g_00447
OG0000848	Syah.g_02346	Prad.g_00446
OG0000849	Syah.g_02347	Prad.g_00445
OG0000850	Syah.g_02349	Prad.g_00443
OG0000851	Syah.g_02359	Prad.g_00442
OG0000852	Syah.g_02360	Prad.g_00441
OG0000853	Syah.g_02364	Prad.g_00437
OG0000854	Syah.g_02366	Prad.g_00435
OG0000855	Syah.g_02367	Prad.g_00434
OG0000856	Syah.g_01951	Prad.g_00419
OG0000857	Syah.g_01761	Prad.g_00388
OG0000858	Syah.g_02373	Prad.g_00947
OG0000859	Syah.g_02374	Prad.g_00946
OG0000860	Syah.g_02386	Prad.g_00939
OG0000861	Syah.g_02387	Prad.g_00938
OG0000862	Syah.g_02389	Prad.g_00937
OG0000863	Syah.g_02391	Prad.g_00935
OG0000864	Syah.g_02392	Prad.g_00934
OG0000865	Syah.g_02396	Prad.g_00933
OG0000866	Syah.g_02397	Prad.g_00932
OG0000867	Syah.g_02398	Prad.g_00931
OG0000868	Syah.g_02401	Prad.g_00930
OG0000869	Syah.g_02406	Prad.g_00926
OG0000870	Syah.g_02411	Prad.g_00921
OG0000871	Syah.g_02412	Prad.g_00920
OG0000872	Syah.g_02421	Prad.g_00919
OG0000873	Syah.g_02424	Prad.g_00916
OG0000874	Syah.g_02420	Prad.g_00913
OG0000875	Syah.g_02426	Prad.g_00912
OG0000876	Syah.g_02250	Prad.g_00911
OG0000877	Syah.g_02254	Prad.g_00909
OG0000878	Syah.g_02255	Prad.g_00908
OG0000879	Syah.g_02256	Prad.g_00907
OG0000880	Syah.g_02257	Prad.g_00906
OG0000881	Syah.g_02262	Prad.g_00902
OG0000882	Syah.g_02267	Prad.g_00897
OG0000883	Syah.g_02270	Prad.g_00895
OG0000884	Syah.g_02272	Prad.g_00893
OG0000885	Syah.g_02273	Prad.g_00892
OG0000886	Syah.g_02274	Prad.g_00891
OG0000887	Syah.g_02275	Prad.g_00890
OG0000888	Syah.g_02277	Prad.g_00888
OG0000889	Syah.g_02279	Prad.g_00886
OG0000890	Syah.g_02284	Prad.g_00885
OG0000891	Syah.g_02285	Prad.g_00884
OG0000892	Syah.g_02288	Prad.g_00882
OG0000893	Syah.g_00684	Prad.g_00879
OG0000894	Syah.g_00690	Prad.g_00877
OG0000895	Syah.g_00694	Prad.g_00874
OG0000896	Syah.g_00695	Prad.g_00873
OG0000897	Syah.g_00697	Prad.g_00871
OG0000898	Syah.g_00698	Prad.g_00870
OG0000899	Syah.g_00699	Prad.g_00869
OG0000900	Syah.g_00700	Prad.g_00868
OG0000901	Syah.g_00705	Prad.g_00865
OG0000902	Syah.g_00707	Prad.g_00863
OG0000903	Syah.g_00739	Prad.g_00860
OG0000904	Syah.g_00734	Prad.g_00858
OG0000905	Syah.g_00731	Prad.g_00853
OG0000906	Syah.g_00729	Prad.g_00852
OG0000907	Syah.g_00741	Prad.g_00849
OG0000908	Syah.g_00744	Prad.g_00846
OG0000909	Syah.g_00745	Prad.g_00845
OG0000910	Syah.g_00746	Prad.g_00844
OG0000911	Syah.g_00748	Prad.g_00842
OG0000912	Syah.g_00749	Prad.g_00841
OG0000913	Syah.g_00750	Prad.g_00840
OG0000914	Syah.g_00751	Prad.g_00839
OG0000915	Syah.g_00752	Prad.g_00838
OG0000916	Syah.g_00753	Prad.g_00837
OG0000917	Syah.g_00754	Prad.g_00836
OG0000918	Syah.g_00755	Prad.g_00835
OG0000919	Syah.g_00756	Prad.g_00834
OG0000920	Syah.g_00757	Prad.g_00833
OG0000921	Syah.g_00758	Prad.g_00832
OG0000922	Syah.g_00759	Prad.g_00831
OG0000923	Syah.g_00763	Prad.g_00827
OG0000924	Syah.g_00764	Prad.g_00826
OG0000925	Syah.g_00765	Prad.g_00825
OG0000926	Syah.g_00766	Prad.g_00824
OG0000927	Syah.g_00768	Prad.g_00822
OG0000928	Syah.g_00769	Prad.g_00821
OG0000929	Syah.g_00770	Prad.g_00820
OG0000930	Syah.g_00771	Prad.g_00819
OG0000931	Syah.g_00772	Prad.g_00818
OG0000932	Syah.g_00773	Prad.g_00817
OG0000933	Syah.g_00778	Prad.g_00813
OG0000934	Syah.g_00780	Prad.g_00811
OG0000935	Syah.g_00781	Prad.g_00810
OG0000936	Syah.g_00782	Prad.g_00809
OG0000937	Syah.g_00783	Prad.g_00808
OG0000938	Syah.g_00787	Prad.g_00806
OG0000939	Syah.g_00788	Prad.g_00805
OG0000940	Syah.g_00795	Prad.g_00798
OG0000941	Syah.g_00797	Prad.g_00796
OG0000942	Syah.g_00799	Prad.g_00794
OG0000943	Syah.g_00800	Prad.g_00793
OG0000944	Syah.g_00802	Prad.g_00792
OG0000945	Syah.g_00804	Prad.g_00791
OG0000946	Syah.g_00809	Prad.g_00787
OG0000947	Syah.g_00812	Prad.g_00785
OG0000948	Syah.g_00813	Prad.g_00784
OG0000949	Syah.g_00173	Prad.g_00781
OG0000950	Syah.g_00184	Prad.g_00776
OG0000951	Syah.g_00190	Prad.g_00772
OG0000952	Syah.g_00202	Prad.g_00768
OG0000953	Syah.g_00207	Prad.g_00765
OG0000954	Syah.g_00233	Prad.g_01641
OG0000955	Syah.g_00234	Prad.g_01640
OG0000956	Syah.g_00236	Prad.g_01638
OG0000957	Syah.g_00248	Prad.g_01633
OG0000958	Syah.g_00249	Prad.g_01632
OG0000959	Syah.g_00253	Prad.g_01628
OG0000960	Syah.g_00254	Prad.g_01627
OG0000961	Syah.g_00259	Prad.g_01625
OG0000962	Syah.g_00262	Prad.g_01623
OG0000963	Syah.g_00267	Prad.g_01620
OG0000964	Syah.g_00268	Prad.g_01619
OG0000965	Syah.g_00269	Prad.g_01618
OG0000966	Syah.g_00288	Prad.g_01611
OG0000967	Syah.g_00300	Prad.g_01607
OG0000968	Syah.g_00295	Prad.g_01605
OG0000969	Syah.g_00297	Prad.g_01604
OG0000970	Syah.g_00298	Prad.g_01603
OG0000971	Syah.g_00303	Prad.g_01602
OG0000972	Syah.g_00304	Prad.g_01601
OG0000973	Syah.g_00305	Prad.g_01600
OG0000974	Syah.g_00306	Prad.g_01599
OG0000975	Syah.g_00307	Prad.g_01598
OG0000976	Syah.g_00308	Prad.g_01597
OG0000977	Syah.g_00310	Prad.g_01596
OG0000978	Syah.g_00312	Prad.g_01595
OG0000979	Syah.g_00315	Prad.g_01592
OG0000980	Syah.g_00318	Prad.g_01590
OG0000981	Syah.g_00321	Prad.g_01588
OG0000982	Syah.g_00511	Prad.g_01586
OG0000983	Syah.g_00510	Prad.g_01585
OG0000984	Syah.g_00509	Prad.g_01584
OG0000985	Syah.g_00505	Prad.g_01581
OG0000986	Syah.g_00496	Prad.g_01579
OG0000987	Syah.g_00494	Prad.g_01578
OG0000988	Syah.g_00489	Prad.g_01575
OG0000989	Syah.g_00481	Prad.g_01571
OG0000990	Syah.g_00466	Prad.g_01568
OG0000991	Syah.g_00462	Prad.g_01567
OG0000992	Syah.g_00460	Prad.g_01565
OG0000993	Syah.g_00459	Prad.g_01564
OG0000994	Syah.g_00457	Prad.g_01563
OG0000995	Syah.g_00452	Prad.g_01559
OG0000996	Syah.g_00412	Prad.g_01558
OG0000997	Syah.g_00403	Prad.g_01557
OG0000998	Syah.g_00401	Prad.g_01555
OG0000999	Syah.g_00400	Prad.g_01554
OG0001000	Syah.g_00397	Prad.g_01551
OG0001001	Syah.g_00392	Prad.g_01549
OG0001002	Syah.g_00386	Prad.g_01545
OG0001003	Syah.g_00384	Prad.g_01544
OG0001004	Syah.g_00383	Prad.g_01543
OG0001005	Syah.g_00382	Prad.g_01542
OG0001006	Syah.g_00375	Prad.g_01538
OG0001007	Syah.g_00373	Prad.g_01536
OG0001008	Syah.g_02235	Prad.g_00070
OG0001009	Syah.g_00344	Prad.g_01959
OG0001010	Syah.g_00343	Prad.g_01958
OG0001011	Syah.g_00342	Prad.g_01957
OG0001012	Syah.g_00514	Prad.g_01944
OG0001013	Syah.g_00527	Prad.g_01938
OG0001014	Syah.g_00531	Prad.g_01935
OG0001015	Syah.g_00532	Prad.g_01934
OG0001016	Syah.g_02487	Prad.g_01920
OG0001017	Syah.g_02493	Prad.g_01916
OG0001018	Syah.g_02495	Prad.g_01913
OG0001019	Syah.g_02512	Prad.g_01904
OG0001020	Syah.g_02517	Prad.g_01903
OG0001021	Syah.g_02521	Prad.g_01902
OG0001022	Syah.g_02524	Prad.g_01899
OG0001023	Syah.g_02525	Prad.g_01898
OG0001024	Syah.g_02529	Prad.g_01895
OG0001025	Syah.g_02534	Prad.g_01889
OG0001026	Syah.g_02547	Prad.g_01882
OG0001027	Syah.g_00001	Prad.g_01881
OG0001028	Syah.g_00003	Prad.g_01879
OG0001029	Syah.g_00005	Prad.g_01878
OG0001030	Syah.g_00025	Prad.g_01863
OG0001031	Syah.g_00611	Prad.g_01805
OG0001032	Syah.g_00609	Prad.g_01804
OG0001033	Syah.g_00577	Prad.g_01783
OG0001034	Syah.g_00908	Prad.g_01755
OG0001035	Syah.g_00660	Prad.g_01737
OG0001036	Syah.g_00655	Prad.g_01732
OG0001037	Syah.g_00653	Prad.g_01731
OG0001038	Syah.g_00626	Prad.g_01713
OG0001039	Syah.g_00623	Prad.g_01710
OG0001040	Syah.g_00090	Prad.g_01708
OG0001042	Syah.g_00122	Prad.g_01687
OG0001043	Syah.g_00126	Prad.g_01686
OG0001044	Syah.g_00857	Prad.g_01658
OG0001045	Syah.g_00870	Prad.g_01649
OG0001046	Syah.g_01647	Prad.g_00730
OG0001047	Syah.g_02233	Prad.g_00068
OG0001048	Syah.g_02232	Prad.g_00067
OG0001049	Syah.g_02225	Prad.g_00065
OG0001050	Syah.g_02224	Prad.g_00064
OG0001051	Syah.g_02223	Prad.g_00063
OG0001052	Syah.g_01217	Prad.g_00036
OG0001053	Syah.g_01000	Prad.g_00024
OG0001054	Syah.g_01017	Prad.g_00131
OG0001055	Syah.g_01037	Prad.g_00112
OG0001056	Syah.g_01069	Prad.g_00093
OG0001057	Syah.g_01075	Prad.g_01331
OG0001058	Syah.g_01091	Prad.g_01339
OG0001059	Syah.g_01095	Prad.g_01343
OG0001060	Syah.g_01102	Prad.g_01350
OG0001061	Syah.g_01123	Prad.g_01363
OG0001062	Syah.g_01125	Prad.g_01365
OG0001063	Syah.g_01129	Prad.g_01367
OG0001064	Syah.g_01130	Prad.g_01368
OG0001065	Syah.g_01131	Prad.g_01369
OG0001066	Syah.g_01132	Prad.g_01370
OG0001067	Syah.g_01133	Prad.g_01371
OG0001068	Syah.g_01134	Prad.g_01372
OG0001069	Syah.g_01135	Prad.g_01373
OG0001070	Syah.g_01138	Prad.g_01376
OG0001071	Syah.g_01139	Prad.g_01377
OG0001072	Syah.g_01144	Prad.g_01379
OG0001074	Syah.g_01970	Prad.g_01404
OG0001075	Syah.g_01969	Prad.g_01405
OG0001076	Syah.g_01959	Prad.g_01413
OG0001077	Syah.g_01948	Prad.g_01417
OG0001078	Syah.g_01934	Prad.g_01425
OG0001079	Syah.g_01921	Prad.g_01221
OG0001080	Syah.g_01538	Prad.g_01227
OG0001081	Syah.g_01487	Prad.g_01229
OG0001082	Syah.g_01488	Prad.g_01230
OG0001083	Syah.g_01495	Prad.g_01235
OG0001084	Syah.g_01496	Prad.g_01236
OG0001085	Syah.g_01506	Prad.g_01244
OG0001086	Syah.g_01508	Prad.g_01245
OG0001087	Syah.g_01992	Prad.g_01262
OG0001088	Syah.g_01995	Prad.g_01263
OG0001089	Syah.g_02019	Prad.g_01271
OG0001090	Syah.g_01728	Prad.g_01050
OG0001091	Syah.g_01726	Prad.g_01052
OG0001092	Syah.g_01724	Prad.g_01053
OG0001093	Syah.g_01718	Prad.g_01058
OG0001094	Syah.g_01785	Prad.g_01140
OG0001095	Syah.g_01764	Prad.g_01159
OG0001096	Syah.g_01748	Prad.g_01172
OG0001097	Syah.g_02094	Prad.g_00303
OG0001098	Syah.g_01542	Prad.g_00288
OG0001099	Syah.g_00004	Prad.g_00256
OG0001100	Syah.g_01522	Prad.g_00252
OG0001101	Syah.g_01523	Prad.g_00250
OG0001102	Syah.g_01526	Prad.g_00248
OG0001103	Syah.g_01528	Prad.g_00246
OG0001104	Syah.g_01801	Prad.g_00223
OG0001105	Syah.g_01797	Prad.g_00219
OG0001106	Syah.g_01609	Prad.g_00195
OG0001107	Syah.g_01620	Prad.g_00188
OG0001108	Syah.g_01628	Prad.g_00184
OG0001109	Syah.g_01630	Prad.g_00183
OG0001110	Syah.g_01632	Prad.g_00181
OG0001111	Syah.g_01634	Prad.g_00180
OG0001112	Syah.g_01636	Prad.g_00179
OG0001113	Syah.g_01637	Prad.g_00178
OG0001114	Syah.g_01638	Prad.g_00177
OG0001115	Syah.g_01642	Prad.g_00175
OG0001116	Syah.g_01644	Prad.g_00174
OG0001117	Syah.g_01645	Prad.g_00173
OG0001118	Syah.g_01646	Prad.g_00172
OG0001119	Syah.g_01648	Prad.g_00171
OG0001120	Syah.g_01652	Prad.g_00169
OG0001121	Syah.g_00927, Syah.g_02183	Prad.g_01991, Prad.g_00166
OG0001122	Syah.g_01679	Prad.g_00141
OG0001123	Syah.g_01686	Prad.g_00137
OG0001124	Syah.g_01688	Prad.g_00135
OG0001125	Syah.g_01690	Prad.g_00134
OG0001126	Syah.g_02058	Prad.g_01030
OG0001127	Syah.g_02057	Prad.g_01029
OG0001128	Syah.g_02040	Prad.g_01026
OG0001129	Syah.g_02038	Prad.g_01025
OG0001130	Syah.g_02037	Prad.g_01024
OG0001131	Syah.g_01819	Prad.g_00990
OG0001132	Syah.g_01850	Prad.g_00981
OG0001133	Syah.g_01957	Prad.g_00655
OG0001134	Syah.g_01437	Prad.g_01989
OG0001135	Syah.g_01439	Prad.g_01526
OG0001136	Syah.g_02160	Prad.g_01499
OG0001137	Syah.g_02141	Prad.g_01488
OG0001138	Syah.g_01421	Prad.g_01469
OG0001139	Syah.g_01419	Prad.g_01468
OG0001140	Syah.g_01418	Prad.g_01467
OG0001141	Syah.g_01417	Prad.g_01466
OG0001142	Syah.g_01416	Prad.g_01465
OG0001143	Syah.g_01408	Prad.g_01458
OG0001144	Syah.g_01399	Prad.g_01453
OG0001145	Syah.g_02188	Prad.g_00362
OG0001146	Syah.g_02206	Prad.g_00624
OG0001147	Syah.g_01234	Prad.g_00608
OG0001148	Syah.g_00984	Prad.g_00592
OG0001149	Syah.g_00983	Prad.g_00591
OG0001150	Syah.g_00982	Prad.g_00590
OG0001151	Syah.g_00970	Prad.g_00579
OG0001152	Syah.g_00969	Prad.g_00578
OG0001153	Syah.g_01253	Prad.g_00482
OG0001154	Syah.g_01252	Prad.g_00481
OG0001155	Syah.g_02313	Prad.g_00469
OG0001156	Syah.g_02316	Prad.g_00466
OG0001157	Syah.g_02317	Prad.g_00465
OG0001158	Syah.g_02318	Prad.g_00464
OG0001159	Syah.g_02319	Prad.g_00463
OG0001161	Syah.g_00475	Prad.g_00426
OG0001162	Syah.g_01745	Prad.g_00415
OG0001163	Syah.g_02370	Prad.g_00949
OG0001164	Syah.g_02376	Prad.g_00945
OG0001165	Syah.g_02381	Prad.g_00942
OG0001166	Syah.g_02410	Prad.g_00922
OG0001167	Syah.g_02259	Prad.g_00905
OG0001168	Syah.g_02261	Prad.g_00903
OG0001169	Syah.g_02263	Prad.g_00901
OG0001170	Syah.g_02265	Prad.g_00899
OG0001171	Syah.g_02276	Prad.g_00889
OG0001172	Syah.g_00692	Prad.g_00876
OG0001173	Syah.g_00693	Prad.g_00875
OG0001174	Syah.g_00701	Prad.g_00867
OG0001175	Syah.g_00702	Prad.g_00866
OG0001176	Syah.g_00738	Prad.g_00859
OG0001177	Syah.g_00736	Prad.g_00856
OG0001178	Syah.g_02390	Prad.g_00851
OG0001179	Syah.g_00767	Prad.g_00823
OG0001180	Syah.g_00792	Prad.g_00801
OG0001181	Syah.g_00796	Prad.g_00797
OG0001182	Syah.g_00805	Prad.g_00790
OG0001183	Syah.g_00810	Prad.g_00786
OG0001184	Syah.g_00192	Prad.g_00770
OG0001185	Syah.g_00244	Prad.g_01636
OG0001186	Syah.g_00294	Prad.g_01614
OG0001187	Syah.g_00289	Prad.g_01610
OG0001188	Syah.g_00299	Prad.g_01608
OG0001189	Syah.g_00316	Prad.g_01591
OG0001190	Syah.g_00512	Prad.g_01587
OG0001191	Syah.g_00491	Prad.g_01577
OG0001192	Syah.g_00485	Prad.g_01572
OG0001193	Syah.g_00456	Prad.g_01562
OG0001194	Syah.g_00454	Prad.g_01561
OG0001195	Syah.g_00453	Prad.g_01560
OG0001196	Syah.g_00390	Prad.g_01547
OG0001197	Syah.g_00388	Prad.g_01546
OG0001198	Syah.g_00376	Prad.g_01539
OG0001199	Syah.g_02488	Prad.g_01919
OG0001200	Syah.g_02490	Prad.g_01917
OG0001201	Syah.g_02538	Prad.g_01885
OG0001202	Syah.g_00594	Prad.g_01792
OG0001203	Syah.g_00909	Prad.g_01753
OG0001204	Syah.g_00676	Prad.g_01748
OG0001205	Syah.g_02222	Prad.g_00062
OG0001206	Syah.g_01208	Prad.g_00044
OG0001207	Syah.g_00987	Prad.g_00030
OG0001208	Syah.g_00999	Prad.g_00025
OG0001209	Syah.g_01067	Prad.g_00094
OG0001210	Syah.g_01074	Prad.g_01330
OG0001211	Syah.g_01092	Prad.g_01340
OG0001212	Syah.g_01150	Prad.g_01385
OG0001213	Syah.g_01946	Prad.g_01418
OG0001214	Syah.g_01933	Prad.g_01426
OG0001215	Syah.g_01996	Prad.g_01264
OG0001216	Syah.g_01727	Prad.g_01051
OG0001217	Syah.g_01869	Prad.g_01092
OG0001218	Syah.g_01244	Prad.g_01100
OG0001219	Syah.g_01578	Prad.g_01134
OG0001220	Syah.g_02113	Prad.g_00296
OG0001221	Syah.g_01816	Prad.g_00234
OG0001223	Syah.g_01654	Prad.g_00168
OG0001224	Syah.g_02034	Prad.g_01022
OG0001225	Syah.g_02032	Prad.g_01020
OG0001226	Syah.g_01887	Prad.g_00995
OG0001227	Syah.g_00472	Prad.g_00978
OG0001228	Syah.g_02228	Prad.g_01450
OG0001229	Syah.g_02009	Prad.g_00596
OG0001230	Syah.g_01302	Prad.g_00523
OG0001231	Syah.g_00356	Prad.g_00417
OG0001232	Syah.g_02422	Prad.g_00918
OG0001233	Syah.g_02266	Prad.g_00898
OG0001234	Syah.g_00706	Prad.g_00864
OG0001236	Syah.g_00189	Prad.g_00773
OG0001237	Syah.g_00201	Prad.g_00769
OG0001238	Syah.g_00490	Prad.g_01576
OG0001240	Syah.g_02523	Prad.g_01900
OG0001241	Syah.g_02532	Prad.g_01892
OG0001242	Syah.g_00011	Prad.g_01874
OG0001243	Syah.g_00017	Prad.g_01868
OG0001244	Syah.g_00049	Prad.g_01852
OG0001245	Syah.g_01848	Prad.g_00729
OG0001246	Syah.g_01025	Prad.g_00125
OG0001247	Syah.g_01741	Prad.g_01257
OG0001248	Syah.g_01744	Prad.g_01259
OG0001249	Syah.g_00849	Prad.g_01123
OG0001250	Syah.g_02090	Prad.g_00307
OG0001251	Syah.g_00448	Prad.g_00259
OG0001252	Syah.g_02041	Prad.g_01027
OG0001253	Syah.g_01849	Prad.g_00977
OG0001254	Syah.g_01438	Prad.g_01987
OG0001255	Syah.g_00919	Prad.g_01512
OG0001256	Syah.g_02369	Prad.g_00424
OG0001257	Syah.g_01237	Prad.g_00418
OG0001258	Syah.g_02379	Prad.g_00944
OG0001259	Syah.g_02264	Prad.g_00900
OG0001260	Syah.g_02286	Prad.g_00883
OG0001262	Syah.g_00314	Prad.g_01593
OG0001263	Syah.g_00020	Prad.g_01865
OG0001265	Syah.g_00009	Prad.g_01875
OG0001266	Syah.g_00590	Prad.g_01788
OG0001267	Syah.g_00624	Prad.g_01711
OG0001268	Syah.g_00864	Prad.g_01652
OG0001269	Syah.g_00916	Prad.g_00752
OG0001270	Syah.g_02238	Prad.g_00668
OG0001271	Syah.g_01218	Prad.g_00035
OG0001272	Syah.g_01003	Prad.g_00021
OG0001273	Syah.g_01940	Prad.g_01420
OG0001274	Syah.g_00537	Prad.g_01277
OG0001275	Syah.g_01669	Prad.g_00158
OG0001276	Syah.g_01685	Prad.g_00138
OG0001277	Syah.g_00404	Prad.g_00988
OG0001278	Syah.g_01390	Prad.g_01445
OG0001279	Syah.g_01323	Prad.g_01216
OG0001280	Syah.g_02197	Prad.g_00629
OG0001281	Syah.g_02207	Prad.g_00623
OG0001282	Syah.g_00985	Prad.g_00593
OG0001283	Syah.g_00395	Prad.g_00574
OG0001284	Syah.g_02348	Prad.g_00444
OG0001286	Syah.g_00790	Prad.g_00803
OG0001287	Syah.g_00252	Prad.g_01629
OG0001288	Syah.g_00266	Prad.g_01621
OG0001289	Syah.g_02508	Prad.g_01906
OG0001291	Syah.g_00032	Prad.g_01858
OG0001292	Syah.g_00671	Prad.g_01743
OG0001293	Syah.g_00650	Prad.g_01730
OG0001294	Syah.g_01507	Prad.g_00731
OG0001295	Syah.g_01076	Prad.g_00039
OG0001296	Syah.g_01030	Prad.g_00120
OG0001297	Syah.g_01034	Prad.g_00115
OG0001298	Syah.g_01128	Prad.g_01366
OG0001299	Syah.g_01501	Prad.g_01240
OG0001300	Syah.g_02005	Prad.g_01267
OG0001301	Syah.g_02018	Prad.g_01270
OG0001302	Syah.g_01901	Prad.g_01132
OG0001303	Syah.g_01580	Prad.g_00154
OG0001304	Syah.g_01698	Prad.g_01034
OG0001305	Syah.g_02024	Prad.g_01014
OG0001306	Syah.g_02179	Prad.g_01510
OG0001307	Syah.g_00724	Prad.g_00611
OG0001309	Syah.g_01040	Prad.g_00420
OG0001310	Syah.g_02402	Prad.g_00929
OG0001312	Syah.g_01590	Prad.g_00205
OG0001313	Syah.g_00564	Prad.g_01045
OG0001315	Syah.g_00808	Prad.g_01932
OG0001316	Syah.g_00039	Prad.g_01853
OG0001317	Syah.g_00905	Prad.g_01757
OG0001318	Syah.g_00658	Prad.g_01735
OG0001319	Syah.g_00635	Prad.g_01719
OG0001321	Syah.g_02216	Prad.g_00056
OG0001322	Syah.g_02215	Prad.g_00055
OG0001323	Syah.g_01043	Prad.g_00110
OG0001324	Syah.g_02006	Prad.g_01268
OG0001325	Syah.g_01723	Prad.g_01054
OG0001326	Syah.g_00443	Prad.g_00271
OG0001327	Syah.g_01519	Prad.g_01003
OG0001328	Syah.g_01822	Prad.g_00979
OG0001329	Syah.g_01906	Prad.g_00663
OG0001330	Syah.g_02190	Prad.g_00340
OG0001332	Syah.g_02308	Prad.g_00471
OG0001333	Syah.g_02260	Prad.g_00904
OG0001334	Syah.g_00818	Prad.g_00783
OG0001335	Syah.g_00819	Prad.g_00782
OG0001336	Syah.g_00394	Prad.g_01550
OG0001340	Syah.g_00838	Prad.g_01663
OG0001341	Syah.g_02011	Prad.g_01090
OG0001343	Syah.g_00450	Prad.g_00262
OG0001344	Syah.g_02153	Prad.g_01492
OG0001345	Syah.g_02124	Prad.g_01477
OG0001346	Syah.g_02200	Prad.g_00627
OG0001347	Syah.g_00284	Prad.g_01978
OG0001348	Syah.g_02073	Prad.g_00395
OG0001352	Syah.g_01058	Prad.g_01254
OG0001353	Syah.g_02079	Prad.g_01178
OG0001355	Syah.g_01077	Prad.g_00384
OG0001358	Syah.g_01963	Prad.g_01409
OG0001359	Syah.g_00451	Prad.g_00261
OG0001360	Syah.g_02122	Prad.g_00976
OG0001361	Syah.g_02127	Prad.g_01480
OG0001362	Syah.g_01275	Prad.g_00501
OG0001363	Syah.g_01273	Prad.g_00499
OG0001364	Syah.g_00174	Prad.g_00780
OG0001370	Syah.g_01732, Syah.g_00429	Prad.g_00047
OG0001372	Syah.g_01055	Prad.g_01099
OG0001373	Syah.g_00444	Prad.g_00272
OG0001374	Syah.g_00436	Prad.g_00264
OG0001375	Syah.g_00449	Prad.g_00263
OG0001376	Syah.g_00483	Prad.g_01009
OG0001377	Syah.g_00484	Prad.g_01008
OG0001378	Syah.g_02239	Prad.g_00634
OG0001379	Syah.g_02192	Prad.g_00364
OG0001381	Syah.g_00717	Prad.g_00600
OG0001382	Syah.g_00258	Prad.g_00403
OG0001385	Syah.g_00447	Prad.g_00275
OG0001386	Syah.g_00446	Prad.g_00274
OG0001387	Syah.g_00445	Prad.g_00273
OG0001388	Syah.g_00442	Prad.g_00270
OG0001389	Syah.g_00441	Prad.g_00269
OG0001390	Syah.g_00440	Prad.g_00268
OG0001391	Syah.g_00439	Prad.g_00267
OG0001392	Syah.g_00438	Prad.g_00266
OG0001393	Syah.g_00437	Prad.g_00265
OG0001394	Syah.g_01810	Prad.g_00230
OG0001395	Syah.g_01705	Prad.g_01032
OG0001396	Syah.g_00149	Prad.g_01977
OG0001397	Syah.g_01274	Prad.g_00500
OG0001401	Syah.g_02084	Prad.g_01046
OG0001403	Syah.g_00341	Prad.g_01956
OG0001404	Syah.g_02482	Prad.g_01925
OG0001405	Syah.g_00821	Prad.g_01665
OG0001406	Syah.g_00482	Prad.g_01010
OG0001407	Syah.g_01059	Prad.g_00997
OG0001408	Syah.g_01378	Prad.g_00992
OG0001410	Syah.g_00725	Prad.g_00610
OG0001412	Syah.g_00151	Prad.g_01979
OG0001413	Syah.g_01894	Prad.g_00429
OG0001414	Syah.g_00718	Prad.g_01762
OG0001416	Syah.g_02204	Prad.g_00048
OG0001417	Syah.g_01640	Prad.g_00037
OG0001419	Syah.g_01060	Prad.g_00996
OG0001420	Syah.g_01053	Prad.g_00643
OG0001421	Syah.g_01851	Prad.g_00423
OG0001423	Syah.g_00965	Prad.g_00546
OG0001425	Syah.g_00486	Prad.g_01573
OG0001428	Syah.g_00081	Prad.g_01819
OG0001430	Syah.g_00518	Prad.g_00334
OG0001432	Syah.g_01348	Prad.g_00431
OG0001434	Syah.g_01805	Prad.g_00225
OG0001438	Syah.g_00102	Prad.g_01698
OG0001439	Syah.g_00128	Prad.g_01684
OG0001442	Syah.g_01795	Prad.g_01081
OG0001446	Syah.g_01731	Prad.g_01914
OG0001447	Syah.g_00018	Prad.g_01867
OG0001448	Syah.g_01540	Prad.g_00743
OG0001449	Syah.g_00679	Prad.g_00702
OG0001452	Syah.g_00663	Prad.g_00257
OG0001454	Syah.g_01888	Prad.g_00983
OG0001456	Syah.g_00434	Prad.g_01519
OG0001457	Syah.g_00433	Prad.g_01518
OG0001458	Syah.g_00432	Prad.g_01517
OG0001459	Syah.g_01456	Prad.g_00323
OG0001462	Syah.g_00335	Prad.g_01952
OG0001465	Syah.g_01737	Prad.g_01276
OG0001468	Syah.g_01899	Prad.g_01005
OG0001471	Syah.g_00123	Prad.g_00428
OG0001473	Syah.g_01903	Prad.g_01613
OG0001474	Syah.g_00865	Prad.g_01651
OG0001479	Syah.g_00862	Prad.g_01654
OG0001480	Syah.g_02114	Prad.g_00741
OG0001481	Syah.g_01703	Prad.g_00736
OG0001482	Syah.g_01650	Prad.g_00050
OG0001484	Syah.g_00435	Prad.g_00348
OG0001487	Syah.g_01245	Prad.g_00573
OG0001492	Syah.g_01393	Prad.g_01448
OG0001493	Syah.g_01385	Prad.g_01440
OG0001495	Syah.g_00735	Prad.g_00857
OG0001499	Syah.g_01463, Syah.g_01462	Prad.g_01933
OG0001502	Syah.g_02109	Prad.g_01115
OG0001504	Syah.g_01455	Prad.g_00324
OG0001507	Syah.g_02464	Prad.g_00368
OG0001520	Syah.g_01115	Prad.g_00710
OG0001522	Syah.g_02080	Prad.g_01179
OG0001546	Syah.g_01047	Prad.g_00105
OG0001547	Syah.g_01565	Prad.g_01117
OG0001548	Syah.g_01882	Prad.g_01121
OG0001551	Syah.g_02068	Prad.g_01520
OG0001557	Syah.g_01809	Prad.g_00229
OG0001558	Syah.g_00562	Prad.g_01042
OG0001567	Syah.g_01564	Prad.g_01116
OG0001568	Syah.g_01567	Prad.g_01118
OG0001570	Syah.g_01553	Prad.g_00646, Prad.g_01295
OG0001572	Syah.g_01333	Prad.g_00315
OG0001582	Syah.g_02442	Prad.g_00038
OG0001585	Syah.g_01840	Prad.g_00316
OG0001588	Syah.g_00177	Prad.g_01186
OG0001602	Syah.g_01738	Prad.g_01275
OG0001625	Syah.g_00656	Prad.g_01733
OG0001633	Syah.g_01551	Prad.g_00597
OG0001652	Syah.g_00560	Prad.g_01040
OG0001667	Syah.g_02458	Prad.g_00343
OG0001671	Syah.g_00550	Prad.g_01322
OG0001712	Syah.g_01847	Prad.g_00679
OG0001718	Syah.g_02043	Prad.g_00747
OG0001747	Syah.g_00044	Prad.g_00089
OG0001748	Syah.g_00554, Syah.g_00549	Prad.g_01323
OG0001835	Syah.g_01363	Prad.g_01209
OG0001837	Syah.g_00555	Prad.g_01324
OG0002112	Syah.g_00115	Prad.g_00688
OG0002157	Syah.g_00116	Prad.g_00687
OG0002158	Syah.g_00114	Prad.g_00689
OG0003181	Syah.g_00046	Prad.g_01942
OG0003370	Syah.g_00563	Prad.g_01043
OG0003371	Syah.g_00556	Prad.g_01325
OG0003372	Syah.g_00558	Prad.g_01327
OG0003660	Syah.g_00557	Prad.g_01326
