Orthogroup	Praf	Prbh
OG0000000	Praf.g_00815, Praf.g_00814	Prbh.g_01853
OG0000000	Praf.g_00813	Prbh.g_01903
OG0000001	Praf.g_01895, Praf.g_00818, Praf.g_01896, Praf.g_01031, Praf.g_02422, Praf.g_01293	Prbh.g_00001
OG0000002	Praf.g_01631	Prbh.g_01016, Prbh.g_01022
OG0000002	Praf.g_00948	Prbh.g_01313, Prbh.g_00006, Prbh.g_01311, Prbh.g_01317, Prbh.g_00199, Prbh.g_00912
OG0000004	Praf.g_01121	Prbh.g_00933
OG0000004	Praf.g_00743	Prbh.g_00548
OG0000005	Praf.g_00503	Prbh.g_00182
OG0000006	Praf.g_00396, Praf.g_01719	Prbh.g_00538
OG0000007	Praf.g_00614	Prbh.g_00334
OG0000007	Praf.g_00480	Prbh.g_01782
OG0000008	Praf.g_01223	Prbh.g_01406
OG0000008	Praf.g_01224	Prbh.g_01405
OG0000010	Praf.g_01908	Prbh.g_00848, Prbh.g_01143
OG0000012	Praf.g_01668	Prbh.g_01460
OG0000013	Praf.g_02073	Prbh.g_00452
OG0000014	Praf.g_02319	Prbh.g_00472
OG0000015	Praf.g_01030, Praf.g_01033, Praf.g_01618	Prbh.g_00840, Prbh.g_01869
OG0000016	Praf.g_00906	Prbh.g_01336
OG0000017	Praf.g_00752	Prbh.g_00232
OG0000017	Praf.g_00760	Prbh.g_00225
OG0000018	Praf.g_01832	Prbh.g_01305
OG0000019	Praf.g_00943, Praf.g_02214	Prbh.g_00530, Prbh.g_01307
OG0000020	Praf.g_01095	Prbh.g_01898
OG0000021	Praf.g_00946, Praf.g_01089	Prbh.g_00203
OG0000021	Praf.g_00746	Prbh.g_00938
OG0000022	Praf.g_00201	Prbh.g_00190
OG0000024	Praf.g_01139	Prbh.g_01147, Prbh.g_00909
OG0000025	Praf.g_01591	Prbh.g_00988
OG0000026	Praf.g_00037	Prbh.g_00749
OG0000028	Praf.g_02333	Prbh.g_00459
OG0000029	Praf.g_02091	Prbh.g_01885
OG0000029	Praf.g_02647	Prbh.g_01691
OG0000030	Praf.g_00160, Praf.g_00159	Prbh.g_01570
OG0000031	Praf.g_02400	Prbh.g_00064
OG0000032	Praf.g_01851	Prbh.g_00138
OG0000034	Praf.g_00783	Prbh.g_01383
OG0000035	Praf.g_01794	Prbh.g_00096, Prbh.g_00099
OG0000037	Praf.g_00240	Prbh.g_00674
OG0000038	Praf.g_02660, Praf.g_02662	Prbh.g_01530
OG0000039	Praf.g_00406, Praf.g_02541	Prbh.g_00921
OG0000041	Praf.g_00426	Prbh.g_01734
OG0000042	Praf.g_00164, Praf.g_00920	Prbh.g_01573
OG0000044	Praf.g_00356, Praf.g_01078	Prbh.g_01794
OG0000045	Praf.g_00322	Prbh.g_01327
OG0000046	Praf.g_02072	Prbh.g_00451
OG0000047	Praf.g_01898	Prbh.g_00408
OG0000048	Praf.g_02267	Prbh.g_00508
OG0000052	Praf.g_02366	Prbh.g_00727
OG0000053	Praf.g_01828	Prbh.g_00120, Prbh.g_01834
OG0000054	Praf.g_00763	Prbh.g_00223
OG0000055	Praf.g_01257	Prbh.g_01332, Prbh.g_01797
OG0000056	Praf.g_01881	Prbh.g_01418
OG0000057	Praf.g_01125	Prbh.g_00936
OG0000059	Praf.g_02172	Prbh.g_01695
OG0000061	Praf.g_00854	Prbh.g_01283
OG0000062	Praf.g_00501	Prbh.g_00184
OG0000063	Praf.g_00041	Prbh.g_01401
OG0000065	Praf.g_00244	Prbh.g_00676
OG0000066	Praf.g_00672	Prbh.g_01856
OG0000067	Praf.g_01530	Prbh.g_00953
OG0000068	Praf.g_00585, Praf.g_00583	Prbh.g_00009
OG0000070	Praf.g_01962	Prbh.g_00382
OG0000071	Praf.g_00796	Prbh.g_01373
OG0000072	Praf.g_02469	Prbh.g_00611
OG0000073	Praf.g_00616	Prbh.g_00330
OG0000075	Praf.g_02384	Prbh.g_01607
OG0000076	Praf.g_00178	Prbh.g_01581
OG0000077	Praf.g_00309	Prbh.g_00704
OG0000078	Praf.g_00391	Prbh.g_00540
OG0000079	Praf.g_02234, Praf.g_02218, Praf.g_02225	Prbh.g_00527
OG0000081	Praf.g_01131	Prbh.g_00298
OG0000082	Praf.g_00731	Prbh.g_01855
OG0000084	Praf.g_01790	Prbh.g_00093
OG0000085	Praf.g_00491	Prbh.g_01408
OG0000086	Praf.g_00297	Prbh.g_00695
OG0000087	Praf.g_02420	Prbh.g_00642
OG0000088	Praf.g_02454, Praf.g_01239	Prbh.g_00616
OG0000089	Praf.g_02015	Prbh.g_00415
OG0000090	Praf.g_00660	Prbh.g_00296
OG0000091	Praf.g_01700	Prbh.g_01211
OG0000093	Praf.g_01503	Prbh.g_01181
OG0000094	Praf.g_02685	Prbh.g_01130
OG0000095	Praf.g_01274	Prbh.g_01031
OG0000097	Praf.g_00905	Prbh.g_01236
OG0000098	Praf.g_01886	Prbh.g_01935
OG0000099	Praf.g_02342	Prbh.g_00032
OG0000100	Praf.g_00370, Praf.g_01561	Prbh.g_00179
OG0000101	Praf.g_02119	Prbh.g_01644
OG0000102	Praf.g_00173	Prbh.g_01576
OG0000103	Praf.g_02765	Prbh.g_01489
OG0000104	Praf.g_02779	Prbh.g_01480
OG0000105	Praf.g_02271	Prbh.g_00505
OG0000106	Praf.g_00496	Prbh.g_00821
OG0000107	Praf.g_02201	Prbh.g_01718
OG0000108	Praf.g_00595	Prbh.g_00351
OG0000109	Praf.g_00611	Prbh.g_00337
OG0000110	Praf.g_00718	Prbh.g_00254
OG0000111	Praf.g_01126	Prbh.g_00937
OG0000112	Praf.g_01400	Prbh.g_01078
OG0000113	Praf.g_01556	Prbh.g_00976
OG0000114	Praf.g_01461	Prbh.g_00878
OG0000115	Praf.g_01825	Prbh.g_01344
OG0000116	Praf.g_00825	Prbh.g_01294
OG0000117	Praf.g_00919	Prbh.g_01255
OG0000118	Praf.g_00779	Prbh.g_01385
OG0000119	Praf.g_01108	Prbh.g_01333
OG0000119	Praf.g_01143	Prbh.g_00194
OG0000120	Praf.g_02343	Prbh.g_00031
OG0000121	Praf.g_01796	Prbh.g_00101
OG0000122	Praf.g_00976	Prbh.g_00143
OG0000123	Praf.g_02108	Prbh.g_01637
OG0000124	Praf.g_00153	Prbh.g_01564
OG0000125	Praf.g_02664	Prbh.g_01528
OG0000126	Praf.g_02777	Prbh.g_01481
OG0000127	Praf.g_01187, Praf.g_00342, Praf.g_02627, Praf.g_01168, Praf.g_00338	Prbh.g_01938
OG0000128	Praf.g_00012	Prbh.g_01953
OG0000129	Praf.g_02652	Prbh.g_00738
OG0000130	Praf.g_00321	Prbh.g_00713
OG0000131	Praf.g_02432	Prbh.g_00637
OG0000132	Praf.g_02452	Prbh.g_00618
OG0000133	Praf.g_02336	Prbh.g_00457
OG0000134	Praf.g_02012	Prbh.g_00413
OG0000135	Praf.g_02705, Praf.g_02715	Prbh.g_01825
OG0000136	Praf.g_01984	Prbh.g_00391
OG0000137	Praf.g_01907	Prbh.g_00356
OG0000138	Praf.g_00612	Prbh.g_00336
OG0000139	Praf.g_00666	Prbh.g_00292
OG0000140	Praf.g_00670	Prbh.g_00291
OG0000141	Praf.g_00764	Prbh.g_00222
OG0000142	Praf.g_01692	Prbh.g_01218
OG0000143	Praf.g_01696	Prbh.g_01215
OG0000144	Praf.g_01721	Prbh.g_01201
OG0000145	Praf.g_00617	Prbh.g_01880
OG0000146	Praf.g_01401	Prbh.g_01077
OG0000147	Praf.g_01402	Prbh.g_01076
OG0000148	Praf.g_01548	Prbh.g_00970
OG0000149	Praf.g_01604	Prbh.g_01002
OG0000150	Praf.g_01625	Prbh.g_01012
OG0000151	Praf.g_01478	Prbh.g_00888
OG0000152	Praf.g_01392	Prbh.g_01086
OG0000153	Praf.g_01362	Prbh.g_01104
OG0000154	Praf.g_01337	Prbh.g_01121
OG0000155	Praf.g_00886	Prbh.g_01261
OG0000156	Praf.g_00810	Prbh.g_01362
OG0000157	Praf.g_00809	Prbh.g_01363
OG0000158	Praf.g_02394	Prbh.g_01599
OG0000160	Praf.g_01795	Prbh.g_00100
OG0000161	Praf.g_01805	Prbh.g_01288, Prbh.g_00106
OG0000162	Praf.g_01817	Prbh.g_00112
OG0000163	Praf.g_00538	Prbh.g_00151
OG0000164	Praf.g_00453	Prbh.g_01758
OG0000165	Praf.g_00444	Prbh.g_01750
OG0000166	Praf.g_02157	Prbh.g_01681
OG0000167	Praf.g_02382, Praf.g_02378, Praf.g_02380	Prbh.g_01609
OG0000168	Praf.g_02395	Prbh.g_01598
OG0000169	Praf.g_00191	Prbh.g_01588
OG0000170	Praf.g_00183	Prbh.g_01585
OG0000171	Praf.g_00154	Prbh.g_01565
OG0000172	Praf.g_00087	Prbh.g_01558
OG0000173	Praf.g_00062	Prbh.g_01543
OG0000174	Praf.g_02717	Prbh.g_01512
OG0000175	Praf.g_02754	Prbh.g_01500
OG0000176	Praf.g_00004	Prbh.g_01472
OG0000177	Praf.g_00005	Prbh.g_01471
OG0000178	Praf.g_00006	Prbh.g_01470
OG0000179	Praf.g_00021	Prbh.g_00764
OG0000180	Praf.g_00022	Prbh.g_00763
OG0000181	Praf.g_00023	Prbh.g_00762
OG0000182	Praf.g_00024	Prbh.g_00761
OG0000183	Praf.g_00028	Prbh.g_00757
OG0000184	Praf.g_02611	Prbh.g_00734
OG0000185	Praf.g_00333, Praf.g_02602	Prbh.g_00731
OG0000186	Praf.g_00328	Prbh.g_00719
OG0000187	Praf.g_00326	Prbh.g_00718
OG0000188	Praf.g_00303	Prbh.g_00701
OG0000189	Praf.g_00257	Prbh.g_00687
OG0000190	Praf.g_00255	Prbh.g_00686
OG0000191	Praf.g_00218	Prbh.g_00664
OG0000192	Praf.g_00212	Prbh.g_00659
OG0000193	Praf.g_02433	Prbh.g_00636
OG0000194	Praf.g_02436	Prbh.g_00633
OG0000195	Praf.g_02438	Prbh.g_00631
OG0000196	Praf.g_02449	Prbh.g_00621
OG0000197	Praf.g_02450	Prbh.g_00620
OG0000198	Praf.g_02451	Prbh.g_00619
OG0000199	Praf.g_02468	Prbh.g_00612
OG0000200	Praf.g_02711, Praf.g_02492	Prbh.g_00599
OG0000201	Praf.g_02511	Prbh.g_00590
OG0000202	Praf.g_02512	Prbh.g_00589
OG0000203	Praf.g_02513	Prbh.g_00588
OG0000204	Praf.g_02514	Prbh.g_00587
OG0000205	Praf.g_02708, Praf.g_02521	Prbh.g_00580
OG0000206	Praf.g_02532	Prbh.g_00575
OG0000207	Praf.g_02582	Prbh.g_00573
OG0000208	Praf.g_02581	Prbh.g_00572
OG0000209	Praf.g_02557	Prbh.g_00563
OG0000210	Praf.g_02556	Prbh.g_00562
OG0000211	Praf.g_00378	Prbh.g_00547
OG0000212	Praf.g_00392	Prbh.g_00539
OG0000213	Praf.g_02245	Prbh.g_00521
OG0000214	Praf.g_02263	Prbh.g_00512
OG0000215	Praf.g_02293	Prbh.g_00485
OG0000216	Praf.g_02296	Prbh.g_00484
OG0000217	Praf.g_02300	Prbh.g_00481
OG0000218	Praf.g_02302	Prbh.g_00479
OG0000219	Praf.g_02303	Prbh.g_00478
OG0000220	Praf.g_02304	Prbh.g_00477
OG0000221	Praf.g_02314	Prbh.g_00476
OG0000222	Praf.g_02323	Prbh.g_00469
OG0000223	Praf.g_02347	Prbh.g_00456
OG0000224	Praf.g_02358	Prbh.g_00454
OG0000225	Praf.g_02030	Prbh.g_00426
OG0000226	Praf.g_02026	Prbh.g_00422
OG0000227	Praf.g_02024	Prbh.g_00420
OG0000228	Praf.g_02016	Prbh.g_00416
OG0000229	Praf.g_01989	Prbh.g_00396
OG0000230	Praf.g_01987	Prbh.g_00394
OG0000231	Praf.g_01963	Prbh.g_00383
OG0000232	Praf.g_01952	Prbh.g_00370
OG0000233	Praf.g_01938	Prbh.g_00365
OG0000234	Praf.g_01905	Prbh.g_00355
OG0000235	Praf.g_00594	Prbh.g_00352
OG0000236	Praf.g_00610	Prbh.g_00338
OG0000237	Praf.g_00627	Prbh.g_00324
OG0000238	Praf.g_00631	Prbh.g_00318
OG0000239	Praf.g_00647	Prbh.g_00305
OG0000240	Praf.g_00648	Prbh.g_00304
OG0000241	Praf.g_01177	Prbh.g_00299
OG0000242	Praf.g_00658	Prbh.g_00297
OG0000243	Praf.g_00681	Prbh.g_00287
OG0000244	Praf.g_00685	Prbh.g_00284
OG0000245	Praf.g_00688	Prbh.g_00282
OG0000246	Praf.g_00692	Prbh.g_00278
OG0000247	Praf.g_00703	Prbh.g_00267
OG0000248	Praf.g_00706	Prbh.g_00264
OG0000249	Praf.g_00708	Prbh.g_00262
OG0000250	Praf.g_00714	Prbh.g_00257
OG0000251	Praf.g_00739	Prbh.g_00239
OG0000252	Praf.g_00742	Prbh.g_00236
OG0000253	Praf.g_00749	Prbh.g_00235
OG0000254	Praf.g_00768	Prbh.g_00218
OG0000255	Praf.g_01662	Prbh.g_00212
OG0000256	Praf.g_01676	Prbh.g_01455
OG0000257	Praf.g_01685	Prbh.g_01223
OG0000258	Praf.g_01708	Prbh.g_01210
OG0000259	Praf.g_01736	Prbh.g_01193
OG0000260	Praf.g_01739	Prbh.g_01190
OG0000261	Praf.g_01742	Prbh.g_01187
OG0000262	Praf.g_01748	Prbh.g_01182
OG0000263	Praf.g_02570	Prbh.g_00915
OG0000264	Praf.g_01218, Praf.g_01219	Prbh.g_00926
OG0000265	Praf.g_01238, Praf.g_01302	Prbh.g_00945
OG0000266	Praf.g_01313	Prbh.g_01163
OG0000267	Praf.g_01436	Prbh.g_01150
OG0000268	Praf.g_01435	Prbh.g_01149
OG0000269	Praf.g_01525	Prbh.g_00948
OG0000270	Praf.g_01528	Prbh.g_00951
OG0000271	Praf.g_01536	Prbh.g_00959
OG0000272	Praf.g_01537	Prbh.g_00960
OG0000273	Praf.g_01585	Prbh.g_00983
OG0000274	Praf.g_01586	Prbh.g_00984
OG0000275	Praf.g_01590	Prbh.g_00987
OG0000276	Praf.g_01596	Prbh.g_00993
OG0000277	Praf.g_01597	Prbh.g_00994
OG0000278	Praf.g_01600	Prbh.g_00997
OG0000279	Praf.g_01608	Prbh.g_01005
OG0000280	Praf.g_01614	Prbh.g_01006
OG0000281	Praf.g_01627	Prbh.g_01013
OG0000282	Praf.g_01463	Prbh.g_00880
OG0000283	Praf.g_01426	Prbh.g_01059
OG0000284	Praf.g_01420	Prbh.g_01064
OG0000285	Praf.g_01006	Prbh.g_01069
OG0000286	Praf.g_01393	Prbh.g_01085
OG0000287	Praf.g_01073	Prbh.g_01342
OG0000288	Praf.g_01338	Prbh.g_01120
OG0000289	Praf.g_01325	Prbh.g_01135
OG0000290	Praf.g_01277	Prbh.g_01034
OG0000291	Praf.g_01275	Prbh.g_01032
OG0000292	Praf.g_02776	Prbh.g_01328
OG0000293	Praf.g_00826	Prbh.g_01293
OG0000294	Praf.g_00827	Prbh.g_01292
OG0000295	Praf.g_00879	Prbh.g_01268
OG0000296	Praf.g_00881	Prbh.g_01266
OG0000297	Praf.g_00917	Prbh.g_01257
OG0000298	Praf.g_00918	Prbh.g_01256
OG0000299	Praf.g_00908	Prbh.g_01237
OG0000300	Praf.g_00902	Prbh.g_01234
OG0000301	Praf.g_00901	Prbh.g_01233
OG0000302	Praf.g_00898	Prbh.g_01231
OG0000303	Praf.g_00888	Prbh.g_01225
OG0000304	Praf.g_00938	Prbh.g_01450
OG0000305	Praf.g_01271	Prbh.g_01326
OG0000306	Praf.g_01635	Prbh.g_01017
OG0000307	Praf.g_00575	Prbh.g_00019
OG0000308	Praf.g_00573	Prbh.g_00020
OG0000309	Praf.g_00569	Prbh.g_00024
OG0000310	Praf.g_01772	Prbh.g_00082
OG0000311	Praf.g_01778, Praf.g_01776	Prbh.g_00084
OG0000312	Praf.g_01782	Prbh.g_00087
OG0000313	Praf.g_01802	Prbh.g_00103
OG0000314	Praf.g_01837	Prbh.g_00126
OG0000315	Praf.g_01848	Prbh.g_00136
OG0000316	Praf.g_00526	Prbh.g_00162
OG0000317	Praf.g_00485	Prbh.g_01785
OG0000318	Praf.g_00479	Prbh.g_01781
OG0000319	Praf.g_00464	Prbh.g_01768
OG0000320	Praf.g_00462	Prbh.g_01766
OG0000321	Praf.g_00461	Prbh.g_01765
OG0000322	Praf.g_00460	Prbh.g_01764
OG0000323	Praf.g_00449	Prbh.g_01755
OG0000324	Praf.g_00419	Prbh.g_01727
OG0000325	Praf.g_02200	Prbh.g_01717
OG0000326	Praf.g_02193	Prbh.g_01710
OG0000327	Praf.g_02162	Prbh.g_01686
OG0000328	Praf.g_02161	Prbh.g_01685
OG0000329	Praf.g_02144	Prbh.g_01668
OG0000330	Praf.g_02143	Prbh.g_01667
OG0000331	Praf.g_02142	Prbh.g_01666
OG0000332	Praf.g_02127	Prbh.g_01652
OG0000333	Praf.g_02125	Prbh.g_01650
OG0000334	Praf.g_02112	Prbh.g_01641
OG0000335	Praf.g_02107	Prbh.g_01636
OG0000336	Praf.g_02103	Prbh.g_01632
OG0000337	Praf.g_02372	Prbh.g_01613
OG0000338	Praf.g_02375	Prbh.g_01612
OG0000339	Praf.g_02386	Prbh.g_01606
OG0000340	Praf.g_02396	Prbh.g_01597
OG0000341	Praf.g_02398	Prbh.g_01595
OG0000342	Praf.g_02399	Prbh.g_01594
OG0000343	Praf.g_00196	Prbh.g_01593
OG0000344	Praf.g_00193	Prbh.g_01590
OG0000345	Praf.g_00182	Prbh.g_01584
OG0000346	Praf.g_00177	Prbh.g_01580
OG0000347	Praf.g_00152	Prbh.g_01563
OG0000348	Praf.g_00081	Prbh.g_01555
OG0000349	Praf.g_00054	Prbh.g_01537
OG0000350	Praf.g_02699	Prbh.g_01516
OG0000351	Praf.g_02757	Prbh.g_01497
OG0000352	Praf.g_02758	Prbh.g_01496
OG0000353	Praf.g_02782	Prbh.g_01477
OG0000355	Praf.g_00001	Prbh.g_01475
OG0000356	Praf.g_00002	Prbh.g_01474
OG0000357	Praf.g_00003	Prbh.g_01473
OG0000358	Praf.g_00007	Prbh.g_01469
OG0000359	Praf.g_00009	Prbh.g_01468
OG0000360	Praf.g_00010	Prbh.g_01467
OG0000361	Praf.g_00011	Prbh.g_01466
OG0000362	Praf.g_00013	Prbh.g_01952
OG0000363	Praf.g_00015	Prbh.g_00766
OG0000364	Praf.g_00016	Prbh.g_00765
OG0000365	Praf.g_00025	Prbh.g_00760
OG0000366	Praf.g_00026	Prbh.g_00759
OG0000367	Praf.g_00027	Prbh.g_00758
OG0000368	Praf.g_00029	Prbh.g_00756
OG0000369	Praf.g_00030	Prbh.g_00755
OG0000370	Praf.g_00031	Prbh.g_00754
OG0000371	Praf.g_00040	Prbh.g_00748
OG0000372	Praf.g_00045	Prbh.g_00746
OG0000373	Praf.g_00046	Prbh.g_00745
OG0000374	Praf.g_00047	Prbh.g_00744
OG0000375	Praf.g_00050	Prbh.g_00743
OG0000376	Praf.g_00052	Prbh.g_00741
OG0000377	Praf.g_02618	Prbh.g_00737
OG0000378	Praf.g_02605	Prbh.g_00733
OG0000379	Praf.g_02601	Prbh.g_00730
OG0000380	Praf.g_00325	Prbh.g_00717
OG0000381	Praf.g_00320	Prbh.g_00712
OG0000382	Praf.g_00304	Prbh.g_00702
OG0000383	Praf.g_00302	Prbh.g_00700
OG0000384	Praf.g_00301	Prbh.g_00699
OG0000385	Praf.g_00300	Prbh.g_00698
OG0000386	Praf.g_00299	Prbh.g_00697
OG0000387	Praf.g_00253	Prbh.g_00684
OG0000388	Praf.g_00249	Prbh.g_00680
OG0000389	Praf.g_00245	Prbh.g_00677
OG0000390	Praf.g_00224	Prbh.g_00668
OG0000391	Praf.g_00219	Prbh.g_00665
OG0000392	Praf.g_00214	Prbh.g_00661
OG0000393	Praf.g_00209	Prbh.g_00658
OG0000394	Praf.g_00208	Prbh.g_00657
OG0000395	Praf.g_00207	Prbh.g_00656
OG0000396	Praf.g_02403	Prbh.g_00654
OG0000397	Praf.g_02405	Prbh.g_00652
OG0000398	Praf.g_02410	Prbh.g_00649
OG0000399	Praf.g_02411	Prbh.g_00648
OG0000400	Praf.g_02412	Prbh.g_00647
OG0000401	Praf.g_02413	Prbh.g_00646
OG0000402	Praf.g_02415	Prbh.g_01144
OG0000403	Praf.g_02416	Prbh.g_00644
OG0000404	Praf.g_02418	Prbh.g_00643
OG0000405	Praf.g_02430	Prbh.g_00639
OG0000406	Praf.g_02434	Prbh.g_00635
OG0000407	Praf.g_02435	Prbh.g_00634
OG0000408	Praf.g_02437	Prbh.g_00632
OG0000409	Praf.g_02439	Prbh.g_00630
OG0000410	Praf.g_02440	Prbh.g_00629
OG0000411	Praf.g_02441	Prbh.g_00628
OG0000412	Praf.g_02442	Prbh.g_00627
OG0000413	Praf.g_02444	Prbh.g_00626
OG0000414	Praf.g_02445	Prbh.g_00625
OG0000415	Praf.g_02446	Prbh.g_00624
OG0000416	Praf.g_02447	Prbh.g_00623
OG0000417	Praf.g_02448	Prbh.g_00622
OG0000418	Praf.g_02453	Prbh.g_00617
OG0000419	Praf.g_02455	Prbh.g_00615
OG0000420	Praf.g_02456	Prbh.g_00614
OG0000421	Praf.g_02470	Prbh.g_00610
OG0000422	Praf.g_02471	Prbh.g_00609
OG0000423	Praf.g_02472	Prbh.g_00608
OG0000424	Praf.g_02473	Prbh.g_00607
OG0000425	Praf.g_02474	Prbh.g_00606
OG0000426	Praf.g_02475	Prbh.g_00605
OG0000427	Praf.g_02476	Prbh.g_00604
OG0000428	Praf.g_01486	Prbh.g_00602
OG0000429	Praf.g_02489	Prbh.g_00601
OG0000430	Praf.g_02491	Prbh.g_00600
OG0000431	Praf.g_02495	Prbh.g_00598
OG0000432	Praf.g_02502	Prbh.g_00594
OG0000433	Praf.g_02505	Prbh.g_00593
OG0000434	Praf.g_02506	Prbh.g_00592
OG0000435	Praf.g_02509	Prbh.g_00591
OG0000436	Praf.g_02515	Prbh.g_00586
OG0000437	Praf.g_02516	Prbh.g_00585
OG0000438	Praf.g_02517	Prbh.g_00584
OG0000439	Praf.g_02519	Prbh.g_00582
OG0000440	Praf.g_02520	Prbh.g_00581
OG0000441	Praf.g_02524	Prbh.g_00578
OG0000442	Praf.g_02525	Prbh.g_00577
OG0000443	Praf.g_02531	Prbh.g_00576
OG0000444	Praf.g_02575	Prbh.g_00571
OG0000445	Praf.g_02574	Prbh.g_00570
OG0000446	Praf.g_02572	Prbh.g_00569
OG0000447	Praf.g_02568	Prbh.g_00568
OG0000448	Praf.g_02567	Prbh.g_00567
OG0000449	Praf.g_02566	Prbh.g_00566
OG0000450	Praf.g_02560	Prbh.g_00565
OG0000451	Praf.g_02559	Prbh.g_00564
OG0000452	Praf.g_02555	Prbh.g_00561
OG0000453	Praf.g_02554	Prbh.g_00560
OG0000454	Praf.g_02553	Prbh.g_00559
OG0000455	Praf.g_02552	Prbh.g_00558
OG0000456	Praf.g_02551	Prbh.g_00557
OG0000457	Praf.g_02549	Prbh.g_00555
OG0000458	Praf.g_02548	Prbh.g_00554
OG0000459	Praf.g_02547	Prbh.g_00553
OG0000460	Praf.g_00379	Prbh.g_00545
OG0000461	Praf.g_02203	Prbh.g_00537
OG0000462	Praf.g_02207	Prbh.g_00535
OG0000463	Praf.g_02208	Prbh.g_00534
OG0000464	Praf.g_02209	Prbh.g_00533
OG0000465	Praf.g_02210	Prbh.g_00532
OG0000466	Praf.g_02215	Prbh.g_00529
OG0000467	Praf.g_02217	Prbh.g_00528
OG0000468	Praf.g_02242	Prbh.g_00525
OG0000469	Praf.g_02255	Prbh.g_00517
OG0000470	Praf.g_02259	Prbh.g_00515
OG0000471	Praf.g_02260	Prbh.g_00514
OG0000472	Praf.g_02262	Prbh.g_00513
OG0000473	Praf.g_02264	Prbh.g_00511
OG0000474	Praf.g_02265	Prbh.g_00510
OG0000475	Praf.g_02266	Prbh.g_00509
OG0000476	Praf.g_02268	Prbh.g_00507
OG0000477	Praf.g_02273	Prbh.g_00504
OG0000478	Praf.g_02274	Prbh.g_00503
OG0000479	Praf.g_02275	Prbh.g_00502
OG0000480	Praf.g_02282	Prbh.g_00497
OG0000481	Praf.g_02284	Prbh.g_00494
OG0000482	Praf.g_02285	Prbh.g_00493
OG0000483	Praf.g_02289	Prbh.g_00490
OG0000484	Praf.g_02290	Prbh.g_00489
OG0000485	Praf.g_02291	Prbh.g_00487
OG0000486	Praf.g_02292	Prbh.g_00486
OG0000487	Praf.g_02297	Prbh.g_00483
OG0000488	Praf.g_02301	Prbh.g_00480
OG0000489	Praf.g_02315	Prbh.g_00475
OG0000490	Praf.g_02321	Prbh.g_00471
OG0000491	Praf.g_02322	Prbh.g_00470
OG0000492	Praf.g_02324	Prbh.g_00468
OG0000493	Praf.g_02325	Prbh.g_00467
OG0000494	Praf.g_02326	Prbh.g_00466
OG0000495	Praf.g_02327	Prbh.g_00465
OG0000496	Praf.g_02328	Prbh.g_00464
OG0000497	Praf.g_02329	Prbh.g_00463
OG0000498	Praf.g_02330	Prbh.g_00462
OG0000499	Praf.g_02331	Prbh.g_00461
OG0000500	Praf.g_02332	Prbh.g_00460
OG0000501	Praf.g_02335	Prbh.g_00458
OG0000502	Praf.g_02349	Prbh.g_00455
OG0000503	Praf.g_02054	Prbh.g_00439
OG0000504	Praf.g_02052	Prbh.g_00437
OG0000505	Praf.g_02051	Prbh.g_00436
OG0000506	Praf.g_02049	Prbh.g_00435
OG0000507	Praf.g_02045	Prbh.g_00431
OG0000508	Praf.g_02031	Prbh.g_00427
OG0000509	Praf.g_02029	Prbh.g_00425
OG0000510	Praf.g_02028	Prbh.g_00424
OG0000511	Praf.g_02027	Prbh.g_00423
OG0000512	Praf.g_02025	Prbh.g_00421
OG0000513	Praf.g_02011	Prbh.g_00412
OG0000514	Praf.g_02002	Prbh.g_00401
OG0000515	Praf.g_02001	Prbh.g_00400
OG0000516	Praf.g_01999	Prbh.g_00399
OG0000517	Praf.g_01990	Prbh.g_00397
OG0000518	Praf.g_01978	Prbh.g_00386
OG0000519	Praf.g_01977	Prbh.g_00385
OG0000520	Praf.g_01972	Prbh.g_00384
OG0000521	Praf.g_01959	Prbh.g_00374
OG0000522	Praf.g_01957	Prbh.g_00372
OG0000523	Praf.g_01956	Prbh.g_00371
OG0000524	Praf.g_01942	Prbh.g_00367
OG0000525	Praf.g_01915	Prbh.g_00363
OG0000526	Praf.g_01913	Prbh.g_00361
OG0000527	Praf.g_01909	Prbh.g_00358
OG0000528	Praf.g_00589	Prbh.g_00353
OG0000529	Praf.g_00596	Prbh.g_00350
OG0000530	Praf.g_00599	Prbh.g_00347
OG0000531	Praf.g_00600	Prbh.g_00346
OG0000532	Praf.g_00603	Prbh.g_00344
OG0000533	Praf.g_00605	Prbh.g_00343
OG0000534	Praf.g_00606	Prbh.g_00342
OG0000535	Praf.g_00607	Prbh.g_00341
OG0000536	Praf.g_00608	Prbh.g_00340
OG0000537	Praf.g_00609	Prbh.g_00339
OG0000538	Praf.g_00619	Prbh.g_00329
OG0000539	Praf.g_00621	Prbh.g_00328
OG0000540	Praf.g_00622	Prbh.g_00327
OG0000541	Praf.g_00623	Prbh.g_00326
OG0000542	Praf.g_00626	Prbh.g_00325
OG0000543	Praf.g_00628	Prbh.g_00323
OG0000544	Praf.g_00629	Prbh.g_00322
OG0000545	Praf.g_00630	Prbh.g_00320
OG0000546	Praf.g_00632	Prbh.g_00317
OG0000547	Praf.g_00634	Prbh.g_00315
OG0000548	Praf.g_00635	Prbh.g_00314
OG0000549	Praf.g_00641	Prbh.g_00311
OG0000550	Praf.g_00646	Prbh.g_00306
OG0000551	Praf.g_00650	Prbh.g_00303
OG0000552	Praf.g_00651	Prbh.g_00302
OG0000553	Praf.g_00656	Prbh.g_00301
OG0000554	Praf.g_00661	Prbh.g_00295
OG0000555	Praf.g_00677	Prbh.g_00288
OG0000556	Praf.g_00683	Prbh.g_00286
OG0000557	Praf.g_00684	Prbh.g_00285
OG0000558	Praf.g_00687	Prbh.g_00283
OG0000559	Praf.g_00691	Prbh.g_00279
OG0000560	Praf.g_00694	Prbh.g_00276
OG0000561	Praf.g_00695	Prbh.g_00275
OG0000562	Praf.g_00696	Prbh.g_00274
OG0000563	Praf.g_00697	Prbh.g_00273
OG0000564	Praf.g_00698	Prbh.g_00272
OG0000565	Praf.g_00701	Prbh.g_00269
OG0000566	Praf.g_00705	Prbh.g_00265
OG0000567	Praf.g_00709	Prbh.g_00261
OG0000568	Praf.g_00711	Prbh.g_00260
OG0000569	Praf.g_00712	Prbh.g_00259
OG0000570	Praf.g_00713	Prbh.g_00258
OG0000571	Praf.g_00716	Prbh.g_00256
OG0000572	Praf.g_00733	Prbh.g_00244
OG0000573	Praf.g_00740	Prbh.g_00238
OG0000574	Praf.g_00741	Prbh.g_00237
OG0000575	Praf.g_00751	Prbh.g_00233
OG0000576	Praf.g_00753	Prbh.g_00231
OG0000577	Praf.g_00754	Prbh.g_00230
OG0000578	Praf.g_00755	Prbh.g_00229
OG0000579	Praf.g_00756	Prbh.g_00228
OG0000580	Praf.g_00757	Prbh.g_00227
OG0000581	Praf.g_00761	Prbh.g_00224
OG0000582	Praf.g_00765	Prbh.g_00221
OG0000583	Praf.g_00766	Prbh.g_00220
OG0000584	Praf.g_00767	Prbh.g_00219
OG0000585	Praf.g_00769	Prbh.g_00217
OG0000586	Praf.g_00771	Prbh.g_00216
OG0000587	Praf.g_00773	Prbh.g_00215
OG0000588	Praf.g_01663	Prbh.g_01465
OG0000589	Praf.g_01666	Prbh.g_01462
OG0000590	Praf.g_01667	Prbh.g_01461
OG0000591	Praf.g_01674	Prbh.g_01457
OG0000592	Praf.g_01675	Prbh.g_01456
OG0000593	Praf.g_01688	Prbh.g_01221
OG0000594	Praf.g_01689	Prbh.g_01220
OG0000595	Praf.g_01690	Prbh.g_01219
OG0000596	Praf.g_01695	Prbh.g_01216
OG0000597	Praf.g_01698	Prbh.g_01213
OG0000598	Praf.g_01699	Prbh.g_01212
OG0000599	Praf.g_01709	Prbh.g_01209
OG0000600	Praf.g_01710	Prbh.g_01208
OG0000601	Praf.g_01711	Prbh.g_01207
OG0000602	Praf.g_01716	Prbh.g_01205
OG0000603	Praf.g_01717	Prbh.g_01204
OG0000604	Praf.g_01718	Prbh.g_01203
OG0000605	Praf.g_01720	Prbh.g_01202
OG0000606	Praf.g_01727	Prbh.g_01199
OG0000607	Praf.g_01730	Prbh.g_01196
OG0000608	Praf.g_01731	Prbh.g_01195
OG0000609	Praf.g_01733	Prbh.g_01194
OG0000610	Praf.g_01741	Prbh.g_01188
OG0000611	Praf.g_01744	Prbh.g_01185
OG0000612	Praf.g_01745	Prbh.g_01184
OG0000613	Praf.g_02344	Prbh.g_00907
OG0000614	Praf.g_01207	Prbh.g_00928
OG0000615	Praf.g_01489	Prbh.g_00939
OG0000616	Praf.g_02767	Prbh.g_01487
OG0000617	Praf.g_01308	Prbh.g_01167
OG0000618	Praf.g_01309	Prbh.g_01166
OG0000619	Praf.g_01310	Prbh.g_01165
OG0000620	Praf.g_01314	Prbh.g_01162
OG0000621	Praf.g_01315	Prbh.g_01161
OG0000622	Praf.g_01316	Prbh.g_01160
OG0000623	Praf.g_01317	Prbh.g_01159
OG0000624	Praf.g_01318	Prbh.g_01157
OG0000625	Praf.g_01319	Prbh.g_01156
OG0000626	Praf.g_01320	Prbh.g_01155
OG0000627	Praf.g_01441	Prbh.g_01154
OG0000628	Praf.g_01440	Prbh.g_01153
OG0000629	Praf.g_01437	Prbh.g_01151
OG0000630	Praf.g_01433	Prbh.g_01148
OG0000631	Praf.g_01429	Prbh.g_01056
OG0000632	Praf.g_01428	Prbh.g_01057
OG0000633	Praf.g_01427	Prbh.g_01058
OG0000634	Praf.g_01526	Prbh.g_00949
OG0000635	Praf.g_01527	Prbh.g_00950
OG0000636	Praf.g_01529	Prbh.g_00952
OG0000637	Praf.g_01531	Prbh.g_00954
OG0000638	Praf.g_01532	Prbh.g_00955
OG0000639	Praf.g_01533	Prbh.g_00956
OG0000640	Praf.g_01534	Prbh.g_00957
OG0000641	Praf.g_01538	Prbh.g_00961
OG0000642	Praf.g_01539	Prbh.g_00962
OG0000643	Praf.g_01540	Prbh.g_00963
OG0000644	Praf.g_01541	Prbh.g_00964
OG0000645	Praf.g_01542	Prbh.g_00965
OG0000646	Praf.g_01545	Prbh.g_00967
OG0000647	Praf.g_01547	Prbh.g_00969
OG0000648	Praf.g_01549	Prbh.g_00971
OG0000649	Praf.g_01550	Prbh.g_00972
OG0000650	Praf.g_01551	Prbh.g_00973
OG0000651	Praf.g_01552	Prbh.g_00974
OG0000652	Praf.g_01553	Prbh.g_00975
OG0000653	Praf.g_01557	Prbh.g_00977
OG0000654	Praf.g_01558	Prbh.g_00978
OG0000655	Praf.g_01559	Prbh.g_00979
OG0000656	Praf.g_01562	Prbh.g_00982
OG0000657	Praf.g_01592	Prbh.g_00989
OG0000658	Praf.g_01594	Prbh.g_00991
OG0000659	Praf.g_01595	Prbh.g_00992
OG0000660	Praf.g_01599	Prbh.g_00996
OG0000661	Praf.g_01601	Prbh.g_00998
OG0000662	Praf.g_01603	Prbh.g_01001
OG0000663	Praf.g_01606	Prbh.g_01003
OG0000664	Praf.g_01607	Prbh.g_01004
OG0000665	Praf.g_01620	Prbh.g_01010
OG0000666	Praf.g_01622	Prbh.g_01011
OG0000667	Praf.g_01629	Prbh.g_01015
OG0000668	Praf.g_01339	Prbh.g_00857
OG0000669	Praf.g_01638	Prbh.g_00868
OG0000670	Praf.g_00961	Prbh.g_00871
OG0000671	Praf.g_01456	Prbh.g_00873
OG0000672	Praf.g_01459	Prbh.g_00876
OG0000673	Praf.g_01462	Prbh.g_00879
OG0000674	Praf.g_01464	Prbh.g_00881
OG0000675	Praf.g_01465	Prbh.g_00882
OG0000676	Praf.g_01467	Prbh.g_00884
OG0000677	Praf.g_01469	Prbh.g_00885
OG0000678	Praf.g_01475	Prbh.g_00887
OG0000679	Praf.g_01494	Prbh.g_00891
OG0000680	Praf.g_01495	Prbh.g_00892
OG0000681	Praf.g_01497	Prbh.g_00895
OG0000682	Praf.g_01498	Prbh.g_00896
OG0000683	Praf.g_01499	Prbh.g_00897
OG0000684	Praf.g_01512	Prbh.g_00898
OG0000685	Praf.g_01510	Prbh.g_00900
OG0000686	Praf.g_01509	Prbh.g_00901
OG0000687	Praf.g_01508	Prbh.g_00902
OG0000688	Praf.g_01515	Prbh.g_01179
OG0000689	Praf.g_01516	Prbh.g_01178
OG0000690	Praf.g_01517	Prbh.g_01177
OG0000691	Praf.g_01519	Prbh.g_01176
OG0000692	Praf.g_01520	Prbh.g_01174
OG0000693	Praf.g_01522	Prbh.g_01173
OG0000694	Praf.g_01523	Prbh.g_01172
OG0000695	Praf.g_01425	Prbh.g_01060
OG0000696	Praf.g_01424	Prbh.g_01061
OG0000697	Praf.g_01422	Prbh.g_01062
OG0000698	Praf.g_01419	Prbh.g_01065
OG0000699	Praf.g_01417	Prbh.g_01066
OG0000700	Praf.g_01416	Prbh.g_01067
OG0000701	Praf.g_01415	Prbh.g_01068
OG0000702	Praf.g_01408	Prbh.g_01070
OG0000703	Praf.g_01407	Prbh.g_01071
OG0000704	Praf.g_01405	Prbh.g_01073
OG0000705	Praf.g_01399	Prbh.g_01079
OG0000706	Praf.g_01398	Prbh.g_01080
OG0000707	Praf.g_01397	Prbh.g_01081
OG0000708	Praf.g_01395	Prbh.g_01083
OG0000709	Praf.g_01388	Prbh.g_01087
OG0000710	Praf.g_01383, Praf.g_01384	Prbh.g_01090
OG0000711	Praf.g_01360	Prbh.g_01106
OG0000712	Praf.g_01359	Prbh.g_01107
OG0000713	Praf.g_01358	Prbh.g_01108
OG0000714	Praf.g_01355	Prbh.g_01109
OG0000715	Praf.g_01353	Prbh.g_01111
OG0000716	Praf.g_01349	Prbh.g_01113
OG0000717	Praf.g_01348	Prbh.g_01114
OG0000718	Praf.g_01343	Prbh.g_01116
OG0000719	Praf.g_01341	Prbh.g_01118
OG0000720	Praf.g_01328	Prbh.g_01129
OG0000721	Praf.g_01327	Prbh.g_01133
OG0000722	Praf.g_01326	Prbh.g_01134
OG0000723	Praf.g_01322	Prbh.g_01138
OG0000724	Praf.g_01279	Prbh.g_01036
OG0000725	Praf.g_01270	Prbh.g_01030
OG0000726	Praf.g_01269	Prbh.g_01029
OG0000727	Praf.g_01268	Prbh.g_01028
OG0000728	Praf.g_01267	Prbh.g_01026
OG0000729	Praf.g_00162	Prbh.g_01351
OG0000730	Praf.g_02056	Prbh.g_01325
OG0000731	Praf.g_02047	Prbh.g_00432
OG0000733	Praf.g_02698	Prbh.g_01867
OG0000734	Praf.g_00233	Prbh.g_01299
OG0000735	Praf.g_00822	Prbh.g_01297
OG0000736	Praf.g_00823	Prbh.g_01296
OG0000737	Praf.g_00824	Prbh.g_01295
OG0000738	Praf.g_00830	Prbh.g_01291
OG0000739	Praf.g_00832	Prbh.g_01290
OG0000740	Praf.g_00833	Prbh.g_01289
OG0000741	Praf.g_00836	Prbh.g_01287
OG0000742	Praf.g_00853	Prbh.g_01284
OG0000743	Praf.g_00855	Prbh.g_01282
OG0000744	Praf.g_00856	Prbh.g_01280
OG0000745	Praf.g_00858	Prbh.g_01279
OG0000746	Praf.g_00860	Prbh.g_01277
OG0000747	Praf.g_00861	Prbh.g_01276
OG0000748	Praf.g_00873	Prbh.g_01272
OG0000749	Praf.g_00874	Prbh.g_01271
OG0000750	Praf.g_00875	Prbh.g_01270
OG0000751	Praf.g_00880	Prbh.g_01267
OG0000752	Praf.g_00882	Prbh.g_01265
OG0000753	Praf.g_00885	Prbh.g_01262
OG0000754	Praf.g_00914	Prbh.g_01260
OG0000755	Praf.g_00921	Prbh.g_01254
OG0000756	Praf.g_00922	Prbh.g_01253
OG0000757	Praf.g_00929	Prbh.g_01246
OG0000758	Praf.g_00930	Prbh.g_01245
OG0000759	Praf.g_00931	Prbh.g_01244
OG0000760	Praf.g_00932	Prbh.g_01243
OG0000761	Praf.g_00933	Prbh.g_01242
OG0000762	Praf.g_00913	Prbh.g_01241
OG0000763	Praf.g_00911	Prbh.g_01239
OG0000764	Praf.g_00910	Prbh.g_01238
OG0000765	Praf.g_00895	Prbh.g_01230
OG0000766	Praf.g_00894	Prbh.g_01229
OG0000767	Praf.g_00892	Prbh.g_01227
OG0000768	Praf.g_00891	Prbh.g_01226
OG0000769	Praf.g_00887	Prbh.g_01224
OG0000770	Praf.g_00937	Prbh.g_01451
OG0000771	Praf.g_01285	Prbh.g_01397
OG0000772	Praf.g_00548	Prbh.g_01845
OG0000773	Praf.g_00808	Prbh.g_01364
OG0000774	Praf.g_00804	Prbh.g_01366
OG0000775	Praf.g_00802	Prbh.g_01368
OG0000776	Praf.g_00801	Prbh.g_01369
OG0000777	Praf.g_00800	Prbh.g_01370
OG0000778	Praf.g_00799	Prbh.g_01371
OG0000779	Praf.g_00794	Prbh.g_01375
OG0000780	Praf.g_00791	Prbh.g_01376
OG0000781	Praf.g_00787	Prbh.g_01379
OG0000782	Praf.g_00786	Prbh.g_01380
OG0000783	Praf.g_00785	Prbh.g_01381
OG0000784	Praf.g_00784	Prbh.g_01382
OG0000785	Praf.g_00782	Prbh.g_01384
OG0000786	Praf.g_00777	Prbh.g_01387
OG0000787	Praf.g_00776	Prbh.g_01388
OG0000788	Praf.g_01996	Prbh.g_00206
OG0000789	Praf.g_01001	Prbh.g_00196
OG0000790	Praf.g_00579	Prbh.g_00014
OG0000791	Praf.g_00577	Prbh.g_00016
OG0000792	Praf.g_00576	Prbh.g_00017
OG0000793	Praf.g_00572	Prbh.g_00021
OG0000794	Praf.g_00571	Prbh.g_00022
OG0000795	Praf.g_00570	Prbh.g_00023
OG0000796	Praf.g_00566	Prbh.g_00027
OG0000797	Praf.g_00565	Prbh.g_00028
OG0000798	Praf.g_02276	Prbh.g_00033
OG0000799	Praf.g_01765	Prbh.g_00079
OG0000800	Praf.g_01766	Prbh.g_00080
OG0000801	Praf.g_01767	Prbh.g_00081
OG0000802	Praf.g_01773	Prbh.g_00083
OG0000803	Praf.g_01779	Prbh.g_00085
OG0000804	Praf.g_01781	Prbh.g_00086
OG0000805	Praf.g_01783	Prbh.g_00088
OG0000806	Praf.g_01785	Prbh.g_00090
OG0000807	Praf.g_01787	Prbh.g_00091
OG0000808	Praf.g_01788	Prbh.g_00092
OG0000809	Praf.g_01792	Prbh.g_00094
OG0000810	Praf.g_01793	Prbh.g_00095
OG0000811	Praf.g_01801	Prbh.g_00102
OG0000812	Praf.g_01803	Prbh.g_00104
OG0000813	Praf.g_01804	Prbh.g_00105
OG0000814	Praf.g_01806	Prbh.g_00107
OG0000815	Praf.g_01807	Prbh.g_00108
OG0000816	Praf.g_01809	Prbh.g_00110
OG0000817	Praf.g_01810	Prbh.g_00111
OG0000818	Praf.g_01822	Prbh.g_00116
OG0000819	Praf.g_01823	Prbh.g_00117
OG0000820	Praf.g_01824	Prbh.g_00118
OG0000821	Praf.g_01831	Prbh.g_00122
OG0000822	Praf.g_01833	Prbh.g_00123
OG0000823	Praf.g_01834	Prbh.g_00124
OG0000824	Praf.g_01838	Prbh.g_00127
OG0000825	Praf.g_01839	Prbh.g_00128
OG0000826	Praf.g_01840	Prbh.g_00129
OG0000827	Praf.g_01841	Prbh.g_00130
OG0000828	Praf.g_01844	Prbh.g_00133
OG0000829	Praf.g_01845	Prbh.g_00134
OG0000830	Praf.g_01846	Prbh.g_00135
OG0000831	Praf.g_01849	Prbh.g_00137
OG0000832	Praf.g_00542	Prbh.g_00147
OG0000833	Praf.g_00534	Prbh.g_00156
OG0000834	Praf.g_00533	Prbh.g_00157
OG0000835	Praf.g_00532	Prbh.g_00158
OG0000836	Praf.g_00530	Prbh.g_00159
OG0000837	Praf.g_00529	Prbh.g_00160
OG0000838	Praf.g_00525	Prbh.g_00163
OG0000839	Praf.g_00524	Prbh.g_00164
OG0000840	Praf.g_00523	Prbh.g_00165
OG0000841	Praf.g_00522	Prbh.g_00166
OG0000842	Praf.g_00521	Prbh.g_00167
OG0000843	Praf.g_00520	Prbh.g_00168
OG0000844	Praf.g_00518	Prbh.g_00169
OG0000845	Praf.g_00517	Prbh.g_00170
OG0000846	Praf.g_00516	Prbh.g_00171
OG0000847	Praf.g_00515	Prbh.g_00172
OG0000848	Praf.g_00513	Prbh.g_00173
OG0000849	Praf.g_00512	Prbh.g_00174
OG0000850	Praf.g_00511	Prbh.g_00176
OG0000851	Praf.g_00508	Prbh.g_00177
OG0000852	Praf.g_00507	Prbh.g_00178
OG0000853	Praf.g_00502	Prbh.g_00183
OG0000854	Praf.g_00500	Prbh.g_00185
OG0000855	Praf.g_00499	Prbh.g_00186
OG0000856	Praf.g_01677	Prbh.g_01454
OG0000857	Praf.g_01546	Prbh.g_00968
OG0000858	Praf.g_00490	Prbh.g_01789
OG0000859	Praf.g_00489	Prbh.g_01788
OG0000860	Praf.g_00478	Prbh.g_01780
OG0000861	Praf.g_00477	Prbh.g_01779
OG0000862	Praf.g_00475	Prbh.g_01778
OG0000863	Praf.g_00472	Prbh.g_01776
OG0000864	Praf.g_00471	Prbh.g_01775
OG0000865	Praf.g_00470	Prbh.g_01774
OG0000866	Praf.g_00469	Prbh.g_01773
OG0000867	Praf.g_00468	Prbh.g_01772
OG0000868	Praf.g_00466	Prbh.g_01770
OG0000869	Praf.g_00463	Prbh.g_01767
OG0000870	Praf.g_00458	Prbh.g_01762
OG0000871	Praf.g_00457	Prbh.g_01761
OG0000872	Praf.g_00455	Prbh.g_01760
OG0000873	Praf.g_00452	Prbh.g_01757
OG0000874	Praf.g_00448	Prbh.g_01754
OG0000875	Praf.g_00447	Prbh.g_01752
OG0000876	Praf.g_00446	Prbh.g_01751
OG0000877	Praf.g_00443	Prbh.g_01749
OG0000878	Praf.g_00442	Prbh.g_01748
OG0000879	Praf.g_00441	Prbh.g_01747
OG0000880	Praf.g_00440	Prbh.g_01746
OG0000881	Praf.g_00434	Prbh.g_01742
OG0000882	Praf.g_00429	Prbh.g_01737
OG0000883	Praf.g_00427	Prbh.g_01735
OG0000884	Praf.g_00425	Prbh.g_01733
OG0000885	Praf.g_00424	Prbh.g_01732
OG0000886	Praf.g_00423	Prbh.g_01731
OG0000887	Praf.g_00422	Prbh.g_01730
OG0000888	Praf.g_00420	Prbh.g_01728
OG0000889	Praf.g_00418	Prbh.g_01726
OG0000890	Praf.g_00405	Prbh.g_01725
OG0000891	Praf.g_00404	Prbh.g_01724
OG0000892	Praf.g_00402	Prbh.g_01723
OG0000893	Praf.g_02202	Prbh.g_01719
OG0000894	Praf.g_02199	Prbh.g_01716
OG0000895	Praf.g_02195	Prbh.g_01712
OG0000896	Praf.g_02194	Prbh.g_01711
OG0000897	Praf.g_02192	Prbh.g_01709
OG0000898	Praf.g_02191	Prbh.g_01708
OG0000899	Praf.g_02190	Prbh.g_01707
OG0000900	Praf.g_02189	Prbh.g_01706
OG0000901	Praf.g_02185	Prbh.g_01703
OG0000902	Praf.g_02183	Prbh.g_01701
OG0000903	Praf.g_02170	Prbh.g_01697
OG0000904	Praf.g_02175	Prbh.g_01692
OG0000905	Praf.g_02177	Prbh.g_01699
OG0000906	Praf.g_02179	Prbh.g_01700
OG0000907	Praf.g_02163	Prbh.g_01687
OG0000908	Praf.g_02160	Prbh.g_01684
OG0000909	Praf.g_02159	Prbh.g_01683
OG0000910	Praf.g_02158	Prbh.g_01682
OG0000911	Praf.g_02156	Prbh.g_01680
OG0000912	Praf.g_02155	Prbh.g_01679
OG0000913	Praf.g_02154	Prbh.g_01678
OG0000914	Praf.g_02153	Prbh.g_01677
OG0000915	Praf.g_02152	Prbh.g_01676
OG0000916	Praf.g_02151	Prbh.g_01675
OG0000917	Praf.g_02150	Prbh.g_01674
OG0000918	Praf.g_02149	Prbh.g_01673
OG0000919	Praf.g_02148	Prbh.g_01672
OG0000920	Praf.g_02147	Prbh.g_01671
OG0000921	Praf.g_02146	Prbh.g_01670
OG0000922	Praf.g_02145	Prbh.g_01669
OG0000923	Praf.g_02141	Prbh.g_01665
OG0000924	Praf.g_02140	Prbh.g_01664
OG0000925	Praf.g_02139	Prbh.g_01663
OG0000926	Praf.g_02138	Prbh.g_01662
OG0000927	Praf.g_02136	Prbh.g_01660
OG0000928	Praf.g_02135	Prbh.g_01659
OG0000929	Praf.g_02134	Prbh.g_01658
OG0000930	Praf.g_02133	Prbh.g_01657
OG0000931	Praf.g_02132	Prbh.g_01656
OG0000932	Praf.g_02131	Prbh.g_01655
OG0000933	Praf.g_02126	Prbh.g_01651
OG0000934	Praf.g_02124	Prbh.g_01649
OG0000935	Praf.g_02123	Prbh.g_01648
OG0000936	Praf.g_02122	Prbh.g_01647
OG0000937	Praf.g_02121	Prbh.g_01646
OG0000938	Praf.g_02118	Prbh.g_01643
OG0000939	Praf.g_02117	Prbh.g_01642
OG0000940	Praf.g_02106	Prbh.g_01635
OG0000941	Praf.g_02104	Prbh.g_01633
OG0000942	Praf.g_02102	Prbh.g_01631
OG0000943	Praf.g_02101	Prbh.g_01630
OG0000944	Praf.g_02099	Prbh.g_01628
OG0000945	Praf.g_02097	Prbh.g_01627
OG0000946	Praf.g_02082	Prbh.g_01621
OG0000947	Praf.g_02079	Prbh.g_01619
OG0000948	Praf.g_02078	Prbh.g_01618
OG0000949	Praf.g_02075	Prbh.g_01615
OG0000950	Praf.g_02383	Prbh.g_01608
OG0000951	Praf.g_02388	Prbh.g_01604
OG0000952	Praf.g_02393	Prbh.g_01600
OG0000953	Praf.g_02397	Prbh.g_01596
OG0000954	Praf.g_00195	Prbh.g_01592
OG0000955	Praf.g_00194	Prbh.g_01591
OG0000956	Praf.g_00192	Prbh.g_01589
OG0000957	Praf.g_00180	Prbh.g_01583
OG0000958	Praf.g_00179	Prbh.g_01582
OG0000959	Praf.g_00175	Prbh.g_01578
OG0000960	Praf.g_00174	Prbh.g_01577
OG0000961	Praf.g_00165	Prbh.g_01574
OG0000962	Praf.g_00163	Prbh.g_01572
OG0000963	Praf.g_00157	Prbh.g_01568
OG0000964	Praf.g_00156	Prbh.g_01567
OG0000965	Praf.g_00155	Prbh.g_01566
OG0000966	Praf.g_00089	Prbh.g_01560
OG0000967	Praf.g_00082	Prbh.g_01556
OG0000968	Praf.g_00077	Prbh.g_01554
OG0000969	Praf.g_00075	Prbh.g_01553
OG0000970	Praf.g_00074	Prbh.g_01552
OG0000971	Praf.g_00072	Prbh.g_01551
OG0000972	Praf.g_00071	Prbh.g_01550
OG0000973	Praf.g_00070	Prbh.g_01549
OG0000974	Praf.g_00069	Prbh.g_01548
OG0000975	Praf.g_00068	Prbh.g_01547
OG0000976	Praf.g_00067	Prbh.g_01546
OG0000977	Praf.g_00064	Prbh.g_01545
OG0000978	Praf.g_00063	Prbh.g_01544
OG0000979	Praf.g_00060	Prbh.g_01541
OG0000980	Praf.g_00056	Prbh.g_01539
OG0000981	Praf.g_00053	Prbh.g_01536
OG0000982	Praf.g_02657	Prbh.g_01534
OG0000983	Praf.g_02658	Prbh.g_01533
OG0000984	Praf.g_02659	Prbh.g_01532
OG0000985	Praf.g_02663	Prbh.g_01529
OG0000986	Praf.g_02665	Prbh.g_01527
OG0000987	Praf.g_02667	Prbh.g_01526
OG0000988	Praf.g_02671	Prbh.g_01523
OG0000989	Praf.g_02680	Prbh.g_01519
OG0000990	Praf.g_02702	Prbh.g_01514
OG0000991	Praf.g_02716	Prbh.g_01513
OG0000992	Praf.g_02719	Prbh.g_01510
OG0000993	Praf.g_02720	Prbh.g_01509
OG0000994	Praf.g_02723	Prbh.g_01508
OG0000995	Praf.g_02730	Prbh.g_01504
OG0000996	Praf.g_02743	Prbh.g_01503
OG0000997	Praf.g_02753	Prbh.g_01501
OG0000998	Praf.g_02755	Prbh.g_01499
OG0000999	Praf.g_02756	Prbh.g_01498
OG0001000	Praf.g_02759	Prbh.g_01495
OG0001001	Praf.g_02764	Prbh.g_01490
OG0001002	Praf.g_02770	Prbh.g_01485
OG0001003	Praf.g_02772	Prbh.g_01484
OG0001004	Praf.g_02773	Prbh.g_01483
OG0001005	Praf.g_02775	Prbh.g_01482
OG0001006	Praf.g_02781	Prbh.g_01478
OG0001007	Praf.g_02783	Prbh.g_01476
OG0001008	Praf.g_01988	Prbh.g_00395
OG0001009	Praf.g_00032	Prbh.g_00753
OG0001010	Praf.g_00033	Prbh.g_00752
OG0001011	Praf.g_00035	Prbh.g_00751
OG0001012	Praf.g_02654	Prbh.g_00739
OG0001013	Praf.g_02603	Prbh.g_00732
OG0001014	Praf.g_02597	Prbh.g_00729
OG0001015	Praf.g_02596	Prbh.g_00728
OG0001016	Praf.g_00316	Prbh.g_00709
OG0001017	Praf.g_00310	Prbh.g_00705
OG0001018	Praf.g_00308	Prbh.g_00703
OG0001019	Praf.g_00296	Prbh.g_00694
OG0001020	Praf.g_00268	Prbh.g_00693
OG0001021	Praf.g_00264	Prbh.g_00692
OG0001022	Praf.g_00259	Prbh.g_00689
OG0001023	Praf.g_00258	Prbh.g_00688
OG0001024	Praf.g_00254	Prbh.g_00685
OG0001025	Praf.g_00247	Prbh.g_00678
OG0001026	Praf.g_00230	Prbh.g_00670
OG0001027	Praf.g_00225	Prbh.g_00669
OG0001028	Praf.g_00223	Prbh.g_00667
OG0001029	Praf.g_00221	Prbh.g_00666
OG0001030	Praf.g_02408	Prbh.g_00650
OG0001031	Praf.g_02497	Prbh.g_00596
OG0001032	Praf.g_02500	Prbh.g_00595
OG0001033	Praf.g_02533	Prbh.g_00574
OG0001034	Praf.g_00385	Prbh.g_00544
OG0001035	Praf.g_02243	Prbh.g_00524
OG0001036	Praf.g_02247	Prbh.g_00520
OG0001037	Praf.g_02249	Prbh.g_00519
OG0001038	Praf.g_02277	Prbh.g_00501
OG0001039	Praf.g_02280	Prbh.g_00498
OG0001040	Praf.g_02283	Prbh.g_00496
OG0001041	Praf.g_02288	Prbh.g_00491
OG0001042	Praf.g_02316	Prbh.g_00474
OG0001043	Praf.g_02318	Prbh.g_00473
OG0001044	Praf.g_02055	Prbh.g_00440
OG0001045	Praf.g_02044	Prbh.g_00430
OG0001046	Praf.g_00495	Prbh.g_01877
OG0001047	Praf.g_01986	Prbh.g_00393
OG0001048	Praf.g_01985	Prbh.g_00392
OG0001049	Praf.g_01982	Prbh.g_00390
OG0001050	Praf.g_01981	Prbh.g_00389
OG0001051	Praf.g_01980	Prbh.g_00388
OG0001052	Praf.g_01911	Prbh.g_00360
OG0001053	Praf.g_00598	Prbh.g_00348
OG0001054	Praf.g_00615	Prbh.g_00333
OG0001055	Praf.g_00636	Prbh.g_00313
OG0001056	Praf.g_00665	Prbh.g_00293
OG0001057	Praf.g_00675	Prbh.g_00289
OG0001058	Praf.g_00689	Prbh.g_00281
OG0001059	Praf.g_00693	Prbh.g_00277
OG0001060	Praf.g_00700	Prbh.g_00270
OG0001061	Praf.g_00717	Prbh.g_00255
OG0001062	Praf.g_00719	Prbh.g_00253
OG0001063	Praf.g_00723	Prbh.g_00251
OG0001064	Praf.g_00724	Prbh.g_00250
OG0001065	Praf.g_00725	Prbh.g_00249
OG0001066	Praf.g_00726	Prbh.g_00248
OG0001067	Praf.g_00728	Prbh.g_00247
OG0001068	Praf.g_00729	Prbh.g_00246
OG0001069	Praf.g_00730	Prbh.g_00245
OG0001070	Praf.g_00734	Prbh.g_00243
OG0001071	Praf.g_00735	Prbh.g_00242
OG0001072	Praf.g_00738	Prbh.g_00240
OG0001073	Praf.g_00758	Prbh.g_00226
OG0001074	Praf.g_01659	Prbh.g_00214
OG0001075	Praf.g_01661	Prbh.g_00213
OG0001076	Praf.g_01669	Prbh.g_01459
OG0001077	Praf.g_01680	Prbh.g_01453
OG0001078	Praf.g_01693	Prbh.g_01217
OG0001079	Praf.g_01713	Prbh.g_01206
OG0001080	Praf.g_01722	Prbh.g_01200
OG0001081	Praf.g_01728	Prbh.g_01198
OG0001082	Praf.g_01729	Prbh.g_01197
OG0001083	Praf.g_01737	Prbh.g_01192
OG0001084	Praf.g_01738	Prbh.g_01191
OG0001085	Praf.g_01749	Prbh.g_00904
OG0001086	Praf.g_01751	Prbh.g_00905
OG0001087	Praf.g_01225	Prbh.g_00923
OG0001088	Praf.g_01221	Prbh.g_00924
OG0001089	Praf.g_01124	Prbh.g_00935
OG0001090	Praf.g_01303	Prbh.g_00946
OG0001091	Praf.g_01305	Prbh.g_01170
OG0001092	Praf.g_01307	Prbh.g_01169
OG0001093	Praf.g_01311	Prbh.g_01164
OG0001094	Praf.g_01524	Prbh.g_01171
OG0001095	Praf.g_01543	Prbh.g_00966
OG0001096	Praf.g_01560	Prbh.g_00980
OG0001097	Praf.g_01602	Prbh.g_00999
OG0001098	Praf.g_01444	Prbh.g_01019
OG0001099	Praf.g_00222	Prbh.g_00861
OG0001100	Praf.g_01454	Prbh.g_00870
OG0001101	Praf.g_01455	Prbh.g_00872
OG0001102	Praf.g_01458	Prbh.g_00875
OG0001103	Praf.g_01460	Prbh.g_00877
OG0001104	Praf.g_01511	Prbh.g_00899
OG0001105	Praf.g_01506	Prbh.g_00903
OG0001106	Praf.g_01404	Prbh.g_01074
OG0001107	Praf.g_01394	Prbh.g_01084
OG0001108	Praf.g_01387	Prbh.g_01088
OG0001109	Praf.g_01385	Prbh.g_01089
OG0001110	Praf.g_01382	Prbh.g_01091
OG0001111	Praf.g_01380	Prbh.g_01092
OG0001112	Praf.g_01378	Prbh.g_01093
OG0001113	Praf.g_01377	Prbh.g_01094
OG0001114	Praf.g_01376	Prbh.g_01095
OG0001115	Praf.g_01374	Prbh.g_01097
OG0001116	Praf.g_01372	Prbh.g_01098
OG0001117	Praf.g_01371	Prbh.g_01099
OG0001118	Praf.g_01370	Prbh.g_01100
OG0001119	Praf.g_01369	Prbh.g_01101
OG0001120	Praf.g_01366	Prbh.g_01102
OG0001122	Praf.g_01340	Prbh.g_01119
OG0001123	Praf.g_01333	Prbh.g_01124
OG0001124	Praf.g_01331	Prbh.g_01126
OG0001125	Praf.g_01329	Prbh.g_01128
OG0001126	Praf.g_01287	Prbh.g_01042
OG0001127	Praf.g_01286	Prbh.g_01041
OG0001128	Praf.g_01283	Prbh.g_01039
OG0001129	Praf.g_01281	Prbh.g_01038
OG0001130	Praf.g_01280	Prbh.g_01037
OG0001131	Praf.g_01296	Prbh.g_00411
OG0001132	Praf.g_01652	Prbh.g_00827
OG0001133	Praf.g_01671	Prbh.g_00008
OG0001134	Praf.g_02690	Prbh.g_01868
OG0001135	Praf.g_02692	Prbh.g_01865
OG0001136	Praf.g_00852	Prbh.g_01286
OG0001137	Praf.g_00872	Prbh.g_01273
OG0001138	Praf.g_00923	Prbh.g_01252
OG0001139	Praf.g_00925	Prbh.g_01250
OG0001140	Praf.g_00926	Prbh.g_01249
OG0001141	Praf.g_00927	Prbh.g_01248
OG0001142	Praf.g_00928	Prbh.g_01247
OG0001143	Praf.g_00912	Prbh.g_01240
OG0001144	Praf.g_00904	Prbh.g_01235
OG0001145	Praf.g_00806	Prbh.g_01365
OG0001146	Praf.g_00790	Prbh.g_01377
OG0001147	Praf.g_01897	Prbh.g_00002
OG0001148	Praf.g_00582	Prbh.g_00011
OG0001149	Praf.g_00581	Prbh.g_00012
OG0001150	Praf.g_00580	Prbh.g_00013
OG0001151	Praf.g_00568	Prbh.g_00025
OG0001152	Praf.g_00567	Prbh.g_00026
OG0001153	Praf.g_01842	Prbh.g_00131
OG0001154	Praf.g_01843	Prbh.g_00132
OG0001155	Praf.g_00540	Prbh.g_00149
OG0001156	Praf.g_00537	Prbh.g_00152
OG0001157	Praf.g_01653	Prbh.g_00153
OG0001158	Praf.g_00536	Prbh.g_00154
OG0001159	Praf.g_00535	Prbh.g_00155
OG0001160	Praf.g_00504	Prbh.g_00181
OG0001161	Praf.g_01650	Prbh.g_01837
OG0001162	Praf.g_01145	Prbh.g_01824
OG0001163	Praf.g_00492	Prbh.g_01790
OG0001164	Praf.g_00487	Prbh.g_01787
OG0001165	Praf.g_00484	Prbh.g_01784
OG0001166	Praf.g_00459	Prbh.g_01763
OG0001167	Praf.g_00437	Prbh.g_01745
OG0001168	Praf.g_00435	Prbh.g_01743
OG0001169	Praf.g_00433	Prbh.g_01741
OG0001170	Praf.g_00431	Prbh.g_01739
OG0001171	Praf.g_00421	Prbh.g_01729
OG0001172	Praf.g_02197	Prbh.g_01714
OG0001173	Praf.g_02196	Prbh.g_01713
OG0001174	Praf.g_02188	Prbh.g_01705
OG0001175	Praf.g_02187	Prbh.g_01704
OG0001176	Praf.g_02171	Prbh.g_01696
OG0001177	Praf.g_02173	Prbh.g_01694
OG0001178	Praf.g_00474	Prbh.g_01777
OG0001179	Praf.g_02137	Prbh.g_01661
OG0001180	Praf.g_02109	Prbh.g_01638
OG0001181	Praf.g_02105	Prbh.g_01634
OG0001182	Praf.g_02096	Prbh.g_01626
OG0001183	Praf.g_02081	Prbh.g_01620
OG0001184	Praf.g_02391	Prbh.g_01602
OG0001185	Praf.g_00184	Prbh.g_01586
OG0001186	Praf.g_00091	Prbh.g_01562
OG0001187	Praf.g_00088	Prbh.g_01559
OG0001188	Praf.g_00083	Prbh.g_01557
OG0001189	Praf.g_00058	Prbh.g_01540
OG0001190	Praf.g_02656	Prbh.g_01535
OG0001191	Praf.g_02669	Prbh.g_01525
OG0001192	Praf.g_02674	Prbh.g_01520
OG0001193	Praf.g_02724	Prbh.g_01507
OG0001194	Praf.g_02728	Prbh.g_01506
OG0001195	Praf.g_02729	Prbh.g_01505
OG0001196	Praf.g_02766	Prbh.g_01488
OG0001197	Praf.g_02768	Prbh.g_01486
OG0001198	Praf.g_02780	Prbh.g_01479
OG0001199	Praf.g_00315	Prbh.g_00708
OG0001200	Praf.g_00313	Prbh.g_00706
OG0001201	Praf.g_00243	Prbh.g_00675
OG0001203	Praf.g_00387	Prbh.g_00542
OG0001204	Praf.g_02206	Prbh.g_00536
OG0001205	Praf.g_01979	Prbh.g_00387
OG0001206	Praf.g_01941	Prbh.g_00366
OG0001207	Praf.g_00586	Prbh.g_00354
OG0001208	Praf.g_00597	Prbh.g_00349
OG0001209	Praf.g_00663	Prbh.g_00294
OG0001210	Praf.g_00673	Prbh.g_00290
OG0001211	Praf.g_00690	Prbh.g_00280
OG0001212	Praf.g_00750	Prbh.g_00234
OG0001213	Praf.g_01684	Prbh.g_01452
OG0001215	Praf.g_01220	Prbh.g_00925
OG0001216	Praf.g_01304	Prbh.g_00947
OG0001217	Praf.g_00710	Prbh.g_01875
OG0001218	Praf.g_01853	Prbh.g_01339
OG0001219	Praf.g_01432	Prbh.g_01054
OG0001220	Praf.g_01619	Prbh.g_01009
OG0001221	Praf.g_01480	Prbh.g_00889
OG0001222	Praf.g_02684	Prbh.g_01131
OG0001223	Praf.g_01364	Prbh.g_01103
OG0001224	Praf.g_01278	Prbh.g_01035
OG0001225	Praf.g_01276	Prbh.g_01033
OG0001226	Praf.g_00991	Prbh.g_01444
OG0001227	Praf.g_00558	Prbh.g_01331
OG0001228	Praf.g_00899	Prbh.g_01232
OG0001229	Praf.g_00494	Prbh.g_01872
OG0001230	Praf.g_01784	Prbh.g_00089
OG0001231	Praf.g_00017	Prbh.g_00410
OG0001232	Praf.g_00454	Prbh.g_01759
OG0001233	Praf.g_00430	Prbh.g_01738
OG0001234	Praf.g_02184	Prbh.g_01702
OG0001235	Praf.g_02176	Prbh.g_01698
OG0001236	Praf.g_02387	Prbh.g_01605
OG0001237	Praf.g_02392	Prbh.g_01601
OG0001238	Praf.g_02670	Prbh.g_01524
OG0001239	Praf.g_00318	Prbh.g_00711
OG0001240	Praf.g_00260	Prbh.g_00690
OG0001241	Praf.g_00250	Prbh.g_00681
OG0001243	Praf.g_02402	Prbh.g_00655
OG0001244	Praf.g_02429	Prbh.g_00640
OG0001245	Praf.g_01003	Prbh.g_01320
OG0001246	Praf.g_00624	Prbh.g_00824
OG0001247	Praf.g_01572	Prbh.g_00918
OG0001248	Praf.g_01210	Prbh.g_00920
OG0001249	Praf.g_02063	Prbh.g_00442
OG0001250	Praf.g_01598	Prbh.g_00995
OG0001252	Praf.g_01284	Prbh.g_01040
OG0001253	Praf.g_01008	Prbh.g_01442
OG0001254	Praf.g_02691	Prbh.g_01866
OG0001255	Praf.g_01134	Prbh.g_01300
OG0001256	Praf.g_00497	Prbh.g_00188
OG0001258	Praf.g_00486	Prbh.g_01786
OG0001259	Praf.g_00432	Prbh.g_01740
OG0001261	Praf.g_02128	Prbh.g_01653
OG0001262	Praf.g_00061	Prbh.g_01542
OG0001263	Praf.g_02404	Prbh.g_00653
OG0001265	Praf.g_00217	Prbh.g_00663
OG0001266	Praf.g_02522	Prbh.g_00579
OG0001267	Praf.g_02279	Prbh.g_00499
OG0001268	Praf.g_02048	Prbh.g_00433
OG0001269	Praf.g_01616	Prbh.g_01008
OG0001270	Praf.g_01991	Prbh.g_00398
OG0001271	Praf.g_01910	Prbh.g_00359
OG0001272	Praf.g_00601	Prbh.g_00345
OG0001273	Praf.g_01687	Prbh.g_01222
OG0001274	Praf.g_02550	Prbh.g_00556
OG0001275	Praf.g_01351	Prbh.g_01112
OG0001276	Praf.g_01334	Prbh.g_01123
OG0001278	Praf.g_00893	Prbh.g_01228
OG0001279	Praf.g_01769	Prbh.g_01396
OG0001280	Praf.g_00798	Prbh.g_01372
OG0001281	Praf.g_00789	Prbh.g_01378
OG0001283	Praf.g_02762	Prbh.g_01492
OG0001285	Praf.g_00450	Prbh.g_01756
OG0001286	Praf.g_02111	Prbh.g_01640
OG0001287	Praf.g_00176	Prbh.g_01579
OG0001288	Praf.g_00158	Prbh.g_01569
OG0001290	Praf.g_00251	Prbh.g_00682
OG0001291	Praf.g_02414	Prbh.g_00645
OG0001292	Praf.g_02211	Prbh.g_00531
OG0001293	Praf.g_02252	Prbh.g_00518
OG0001298	Praf.g_00722	Prbh.g_00252
OG0001300	Praf.g_01206	Prbh.g_00929
OG0001301	Praf.g_01122	Prbh.g_00934
OG0001302	Praf.g_00360	Prbh.g_01051
OG0001307	Praf.g_01893	Prbh.g_01936
OG0001308	Praf.g_01808	Prbh.g_00109
OG0001309	Praf.g_00639	Prbh.g_00205
OG0001310	Praf.g_00465	Prbh.g_01769
OG0001311	Praf.g_01332	Prbh.g_01125
OG0001312	Praf.g_01421	Prbh.g_01063
OG0001316	Praf.g_02421	Prbh.g_00641
OG0001319	Praf.g_02269	Prbh.g_00506
OG0001321	Praf.g_01961	Prbh.g_00381
OG0001322	Praf.g_01960	Prbh.g_00380
OG0001323	Praf.g_00642	Prbh.g_00310
OG0001324	Praf.g_01205	Prbh.g_00930
OG0001327	Praf.g_01640	Prbh.g_00867
OG0001328	Praf.g_01473	Prbh.g_01357
OG0001329	Praf.g_00960	Prbh.g_01816
OG0001330	Praf.g_00805	Prbh.g_00201
OG0001331	Praf.g_00578	Prbh.g_00015
OG0001332	Praf.g_00554	Prbh.g_00146
OG0001333	Praf.g_00436	Prbh.g_01744
OG0001334	Praf.g_02077	Prbh.g_01617
OG0001335	Praf.g_02076	Prbh.g_01616
OG0001336	Praf.g_02763	Prbh.g_01491
OG0001337	Praf.g_02067	Prbh.g_00447
OG0001339	Praf.g_00248	Prbh.g_00679
OG0001340	Praf.g_02066	Prbh.g_00446
OG0001341	Praf.g_01580	Prbh.g_01881
OG0001344	Praf.g_00859	Prbh.g_01278
OG0001348	Praf.g_02569	Prbh.g_01888
OG0001350	Praf.g_00386	Prbh.g_00543
OG0001351	Praf.g_01958	Prbh.g_00373
OG0001352	Praf.g_01127	Prbh.g_00914
OG0001353	Praf.g_01589, Praf.g_01588	Prbh.g_00985
OG0001354	Praf.g_01375	Prbh.g_01096
OG0001355	Praf.g_01484	Prbh.g_01146
OG0001357	Praf.g_02005, Praf.g_01014	Prbh.g_01350
OG0001358	Praf.g_01665	Prbh.g_01463
OG0001361	Praf.g_00883	Prbh.g_01264
OG0001362	Praf.g_01818	Prbh.g_00113
OG0001363	Praf.g_01820	Prbh.g_00115
OG0001365	Praf.g_02661	Prbh.g_01531
OG0001369	Praf.g_00261	Prbh.g_00691
OG0001371	Praf.g_00371	Prbh.g_00913
OG0001372	Praf.g_00348	Prbh.g_01897
OG0001379	Praf.g_00803	Prbh.g_01367
OG0001380	Praf.g_01623	Prbh.g_01341
OG0001381	Praf.g_01294	Prbh.g_01308
OG0001382	Praf.g_01298	Prbh.g_01343
OG0001394	Praf.g_01496	Prbh.g_00893
OG0001397	Praf.g_01819	Prbh.g_00114
OG0001398	Praf.g_01004	Prbh.g_01399
OG0001401	Praf.g_01593	Prbh.g_00990
OG0001402	Praf.g_01670	Prbh.g_01458
OG0001403	Praf.g_00036	Prbh.g_00750
OG0001405	Praf.g_02074	Prbh.g_00453
OG0001409	Praf.g_00870	Prbh.g_01274
OG0001410	Praf.g_01894	Prbh.g_01937
OG0001414	Praf.g_00374	Prbh.g_00551
OG0001415	Praf.g_00744	Prbh.g_00549
OG0001418	Praf.g_02180	Prbh.g_00919
OG0001423	Praf.g_00331	Prbh.g_01940
OG0001425	Praf.g_02673	Prbh.g_01521
OG0001431	Praf.g_01082	Prbh.g_00773
OG0001435	Praf.g_01457	Prbh.g_00874
OG0001437	Praf.g_00745	Prbh.g_00550
OG0001441	Praf.g_00644	Prbh.g_00308
OG0001443	Praf.g_00493	Prbh.g_01871
OG0001446	Praf.g_00962	Prbh.g_01878
OG0001450	Praf.g_01230	Prbh.g_00922
OG0001451	Praf.g_01323	Prbh.g_01020
OG0001455	Praf.g_02587	Prbh.g_01334
OG0001460	Praf.g_01028	Prbh.g_01791
OG0001461	Praf.g_01953	Prbh.g_01839
OG0001463	Praf.g_02287	Prbh.g_00492
OG0001464	Praf.g_02065	Prbh.g_00445
OG0001472	Praf.g_01248	Prbh.g_00802
OG0001476	Praf.g_00865	Prbh.g_01275
OG0001477	Praf.g_01119	Prbh.g_01893
OG0001484	Praf.g_01297	Prbh.g_00200
OG0001485	Praf.g_00549	Prbh.g_01860
OG0001487	Praf.g_01852	Prbh.g_00139
OG0001488	Praf.g_00876	Prbh.g_01269
OG0001489	Praf.g_02100	Prbh.g_01629
OG0001491	Praf.g_00941	Prbh.g_01048
OG0001494	Praf.g_00110	Prbh.g_00068
OG0001495	Praf.g_02174	Prbh.g_01693
OG0001496	Praf.g_01115	Prbh.g_01895
OG0001497	Praf.g_01118	Prbh.g_01894
OG0001498	Praf.g_02014	Prbh.g_00414
OG0001500	Praf.g_00375	Prbh.g_00516
OG0001501	Praf.g_00817	Prbh.g_00864
OG0001503	Praf.g_00359	Prbh.g_00834
OG0001506	Praf.g_00956	Prbh.g_00144
OG0001510	Praf.g_00172	Prbh.g_01575
OG0001511	Praf.g_00232	Prbh.g_00671
OG0001512	Praf.g_00389	Prbh.g_01335
OG0001514	Praf.g_01114	Prbh.g_01896
OG0001515	Praf.g_01214	Prbh.g_00927
OG0001516	Praf.g_01740	Prbh.g_01189
OG0001517	Praf.g_02053	Prbh.g_00438
OG0001518	Praf.g_02672	Prbh.g_01522
OG0001519	Praf.g_02682	Prbh.g_01517
OG0001522	Praf.g_02169	Prbh.g_00986
OG0001523	Praf.g_01037	Prbh.g_01863
OG0001524	Praf.g_01038	Prbh.g_01862
OG0001527	Praf.g_00704	Prbh.g_00266
OG0001529	Praf.g_00051	Prbh.g_00742
OG0001530	Praf.g_00238	Prbh.g_00672
OG0001531	Praf.g_00390	Prbh.g_00541
OG0001532	Praf.g_00924	Prbh.g_01251
OG0001534	Praf.g_01324	Prbh.g_01137
OG0001535	Praf.g_01336	Prbh.g_01122
OG0001536	Praf.g_01396	Prbh.g_01082
OG0001537	Praf.g_01488	Prbh.g_00890
OG0001538	Praf.g_01535	Prbh.g_00958
OG0001539	Praf.g_01637	Prbh.g_00869
OG0001540	Praf.g_02406	Prbh.g_00651
OG0001541	Praf.g_02478	Prbh.g_00603
OG0001542	Praf.g_02496	Prbh.g_00597
OG0001543	Praf.g_02571	Prbh.g_01876
OG0001544	Praf.g_02681	Prbh.g_01518
OG0001545	Praf.g_02751	Prbh.g_01502
OG0001559	Praf.g_00239	Prbh.g_00673
OG0001560	Praf.g_00252	Prbh.g_00683
OG0001561	Praf.g_01330	Prbh.g_01127
OG0001563	Praf.g_02120	Prbh.g_01645
OG0001565	Praf.g_01576	Prbh.g_01838
OG0001569	Praf.g_00969	Prbh.g_00769
OG0001574	Praf.g_00702	Prbh.g_00268
OG0001575	Praf.g_00707	Prbh.g_00263
OG0001576	Praf.g_00778	Prbh.g_01386
OG0001579	Praf.g_02070	Prbh.g_00449
OG0001580	Praf.g_02612	Prbh.g_00735
OG0001589	Praf.g_00428	Prbh.g_01736
OG0001591	Praf.g_01642	Prbh.g_00906
OG0001592	Praf.g_02613	Prbh.g_00736
OG0001598	Praf.g_00819	Prbh.g_00932
OG0001614	Praf.g_00186	Prbh.g_01587
OG0001616	Praf.g_00915	Prbh.g_01259
OG0001617	Praf.g_01199	Prbh.g_00931
OG0001619	Praf.g_01406	Prbh.g_01072
OG0001620	Praf.g_02040	Prbh.g_00429
OG0001621	Praf.g_02241	Prbh.g_00526
OG0001622	Praf.g_02761	Prbh.g_01493
OG0001634	Praf.g_01746	Prbh.g_01183
OG0001636	Praf.g_00042	Prbh.g_00747
OG0001638	Praf.g_00467	Prbh.g_01771
OG0001639	Praf.g_00541	Prbh.g_00148
OG0001640	Praf.g_01288	Prbh.g_01043
OG0001641	Praf.g_01361	Prbh.g_01105
OG0001642	Praf.g_01615	Prbh.g_01007
OG0001643	Praf.g_01697	Prbh.g_01214
OG0001656	Praf.g_02071	Prbh.g_00450
OG0001658	Praf.g_02655	Prbh.g_00740
OG0001661	Praf.g_00966	Prbh.g_00781
OG0001676	Praf.g_02068	Prbh.g_00448
OG0001678	Praf.g_02198	Prbh.g_01715
OG0001691	Praf.g_01446	Prbh.g_01045
OG0001693	Praf.g_02009	Prbh.g_00805
OG0001696	Praf.g_01231	Prbh.g_01021
OG0001731	Praf.g_00527	Prbh.g_00161
OG0001746	Praf.g_02007	Prbh.g_01400
OG0001758	Praf.g_01061	Prbh.g_01799
OG0001762	Praf.g_01354	Prbh.g_01110
OG0001764	Praf.g_01439	Prbh.g_01152
OG0001780	Praf.g_00099	Prbh.g_00056
OG0001782	Praf.g_01861, Praf.g_01470	Prbh.g_01917
OG0001793	Praf.g_01015	Prbh.g_00790, Prbh.g_00767
OG0001795	Praf.g_01144	Prbh.g_00844
OG0001802	Praf.g_01903	Prbh.g_00801, Prbh.g_01337
OG0001834	Praf.g_00097	Prbh.g_00035
OG0001875	Praf.g_01062	Prbh.g_01800
OG0001876	Praf.g_01063	Prbh.g_01801
OG0001955	Praf.g_01612	Prbh.g_01873
OG0001956	Praf.g_01628	Prbh.g_01014
OG0001963	Praf.g_02086	Prbh.g_00204
OG0001974	Praf.g_02653	Prbh.g_00407
OG0001977	Praf.g_02718	Prbh.g_01511
OG0001992	Praf.g_02092	Prbh.g_01394
OG0002003	Praf.g_01216	Prbh.g_00832
OG0002036	Praf.g_00482	Prbh.g_00197
OG0002052	Praf.g_02683	Prbh.g_01132
OG0002097	Praf.g_00092, Praf.g_00140	Prbh.g_00046
OG0002110	Praf.g_01468	Prbh.g_01926
OG0002122	Praf.g_01217	Prbh.g_00831
OG0002155	Praf.g_00142	Prbh.g_00048, Prbh.g_00038
OG0002164	Praf.g_00954	Prbh.g_00852
OG0002165	Praf.g_00957	Prbh.g_00845
OG0002232	Praf.g_01245	Prbh.g_00917
OG0002240	Praf.g_01899	Prbh.g_00660
OG0002273	Praf.g_01076	Prbh.g_01859
OG0002274	Praf.g_00141	Prbh.g_00047
OG0002282	Praf.g_00947	Prbh.g_00192
OG0002283	Praf.g_00989	Prbh.g_01889
OG0002284	Praf.g_01211	Prbh.g_00787
OG0002321	Praf.g_00100	Prbh.g_00058
OG0002389	Praf.g_02095	Prbh.g_01625
OG0002425	Praf.g_00114	Prbh.g_00071
OG0002439	Praf.g_01256	Prbh.g_01850
OG0002442	Praf.g_01644	Prbh.g_00777
OG0002497	Praf.g_01870, Praf.g_02644	Prbh.g_00796
OG0002564	Praf.g_00355	Prbh.g_00209
OG0002565	Praf.g_00363	Prbh.g_01422, Prbh.g_01420
OG0002646	Praf.g_02339, Praf.g_02340	Prbh.g_01610
OG0003183	Praf.g_00104	Prbh.g_00037
OG0004059	Praf.g_00103	Prbh.g_00036
