Orthogroup	Prbd	Prab
OG0000000	Prbd.g_01568	Prab.g_01598
OG0000000	Prbd.g_01569	Prab.g_00918, Prab.g_01620
OG0000000	Prbd.g_00528	Prab.g_01597, Prab.g_01278
OG0000000	Prbd.g_01836	Prab.g_01606
OG0000001	Prbd.g_00566	Prab.g_00683
OG0000002	Prbd.g_01930	Prab.g_00788, Prab.g_01281, Prab.g_01279
OG0000004	Prbd.g_01835	Prab.g_01308
OG0000005	Prbd.g_00031	Prab.g_00921
OG0000005	Prbd.g_00038	Prab.g_00747
OG0000005	Prbd.g_01855	Prab.g_01307
OG0000006	Prbd.g_01840	Prab.g_01596
OG0000006	Prbd.g_00053, Prbd.g_00409	Prab.g_01165
OG0000007	Prbd.g_01894	Prab.g_00971
OG0000007	Prbd.g_00854	Prab.g_00372
OG0000008	Prbd.g_00745	Prab.g_00501
OG0000008	Prbd.g_01525	Prab.g_01669
OG0000010	Prbd.g_00082	Prab.g_00820
OG0000010	Prbd.g_00990	Prab.g_00239
OG0000011	Prbd.g_00052	Prab.g_00773
OG0000012	Prbd.g_00392	Prab.g_01147
OG0000012	Prbd.g_00439	Prab.g_00411
OG0000012	Prbd.g_00864	Prab.g_00363
OG0000013	Prbd.g_01576	Prab.g_01584
OG0000013	Prbd.g_01139	Prab.g_00096
OG0000014	Prbd.g_00933	Prab.g_00294
OG0000015	Prbd.g_00909	Prab.g_00318
OG0000016	Prbd.g_00826	Prab.g_00789
OG0000017	Prbd.g_01832, Prbd.g_00772	Prab.g_01616, Prab.g_00914
OG0000018	Prbd.g_00646	Prab.g_00602
OG0000019	Prbd.g_00856	Prab.g_00370
OG0000020	Prbd.g_01768	Prab.g_01356
OG0000021	Prbd.g_01669	Prab.g_01486
OG0000022	Prbd.g_00998	Prab.g_00231
OG0000023	Prbd.g_01546, Prbd.g_00874	Prab.g_00354
OG0000025	Prbd.g_00045	Prab.g_00763
OG0000026	Prbd.g_01833	Prab.g_00915, Prab.g_01617
OG0000027	Prbd.g_00572	Prab.g_00677
OG0000028	Prbd.g_01879	Prab.g_01653
OG0000029	Prbd.g_00083	Prab.g_00821
OG0000030	Prbd.g_00084	Prab.g_00822
OG0000031	Prbd.g_01328	Prab.g_01864
OG0000032	Prbd.g_01204	Prab.g_00033
OG0000033	Prbd.g_01601, Prbd.g_00034	Prab.g_00719
OG0000034	Prbd.g_01689	Prab.g_01466
OG0000035	Prbd.g_01575	Prab.g_01585
OG0000036	Prbd.g_00406	Prab.g_01162
OG0000037	Prbd.g_01544	Prab.g_01643
OG0000039	Prbd.g_01224	Prab.g_00013
OG0000040	Prbd.g_01859	Prab.g_01624
OG0000041	Prbd.g_00621	Prab.g_00627
OG0000042	Prbd.g_01281	Prab.g_01910
OG0000043	Prbd.g_00379	Prab.g_01134
OG0000043	Prbd.g_00192	Prab.g_01082
OG0000045	Prbd.g_00658	Prab.g_00589
OG0000046	Prbd.g_00061	Prab.g_00782
OG0000047	Prbd.g_00468	Prab.g_01219
OG0000049	Prbd.g_01733	Prab.g_01393
OG0000050	Prbd.g_01074	Prab.g_00157
OG0000051	Prbd.g_00879	Prab.g_00348
OG0000052	Prbd.g_00833	Prab.g_00425
OG0000053	Prbd.g_00007	Prab.g_00723
OG0000054	Prbd.g_01532	Prab.g_01662
OG0000055	Prbd.g_01335	Prab.g_01857
OG0000056	Prbd.g_01206	Prab.g_00031
OG0000057	Prbd.g_01083	Prab.g_00148
OG0000058	Prbd.g_00868	Prab.g_00359
OG0000059	Prbd.g_00703	Prab.g_00543
OG0000060	Prbd.g_00020	Prab.g_00736
OG0000061	Prbd.g_00055	Prab.g_00775
OG0000062	Prbd.g_00124	Prab.g_00862
OG0000065	Prbd.g_01002, Prbd.g_01537	Prab.g_00228
OG0000066	Prbd.g_00767	Prab.g_00479
OG0000067	Prbd.g_00546	Prab.g_00703
OG0000068	Prbd.g_00036	Prab.g_01297
OG0000069	Prbd.g_00425	Prab.g_01184
OG0000069	Prbd.g_00284	Prab.g_00990
OG0000070	Prbd.g_00340	Prab.g_01299, Prab.g_00929
OG0000071	Prbd.g_01895	Prab.g_00717
OG0000072	Prbd.g_01801	Prab.g_01637, Prab.g_01326
OG0000074	Prbd.g_01737	Prab.g_01447
OG0000075	Prbd.g_01391	Prab.g_01802
OG0000077	Prbd.g_01226	Prab.g_00011
OG0000078	Prbd.g_00917	Prab.g_00310
OG0000079	Prbd.g_00855	Prab.g_00371
OG0000080	Prbd.g_00575	Prab.g_00674
OG0000081	Prbd.g_00553	Prab.g_00696
OG0000082	Prbd.g_00109	Prab.g_00847
OG0000083	Prbd.g_00174	Prab.g_01100
OG0000084	Prbd.g_00264	Prab.g_01010
OG0000085	Prbd.g_00389	Prab.g_01144
OG0000086	Prbd.g_00427	Prab.g_01186
OG0000088	Prbd.g_01928	Prab.g_01645
OG0000088	Prbd.g_01889	Prab.g_00399
OG0000089	Prbd.g_01536	Prab.g_00400
OG0000089	Prbd.g_01884	Prab.g_00978
OG0000089	Prbd.g_01547	Prab.g_00720
OG0000090	Prbd.g_01734	Prab.g_01394
OG0000091	Prbd.g_01681	Prab.g_01474, Prab.g_01413
OG0000092	Prbd.g_01561	Prab.g_00922, Prab.g_01290
OG0000093	Prbd.g_01439	Prab.g_01754
OG0000094	Prbd.g_01394	Prab.g_01799
OG0000095	Prbd.g_01361	Prab.g_01832
OG0000096	Prbd.g_01289	Prab.g_01902
OG0000097	Prbd.g_01272	Prab.g_01920
OG0000098	Prbd.g_01234	Prab.g_00003
OG0000099	Prbd.g_01214	Prab.g_00023
OG0000100	Prbd.g_01199	Prab.g_00038
OG0000101	Prbd.g_01188	Prab.g_00048
OG0000102	Prbd.g_01131	Prab.g_00104
OG0000103	Prbd.g_01122	Prab.g_00112
OG0000104	Prbd.g_01103, Prbd.g_01104	Prab.g_00129
OG0000105	Prbd.g_01070	Prab.g_00161
OG0000106	Prbd.g_01056	Prab.g_00175
OG0000107	Prbd.g_01048	Prab.g_00183
OG0000108	Prbd.g_01038	Prab.g_00193
OG0000109	Prbd.g_01000	Prab.g_00229
OG0000110	Prbd.g_00988	Prab.g_00241
OG0000111	Prbd.g_00965	Prab.g_00262
OG0000112	Prbd.g_00955	Prab.g_00272
OG0000113	Prbd.g_00942	Prab.g_00285
OG0000114	Prbd.g_00914	Prab.g_00313
OG0000115	Prbd.g_00768	Prab.g_00478
OG0000116	Prbd.g_00766	Prab.g_00480
OG0000117	Prbd.g_00762	Prab.g_00484
OG0000118	Prbd.g_00743	Prab.g_00503
OG0000119	Prbd.g_00710	Prab.g_00536
OG0000120	Prbd.g_00709	Prab.g_00537
OG0000121	Prbd.g_00699	Prab.g_00547
OG0000122	Prbd.g_00690	Prab.g_00556
OG0000123	Prbd.g_00659	Prab.g_00588
OG0000124	Prbd.g_00593	Prab.g_00656
OG0000125	Prbd.g_00592	Prab.g_00657
OG0000126	Prbd.g_00591	Prab.g_00658
OG0000127	Prbd.g_00558	Prab.g_00691
OG0000128	Prbd.g_00009	Prab.g_00725
OG0000129	Prbd.g_00029	Prab.g_00745
OG0000130	Prbd.g_00087	Prab.g_00825
OG0000131	Prbd.g_00100	Prab.g_00838
OG0000132	Prbd.g_00136	Prab.g_00873
OG0000133	Prbd.g_00222	Prab.g_01052
OG0000134	Prbd.g_00232	Prab.g_01042
OG0000135	Prbd.g_00268	Prab.g_01006
OG0000136	Prbd.g_00337	Prab.g_00932
OG0000137	Prbd.g_00430	Prab.g_01189
OG0000138	Prbd.g_00463	Prab.g_01214
OG0000139	Prbd.g_00474	Prab.g_01225
OG0000140	Prbd.g_00525	Prab.g_01276
OG0000141	Prbd.g_01921	Prab.g_01284
OG0000142	Prbd.g_01789	Prab.g_01338
OG0000143	Prbd.g_01764	Prab.g_01360
OG0000144	Prbd.g_01702	Prab.g_01453
OG0000145	Prbd.g_01688	Prab.g_01467
OG0000146	Prbd.g_01652	Prab.g_01503
OG0000147	Prbd.g_01611	Prab.g_01543
OG0000148	Prbd.g_01610	Prab.g_01544
OG0000149	Prbd.g_01527	Prab.g_01667
OG0000150	Prbd.g_01489	Prab.g_01705
OG0000151	Prbd.g_01486	Prab.g_01708
OG0000152	Prbd.g_01466	Prab.g_01727
OG0000153	Prbd.g_01432	Prab.g_01761
OG0000154	Prbd.g_01396	Prab.g_01797
OG0000155	Prbd.g_01378	Prab.g_01815
OG0000156	Prbd.g_01350	Prab.g_01842
OG0000157	Prbd.g_01317	Prab.g_01874
OG0000158	Prbd.g_01255	Prab.g_01937
OG0000160	Prbd.g_01236	Prab.g_00001
OG0000161	Prbd.g_01235	Prab.g_00002
OG0000162	Prbd.g_01233	Prab.g_00004
OG0000163	Prbd.g_01232	Prab.g_00005
OG0000164	Prbd.g_01231	Prab.g_00006
OG0000165	Prbd.g_01230	Prab.g_00007
OG0000166	Prbd.g_01229	Prab.g_00008
OG0000167	Prbd.g_01228	Prab.g_00009
OG0000168	Prbd.g_01227	Prab.g_00010
OG0000169	Prbd.g_01225	Prab.g_00012
OG0000170	Prbd.g_01223	Prab.g_00014
OG0000171	Prbd.g_01222	Prab.g_00015
OG0000172	Prbd.g_01221	Prab.g_00016
OG0000173	Prbd.g_01220	Prab.g_00017
OG0000174	Prbd.g_01219	Prab.g_00018
OG0000175	Prbd.g_01218	Prab.g_00019
OG0000176	Prbd.g_01217	Prab.g_00020
OG0000177	Prbd.g_01216	Prab.g_00021
OG0000178	Prbd.g_01215	Prab.g_00022
OG0000179	Prbd.g_01213	Prab.g_00024
OG0000180	Prbd.g_01212	Prab.g_00025
OG0000181	Prbd.g_01211	Prab.g_00026
OG0000182	Prbd.g_01210	Prab.g_00027
OG0000183	Prbd.g_01209	Prab.g_00028
OG0000184	Prbd.g_01208	Prab.g_00029
OG0000185	Prbd.g_01205	Prab.g_00032
OG0000186	Prbd.g_01202	Prab.g_00035
OG0000187	Prbd.g_01201	Prab.g_00036
OG0000188	Prbd.g_01200	Prab.g_00037
OG0000189	Prbd.g_01198	Prab.g_00039
OG0000190	Prbd.g_01196	Prab.g_00041
OG0000191	Prbd.g_01195	Prab.g_00042
OG0000192	Prbd.g_01194	Prab.g_00043
OG0000193	Prbd.g_01192	Prab.g_00044
OG0000194	Prbd.g_01191	Prab.g_00045
OG0000195	Prbd.g_01190	Prab.g_00046
OG0000196	Prbd.g_01189	Prab.g_00047
OG0000197	Prbd.g_01187	Prab.g_00049
OG0000198	Prbd.g_01186	Prab.g_00050
OG0000199	Prbd.g_01185	Prab.g_00051
OG0000200	Prbd.g_01180	Prab.g_00056
OG0000201	Prbd.g_01179	Prab.g_00057
OG0000202	Prbd.g_01178	Prab.g_00058
OG0000203	Prbd.g_01175	Prab.g_00061
OG0000204	Prbd.g_01174	Prab.g_00062
OG0000205	Prbd.g_01171	Prab.g_00065
OG0000206	Prbd.g_01169	Prab.g_00067
OG0000207	Prbd.g_01167	Prab.g_00069
OG0000208	Prbd.g_01166	Prab.g_00070
OG0000209	Prbd.g_01165	Prab.g_00071
OG0000210	Prbd.g_01164	Prab.g_00072
OG0000211	Prbd.g_01163	Prab.g_00073
OG0000212	Prbd.g_01162	Prab.g_00074
OG0000213	Prbd.g_01161	Prab.g_00075
OG0000214	Prbd.g_01160	Prab.g_00076
OG0000215	Prbd.g_01159	Prab.g_00077
OG0000216	Prbd.g_01158	Prab.g_00078
OG0000217	Prbd.g_01156	Prab.g_00080
OG0000218	Prbd.g_01155	Prab.g_00081
OG0000219	Prbd.g_01154	Prab.g_00082
OG0000220	Prbd.g_01153	Prab.g_00083
OG0000221	Prbd.g_01150	Prab.g_00085
OG0000222	Prbd.g_01149	Prab.g_00086
OG0000223	Prbd.g_01148	Prab.g_00087
OG0000224	Prbd.g_01147	Prab.g_00088
OG0000225	Prbd.g_01146	Prab.g_00089
OG0000226	Prbd.g_01145	Prab.g_00090
OG0000227	Prbd.g_01144	Prab.g_00091
OG0000228	Prbd.g_01143	Prab.g_00092
OG0000229	Prbd.g_01142	Prab.g_00093
OG0000230	Prbd.g_01141	Prab.g_00094
OG0000231	Prbd.g_01140	Prab.g_00095
OG0000232	Prbd.g_01138	Prab.g_00097
OG0000233	Prbd.g_01137	Prab.g_00098
OG0000234	Prbd.g_01136	Prab.g_00099
OG0000235	Prbd.g_01135	Prab.g_00100
OG0000236	Prbd.g_01134	Prab.g_00101
OG0000237	Prbd.g_01133	Prab.g_00102
OG0000238	Prbd.g_01132	Prab.g_00103
OG0000239	Prbd.g_01130	Prab.g_00105
OG0000240	Prbd.g_01128	Prab.g_00106
OG0000241	Prbd.g_01127	Prab.g_00107
OG0000242	Prbd.g_01126	Prab.g_00108
OG0000243	Prbd.g_01123	Prab.g_00111
OG0000244	Prbd.g_01121	Prab.g_00113
OG0000245	Prbd.g_01120	Prab.g_00114
OG0000246	Prbd.g_01119	Prab.g_00115
OG0000247	Prbd.g_01116	Prab.g_00117
OG0000248	Prbd.g_01114	Prab.g_00119
OG0000249	Prbd.g_01113	Prab.g_00120
OG0000250	Prbd.g_01112	Prab.g_00121
OG0000251	Prbd.g_01111	Prab.g_00122
OG0000252	Prbd.g_01110	Prab.g_00123
OG0000253	Prbd.g_01109	Prab.g_00124
OG0000254	Prbd.g_01107	Prab.g_00126
OG0000255	Prbd.g_01106	Prab.g_00127
OG0000256	Prbd.g_01102	Prab.g_00130
OG0000257	Prbd.g_01100	Prab.g_00132
OG0000258	Prbd.g_01095	Prab.g_00136
OG0000259	Prbd.g_01094	Prab.g_00137
OG0000260	Prbd.g_01093	Prab.g_00138
OG0000261	Prbd.g_01092	Prab.g_00139
OG0000262	Prbd.g_01091	Prab.g_00140
OG0000263	Prbd.g_01089	Prab.g_00142
OG0000264	Prbd.g_01088	Prab.g_00143
OG0000265	Prbd.g_01087	Prab.g_00144
OG0000266	Prbd.g_01086	Prab.g_00145
OG0000267	Prbd.g_01085	Prab.g_00146
OG0000268	Prbd.g_01084	Prab.g_00147
OG0000269	Prbd.g_01082	Prab.g_00149
OG0000270	Prbd.g_01081	Prab.g_00150
OG0000271	Prbd.g_01080	Prab.g_00151
OG0000272	Prbd.g_01079	Prab.g_00152
OG0000273	Prbd.g_01078	Prab.g_00153
OG0000274	Prbd.g_01077	Prab.g_00154
OG0000275	Prbd.g_01076	Prab.g_00155
OG0000276	Prbd.g_01075	Prab.g_00156
OG0000277	Prbd.g_01073	Prab.g_00158
OG0000278	Prbd.g_01072	Prab.g_00159
OG0000279	Prbd.g_01071	Prab.g_00160
OG0000280	Prbd.g_01069	Prab.g_00162
OG0000281	Prbd.g_01067	Prab.g_00164
OG0000282	Prbd.g_01066	Prab.g_00165
OG0000283	Prbd.g_01065	Prab.g_00166
OG0000284	Prbd.g_01064	Prab.g_00167
OG0000285	Prbd.g_01063	Prab.g_00168
OG0000286	Prbd.g_01062	Prab.g_00169
OG0000287	Prbd.g_01061	Prab.g_00170
OG0000288	Prbd.g_01059	Prab.g_00172
OG0000289	Prbd.g_01058	Prab.g_00173
OG0000290	Prbd.g_01057	Prab.g_00174
OG0000291	Prbd.g_01055	Prab.g_00176
OG0000292	Prbd.g_01054	Prab.g_00177
OG0000293	Prbd.g_01053	Prab.g_00178
OG0000294	Prbd.g_01052	Prab.g_00179
OG0000295	Prbd.g_01051	Prab.g_00180
OG0000296	Prbd.g_01050	Prab.g_00181
OG0000297	Prbd.g_01049	Prab.g_00182
OG0000298	Prbd.g_01047	Prab.g_00184
OG0000299	Prbd.g_01046	Prab.g_00185
OG0000300	Prbd.g_01045	Prab.g_00186
OG0000301	Prbd.g_01044	Prab.g_00187
OG0000302	Prbd.g_01043	Prab.g_00188
OG0000303	Prbd.g_01042	Prab.g_00189
OG0000304	Prbd.g_01040	Prab.g_00191
OG0000305	Prbd.g_01039	Prab.g_00192
OG0000306	Prbd.g_01036	Prab.g_00195
OG0000307	Prbd.g_01035	Prab.g_00196
OG0000308	Prbd.g_01034	Prab.g_00197
OG0000309	Prbd.g_01033	Prab.g_00198
OG0000310	Prbd.g_01032	Prab.g_00199
OG0000311	Prbd.g_01031	Prab.g_00200
OG0000312	Prbd.g_01030	Prab.g_00201
OG0000313	Prbd.g_01029	Prab.g_00202
OG0000314	Prbd.g_01028	Prab.g_00203
OG0000315	Prbd.g_01027	Prab.g_00204
OG0000316	Prbd.g_01026	Prab.g_00205
OG0000317	Prbd.g_01025	Prab.g_00206
OG0000318	Prbd.g_01024	Prab.g_00207
OG0000319	Prbd.g_01023	Prab.g_00208
OG0000320	Prbd.g_01022	Prab.g_00209
OG0000321	Prbd.g_01021	Prab.g_00210
OG0000322	Prbd.g_01020	Prab.g_00211
OG0000323	Prbd.g_01019	Prab.g_00212
OG0000324	Prbd.g_01018	Prab.g_00213
OG0000325	Prbd.g_01017	Prab.g_00214
OG0000326	Prbd.g_01016	Prab.g_00215
OG0000327	Prbd.g_01015	Prab.g_00216
OG0000328	Prbd.g_01013	Prab.g_00217
OG0000329	Prbd.g_01012	Prab.g_00218
OG0000330	Prbd.g_01011	Prab.g_00219
OG0000331	Prbd.g_01010	Prab.g_00220
OG0000332	Prbd.g_01009	Prab.g_00221
OG0000333	Prbd.g_01008	Prab.g_00222
OG0000334	Prbd.g_01007	Prab.g_00223
OG0000335	Prbd.g_01006	Prab.g_00224
OG0000336	Prbd.g_01004	Prab.g_00226
OG0000337	Prbd.g_01003	Prab.g_00227
OG0000338	Prbd.g_00999	Prab.g_00230
OG0000339	Prbd.g_00997	Prab.g_00232
OG0000340	Prbd.g_00995	Prab.g_00234
OG0000341	Prbd.g_00994	Prab.g_00235
OG0000342	Prbd.g_00993	Prab.g_00236
OG0000343	Prbd.g_00992	Prab.g_00237
OG0000344	Prbd.g_00989	Prab.g_00240
OG0000345	Prbd.g_00986	Prab.g_00243
OG0000346	Prbd.g_00985	Prab.g_00244
OG0000347	Prbd.g_00982	Prab.g_00247
OG0000348	Prbd.g_00980	Prab.g_00248
OG0000349	Prbd.g_00979	Prab.g_00249
OG0000350	Prbd.g_00977	Prab.g_00251
OG0000351	Prbd.g_00976	Prab.g_00252
OG0000352	Prbd.g_00975	Prab.g_00253
OG0000353	Prbd.g_00974	Prab.g_00254
OG0000354	Prbd.g_00973	Prab.g_00255
OG0000355	Prbd.g_00972	Prab.g_00256
OG0000356	Prbd.g_00971	Prab.g_00257
OG0000357	Prbd.g_00970	Prab.g_00258
OG0000358	Prbd.g_00969	Prab.g_00259
OG0000359	Prbd.g_00968	Prab.g_00260
OG0000360	Prbd.g_00964	Prab.g_00263
OG0000361	Prbd.g_00963	Prab.g_00264
OG0000362	Prbd.g_00962	Prab.g_00265
OG0000363	Prbd.g_00961	Prab.g_00266
OG0000364	Prbd.g_00957	Prab.g_00270
OG0000365	Prbd.g_00956	Prab.g_00271
OG0000366	Prbd.g_00954	Prab.g_00273
OG0000367	Prbd.g_00953	Prab.g_00274
OG0000368	Prbd.g_00952	Prab.g_00275
OG0000369	Prbd.g_00951	Prab.g_00276
OG0000370	Prbd.g_00950	Prab.g_00277
OG0000371	Prbd.g_00949	Prab.g_00278
OG0000372	Prbd.g_00948	Prab.g_00279
OG0000373	Prbd.g_00947	Prab.g_00280
OG0000374	Prbd.g_00945	Prab.g_00282
OG0000375	Prbd.g_00944	Prab.g_00283
OG0000376	Prbd.g_00941	Prab.g_00286
OG0000377	Prbd.g_00940	Prab.g_00287
OG0000378	Prbd.g_00939	Prab.g_00288
OG0000379	Prbd.g_00938	Prab.g_00289
OG0000380	Prbd.g_00937	Prab.g_00290
OG0000381	Prbd.g_00936	Prab.g_00291
OG0000382	Prbd.g_00935	Prab.g_00292
OG0000383	Prbd.g_00934	Prab.g_00293
OG0000384	Prbd.g_00931	Prab.g_00296
OG0000385	Prbd.g_00930	Prab.g_00297
OG0000386	Prbd.g_00929	Prab.g_00298
OG0000387	Prbd.g_00928	Prab.g_00299
OG0000388	Prbd.g_00927	Prab.g_00300
OG0000389	Prbd.g_00926	Prab.g_00301
OG0000390	Prbd.g_00925	Prab.g_00302
OG0000391	Prbd.g_00924	Prab.g_00303
OG0000392	Prbd.g_00923	Prab.g_00304
OG0000393	Prbd.g_00922	Prab.g_00305
OG0000394	Prbd.g_00921	Prab.g_00306
OG0000395	Prbd.g_00920	Prab.g_00307
OG0000396	Prbd.g_00918	Prab.g_00309
OG0000397	Prbd.g_00916	Prab.g_00311
OG0000398	Prbd.g_00915	Prab.g_00312
OG0000399	Prbd.g_00912	Prab.g_00315
OG0000400	Prbd.g_00911	Prab.g_00316
OG0000401	Prbd.g_00910	Prab.g_00317
OG0000402	Prbd.g_00905	Prab.g_00322
OG0000403	Prbd.g_00904	Prab.g_00323
OG0000404	Prbd.g_00903	Prab.g_00324
OG0000405	Prbd.g_00901	Prab.g_00325
OG0000406	Prbd.g_00898	Prab.g_00328
OG0000407	Prbd.g_00897	Prab.g_00329
OG0000408	Prbd.g_00894	Prab.g_00332
OG0000409	Prbd.g_00893	Prab.g_00333
OG0000410	Prbd.g_00892	Prab.g_00334
OG0000411	Prbd.g_00891	Prab.g_00335
OG0000412	Prbd.g_00890	Prab.g_00336
OG0000413	Prbd.g_00889	Prab.g_00337
OG0000414	Prbd.g_00888	Prab.g_00338
OG0000415	Prbd.g_00887	Prab.g_00339
OG0000416	Prbd.g_00884	Prab.g_00342
OG0000417	Prbd.g_00883	Prab.g_00343
OG0000418	Prbd.g_00882	Prab.g_00344
OG0000419	Prbd.g_00881	Prab.g_00345
OG0000420	Prbd.g_00880	Prab.g_00347
OG0000421	Prbd.g_00867	Prab.g_00360
OG0000422	Prbd.g_00859	Prab.g_00367
OG0000423	Prbd.g_00858	Prab.g_00368
OG0000424	Prbd.g_00852	Prab.g_00375
OG0000425	Prbd.g_00811	Prab.g_00434
OG0000426	Prbd.g_00810	Prab.g_00435
OG0000427	Prbd.g_00809	Prab.g_00436
OG0000428	Prbd.g_00807	Prab.g_00438
OG0000429	Prbd.g_00806	Prab.g_00439
OG0000430	Prbd.g_00804	Prab.g_00441
OG0000431	Prbd.g_00803	Prab.g_00442
OG0000432	Prbd.g_00802	Prab.g_00443
OG0000433	Prbd.g_00801	Prab.g_00444
OG0000434	Prbd.g_00800	Prab.g_00445
OG0000435	Prbd.g_00799	Prab.g_00446
OG0000436	Prbd.g_00798	Prab.g_00447
OG0000437	Prbd.g_00797	Prab.g_00448
OG0000438	Prbd.g_00796	Prab.g_00449
OG0000439	Prbd.g_00795	Prab.g_00450
OG0000440	Prbd.g_00794	Prab.g_00454
OG0000441	Prbd.g_00793	Prab.g_00455
OG0000442	Prbd.g_00792	Prab.g_00456
OG0000443	Prbd.g_00791	Prab.g_00457
OG0000444	Prbd.g_00790	Prab.g_00458
OG0000445	Prbd.g_00789	Prab.g_00459
OG0000446	Prbd.g_00787	Prab.g_00460
OG0000447	Prbd.g_00786	Prab.g_00461
OG0000448	Prbd.g_00784	Prab.g_00463
OG0000449	Prbd.g_00781	Prab.g_00466
OG0000450	Prbd.g_00780	Prab.g_00467
OG0000451	Prbd.g_00779	Prab.g_00468
OG0000452	Prbd.g_00778	Prab.g_00469
OG0000453	Prbd.g_00777	Prab.g_00470
OG0000454	Prbd.g_00771	Prab.g_00475
OG0000455	Prbd.g_00769	Prab.g_00477
OG0000456	Prbd.g_00765	Prab.g_00481
OG0000457	Prbd.g_00764	Prab.g_00482
OG0000458	Prbd.g_00763	Prab.g_00483
OG0000459	Prbd.g_00761	Prab.g_00485
OG0000460	Prbd.g_00759	Prab.g_00487
OG0000461	Prbd.g_00758	Prab.g_00488
OG0000462	Prbd.g_00757	Prab.g_00489
OG0000463	Prbd.g_00755	Prab.g_00491
OG0000464	Prbd.g_00754	Prab.g_00492
OG0000465	Prbd.g_00753	Prab.g_00493
OG0000466	Prbd.g_00752	Prab.g_00494
OG0000467	Prbd.g_00751	Prab.g_00495
OG0000468	Prbd.g_00750	Prab.g_00496
OG0000469	Prbd.g_00749	Prab.g_00497
OG0000470	Prbd.g_00748	Prab.g_00498
OG0000471	Prbd.g_00747	Prab.g_00499
OG0000472	Prbd.g_00742	Prab.g_00504
OG0000473	Prbd.g_00741	Prab.g_00505
OG0000474	Prbd.g_00740	Prab.g_00506
OG0000475	Prbd.g_00739	Prab.g_00507
OG0000476	Prbd.g_00737	Prab.g_00509
OG0000477	Prbd.g_00736	Prab.g_00510
OG0000478	Prbd.g_00735	Prab.g_00511
OG0000479	Prbd.g_00734	Prab.g_00512
OG0000480	Prbd.g_00732	Prab.g_00514
OG0000481	Prbd.g_00730	Prab.g_00516
OG0000482	Prbd.g_00729	Prab.g_00517
OG0000483	Prbd.g_00727	Prab.g_00519
OG0000484	Prbd.g_00726	Prab.g_00520
OG0000485	Prbd.g_00725	Prab.g_00521
OG0000486	Prbd.g_00724	Prab.g_00522
OG0000487	Prbd.g_00719	Prab.g_00527
OG0000488	Prbd.g_00717	Prab.g_00529
OG0000489	Prbd.g_00716	Prab.g_00530
OG0000490	Prbd.g_00715	Prab.g_00531
OG0000491	Prbd.g_00714	Prab.g_00532
OG0000492	Prbd.g_00713	Prab.g_00533
OG0000493	Prbd.g_00712	Prab.g_00534
OG0000494	Prbd.g_00711	Prab.g_00535
OG0000495	Prbd.g_00708	Prab.g_00538
OG0000496	Prbd.g_00707	Prab.g_00539
OG0000497	Prbd.g_00706	Prab.g_00540
OG0000498	Prbd.g_00705	Prab.g_00541
OG0000499	Prbd.g_00704	Prab.g_00542
OG0000500	Prbd.g_00702	Prab.g_00544
OG0000501	Prbd.g_00701	Prab.g_00545
OG0000502	Prbd.g_00700	Prab.g_00546
OG0000503	Prbd.g_00698	Prab.g_00548
OG0000504	Prbd.g_00697	Prab.g_00549
OG0000505	Prbd.g_00696	Prab.g_00550
OG0000506	Prbd.g_00695	Prab.g_00551
OG0000507	Prbd.g_00694	Prab.g_00552
OG0000508	Prbd.g_00693	Prab.g_00553
OG0000509	Prbd.g_00692	Prab.g_00554
OG0000510	Prbd.g_00691	Prab.g_00555
OG0000511	Prbd.g_00689	Prab.g_00557
OG0000512	Prbd.g_00688	Prab.g_00558
OG0000513	Prbd.g_00687	Prab.g_00559
OG0000514	Prbd.g_00686	Prab.g_00560
OG0000515	Prbd.g_00685	Prab.g_00561
OG0000516	Prbd.g_00684	Prab.g_00562
OG0000517	Prbd.g_00682	Prab.g_00564
OG0000518	Prbd.g_00681	Prab.g_00565
OG0000519	Prbd.g_00680	Prab.g_00566
OG0000520	Prbd.g_00679	Prab.g_00568
OG0000521	Prbd.g_00678	Prab.g_00569
OG0000522	Prbd.g_00677	Prab.g_00570
OG0000523	Prbd.g_00676	Prab.g_00571
OG0000524	Prbd.g_00675	Prab.g_00572
OG0000525	Prbd.g_00674	Prab.g_00573
OG0000526	Prbd.g_00673	Prab.g_00574
OG0000527	Prbd.g_00672	Prab.g_00575
OG0000528	Prbd.g_00671	Prab.g_00576
OG0000529	Prbd.g_00670	Prab.g_00577
OG0000530	Prbd.g_00669	Prab.g_00578
OG0000531	Prbd.g_00668	Prab.g_00579
OG0000532	Prbd.g_00667	Prab.g_00580
OG0000533	Prbd.g_00665	Prab.g_00582
OG0000534	Prbd.g_00664	Prab.g_00583
OG0000535	Prbd.g_00663	Prab.g_00584
OG0000536	Prbd.g_00662	Prab.g_00585
OG0000537	Prbd.g_00661	Prab.g_00586
OG0000538	Prbd.g_00660	Prab.g_00587
OG0000539	Prbd.g_00657	Prab.g_00590
OG0000540	Prbd.g_00656	Prab.g_00591
OG0000541	Prbd.g_00655	Prab.g_00592
OG0000542	Prbd.g_00653	Prab.g_00595
OG0000543	Prbd.g_00652	Prab.g_00596
OG0000544	Prbd.g_00651	Prab.g_00597
OG0000545	Prbd.g_00650	Prab.g_00598
OG0000546	Prbd.g_00649	Prab.g_00599
OG0000547	Prbd.g_00648	Prab.g_00600
OG0000548	Prbd.g_00647	Prab.g_00601
OG0000549	Prbd.g_00645	Prab.g_00603
OG0000550	Prbd.g_00644	Prab.g_00604
OG0000551	Prbd.g_00643	Prab.g_00605
OG0000552	Prbd.g_00642	Prab.g_00606
OG0000553	Prbd.g_00641	Prab.g_00607
OG0000554	Prbd.g_00640	Prab.g_00608
OG0000555	Prbd.g_00639	Prab.g_00609
OG0000556	Prbd.g_00638	Prab.g_00610
OG0000557	Prbd.g_00637	Prab.g_00611
OG0000558	Prbd.g_00636	Prab.g_00612
OG0000559	Prbd.g_00635	Prab.g_00613
OG0000560	Prbd.g_00634	Prab.g_00614
OG0000561	Prbd.g_00633	Prab.g_00615
OG0000562	Prbd.g_00632	Prab.g_00616
OG0000563	Prbd.g_00631	Prab.g_00617
OG0000564	Prbd.g_00630	Prab.g_00618
OG0000565	Prbd.g_00629	Prab.g_00619
OG0000566	Prbd.g_00628	Prab.g_00620
OG0000567	Prbd.g_00627	Prab.g_00621
OG0000568	Prbd.g_00626	Prab.g_00622
OG0000569	Prbd.g_00623	Prab.g_00625
OG0000570	Prbd.g_00622	Prab.g_00626
OG0000571	Prbd.g_00620	Prab.g_00629
OG0000572	Prbd.g_00619	Prab.g_00630
OG0000573	Prbd.g_00618	Prab.g_00631
OG0000574	Prbd.g_00617	Prab.g_00632
OG0000575	Prbd.g_00616	Prab.g_00633
OG0000576	Prbd.g_00615	Prab.g_00634
OG0000577	Prbd.g_00614	Prab.g_00635
OG0000578	Prbd.g_00613	Prab.g_00636
OG0000579	Prbd.g_00612	Prab.g_00637
OG0000580	Prbd.g_00611	Prab.g_00638
OG0000581	Prbd.g_00610	Prab.g_00639
OG0000582	Prbd.g_00609	Prab.g_00640
OG0000583	Prbd.g_00608	Prab.g_00641
OG0000584	Prbd.g_00606	Prab.g_00643
OG0000585	Prbd.g_00605	Prab.g_00644
OG0000586	Prbd.g_00604	Prab.g_00645
OG0000587	Prbd.g_00603	Prab.g_00646
OG0000588	Prbd.g_00602	Prab.g_00647
OG0000589	Prbd.g_00601	Prab.g_00648
OG0000590	Prbd.g_00600	Prab.g_00649
OG0000591	Prbd.g_00599	Prab.g_00650
OG0000592	Prbd.g_00598	Prab.g_00651
OG0000593	Prbd.g_00597	Prab.g_00652
OG0000594	Prbd.g_00596	Prab.g_00653
OG0000595	Prbd.g_00595	Prab.g_00654
OG0000596	Prbd.g_00594	Prab.g_00655
OG0000597	Prbd.g_00590	Prab.g_00659
OG0000598	Prbd.g_00589	Prab.g_00660
OG0000599	Prbd.g_00588	Prab.g_00661
OG0000600	Prbd.g_00587	Prab.g_00662
OG0000601	Prbd.g_00586	Prab.g_00663
OG0000602	Prbd.g_00585	Prab.g_00664
OG0000603	Prbd.g_00584	Prab.g_00665
OG0000604	Prbd.g_00583	Prab.g_00666
OG0000605	Prbd.g_00582	Prab.g_00667
OG0000606	Prbd.g_00581	Prab.g_00668
OG0000607	Prbd.g_00580	Prab.g_00669
OG0000608	Prbd.g_00579	Prab.g_00670
OG0000609	Prbd.g_00577	Prab.g_00672
OG0000610	Prbd.g_00576	Prab.g_00673
OG0000611	Prbd.g_00574	Prab.g_00675
OG0000612	Prbd.g_00573	Prab.g_00676
OG0000613	Prbd.g_00571	Prab.g_00678
OG0000614	Prbd.g_00565	Prab.g_00684
OG0000615	Prbd.g_00564	Prab.g_00685
OG0000616	Prbd.g_00563	Prab.g_00686
OG0000617	Prbd.g_00561	Prab.g_00688
OG0000618	Prbd.g_00560	Prab.g_00689
OG0000619	Prbd.g_00559	Prab.g_00690
OG0000620	Prbd.g_00557	Prab.g_00692
OG0000621	Prbd.g_00556	Prab.g_00693
OG0000622	Prbd.g_00555	Prab.g_00694
OG0000623	Prbd.g_00554	Prab.g_00695
OG0000624	Prbd.g_00552	Prab.g_00697
OG0000625	Prbd.g_00551	Prab.g_00698
OG0000626	Prbd.g_00550	Prab.g_00699
OG0000627	Prbd.g_00549	Prab.g_00700
OG0000628	Prbd.g_00548	Prab.g_00701
OG0000629	Prbd.g_00547	Prab.g_00702
OG0000630	Prbd.g_00545	Prab.g_00704
OG0000631	Prbd.g_00544	Prab.g_00705
OG0000632	Prbd.g_00540	Prab.g_00711
OG0000633	Prbd.g_00539	Prab.g_00712
OG0000634	Prbd.g_00008	Prab.g_00724
OG0000635	Prbd.g_00010	Prab.g_00726
OG0000636	Prbd.g_00011	Prab.g_00727
OG0000637	Prbd.g_00013	Prab.g_00729
OG0000638	Prbd.g_00014	Prab.g_00730
OG0000639	Prbd.g_00015	Prab.g_00731
OG0000640	Prbd.g_00016	Prab.g_00732
OG0000641	Prbd.g_00017	Prab.g_00733
OG0000642	Prbd.g_00018	Prab.g_00734
OG0000643	Prbd.g_00019	Prab.g_00735
OG0000644	Prbd.g_00021	Prab.g_00737
OG0000645	Prbd.g_00022	Prab.g_00738
OG0000646	Prbd.g_00023	Prab.g_00739
OG0000647	Prbd.g_00024	Prab.g_00740
OG0000648	Prbd.g_00025	Prab.g_00741
OG0000649	Prbd.g_00026	Prab.g_00742
OG0000650	Prbd.g_00027	Prab.g_00743
OG0000651	Prbd.g_00028	Prab.g_00744
OG0000652	Prbd.g_00030	Prab.g_00746
OG0000653	Prbd.g_00047	Prab.g_00765
OG0000654	Prbd.g_00049	Prab.g_00768
OG0000655	Prbd.g_00058	Prab.g_00778
OG0000655	Prbd.g_01923	Prab.g_00420
OG0000656	Prbd.g_00062	Prab.g_00783
OG0000657	Prbd.g_00066	Prab.g_00804
OG0000658	Prbd.g_00067	Prab.g_00805
OG0000659	Prbd.g_00068	Prab.g_00806
OG0000660	Prbd.g_00080	Prab.g_00818
OG0000661	Prbd.g_00089	Prab.g_00827
OG0000662	Prbd.g_00091	Prab.g_00829
OG0000663	Prbd.g_00093	Prab.g_00831
OG0000664	Prbd.g_00094	Prab.g_00832
OG0000665	Prbd.g_00095	Prab.g_00833
OG0000666	Prbd.g_00096	Prab.g_00834
OG0000667	Prbd.g_00097	Prab.g_00835
OG0000668	Prbd.g_00098	Prab.g_00836
OG0000669	Prbd.g_00099	Prab.g_00837
OG0000670	Prbd.g_00101	Prab.g_00839
OG0000671	Prbd.g_00102	Prab.g_00840
OG0000672	Prbd.g_00103	Prab.g_00841
OG0000673	Prbd.g_00104	Prab.g_00842
OG0000674	Prbd.g_00105	Prab.g_00843
OG0000675	Prbd.g_00106	Prab.g_00844
OG0000676	Prbd.g_00108	Prab.g_00846
OG0000677	Prbd.g_00110	Prab.g_00848
OG0000678	Prbd.g_00111	Prab.g_00849
OG0000679	Prbd.g_00112	Prab.g_00850
OG0000680	Prbd.g_00113	Prab.g_00851
OG0000681	Prbd.g_00114	Prab.g_00852
OG0000682	Prbd.g_00115	Prab.g_00853
OG0000683	Prbd.g_00116	Prab.g_00854
OG0000684	Prbd.g_00117	Prab.g_00855
OG0000685	Prbd.g_00118	Prab.g_00856
OG0000686	Prbd.g_00119	Prab.g_00857
OG0000687	Prbd.g_00120	Prab.g_00858
OG0000688	Prbd.g_00121	Prab.g_00859
OG0000689	Prbd.g_00122	Prab.g_00860
OG0000690	Prbd.g_00123	Prab.g_00861
OG0000691	Prbd.g_00125	Prab.g_00863
OG0000692	Prbd.g_00126	Prab.g_00864
OG0000693	Prbd.g_00127	Prab.g_00865
OG0000694	Prbd.g_00128	Prab.g_00866
OG0000695	Prbd.g_00129	Prab.g_00867
OG0000696	Prbd.g_00130	Prab.g_00868
OG0000697	Prbd.g_00132	Prab.g_00870
OG0000698	Prbd.g_00133	Prab.g_00871
OG0000699	Prbd.g_00137	Prab.g_00874
OG0000700	Prbd.g_00138	Prab.g_00875
OG0000701	Prbd.g_00139	Prab.g_00876
OG0000702	Prbd.g_00140	Prab.g_00877
OG0000703	Prbd.g_00141	Prab.g_00878
OG0000704	Prbd.g_00142	Prab.g_00879
OG0000705	Prbd.g_00144	Prab.g_00881
OG0000706	Prbd.g_00145	Prab.g_00882
OG0000707	Prbd.g_00146	Prab.g_00883
OG0000708	Prbd.g_00147	Prab.g_00884
OG0000709	Prbd.g_00148	Prab.g_00885
OG0000710	Prbd.g_00149	Prab.g_00886
OG0000711	Prbd.g_00150	Prab.g_00887
OG0000712	Prbd.g_00151	Prab.g_00888
OG0000713	Prbd.g_00152	Prab.g_00889
OG0000714	Prbd.g_00154	Prab.g_00891
OG0000715	Prbd.g_00155	Prab.g_00892
OG0000716	Prbd.g_00156	Prab.g_00893
OG0000717	Prbd.g_00157	Prab.g_00894
OG0000718	Prbd.g_00158	Prab.g_00896
OG0000719	Prbd.g_00160	Prab.g_00898
OG0000720	Prbd.g_00162	Prab.g_00900
OG0000721	Prbd.g_00163	Prab.g_00901
OG0000722	Prbd.g_00190	Prab.g_01084
OG0000723	Prbd.g_00194	Prab.g_01079
OG0000724	Prbd.g_00197	Prab.g_01076
OG0000725	Prbd.g_00198	Prab.g_01075
OG0000726	Prbd.g_00199	Prab.g_01074
OG0000727	Prbd.g_00200	Prab.g_01073
OG0000728	Prbd.g_00201	Prab.g_01072
OG0000729	Prbd.g_00203	Prab.g_01071
OG0000730	Prbd.g_00204	Prab.g_01070
OG0000731	Prbd.g_00206	Prab.g_01068
OG0000732	Prbd.g_00207	Prab.g_01067
OG0000733	Prbd.g_00208	Prab.g_01066
OG0000734	Prbd.g_00209	Prab.g_01065
OG0000735	Prbd.g_00210	Prab.g_01064
OG0000736	Prbd.g_00212	Prab.g_01062
OG0000737	Prbd.g_00213	Prab.g_01061
OG0000738	Prbd.g_00215	Prab.g_01059
OG0000739	Prbd.g_00216	Prab.g_01058
OG0000740	Prbd.g_00217	Prab.g_01057
OG0000741	Prbd.g_00219	Prab.g_01055
OG0000742	Prbd.g_00220	Prab.g_01054
OG0000743	Prbd.g_00223	Prab.g_01051
OG0000744	Prbd.g_00224	Prab.g_01050
OG0000745	Prbd.g_00226	Prab.g_01048
OG0000746	Prbd.g_00227	Prab.g_01047
OG0000747	Prbd.g_00228	Prab.g_01046
OG0000748	Prbd.g_00229	Prab.g_01045
OG0000749	Prbd.g_00230	Prab.g_01044
OG0000750	Prbd.g_00231	Prab.g_01043
OG0000751	Prbd.g_00233	Prab.g_01041
OG0000752	Prbd.g_00234	Prab.g_01040
OG0000753	Prbd.g_00235	Prab.g_01039
OG0000754	Prbd.g_00236	Prab.g_01038
OG0000755	Prbd.g_00238	Prab.g_01036
OG0000756	Prbd.g_00239	Prab.g_01035
OG0000757	Prbd.g_00240	Prab.g_01034
OG0000758	Prbd.g_00241	Prab.g_01033
OG0000759	Prbd.g_00242	Prab.g_01032
OG0000760	Prbd.g_00243	Prab.g_01031
OG0000761	Prbd.g_00244	Prab.g_01030
OG0000762	Prbd.g_00246	Prab.g_01028
OG0000763	Prbd.g_00247	Prab.g_01027
OG0000764	Prbd.g_00248	Prab.g_01026
OG0000765	Prbd.g_00249	Prab.g_01025
OG0000766	Prbd.g_00250	Prab.g_01024
OG0000767	Prbd.g_00251	Prab.g_01023
OG0000768	Prbd.g_00252	Prab.g_01022
OG0000769	Prbd.g_00253	Prab.g_01021
OG0000770	Prbd.g_00254	Prab.g_01020
OG0000771	Prbd.g_00255	Prab.g_01019
OG0000772	Prbd.g_00256	Prab.g_01018
OG0000773	Prbd.g_00258	Prab.g_01016
OG0000774	Prbd.g_00259	Prab.g_01015
OG0000775	Prbd.g_00260	Prab.g_01014
OG0000776	Prbd.g_00261	Prab.g_01013
OG0000777	Prbd.g_00262	Prab.g_01012
OG0000778	Prbd.g_00263	Prab.g_01011
OG0000779	Prbd.g_00265	Prab.g_01009
OG0000780	Prbd.g_00266	Prab.g_01008
OG0000781	Prbd.g_00267	Prab.g_01007
OG0000782	Prbd.g_00269	Prab.g_01005
OG0000783	Prbd.g_00270	Prab.g_01004
OG0000784	Prbd.g_00271	Prab.g_01003
OG0000785	Prbd.g_00272	Prab.g_01002
OG0000786	Prbd.g_00273	Prab.g_01001
OG0000787	Prbd.g_00275	Prab.g_00999
OG0000788	Prbd.g_00276	Prab.g_00998
OG0000789	Prbd.g_00277	Prab.g_00997
OG0000790	Prbd.g_00278	Prab.g_00996
OG0000791	Prbd.g_00279	Prab.g_00995
OG0000792	Prbd.g_00280	Prab.g_00994
OG0000793	Prbd.g_00281	Prab.g_00993
OG0000794	Prbd.g_00282	Prab.g_00992
OG0000795	Prbd.g_00283	Prab.g_00991
OG0000796	Prbd.g_00285	Prab.g_00989
OG0000797	Prbd.g_00287	Prab.g_00987
OG0000798	Prbd.g_00288	Prab.g_00986
OG0000799	Prbd.g_00289	Prab.g_00985
OG0000800	Prbd.g_00290	Prab.g_00984
OG0000801	Prbd.g_00291	Prab.g_00983
OG0000802	Prbd.g_00293	Prab.g_00981
OG0000803	Prbd.g_00294	Prab.g_00980
OG0000804	Prbd.g_00309	Prab.g_00960
OG0000805	Prbd.g_00311	Prab.g_00958
OG0000806	Prbd.g_00312	Prab.g_00957
OG0000807	Prbd.g_00313	Prab.g_00956
OG0000808	Prbd.g_00314	Prab.g_00955
OG0000809	Prbd.g_00318	Prab.g_00951
OG0000810	Prbd.g_00319	Prab.g_00950
OG0000811	Prbd.g_00320	Prab.g_00949
OG0000812	Prbd.g_00321	Prab.g_00948
OG0000813	Prbd.g_00322	Prab.g_00947
OG0000814	Prbd.g_00323	Prab.g_00946
OG0000815	Prbd.g_00324	Prab.g_00945
OG0000816	Prbd.g_00326	Prab.g_00943
OG0000817	Prbd.g_00329	Prab.g_00940
OG0000818	Prbd.g_00330	Prab.g_00939
OG0000819	Prbd.g_00332	Prab.g_00937
OG0000820	Prbd.g_00333	Prab.g_00936
OG0000821	Prbd.g_00334	Prab.g_00935
OG0000822	Prbd.g_00335	Prab.g_00934
OG0000823	Prbd.g_00338	Prab.g_00931
OG0000824	Prbd.g_00339	Prab.g_00930
OG0000825	Prbd.g_00341	Prab.g_00928
OG0000826	Prbd.g_00342	Prab.g_00927
OG0000827	Prbd.g_00343	Prab.g_00926
OG0000828	Prbd.g_00345	Prab.g_00924
OG0000829	Prbd.g_00370	Prab.g_01125
OG0000830	Prbd.g_00380	Prab.g_01135
OG0000831	Prbd.g_00383	Prab.g_01138
OG0000832	Prbd.g_00384	Prab.g_01139
OG0000833	Prbd.g_00391	Prab.g_01146
OG0000834	Prbd.g_00395	Prab.g_01150
OG0000835	Prbd.g_00399	Prab.g_01154
OG0000836	Prbd.g_00401	Prab.g_01156
OG0000837	Prbd.g_00414	Prab.g_01169
OG0000838	Prbd.g_00428	Prab.g_01187
OG0000839	Prbd.g_00429	Prab.g_01188
OG0000840	Prbd.g_00434	Prab.g_01194
OG0000841	Prbd.g_00449	Prab.g_01201
OG0000842	Prbd.g_00453	Prab.g_01204
OG0000843	Prbd.g_00455	Prab.g_01206
OG0000844	Prbd.g_00456	Prab.g_01207
OG0000845	Prbd.g_00457	Prab.g_01208
OG0000846	Prbd.g_00458	Prab.g_01209
OG0000847	Prbd.g_00459	Prab.g_01210
OG0000848	Prbd.g_00460	Prab.g_01211
OG0000849	Prbd.g_00461	Prab.g_01212
OG0000850	Prbd.g_00462	Prab.g_01213
OG0000851	Prbd.g_00464	Prab.g_01215
OG0000852	Prbd.g_00467	Prab.g_01218
OG0000853	Prbd.g_00469	Prab.g_01220
OG0000854	Prbd.g_00470	Prab.g_01221
OG0000855	Prbd.g_00471	Prab.g_01222
OG0000856	Prbd.g_00472	Prab.g_01223
OG0000857	Prbd.g_00473	Prab.g_01224
OG0000858	Prbd.g_00475	Prab.g_01226
OG0000859	Prbd.g_00476	Prab.g_01227
OG0000860	Prbd.g_00477	Prab.g_01228
OG0000861	Prbd.g_00478	Prab.g_01229
OG0000862	Prbd.g_00479	Prab.g_01230
OG0000863	Prbd.g_00480	Prab.g_01231
OG0000864	Prbd.g_00481	Prab.g_01232
OG0000865	Prbd.g_00482	Prab.g_01233
OG0000866	Prbd.g_00483	Prab.g_01234
OG0000867	Prbd.g_00486	Prab.g_01237
OG0000868	Prbd.g_00488	Prab.g_01239
OG0000869	Prbd.g_00489	Prab.g_01240
OG0000870	Prbd.g_00490	Prab.g_01241
OG0000871	Prbd.g_00491	Prab.g_01242
OG0000872	Prbd.g_00492	Prab.g_01243
OG0000873	Prbd.g_00493	Prab.g_01244
OG0000874	Prbd.g_00494	Prab.g_01245
OG0000875	Prbd.g_00495	Prab.g_01246
OG0000876	Prbd.g_00497	Prab.g_01248
OG0000877	Prbd.g_00498	Prab.g_01249
OG0000878	Prbd.g_00499	Prab.g_01250
OG0000879	Prbd.g_00500	Prab.g_01251
OG0000880	Prbd.g_00501	Prab.g_01252
OG0000881	Prbd.g_00502	Prab.g_01253
OG0000882	Prbd.g_00503	Prab.g_01254
OG0000883	Prbd.g_00504	Prab.g_01255
OG0000884	Prbd.g_00505	Prab.g_01256
OG0000885	Prbd.g_00506	Prab.g_01257
OG0000886	Prbd.g_00507	Prab.g_01258
OG0000887	Prbd.g_00508	Prab.g_01259
OG0000888	Prbd.g_00509	Prab.g_01260
OG0000889	Prbd.g_00510	Prab.g_01261
OG0000890	Prbd.g_00511	Prab.g_01262
OG0000891	Prbd.g_00512	Prab.g_01263
OG0000892	Prbd.g_00513	Prab.g_01264
OG0000893	Prbd.g_00514	Prab.g_01265
OG0000894	Prbd.g_00516	Prab.g_01267
OG0000895	Prbd.g_00517	Prab.g_01268
OG0000896	Prbd.g_00519	Prab.g_01270
OG0000897	Prbd.g_00520	Prab.g_01271
OG0000898	Prbd.g_00521	Prab.g_01272
OG0000899	Prbd.g_00522	Prab.g_01273
OG0000900	Prbd.g_00524	Prab.g_01275
OG0000901	Prbd.g_01858	Prab.g_01303
OG0000902	Prbd.g_01812	Prab.g_01315
OG0000903	Prbd.g_01811	Prab.g_01316
OG0000904	Prbd.g_01810	Prab.g_01317
OG0000905	Prbd.g_01809	Prab.g_01318
OG0000906	Prbd.g_01808	Prab.g_01319
OG0000907	Prbd.g_01806	Prab.g_01321
OG0000908	Prbd.g_01805	Prab.g_01322
OG0000909	Prbd.g_01804	Prab.g_01323
OG0000910	Prbd.g_01803	Prab.g_01324
OG0000911	Prbd.g_01802	Prab.g_01325
OG0000912	Prbd.g_01799	Prab.g_01328
OG0000913	Prbd.g_01798	Prab.g_01329
OG0000914	Prbd.g_01797	Prab.g_01330
OG0000915	Prbd.g_01795	Prab.g_01332
OG0000916	Prbd.g_01794	Prab.g_01333
OG0000917	Prbd.g_01793	Prab.g_01334
OG0000918	Prbd.g_01792	Prab.g_01335
OG0000919	Prbd.g_01791	Prab.g_01336
OG0000920	Prbd.g_01790	Prab.g_01337
OG0000921	Prbd.g_01788	Prab.g_01339
OG0000922	Prbd.g_01787	Prab.g_01340
OG0000923	Prbd.g_01782	Prab.g_01346
OG0000925	Prbd.g_01778	Prab.g_01347
OG0000926	Prbd.g_01777	Prab.g_01348
OG0000927	Prbd.g_01776	Prab.g_01349
OG0000928	Prbd.g_01774	Prab.g_01351
OG0000929	Prbd.g_01772	Prab.g_01353
OG0000930	Prbd.g_01770	Prab.g_01354
OG0000931	Prbd.g_01769	Prab.g_01355
OG0000932	Prbd.g_01766	Prab.g_01358
OG0000933	Prbd.g_01762	Prab.g_01362
OG0000934	Prbd.g_01761	Prab.g_01363
OG0000935	Prbd.g_01760	Prab.g_01364
OG0000936	Prbd.g_01759	Prab.g_01365
OG0000937	Prbd.g_01758	Prab.g_01366
OG0000938	Prbd.g_01757	Prab.g_01367
OG0000939	Prbd.g_01756	Prab.g_01368
OG0000940	Prbd.g_01755	Prab.g_01369
OG0000941	Prbd.g_01754	Prab.g_01370
OG0000942	Prbd.g_01753	Prab.g_01371
OG0000943	Prbd.g_01752	Prab.g_01372
OG0000944	Prbd.g_01751	Prab.g_01373
OG0000945	Prbd.g_01750	Prab.g_01374
OG0000946	Prbd.g_01749	Prab.g_01375
OG0000947	Prbd.g_01748	Prab.g_01376
OG0000948	Prbd.g_01747	Prab.g_01377
OG0000949	Prbd.g_01746	Prab.g_01378
OG0000950	Prbd.g_01736	Prab.g_01379
OG0000951	Prbd.g_01707	Prab.g_01448
OG0000952	Prbd.g_01706	Prab.g_01449
OG0000953	Prbd.g_01705	Prab.g_01450
OG0000954	Prbd.g_01704	Prab.g_01451
OG0000955	Prbd.g_01703	Prab.g_01452
OG0000956	Prbd.g_01701	Prab.g_01454
OG0000957	Prbd.g_01700	Prab.g_01455
OG0000958	Prbd.g_01699	Prab.g_01456
OG0000959	Prbd.g_01698	Prab.g_01457
OG0000960	Prbd.g_01697	Prab.g_01458
OG0000961	Prbd.g_01696	Prab.g_01459
OG0000962	Prbd.g_01695	Prab.g_01460
OG0000963	Prbd.g_01694	Prab.g_01461
OG0000964	Prbd.g_01693	Prab.g_01462
OG0000965	Prbd.g_01691	Prab.g_01464
OG0000966	Prbd.g_01690	Prab.g_01465
OG0000967	Prbd.g_01687	Prab.g_01468
OG0000968	Prbd.g_01686	Prab.g_01469
OG0000969	Prbd.g_01685	Prab.g_01470
OG0000970	Prbd.g_01684	Prab.g_01471
OG0000971	Prbd.g_01683	Prab.g_01472
OG0000972	Prbd.g_01682	Prab.g_01473
OG0000973	Prbd.g_01680	Prab.g_01475
OG0000974	Prbd.g_01679	Prab.g_01476
OG0000975	Prbd.g_01678	Prab.g_01477
OG0000976	Prbd.g_01677	Prab.g_01478
OG0000977	Prbd.g_01676	Prab.g_01479
OG0000978	Prbd.g_01675	Prab.g_01480
OG0000979	Prbd.g_01674	Prab.g_01481
OG0000980	Prbd.g_01673	Prab.g_01482
OG0000981	Prbd.g_01672	Prab.g_01483
OG0000982	Prbd.g_01671	Prab.g_01484
OG0000983	Prbd.g_01670	Prab.g_01485
OG0000984	Prbd.g_01666	Prab.g_01489
OG0000985	Prbd.g_01665	Prab.g_01490
OG0000986	Prbd.g_01664	Prab.g_01491
OG0000987	Prbd.g_01662	Prab.g_01493
OG0000988	Prbd.g_01661	Prab.g_01494
OG0000989	Prbd.g_01660	Prab.g_01495
OG0000990	Prbd.g_01659	Prab.g_01496
OG0000991	Prbd.g_01658	Prab.g_01497
OG0000992	Prbd.g_01657	Prab.g_01498
OG0000993	Prbd.g_01656	Prab.g_01499
OG0000994	Prbd.g_01655	Prab.g_01500
OG0000995	Prbd.g_01654	Prab.g_01501
OG0000996	Prbd.g_01653	Prab.g_01502
OG0000997	Prbd.g_01651	Prab.g_01504
OG0000998	Prbd.g_01648	Prab.g_01507
OG0000999	Prbd.g_01646	Prab.g_01509
OG0001000	Prbd.g_01645	Prab.g_01510
OG0001001	Prbd.g_01644	Prab.g_01511
OG0001002	Prbd.g_01642	Prab.g_01513
OG0001003	Prbd.g_01641	Prab.g_01514
OG0001004	Prbd.g_01640	Prab.g_01515
OG0001005	Prbd.g_01639	Prab.g_01516
OG0001006	Prbd.g_01637	Prab.g_01518
OG0001007	Prbd.g_01636	Prab.g_01519
OG0001008	Prbd.g_01635	Prab.g_01520
OG0001009	Prbd.g_01634	Prab.g_01521
OG0001010	Prbd.g_01633	Prab.g_01522
OG0001011	Prbd.g_01632	Prab.g_01523
OG0001012	Prbd.g_01631	Prab.g_01524
OG0001013	Prbd.g_01630	Prab.g_01525
OG0001014	Prbd.g_01629	Prab.g_01526
OG0001015	Prbd.g_01628	Prab.g_01527
OG0001016	Prbd.g_01627	Prab.g_01528
OG0001017	Prbd.g_01626	Prab.g_01529
OG0001018	Prbd.g_01625	Prab.g_01530
OG0001019	Prbd.g_01624	Prab.g_01531
OG0001020	Prbd.g_01623	Prab.g_01532
OG0001021	Prbd.g_01622	Prab.g_01533
OG0001022	Prbd.g_01621	Prab.g_01534
OG0001023	Prbd.g_01620	Prab.g_01535
OG0001024	Prbd.g_01617	Prab.g_01537
OG0001025	Prbd.g_01616	Prab.g_01538
OG0001026	Prbd.g_01615	Prab.g_01539
OG0001027	Prbd.g_01614	Prab.g_01540
OG0001028	Prbd.g_01613	Prab.g_01541
OG0001029	Prbd.g_01612	Prab.g_01542
OG0001030	Prbd.g_01609	Prab.g_01545
OG0001031	Prbd.g_01608	Prab.g_01546
OG0001032	Prbd.g_01600	Prab.g_01553
OG0001033	Prbd.g_01593	Prab.g_01563
OG0001034	Prbd.g_01566	Prab.g_01601
OG0001035	Prbd.g_01531	Prab.g_01663
OG0001036	Prbd.g_01530	Prab.g_01664
OG0001037	Prbd.g_01524	Prab.g_01670
OG0001038	Prbd.g_01523	Prab.g_01671
OG0001039	Prbd.g_01522	Prab.g_01672
OG0001040	Prbd.g_01521	Prab.g_01673
OG0001041	Prbd.g_01519	Prab.g_01675
OG0001042	Prbd.g_01518	Prab.g_01676
OG0001043	Prbd.g_01517	Prab.g_01677
OG0001044	Prbd.g_01516	Prab.g_01678
OG0001045	Prbd.g_01515	Prab.g_01679
OG0001046	Prbd.g_01514	Prab.g_01680
OG0001047	Prbd.g_01513	Prab.g_01681
OG0001048	Prbd.g_01511	Prab.g_01683
OG0001049	Prbd.g_01510	Prab.g_01684
OG0001050	Prbd.g_01509	Prab.g_01685
OG0001051	Prbd.g_01508	Prab.g_01686
OG0001052	Prbd.g_01507	Prab.g_01687
OG0001053	Prbd.g_01506	Prab.g_01688
OG0001054	Prbd.g_01505	Prab.g_01689
OG0001055	Prbd.g_01504	Prab.g_01690
OG0001056	Prbd.g_01503	Prab.g_01691
OG0001057	Prbd.g_01501	Prab.g_01693
OG0001058	Prbd.g_01500	Prab.g_01694
OG0001059	Prbd.g_01499	Prab.g_01695
OG0001060	Prbd.g_01498	Prab.g_01696
OG0001061	Prbd.g_01497	Prab.g_01697
OG0001062	Prbd.g_01496	Prab.g_01698
OG0001063	Prbd.g_01495	Prab.g_01699
OG0001064	Prbd.g_01494	Prab.g_01700
OG0001065	Prbd.g_01493	Prab.g_01701
OG0001066	Prbd.g_01492	Prab.g_01702
OG0001067	Prbd.g_01491	Prab.g_01703
OG0001068	Prbd.g_01490	Prab.g_01704
OG0001069	Prbd.g_01487	Prab.g_01707
OG0001070	Prbd.g_01485	Prab.g_01709
OG0001071	Prbd.g_01484	Prab.g_01710
OG0001072	Prbd.g_01483	Prab.g_01711
OG0001073	Prbd.g_01482	Prab.g_01712
OG0001074	Prbd.g_01481	Prab.g_01713
OG0001075	Prbd.g_01479	Prab.g_01714
OG0001076	Prbd.g_01477	Prab.g_01716
OG0001077	Prbd.g_01476	Prab.g_01717
OG0001078	Prbd.g_01475	Prab.g_01718
OG0001079	Prbd.g_01474	Prab.g_01719
OG0001080	Prbd.g_01473	Prab.g_01720
OG0001081	Prbd.g_01472	Prab.g_01721
OG0001082	Prbd.g_01471	Prab.g_01722
OG0001083	Prbd.g_01470	Prab.g_01723
OG0001084	Prbd.g_01469	Prab.g_01724
OG0001085	Prbd.g_01468	Prab.g_01725
OG0001086	Prbd.g_01463	Prab.g_01731
OG0001087	Prbd.g_01462	Prab.g_01732
OG0001088	Prbd.g_01461	Prab.g_01733
OG0001089	Prbd.g_01459	Prab.g_01735
OG0001090	Prbd.g_01458	Prab.g_01736
OG0001091	Prbd.g_01457	Prab.g_01737
OG0001092	Prbd.g_01456	Prab.g_01738
OG0001093	Prbd.g_01455	Prab.g_01739
OG0001094	Prbd.g_01454	Prab.g_01740
OG0001095	Prbd.g_01453	Prab.g_01741
OG0001096	Prbd.g_01452	Prab.g_01742
OG0001097	Prbd.g_01451	Prab.g_01743
OG0001098	Prbd.g_01450	Prab.g_01744
OG0001099	Prbd.g_01449	Prab.g_01745
OG0001100	Prbd.g_01448	Prab.g_01746
OG0001101	Prbd.g_01447	Prab.g_01747
OG0001102	Prbd.g_01444	Prab.g_01750
OG0001103	Prbd.g_01443	Prab.g_01751
OG0001104	Prbd.g_01442	Prab.g_01752
OG0001105	Prbd.g_01440	Prab.g_01753
OG0001106	Prbd.g_01438	Prab.g_01755
OG0001107	Prbd.g_01437	Prab.g_01756
OG0001108	Prbd.g_01436	Prab.g_01757
OG0001109	Prbd.g_01433	Prab.g_01760
OG0001110	Prbd.g_01431	Prab.g_01762
OG0001111	Prbd.g_01430	Prab.g_01763
OG0001112	Prbd.g_01429	Prab.g_01764
OG0001113	Prbd.g_01428	Prab.g_01765
OG0001114	Prbd.g_01427	Prab.g_01766
OG0001115	Prbd.g_01426	Prab.g_01767
OG0001116	Prbd.g_01425	Prab.g_01768
OG0001117	Prbd.g_01424	Prab.g_01769
OG0001118	Prbd.g_01423	Prab.g_01770
OG0001119	Prbd.g_01422	Prab.g_01771
OG0001120	Prbd.g_01421	Prab.g_01772
OG0001121	Prbd.g_01420	Prab.g_01773
OG0001122	Prbd.g_01419	Prab.g_01774
OG0001123	Prbd.g_01418	Prab.g_01775
OG0001124	Prbd.g_01417	Prab.g_01776
OG0001125	Prbd.g_01416	Prab.g_01777
OG0001126	Prbd.g_01415	Prab.g_01778
OG0001127	Prbd.g_01414	Prab.g_01779
OG0001128	Prbd.g_01413	Prab.g_01780
OG0001129	Prbd.g_01412	Prab.g_01781
OG0001130	Prbd.g_01411	Prab.g_01782
OG0001131	Prbd.g_01410	Prab.g_01783
OG0001132	Prbd.g_01409	Prab.g_01784
OG0001133	Prbd.g_01408	Prab.g_01785
OG0001134	Prbd.g_01407	Prab.g_01786
OG0001135	Prbd.g_01406	Prab.g_01787
OG0001136	Prbd.g_01405	Prab.g_01788
OG0001137	Prbd.g_01404	Prab.g_01789
OG0001138	Prbd.g_01403	Prab.g_01790
OG0001139	Prbd.g_01402	Prab.g_01791
OG0001140	Prbd.g_01401	Prab.g_01792
OG0001141	Prbd.g_01399	Prab.g_01794
OG0001142	Prbd.g_01398	Prab.g_01795
OG0001143	Prbd.g_01397	Prab.g_01796
OG0001144	Prbd.g_01395	Prab.g_01798
OG0001145	Prbd.g_01393	Prab.g_01800
OG0001146	Prbd.g_01392	Prab.g_01801
OG0001147	Prbd.g_01390	Prab.g_01803
OG0001148	Prbd.g_01389	Prab.g_01804
OG0001149	Prbd.g_01388	Prab.g_01805
OG0001150	Prbd.g_01385	Prab.g_01808
OG0001151	Prbd.g_01384	Prab.g_01809
OG0001152	Prbd.g_01383	Prab.g_01810
OG0001153	Prbd.g_01382	Prab.g_01811
OG0001154	Prbd.g_01381	Prab.g_01812
OG0001155	Prbd.g_01380	Prab.g_01813
OG0001156	Prbd.g_01379	Prab.g_01814
OG0001157	Prbd.g_01377	Prab.g_01816
OG0001158	Prbd.g_01376	Prab.g_01817
OG0001159	Prbd.g_01375	Prab.g_01818
OG0001160	Prbd.g_01374	Prab.g_01819
OG0001161	Prbd.g_01371	Prab.g_01822
OG0001162	Prbd.g_01370	Prab.g_01823
OG0001163	Prbd.g_01369	Prab.g_01824
OG0001164	Prbd.g_01368	Prab.g_01825
OG0001165	Prbd.g_01367	Prab.g_01826
OG0001166	Prbd.g_01366	Prab.g_01827
OG0001167	Prbd.g_01365	Prab.g_01828
OG0001168	Prbd.g_01363	Prab.g_01830
OG0001169	Prbd.g_01362	Prab.g_01831
OG0001170	Prbd.g_01360	Prab.g_01833
OG0001171	Prbd.g_01359	Prab.g_01834
OG0001172	Prbd.g_01358	Prab.g_01835
OG0001173	Prbd.g_01356	Prab.g_01836
OG0001174	Prbd.g_01354	Prab.g_01838
OG0001175	Prbd.g_01352	Prab.g_01840
OG0001176	Prbd.g_01351	Prab.g_01841
OG0001177	Prbd.g_01349	Prab.g_01843
OG0001178	Prbd.g_01348	Prab.g_01844
OG0001179	Prbd.g_01347	Prab.g_01845
OG0001180	Prbd.g_01346	Prab.g_01846
OG0001181	Prbd.g_01345	Prab.g_01847
OG0001182	Prbd.g_01344	Prab.g_01848
OG0001183	Prbd.g_01343	Prab.g_01849
OG0001184	Prbd.g_01342	Prab.g_01850
OG0001185	Prbd.g_01341	Prab.g_01851
OG0001186	Prbd.g_01340	Prab.g_01852
OG0001187	Prbd.g_01339	Prab.g_01853
OG0001188	Prbd.g_01338	Prab.g_01854
OG0001189	Prbd.g_01337	Prab.g_01855
OG0001190	Prbd.g_01336	Prab.g_01856
OG0001191	Prbd.g_01334	Prab.g_01858
OG0001192	Prbd.g_01332	Prab.g_01860
OG0001193	Prbd.g_01331	Prab.g_01861
OG0001194	Prbd.g_01330	Prab.g_01862
OG0001195	Prbd.g_01329	Prab.g_01863
OG0001196	Prbd.g_01327	Prab.g_01865
OG0001197	Prbd.g_01324	Prab.g_01868
OG0001198	Prbd.g_01323	Prab.g_01869
OG0001199	Prbd.g_01321	Prab.g_01870
OG0001200	Prbd.g_01320	Prab.g_01871
OG0001201	Prbd.g_01319	Prab.g_01872
OG0001202	Prbd.g_01318	Prab.g_01873
OG0001203	Prbd.g_01316	Prab.g_01875
OG0001204	Prbd.g_01312	Prab.g_01879
OG0001205	Prbd.g_01311	Prab.g_01880
OG0001206	Prbd.g_01310	Prab.g_01881
OG0001207	Prbd.g_01309	Prab.g_01882
OG0001208	Prbd.g_01308	Prab.g_01883
OG0001209	Prbd.g_01307	Prab.g_01884
OG0001210	Prbd.g_01306	Prab.g_01885
OG0001211	Prbd.g_01305	Prab.g_01886
OG0001212	Prbd.g_01304	Prab.g_01887
OG0001213	Prbd.g_01303	Prab.g_01888
OG0001214	Prbd.g_01302	Prab.g_01889
OG0001215	Prbd.g_01301	Prab.g_01890
OG0001216	Prbd.g_01300	Prab.g_01891
OG0001217	Prbd.g_01299	Prab.g_01892
OG0001218	Prbd.g_01298	Prab.g_01893
OG0001219	Prbd.g_01297	Prab.g_01894
OG0001220	Prbd.g_01296	Prab.g_01895
OG0001221	Prbd.g_01295	Prab.g_01896
OG0001222	Prbd.g_01293	Prab.g_01898
OG0001223	Prbd.g_01291	Prab.g_01900
OG0001224	Prbd.g_01290	Prab.g_01901
OG0001225	Prbd.g_01288	Prab.g_01903
OG0001226	Prbd.g_01287	Prab.g_01904
OG0001227	Prbd.g_01286	Prab.g_01905
OG0001228	Prbd.g_01285	Prab.g_01906
OG0001229	Prbd.g_01284	Prab.g_01907
OG0001230	Prbd.g_01283	Prab.g_01908
OG0001231	Prbd.g_01282	Prab.g_01909
OG0001232	Prbd.g_01280	Prab.g_01911
OG0001233	Prbd.g_01279	Prab.g_01912
OG0001234	Prbd.g_01278	Prab.g_01913
OG0001235	Prbd.g_01277	Prab.g_01914
OG0001236	Prbd.g_01276	Prab.g_01915
OG0001237	Prbd.g_01274	Prab.g_01918
OG0001238	Prbd.g_01273	Prab.g_01919
OG0001239	Prbd.g_01270	Prab.g_01922
OG0001240	Prbd.g_01269	Prab.g_01923
OG0001241	Prbd.g_01268	Prab.g_01924
OG0001242	Prbd.g_01267	Prab.g_01925
OG0001243	Prbd.g_01266	Prab.g_01926
OG0001244	Prbd.g_01265	Prab.g_01927
OG0001245	Prbd.g_01264	Prab.g_01928
OG0001246	Prbd.g_01263	Prab.g_01929
OG0001247	Prbd.g_01262	Prab.g_01930
OG0001248	Prbd.g_01261	Prab.g_01931
OG0001249	Prbd.g_01260	Prab.g_01932
OG0001250	Prbd.g_01259	Prab.g_01933
OG0001251	Prbd.g_01258	Prab.g_01934
OG0001252	Prbd.g_01257	Prab.g_01935
OG0001253	Prbd.g_01256	Prab.g_01936
OG0001254	Prbd.g_01254	Prab.g_01938
OG0001255	Prbd.g_01253	Prab.g_01939
OG0001256	Prbd.g_01251	Prab.g_01941
OG0001257	Prbd.g_01250	Prab.g_01942
OG0001258	Prbd.g_01249	Prab.g_01943
OG0001259	Prbd.g_01247	Prab.g_01945
OG0001260	Prbd.g_01245	Prab.g_01947
OG0001261	Prbd.g_01244	Prab.g_01948
OG0001262	Prbd.g_01243	Prab.g_01949
OG0001263	Prbd.g_01242	Prab.g_01950
OG0001264	Prbd.g_01241	Prab.g_01951
OG0001265	Prbd.g_01240	Prab.g_01952
OG0001266	Prbd.g_01239	Prab.g_01953
OG0001267	Prbd.g_01238	Prab.g_01954
OG0001268	Prbd.g_01237	Prab.g_01955
OG0001270	Prbd.g_01105	Prab.g_00128
OG0001271	Prbd.g_01090	Prab.g_00141
OG0001272	Prbd.g_00958	Prab.g_00269
OG0001273	Prbd.g_00906	Prab.g_00321
OG0001274	Prbd.g_00760	Prab.g_00486
OG0001275	Prbd.g_00744	Prab.g_00502
OG0001276	Prbd.g_00654	Prab.g_00594
OG0001277	Prbd.g_00048	Prab.g_00766
OG0001278	Prbd.g_00153	Prab.g_00890
OG0001279	Prbd.g_00205	Prab.g_01069
OG0001280	Prbd.g_00316	Prab.g_00953
OG0001281	Prbd.g_00364	Prab.g_01120
OG0001282	Prbd.g_00382	Prab.g_01137
OG0001283	Prbd.g_00387	Prab.g_01142
OG0001284	Prbd.g_00397	Prab.g_01152
OG0001285	Prbd.g_00452	Prab.g_01203
OG0001286	Prbd.g_00465	Prab.g_01216
OG0001287	Prbd.g_01735	Prab.g_01392
OG0001288	Prbd.g_01649	Prab.g_01506
OG0001289	Prbd.g_01638	Prab.g_01517
OG0001290	Prbd.g_01595	Prab.g_01561
OG0001291	Prbd.g_01594	Prab.g_01562
OG0001292	Prbd.g_01589	Prab.g_01567
OG0001293	Prbd.g_01572	Prab.g_01592
OG0001295	Prbd.g_01550	Prab.g_01623
OG0001296	Prbd.g_01533	Prab.g_01661
OG0001297	Prbd.g_01529	Prab.g_01665
OG0001298	Prbd.g_01526	Prab.g_01668
OG0001299	Prbd.g_01460	Prab.g_01734
OG0001300	Prbd.g_01435	Prab.g_01758
OG0001301	Prbd.g_01353	Prab.g_01839
OG0001302	Prbd.g_01325	Prab.g_01867
OG0001303	Prbd.g_01292	Prab.g_01899
OG0001304	Prbd.g_01248	Prab.g_01944
OG0001306	Prbd.g_00805	Prab.g_00440
OG0001307	Prbd.g_01207	Prab.g_00030
OG0001308	Prbd.g_01173	Prab.g_00063
OG0001309	Prbd.g_01170	Prab.g_00066
OG0001310	Prbd.g_01168	Prab.g_00068
OG0001311	Prbd.g_01151	Prab.g_00084
OG0001312	Prbd.g_01124	Prab.g_00110
OG0001314	Prbd.g_01041	Prab.g_00190
OG0001315	Prbd.g_00996	Prab.g_00233
OG0001316	Prbd.g_00987	Prab.g_00242
OG0001317	Prbd.g_00865	Prab.g_00362
OG0001318	Prbd.g_00607	Prab.g_00642
OG0001319	Prbd.g_00056	Prab.g_00776
OG0001320	Prbd.g_00331	Prab.g_00938
OG0001322	Prbd.g_00372	Prab.g_01127
OG0001323	Prbd.g_00408	Prab.g_01164
OG0001324	Prbd.g_00412	Prab.g_01167
OG0001325	Prbd.g_00418	Prab.g_01174
OG0001326	Prbd.g_00496	Prab.g_01247
OG0001328	Prbd.g_01591	Prab.g_01565
OG0001329	Prbd.g_01502	Prab.g_01692
OG0001330	Prbd.g_01467	Prab.g_01726
OG0001332	Prbd.g_01101	Prab.g_00131
OG0001334	Prbd.g_00775	Prab.g_00472
OG0001335	Prbd.g_00356	Prab.g_01112
OG0001336	Prbd.g_00375	Prab.g_01130
OG0001337	Prbd.g_00390	Prab.g_01145
OG0001339	Prbd.g_01796	Prab.g_01331
OG0001340	Prbd.g_01744	Prab.g_01381
OG0001341	Prbd.g_01598	Prab.g_01558
OG0001342	Prbd.g_01587	Prab.g_01569
OG0001343	Prbd.g_01528	Prab.g_01666
OG0001344	Prbd.g_01478	Prab.g_01715
OG0001345	Prbd.g_01387	Prab.g_01806
OG0001346	Prbd.g_01333	Prab.g_01859
OG0001347	Prbd.g_01294	Prab.g_01897
OG0001349	Prbd.g_01125	Prab.g_00109
OG0001350	Prbd.g_01096	Prab.g_00135
OG0001351	Prbd.g_01037	Prab.g_00194
OG0001352	Prbd.g_00991	Prab.g_00238
OG0001353	Prbd.g_00978	Prab.g_00250
OG0001354	Prbd.g_00959	Prab.g_00268
OG0001355	Prbd.g_00900	Prab.g_00326
OG0001356	Prbd.g_00860	Prab.g_00366
OG0001357	Prbd.g_00808	Prab.g_00437
OG0001358	Prbd.g_00770	Prab.g_00476
OG0001359	Prbd.g_00756	Prab.g_00490
OG0001360	Prbd.g_00733	Prab.g_00513
OG0001361	Prbd.g_00728	Prab.g_00518
OG0001362	Prbd.g_00666	Prab.g_00581
OG0001363	Prbd.g_00541	Prab.g_00710
OG0001364	Prbd.g_00086	Prab.g_00824
OG0001365	Prbd.g_00143	Prab.g_00880
OG0001366	Prbd.g_00188	Prab.g_01086
OG0001367	Prbd.g_00292	Prab.g_00982
OG0001368	Prbd.g_00315	Prab.g_00954
OG0001369	Prbd.g_00431	Prab.g_01190
OG0001370	Prbd.g_00432	Prab.g_01191
OG0001371	Prbd.g_00518	Prab.g_01269
OG0001372	Prbd.g_01893	Prab.g_01590
OG0001373	Prbd.g_01618, Prbd.g_01619	Prab.g_01536
OG0001375	Prbd.g_01488	Prab.g_01706
OG0001376	Prbd.g_01446	Prab.g_01748
OG0001377	Prbd.g_01326	Prab.g_01866
OG0001378	Prbd.g_00317	Prab.g_00952
OG0001379	Prbd.g_01177	Prab.g_00059
OG0001380	Prbd.g_01176	Prab.g_00060
OG0001381	Prbd.g_01157	Prab.g_00079
OG0001382	Prbd.g_01108	Prab.g_00125
OG0001383	Prbd.g_01005	Prab.g_00225
OG0001384	Prbd.g_00983	Prab.g_00246
OG0001385	Prbd.g_00967	Prab.g_00261
OG0001386	Prbd.g_00877	Prab.g_00351
OG0001388	Prbd.g_00835	Prab.g_01626
OG0001390	Prbd.g_00782	Prab.g_00465
OG0001391	Prbd.g_00738	Prab.g_00508
OG0001392	Prbd.g_00731	Prab.g_00515
OG0001393	Prbd.g_00723	Prab.g_00523
OG0001394	Prbd.g_00578	Prab.g_00671
OG0001395	Prbd.g_00570	Prab.g_00679
OG0001396	Prbd.g_00568	Prab.g_00681
OG0001397	Prbd.g_00562	Prab.g_00687
OG0001398	Prbd.g_00012	Prab.g_00728
OG0001399	Prbd.g_00088	Prab.g_00826
OG0001400	Prbd.g_00187	Prab.g_01087
OG0001401	Prbd.g_00189	Prab.g_01085
OG0001402	Prbd.g_00211	Prab.g_01063
OG0001403	Prbd.g_00214	Prab.g_01060
OG0001404	Prbd.g_00296	Prab.g_00749
OG0001405	Prbd.g_00325	Prab.g_00944
OG0001406	Prbd.g_00344	Prab.g_00925
OG0001407	Prbd.g_00354	Prab.g_01110
OG0001408	Prbd.g_00362	Prab.g_01118
OG0001409	Prbd.g_00369	Prab.g_01298
OG0001410	Prbd.g_00454	Prab.g_01205
OG0001411	Prbd.g_01857	Prab.g_01305
OG0001412	Prbd.g_01800	Prab.g_01327
OG0001413	Prbd.g_01773	Prab.g_01352
OG0001414	Prbd.g_01763	Prab.g_01361
OG0001415	Prbd.g_01650	Prab.g_01505
OG0001416	Prbd.g_01647	Prab.g_01508
OG0001417	Prbd.g_01597	Prab.g_01559
OG0001418	Prbd.g_01584	Prab.g_01573
OG0001419	Prbd.g_01900	Prab.g_00755
OG0001420	Prbd.g_00534	Prab.g_00799
OG0001421	Prbd.g_00245	Prab.g_01029
OG0001424	Prbd.g_01182	Prab.g_00053
OG0001425	Prbd.g_00913	Prab.g_00314
OG0001426	Prbd.g_00875	Prab.g_00353
OG0001427	Prbd.g_00721	Prab.g_00525
OG0001428	Prbd.g_00046	Prab.g_01583, Prab.g_00764
OG0001429	Prbd.g_00059	Prab.g_00779
OG0001430	Prbd.g_00092	Prab.g_00830
OG0001431	Prbd.g_00191	Prab.g_01083
OG0001432	Prbd.g_00195	Prab.g_01078
OG0001433	Prbd.g_00359	Prab.g_01115
OG0001434	Prbd.g_00433	Prab.g_01192
OG0001435	Prbd.g_01922	Prab.g_01282
OG0001436	Prbd.g_01578	Prab.g_01581
OG0001437	Prbd.g_01570	Prab.g_01595
OG0001438	Prbd.g_01252	Prab.g_01940
OG0001439	Prbd.g_00832	Prab.g_00406
OG0001440	Prbd.g_00866	Prab.g_00361
OG0001441	Prbd.g_00274	Prab.g_01000
OG0001442	Prbd.g_00308	Prab.g_00961
OG0001443	Prbd.g_00360	Prab.g_01116
OG0001444	Prbd.g_00363	Prab.g_01119
OG0001445	Prbd.g_01585	Prab.g_01571
OG0001446	Prbd.g_00830	Prab.g_00793
OG0001448	Prbd.g_00624	Prab.g_00624
OG0001449	Prbd.g_00400	Prab.g_01155
OG0001450	Prbd.g_00421	Prab.g_01178
OG0001452	Prbd.g_00487	Prab.g_01238
OG0001456	Prbd.g_01565	Prab.g_01603
OG0001457	Prbd.g_01719	Prab.g_01408
OG0001460	Prbd.g_00872	Prab.g_00356
OG0001461	Prbd.g_00862	Prab.g_00364
OG0001462	Prbd.g_00847	Prab.g_00383
OG0001464	Prbd.g_00683	Prab.g_00563
OG0001466	Prbd.g_00542	Prab.g_00707
OG0001468	Prbd.g_00134	Prab.g_00872
OG0001469	Prbd.g_00165	Prab.g_00902
OG0001470	Prbd.g_00307	Prab.g_00962
OG0001471	Prbd.g_00353	Prab.g_01109
OG0001472	Prbd.g_00358	Prab.g_01114
OG0001473	Prbd.g_00361	Prab.g_01117
OG0001475	Prbd.g_01837	Prab.g_00769
OG0001476	Prbd.g_01692	Prab.g_01463
OG0001478	Prbd.g_01364	Prab.g_01829
OG0001479	Prbd.g_00466	Prab.g_01217
OG0001482	Prbd.g_00919	Prab.g_00308
OG0001483	Prbd.g_01834	Prab.g_01618, Prab.g_00916
OG0001486	Prbd.g_00173	Prab.g_01101
OG0001487	Prbd.g_00237	Prab.g_01037
OG0001488	Prbd.g_00349	Prab.g_01105
OG0001489	Prbd.g_00350	Prab.g_01106
OG0001490	Prbd.g_00351	Prab.g_01107
OG0001491	Prbd.g_00357	Prab.g_01113
OG0001492	Prbd.g_00385	Prab.g_01140
OG0001493	Prbd.g_00394	Prab.g_01149
OG0001494	Prbd.g_00484	Prab.g_01235
OG0001496	Prbd.g_01807	Prab.g_01320
OG0001497	Prbd.g_01732	Prab.g_01391
OG0001498	Prbd.g_01465	Prab.g_01728
OG0001499	Prbd.g_01445	Prab.g_01749
OG0001500	Prbd.g_00225	Prab.g_01049
OG0001503	Prbd.g_01068	Prab.g_00163
OG0001504	Prbd.g_00840	Prab.g_00390
OG0001505	Prbd.g_00037	Prab.g_00752
OG0001506	Prbd.g_00040	Prab.g_01302
OG0001507	Prbd.g_00078	Prab.g_00816
OG0001508	Prbd.g_00131	Prab.g_00869
OG0001510	Prbd.g_00166	Prab.g_00903
OG0001511	Prbd.g_00175	Prab.g_01099
OG0001512	Prbd.g_00176	Prab.g_01098
OG0001513	Prbd.g_00177	Prab.g_01097
OG0001514	Prbd.g_00178	Prab.g_01096
OG0001515	Prbd.g_00179	Prab.g_01095
OG0001516	Prbd.g_00180	Prab.g_01094
OG0001517	Prbd.g_00181	Prab.g_01093
OG0001518	Prbd.g_00182	Prab.g_01092
OG0001519	Prbd.g_00183	Prab.g_01091
OG0001520	Prbd.g_00184	Prab.g_01090
OG0001521	Prbd.g_00185	Prab.g_01089
OG0001522	Prbd.g_00186	Prab.g_01088
OG0001523	Prbd.g_00221	Prab.g_01053
OG0001525	Prbd.g_00377	Prab.g_01132
OG0001526	Prbd.g_00450	Prab.g_01202
OG0001527	Prbd.g_01586	Prab.g_01570
OG0001528	Prbd.g_01577	Prab.g_01582
OG0001529	Prbd.g_01372	Prab.g_01821
OG0001531	Prbd.g_00286	Prab.g_00988
OG0001532	Prbd.g_00348	Prab.g_01104
OG0001533	Prbd.g_00367	Prab.g_01123
OG0001534	Prbd.g_01890	Prab.g_00977
OG0001535	Prbd.g_00850	Prab.g_00380
OG0001536	Prbd.g_00829	Prab.g_00792
OG0001539	Prbd.g_01183	Prab.g_00052
OG0001540	Prbd.g_00783	Prab.g_00464
OG0001542	Prbd.g_00398	Prab.g_01153
OG0001543	Prbd.g_01888, Prbd.g_01918	Prab.g_00976
OG0001545	Prbd.g_00828	Prab.g_00791
OG0001547	Prbd.g_01203	Prab.g_00034
OG0001548	Prbd.g_00839	Prab.g_00393
OG0001549	Prbd.g_01580	Prab.g_01577
OG0001551	Prbd.g_00396	Prab.g_01151
OG0001553	Prbd.g_01829	Prab.g_01312
OG0001554	Prbd.g_01828	Prab.g_00751, Prab.g_01313
OG0001557	Prbd.g_01582	Prab.g_01575
OG0001558	Prbd.g_01571	Prab.g_01593
OG0001565	Prbd.g_01117	Prab.g_00116
OG0001566	Prbd.g_00932	Prab.g_00295
OG0001567	Prbd.g_00870	Prab.g_00357
OG0001568	Prbd.g_00848	Prab.g_00382
OG0001569	Prbd.g_00785	Prab.g_00462
OG0001571	Prbd.g_00773	Prab.g_00474
OG0001572	Prbd.g_00567	Prab.g_00682
OG0001573	Prbd.g_01896, Prbd.g_00041	Prab.g_01301
OG0001574	Prbd.g_00051	Prab.g_00772
OG0001575	Prbd.g_00070	Prab.g_00808
OG0001576	Prbd.g_00301	Prab.g_00968
OG0001577	Prbd.g_00306	Prab.g_00963
OG0001578	Prbd.g_00365	Prab.g_01121
OG0001579	Prbd.g_00366	Prab.g_01122
OG0001580	Prbd.g_00368	Prab.g_01124
OG0001581	Prbd.g_00371	Prab.g_01126
OG0001582	Prbd.g_00378	Prab.g_01133
OG0001583	Prbd.g_00393	Prab.g_01148
OG0001584	Prbd.g_00403	Prab.g_01158
OG0001585	Prbd.g_00415	Prab.g_01170
OG0001586	Prbd.g_00423	Prab.g_01182
OG0001587	Prbd.g_00426	Prab.g_01185
OG0001588	Prbd.g_00003	Prab.g_00415
OG0001589	Prbd.g_01869	Prab.g_00715
OG0001590	Prbd.g_01767	Prab.g_01357
OG0001591	Prbd.g_01765	Prab.g_01359
OG0001594	Prbd.g_01605	Prab.g_01549
OG0001595	Prbd.g_01603	Prab.g_01551
OG0001596	Prbd.g_01602	Prab.g_01552
OG0001597	Prbd.g_01592	Prab.g_01564
OG0001598	Prbd.g_01315	Prab.g_01877
OG0001599	Prbd.g_00823	Prab.g_01286
OG0001602	Prbd.g_00946	Prab.g_00281
OG0001603	Prbd.g_00908	Prab.g_00319
OG0001604	Prbd.g_00876	Prab.g_00352
OG0001605	Prbd.g_00841	Prab.g_00389
OG0001606	Prbd.g_00774	Prab.g_00473
OG0001607	Prbd.g_00538	Prab.g_00713
OG0001608	Prbd.g_00050	Prab.g_00771
OG0001609	Prbd.g_00168	Prab.g_00905
OG0001610	Prbd.g_00193	Prab.g_01081
OG0001611	Prbd.g_00444	Prab.g_01196
OG0001612	Prbd.g_00445	Prab.g_01197
OG0001613	Prbd.g_00446	Prab.g_01198
OG0001614	Prbd.g_00447	Prab.g_01199
OG0001617	Prbd.g_01549	Prab.g_01586
OG0001618	Prbd.g_01512	Prab.g_01682
OG0001620	Prbd.g_00899	Prab.g_00327
OG0001623	Prbd.g_00543	Prab.g_00706
OG0001624	Prbd.g_00032	Prab.g_00748, Prab.g_00920
OG0001625	Prbd.g_01874	Prab.g_00973
OG0001627	Prbd.g_01785	Prab.g_00346
OG0001628	Prbd.g_01775	Prab.g_01350
OG0001636	Prbd.g_00569	Prab.g_00680
OG0001637	Prbd.g_00172	Prab.g_01102
OG0001638	Prbd.g_01892	Prab.g_00972
OG0001640	Prbd.g_01579	Prab.g_01578
OG0001641	Prbd.g_01563	Prab.g_01609
OG0001652	Prbd.g_01060	Prab.g_00171
OG0001653	Prbd.g_00873	Prab.g_00355
OG0001654	Prbd.g_00845	Prab.g_00384
OG0001655	Prbd.g_00844	Prab.g_00385
OG0001656	Prbd.g_00842	Prab.g_00387
OG0001657	Prbd.g_00776	Prab.g_00471
OG0001658	Prbd.g_00006	Prab.g_00722
OG0001659	Prbd.g_00042	Prab.g_00759
OG0001660	Prbd.g_00044	Prab.g_00762
OG0001661	Prbd.g_00071	Prab.g_00809
OG0001662	Prbd.g_00077	Prab.g_00815
OG0001663	Prbd.g_00079	Prab.g_00817
OG0001664	Prbd.g_00107	Prab.g_00845
OG0001665	Prbd.g_00159	Prab.g_00897
OG0001666	Prbd.g_00170	Prab.g_00908
OG0001667	Prbd.g_00171	Prab.g_00909
OG0001668	Prbd.g_00218	Prab.g_01056
OG0001669	Prbd.g_00302	Prab.g_00967
OG0001670	Prbd.g_00305	Prab.g_00964
OG0001671	Prbd.g_00310	Prab.g_00959
OG0001672	Prbd.g_00327	Prab.g_00942
OG0001673	Prbd.g_00328	Prab.g_00941
OG0001674	Prbd.g_00352	Prab.g_01108
OG0001675	Prbd.g_00355	Prab.g_01111
OG0001676	Prbd.g_00373	Prab.g_01128
OG0001677	Prbd.g_00374	Prab.g_01129
OG0001678	Prbd.g_00381	Prab.g_01136
OG0001679	Prbd.g_00386	Prab.g_01141
OG0001680	Prbd.g_00388	Prab.g_01143
OG0001681	Prbd.g_00413	Prab.g_01168
OG0001682	Prbd.g_00417	Prab.g_01173
OG0001683	Prbd.g_00420	Prab.g_01176
OG0001684	Prbd.g_00443	Prab.g_01195
OG0001685	Prbd.g_00515	Prab.g_01266
OG0001686	Prbd.g_00523	Prab.g_01274
OG0001687	Prbd.g_01897	Prab.g_01295
OG0001688	Prbd.g_01856	Prab.g_01306
OG0001689	Prbd.g_01831	Prab.g_01309
OG0001692	Prbd.g_01606	Prab.g_01548
OG0001693	Prbd.g_01599	Prab.g_01554
OG0001694	Prbd.g_01596	Prab.g_01560
OG0001695	Prbd.g_01590	Prab.g_01566
OG0001696	Prbd.g_01583	Prab.g_01574
OG0001697	Prbd.g_01581	Prab.g_01576
OG0001699	Prbd.g_01520	Prab.g_01674
OG0001700	Prbd.g_01275	Prab.g_01916
OG0001705	Prbd.g_00746	Prab.g_00500
OG0001706	Prbd.g_00537	Prab.g_00714
OG0001707	Prbd.g_00035	Prab.g_00757
OG0001708	Prbd.g_00057	Prab.g_00777
OG0001709	Prbd.g_00072	Prab.g_00810
OG0001710	Prbd.g_00303	Prab.g_00756
OG0001711	Prbd.g_00347	Prab.g_01103
OG0001712	Prbd.g_00405	Prab.g_01161
OG0001713	Prbd.g_00416	Prab.g_01172
OG0001714	Prbd.g_00448	Prab.g_01200
OG0001715	Prbd.g_01862	Prab.g_01300
OG0001716	Prbd.g_00824	Prab.g_00784
OG0001717	Prbd.g_00304	Prab.g_00966
OG0001718	Prbd.g_01712, Prbd.g_01711	Prab.g_01292
OG0001727	Prbd.g_00033	Prab.g_00919
OG0001728	Prbd.g_00090	Prab.g_00828
OG0001729	Prbd.g_00167	Prab.g_00904
OG0001730	Prbd.g_00402	Prab.g_01157
OG0001731	Prbd.g_01883	Prab.g_00750
OG0001732	Prbd.g_01830	Prab.g_01310
OG0001735	Prbd.g_01574	Prab.g_01587
OG0001736	Prbd.g_01555	Prab.g_00970
OG0001737	Prbd.g_00851	Prab.g_00378
OG0001738	Prbd.g_00005	Prab.g_00721
OG0001789	Prbd.g_00718	Prab.g_00528
OG0001790	Prbd.g_00054	Prab.g_00774
OG0001797	Prbd.g_01556	Prab.g_00753
OG0001807	Prbd.g_00861	Prab.g_00365
OG0001809	Prbd.g_00834	Prab.g_00401
OG0001810	Prbd.g_00060	Prab.g_00781
OG0001811	Prbd.g_00073	Prab.g_00811
OG0001812	Prbd.g_00074	Prab.g_00812
OG0001813	Prbd.g_00075	Prab.g_00813
OG0001814	Prbd.g_00076	Prab.g_00814
OG0001815	Prbd.g_00169	Prab.g_00907
OG0001816	Prbd.g_00300	Prab.g_00709
OG0001817	Prbd.g_00404	Prab.g_01160
OG0001818	Prbd.g_00407	Prab.g_01163
OG0001819	Prbd.g_01877	Prab.g_01602
OG0001820	Prbd.g_01838	Prab.g_01608
OG0001823	Prbd.g_01588	Prab.g_01568
OG0001824	Prbd.g_01564	Prab.g_01605
OG0001826	Prbd.g_01839	Prab.g_01183
OG0001835	Prbd.g_00896	Prab.g_00330
OG0001836	Prbd.g_00843	Prab.g_00386
OG0001838	Prbd.g_01882	Prab.g_01656
OG0001841	Prbd.g_01827	Prab.g_01314
OG0001845	Prbd.g_01668	Prab.g_01487
OG0001846	Prbd.g_01604	Prab.g_01550
OG0001847	Prbd.g_01558	Prab.g_01180
OG0001848	Prbd.g_01573	Prab.g_01588
OG0001859	Prbd.g_00410	Prab.g_01166
OG0001861	Prbd.g_00419	Prab.g_01175
OG0001862	Prbd.g_01541	Prab.g_01642
OG0001863	Prbd.g_01902	Prab.g_00422
OG0001864	Prbd.g_01880	Prab.g_01654
OG0001867	Prbd.g_01926	Prab.g_00451
OG0001902	Prbd.g_01916, Prbd.g_01925	Prab.g_00417
OG0001904	Prbd.g_01557	Prab.g_00754
OG0001905	Prbd.g_00849	Prab.g_00381
OG0001906	Prbd.g_00064	Prab.g_01632, Prab.g_00413, Prab.g_01296
OG0001908	Prbd.g_00825	Prab.g_00785
OG0001949	Prbd.g_00853	Prab.g_00373
OG0001951	Prbd.g_00043	Prab.g_00761
OG0001952	Prbd.g_00831	Prab.g_00794
OG0001953	Prbd.g_00422	Prab.g_01179
OG0001981	Prbd.g_01543	Prab.g_00395
OG0001985	Prbd.g_00869	Prab.g_00358
OG0001986	Prbd.g_00857	Prab.g_00369
OG0001987	Prbd.g_00827	Prab.g_00790
OG0001988	Prbd.g_01534	Prab.g_00912
OG0002017	Prbd.g_01881	Prab.g_01655
OG0002021	Prbd.g_00531	Prab.g_00708
OG0002171	Prbd.g_00438	Prab.g_00410
OG0002174	Prbd.g_01548	Prab.g_00802
OG0002235	Prbd.g_01542	Prab.g_00423
OG0002238	Prbd.g_00822, Prbd.g_00441	Prab.g_01287
OG0002239	Prbd.g_00530	Prab.g_01293
OG0002331	Prbd.g_01538	Prab.g_01614
OG0002500	Prbd.g_01718	Prab.g_01409
OG0003008	Prbd.g_00435	Prab.g_00407
OG0003009	Prbd.g_00436	Prab.g_00408
OG0003010	Prbd.g_00437	Prab.g_00409
OG0003011	Prbd.g_00440	Prab.g_00412
OG0003018	Prbd.g_01539	Prab.g_01615
OG0003336	Prbd.g_00442	Prab.g_00421
OG0003338	Prbd.g_00814	Prab.g_00431
