Orthogroup	Prau	Praa
OG0000000	Prau.g_01665	Praa.g_01235
OG0000000	Prau.g_01648	Praa.g_01598
OG0000000	Prau.g_01266, Prau.g_01647	Praa.g_01597
OG0000001	Prau.g_01402	Praa.g_01359
OG0000001	Prau.g_00718	Praa.g_00678
OG0000002	Prau.g_01267, Prau.g_01269	Praa.g_01222, Praa.g_01220
OG0000002	Prau.g_01394	Praa.g_01351
OG0000003	Prau.g_01268	Praa.g_00038
OG0000004	Prau.g_01350	Praa.g_01298
OG0000004	Prau.g_01650	Praa.g_01599
OG0000004	Prau.g_01300	Praa.g_00413
OG0000005	Prau.g_00785	Praa.g_00735
OG0000005	Prau.g_00792	Praa.g_00742
OG0000006	Prau.g_01331	Praa.g_01280
OG0000006	Prau.g_00805	Praa.g_00755
OG0000006	Prau.g_01156	Praa.g_01110
OG0000007	Prau.g_01319	Praa.g_01256
OG0000007	Prau.g_00387	Praa.g_00382
OG0000008	Prau.g_00538	Praa.g_00497
OG0000008	Prau.g_01732	Praa.g_01635
OG0000009	Prau.g_00437	Praa.g_00054, Praa.g_00056
OG0000010	Prau.g_00834	Praa.g_00782
OG0000010	Prau.g_00251	Praa.g_00249
OG0000011	Prau.g_00378	Praa.g_00374
OG0000011	Prau.g_00804	Praa.g_00754
OG0000012	Prau.g_01139	Praa.g_01092
OG0000012	Prau.g_00377	Praa.g_00373
OG0000013	Prau.g_01641	Praa.g_01589
OG0000013	Prau.g_00106	Praa.g_00105
OG0000014	Prau.g_01438, Prau.g_01470	Praa.g_01409
OG0000014	Prau.g_00308	Praa.g_00306
OG0000015	Prau.g_00332	Praa.g_00330
OG0000017	Prau.g_01353	Praa.g_01301
OG0000018	Prau.g_00636	Praa.g_00598
OG0000019	Prau.g_00385	Praa.g_00380
OG0000020	Prau.g_01405	Praa.g_01362
OG0000021	Prau.g_01551	Praa.g_01496
OG0000022	Prau.g_01316	Praa.g_01245
OG0000023	Prau.g_01680	Praa.g_01623
OG0000023	Prau.g_00367	Praa.g_00364
OG0000024	Prau.g_01344	Praa.g_01287
OG0000025	Prau.g_00796	Praa.g_00747
OG0000026	Prau.g_01352	Praa.g_01300
OG0000027	Prau.g_00712	Praa.g_00672
OG0000028	Prau.g_00781	Praa.g_01241
OG0000029	Prau.g_00835	Praa.g_00783
OG0000030	Prau.g_00836	Praa.g_00784
OG0000031	Prau.g_01932	Praa.g_01839
OG0000032	Prau.g_00032	Praa.g_00033
OG0000033	Prau.g_01618	Praa.g_01564
OG0000033	Prau.g_00788	Praa.g_00738
OG0000034	Prau.g_01528, Prau.g_01531	Praa.g_01476
OG0000035	Prau.g_01642	Praa.g_01590
OG0000036	Prau.g_01153	Praa.g_01107
OG0000037	Prau.g_01347	Praa.g_01291
OG0000039	Prau.g_00013	Praa.g_00013
OG0000040	Prau.g_00441	Praa.g_01288
OG0000041	Prau.g_00663	Praa.g_00623
OG0000042	Prau.g_01978	Praa.g_01885
OG0000045	Prau.g_00624	Praa.g_00585
OG0000046	Prau.g_00814	Praa.g_00763
OG0000047	Prau.g_01206	Praa.g_01159
OG0000048	Prau.g_01489	Praa.g_01407
OG0000049	Prau.g_01432, Prau.g_01460	Praa.g_01425
OG0000050	Prau.g_00167	Praa.g_00166
OG0000051	Prau.g_00362	Praa.g_00359
OG0000052	Prau.g_00458, Prau.g_00432	Praa.g_00399
OG0000053	Prau.g_00755	Praa.g_00711
OG0000054	Prau.g_01725	Praa.g_01628
OG0000055	Prau.g_01925	Praa.g_01832
OG0000056	Prau.g_00030	Praa.g_00031
OG0000057	Prau.g_00158	Praa.g_00157
OG0000058	Prau.g_00373	Praa.g_00369
OG0000059	Prau.g_00579	Praa.g_00539
OG0000060	Prau.g_00768	Praa.g_00724
OG0000061	Prau.g_00808	Praa.g_00757
OG0000062	Prau.g_00876	Praa.g_00826
OG0000063	Prau.g_01162	Praa.g_01117
OG0000065	Prau.g_00238	Praa.g_00237
OG0000066	Prau.g_00516	Praa.g_00475
OG0000067	Prau.g_00738	Praa.g_00698
OG0000068	Prau.g_00790	Praa.g_00740
OG0000069	Prau.g_01172	Praa.g_01125
OG0000069	Prau.g_01035	Praa.g_00984
OG0000070	Prau.g_01089	Praa.g_01039
OG0000071	Prau.g_01318	Praa.g_01255
OG0000072	Prau.g_01371	Praa.g_01318
OG0000074	Prau.g_01430	Praa.g_01387
OG0000075	Prau.g_01869	Praa.g_01775
OG0000077	Prau.g_00011	Praa.g_00011
OG0000078	Prau.g_00324	Praa.g_00322
OG0000079	Prau.g_00386	Praa.g_00381
OG0000080	Prau.g_00709	Praa.g_00669
OG0000081	Prau.g_00731	Praa.g_00691
OG0000082	Prau.g_00861	Praa.g_00810, Praa.g_00811
OG0000083	Prau.g_00926	Praa.g_00876
OG0000084	Prau.g_01015	Praa.g_00964
OG0000085	Prau.g_01136	Praa.g_01089
OG0000086	Prau.g_01174	Praa.g_01127
OG0000087	Prau.g_01666	Praa.g_01236
OG0000088	Prau.g_01323	Praa.g_01262
OG0000089	Prau.g_01325	Praa.g_01268
OG0000089	Prau.g_01677	Praa.g_01620
OG0000090	Prau.g_01434, Prau.g_01491, Prau.g_01435	Praa.g_01394
OG0000091	Prau.g_01539	Praa.g_01484
OG0000092	Prau.g_01658	Praa.g_01606
OG0000093	Prau.g_01818	Praa.g_01723
OG0000094	Prau.g_01866	Praa.g_01772
OG0000095	Prau.g_01899	Praa.g_01806
OG0000096	Prau.g_01970	Praa.g_01877
OG0000097	Prau.g_01987	Praa.g_01894
OG0000098	Prau.g_00003	Praa.g_00003
OG0000099	Prau.g_00023	Praa.g_00023
OG0000100	Prau.g_00046	Praa.g_00039
OG0000100	Prau.g_00422	Praa.g_00409
OG0000101	Prau.g_00057	Praa.g_00049
OG0000102	Prau.g_00114	Praa.g_00113
OG0000103	Prau.g_00122	Praa.g_00121
OG0000104	Prau.g_00140	Praa.g_00139
OG0000105	Prau.g_00171	Praa.g_00170
OG0000106	Prau.g_00185	Praa.g_00184
OG0000107	Prau.g_00193	Praa.g_00192
OG0000108	Prau.g_00203	Praa.g_00202
OG0000109	Prau.g_00240	Praa.g_00239
OG0000110	Prau.g_00253	Praa.g_00251
OG0000111	Prau.g_00276	Praa.g_00274
OG0000112	Prau.g_00286	Praa.g_00284
OG0000113	Prau.g_00299	Praa.g_00297
OG0000114	Prau.g_00327	Praa.g_00325
OG0000115	Prau.g_00515	Praa.g_00474
OG0000116	Prau.g_00517	Praa.g_00476
OG0000117	Prau.g_00521	Praa.g_00480
OG0000118	Prau.g_00540	Praa.g_00499
OG0000119	Prau.g_00572	Praa.g_00532
OG0000120	Prau.g_00573	Praa.g_00533
OG0000121	Prau.g_00583	Praa.g_00544
OG0000122	Prau.g_00592	Praa.g_00553
OG0000123	Prau.g_00623	Praa.g_00584
OG0000124	Prau.g_00691	Praa.g_00651
OG0000125	Prau.g_00692	Praa.g_00652
OG0000126	Prau.g_00693	Praa.g_00653
OG0000127	Prau.g_00726	Praa.g_00686
OG0000128	Prau.g_00757	Praa.g_00713
OG0000129	Prau.g_00777	Praa.g_00733
OG0000130	Prau.g_00839	Praa.g_00787
OG0000131	Prau.g_00852	Praa.g_00801
OG0000132	Prau.g_00887	Praa.g_00838
OG0000133	Prau.g_00973	Praa.g_00923
OG0000134	Prau.g_00983	Praa.g_00932
OG0000135	Prau.g_01019	Praa.g_00968
OG0000136	Prau.g_01086	Praa.g_01036
OG0000137	Prau.g_01177	Praa.g_01130
OG0000138	Prau.g_01202	Praa.g_01155
OG0000139	Prau.g_01212	Praa.g_01165
OG0000140	Prau.g_01263	Praa.g_01216
OG0000141	Prau.g_01496, Prau.g_01271	Praa.g_01224
OG0000142	Prau.g_01383	Praa.g_01330
OG0000143	Prau.g_01409	Praa.g_01366
OG0000144	Prau.g_01515	Praa.g_01463
OG0000145	Prau.g_01532	Praa.g_01477
OG0000146	Prau.g_01568	Praa.g_01513
OG0000147	Prau.g_01608	Praa.g_01554
OG0000148	Prau.g_01609	Praa.g_01555
OG0000149	Prau.g_01730	Praa.g_01633
OG0000150	Prau.g_01768	Praa.g_01672
OG0000151	Prau.g_01771	Praa.g_01675
OG0000152	Prau.g_01790	Praa.g_01695
OG0000153	Prau.g_01828	Praa.g_01734
OG0000154	Prau.g_01864	Praa.g_01770
OG0000155	Prau.g_01882	Praa.g_01788
OG0000156	Prau.g_01910	Praa.g_01817
OG0000157	Prau.g_01942	Praa.g_01849
OG0000158	Prau.g_02004	Praa.g_01911
OG0000160	Prau.g_00001	Praa.g_00001
OG0000161	Prau.g_00002	Praa.g_00002
OG0000162	Prau.g_00004	Praa.g_00004
OG0000163	Prau.g_00005	Praa.g_00005
OG0000164	Prau.g_00006	Praa.g_00006
OG0000165	Prau.g_00007	Praa.g_00007
OG0000166	Prau.g_00008	Praa.g_00008
OG0000167	Prau.g_00009	Praa.g_00009
OG0000168	Prau.g_00010	Praa.g_00010
OG0000169	Prau.g_00012	Praa.g_00012
OG0000170	Prau.g_00014	Praa.g_00014
OG0000171	Prau.g_00015	Praa.g_00015
OG0000172	Prau.g_00016	Praa.g_00016
OG0000173	Prau.g_00017	Praa.g_00017
OG0000174	Prau.g_00018	Praa.g_00018
OG0000175	Prau.g_00019	Praa.g_00019
OG0000176	Prau.g_00020	Praa.g_00020
OG0000177	Prau.g_00021	Praa.g_00021
OG0000178	Prau.g_00022	Praa.g_00022
OG0000179	Prau.g_00024	Praa.g_00024
OG0000180	Prau.g_00025	Praa.g_00025
OG0000181	Prau.g_00026	Praa.g_00026
OG0000182	Prau.g_00027	Praa.g_00027
OG0000183	Prau.g_00028	Praa.g_00028
OG0000184	Prau.g_00029	Praa.g_00029
OG0000185	Prau.g_00031	Praa.g_00032
OG0000186	Prau.g_00034	Praa.g_00035
OG0000187	Prau.g_00035	Praa.g_00036
OG0000188	Prau.g_00036	Praa.g_00037
OG0000189	Prau.g_00047	Praa.g_00040
OG0000190	Prau.g_00049	Praa.g_00042
OG0000191	Prau.g_00050	Praa.g_00043
OG0000192	Prau.g_00051	Praa.g_00044
OG0000193	Prau.g_00053	Praa.g_00045
OG0000194	Prau.g_00054	Praa.g_00046
OG0000195	Prau.g_00055	Praa.g_00047
OG0000196	Prau.g_00056	Praa.g_00048
OG0000197	Prau.g_00058	Praa.g_00050
OG0000198	Prau.g_00059	Praa.g_00051
OG0000199	Prau.g_00060	Praa.g_00052
OG0000200	Prau.g_00066	Praa.g_00064
OG0000201	Prau.g_00067	Praa.g_00065
OG0000202	Prau.g_00068	Praa.g_00066
OG0000203	Prau.g_00071	Praa.g_00069
OG0000204	Prau.g_00072	Praa.g_00070
OG0000205	Prau.g_00074	Praa.g_00073
OG0000206	Prau.g_00076	Praa.g_00075
OG0000207	Prau.g_00078	Praa.g_00077
OG0000208	Prau.g_00079	Praa.g_00078
OG0000209	Prau.g_00080	Praa.g_00079
OG0000210	Prau.g_00081	Praa.g_00080
OG0000211	Prau.g_00082	Praa.g_00081
OG0000212	Prau.g_00083	Praa.g_00082
OG0000213	Prau.g_00084	Praa.g_00083
OG0000214	Prau.g_00085	Praa.g_00084
OG0000215	Prau.g_00086	Praa.g_00085
OG0000216	Prau.g_00087	Praa.g_00086
OG0000217	Prau.g_00089	Praa.g_00088
OG0000218	Prau.g_00090	Praa.g_00089
OG0000219	Prau.g_00091	Praa.g_00090
OG0000220	Prau.g_00092	Praa.g_00091
OG0000221	Prau.g_00095	Praa.g_00094
OG0000222	Prau.g_00096	Praa.g_00095
OG0000223	Prau.g_00097	Praa.g_00096
OG0000224	Prau.g_00098	Praa.g_00097
OG0000225	Prau.g_00099	Praa.g_00098
OG0000226	Prau.g_00100	Praa.g_00099
OG0000227	Prau.g_00101	Praa.g_00100
OG0000228	Prau.g_00102	Praa.g_00101
OG0000229	Prau.g_00103	Praa.g_00102
OG0000230	Prau.g_00104	Praa.g_00103
OG0000231	Prau.g_00105	Praa.g_00104
OG0000232	Prau.g_00107	Praa.g_00106
OG0000233	Prau.g_00108	Praa.g_00107
OG0000234	Prau.g_00109	Praa.g_00108
OG0000235	Prau.g_00110	Praa.g_00109
OG0000236	Prau.g_00111	Praa.g_00110
OG0000237	Prau.g_00112	Praa.g_00111
OG0000238	Prau.g_00113	Praa.g_00112
OG0000239	Prau.g_00115	Praa.g_00114
OG0000240	Prau.g_00116	Praa.g_00115
OG0000241	Prau.g_00117	Praa.g_00116
OG0000242	Prau.g_00118	Praa.g_00117
OG0000243	Prau.g_00121	Praa.g_00120
OG0000244	Prau.g_00123	Praa.g_00122
OG0000245	Prau.g_00124	Praa.g_00123
OG0000246	Prau.g_00125	Praa.g_00124
OG0000247	Prau.g_00128	Praa.g_00127
OG0000248	Prau.g_00130	Praa.g_00129
OG0000249	Prau.g_00131	Praa.g_00130
OG0000250	Prau.g_00132	Praa.g_00131
OG0000251	Prau.g_00133	Praa.g_00132
OG0000252	Prau.g_00134	Praa.g_00133
OG0000253	Prau.g_00135	Praa.g_00134
OG0000254	Prau.g_00137	Praa.g_00136
OG0000255	Prau.g_00138	Praa.g_00137
OG0000256	Prau.g_00141	Praa.g_00140
OG0000257	Prau.g_00143	Praa.g_00142
OG0000258	Prau.g_00146	Praa.g_00145
OG0000259	Prau.g_00147	Praa.g_00146
OG0000260	Prau.g_00148	Praa.g_00147
OG0000261	Prau.g_00149	Praa.g_00148
OG0000262	Prau.g_00150	Praa.g_00149
OG0000263	Prau.g_00152	Praa.g_00151
OG0000264	Prau.g_00153	Praa.g_00152
OG0000265	Prau.g_00154	Praa.g_00153
OG0000266	Prau.g_00155	Praa.g_00154
OG0000267	Prau.g_00156	Praa.g_00155
OG0000268	Prau.g_00157	Praa.g_00156
OG0000269	Prau.g_00159	Praa.g_00158
OG0000270	Prau.g_00160	Praa.g_00159
OG0000271	Prau.g_00161	Praa.g_00160
OG0000272	Prau.g_00162	Praa.g_00161
OG0000273	Prau.g_00163	Praa.g_00162
OG0000274	Prau.g_00164	Praa.g_00163
OG0000275	Prau.g_00165	Praa.g_00164
OG0000276	Prau.g_00166	Praa.g_00165
OG0000277	Prau.g_00168	Praa.g_00167
OG0000278	Prau.g_00169	Praa.g_00168
OG0000279	Prau.g_00170	Praa.g_00169
OG0000280	Prau.g_00172	Praa.g_00171
OG0000281	Prau.g_00174	Praa.g_00173
OG0000282	Prau.g_00175	Praa.g_00174
OG0000283	Prau.g_00176	Praa.g_00175
OG0000284	Prau.g_00177	Praa.g_00176
OG0000285	Prau.g_00178	Praa.g_00177
OG0000286	Prau.g_00179	Praa.g_00178
OG0000287	Prau.g_00180	Praa.g_00179
OG0000288	Prau.g_00182	Praa.g_00181
OG0000289	Prau.g_00183	Praa.g_00182
OG0000290	Prau.g_00184	Praa.g_00183
OG0000291	Prau.g_00186	Praa.g_00185
OG0000292	Prau.g_00187	Praa.g_00186
OG0000293	Prau.g_00188	Praa.g_00187
OG0000294	Prau.g_00189	Praa.g_00188
OG0000295	Prau.g_00190	Praa.g_00189
OG0000296	Prau.g_00191	Praa.g_00190
OG0000297	Prau.g_00192	Praa.g_00191
OG0000298	Prau.g_00194	Praa.g_00193
OG0000299	Prau.g_00195	Praa.g_00194
OG0000300	Prau.g_00196	Praa.g_00195
OG0000301	Prau.g_00197	Praa.g_00196
OG0000302	Prau.g_00198	Praa.g_00197
OG0000303	Prau.g_00199	Praa.g_00198
OG0000304	Prau.g_00201	Praa.g_00200
OG0000305	Prau.g_00202	Praa.g_00201
OG0000306	Prau.g_00205	Praa.g_00204
OG0000307	Prau.g_00206	Praa.g_00205
OG0000308	Prau.g_00207	Praa.g_00206
OG0000309	Prau.g_00208	Praa.g_00207
OG0000310	Prau.g_00209	Praa.g_00208
OG0000311	Prau.g_00210	Praa.g_00209
OG0000312	Prau.g_00211	Praa.g_00210
OG0000313	Prau.g_00212	Praa.g_00211
OG0000314	Prau.g_00213	Praa.g_00212
OG0000315	Prau.g_00214	Praa.g_00213
OG0000316	Prau.g_00215	Praa.g_00214
OG0000317	Prau.g_00216	Praa.g_00215
OG0000318	Prau.g_00217	Praa.g_00216
OG0000319	Prau.g_00218	Praa.g_00217
OG0000320	Prau.g_00219	Praa.g_00218
OG0000321	Prau.g_00220	Praa.g_00219
OG0000322	Prau.g_00221	Praa.g_00220
OG0000323	Prau.g_00222	Praa.g_00221
OG0000324	Prau.g_00223	Praa.g_00222
OG0000325	Prau.g_00224	Praa.g_00223
OG0000326	Prau.g_00225	Praa.g_00224
OG0000327	Prau.g_00226	Praa.g_00225
OG0000328	Prau.g_00227	Praa.g_00226
OG0000329	Prau.g_00228	Praa.g_00227
OG0000330	Prau.g_00229	Praa.g_00228
OG0000331	Prau.g_00230	Praa.g_00229
OG0000332	Prau.g_00231	Praa.g_00230
OG0000333	Prau.g_00232	Praa.g_00231
OG0000334	Prau.g_00233	Praa.g_00232
OG0000335	Prau.g_00234	Praa.g_00233
OG0000336	Prau.g_00236	Praa.g_00235
OG0000337	Prau.g_00237	Praa.g_00236
OG0000338	Prau.g_00241	Praa.g_00240
OG0000339	Prau.g_00244	Praa.g_00242
OG0000340	Prau.g_00246	Praa.g_00244
OG0000341	Prau.g_00247	Praa.g_00245
OG0000342	Prau.g_00248	Praa.g_00246
OG0000343	Prau.g_00249	Praa.g_00247
OG0000344	Prau.g_00252	Praa.g_00250
OG0000345	Prau.g_00255	Praa.g_00253
OG0000346	Prau.g_00256	Praa.g_00254
OG0000347	Prau.g_00259	Praa.g_00257
OG0000348	Prau.g_00261	Praa.g_00259
OG0000349	Prau.g_00262	Praa.g_00260
OG0000350	Prau.g_00264	Praa.g_00262
OG0000351	Prau.g_00265	Praa.g_00263
OG0000352	Prau.g_00266	Praa.g_00264
OG0000353	Prau.g_00267	Praa.g_00265
OG0000354	Prau.g_00268	Praa.g_00266
OG0000355	Prau.g_00269	Praa.g_00267
OG0000356	Prau.g_00270	Praa.g_00268
OG0000357	Prau.g_00271	Praa.g_00269
OG0000358	Prau.g_00272	Praa.g_00270
OG0000359	Prau.g_00273	Praa.g_00271
OG0000360	Prau.g_00277	Praa.g_00275
OG0000361	Prau.g_00278	Praa.g_00276
OG0000362	Prau.g_00279	Praa.g_00277
OG0000363	Prau.g_00280	Praa.g_00278
OG0000364	Prau.g_00284	Praa.g_00282
OG0000365	Prau.g_00285	Praa.g_00283
OG0000366	Prau.g_00287	Praa.g_00285
OG0000367	Prau.g_00288	Praa.g_00286
OG0000368	Prau.g_00289	Praa.g_00287
OG0000369	Prau.g_00290	Praa.g_00288
OG0000370	Prau.g_00291	Praa.g_00289
OG0000371	Prau.g_00292	Praa.g_00290
OG0000372	Prau.g_00293	Praa.g_00291
OG0000373	Prau.g_00294	Praa.g_00292
OG0000374	Prau.g_00296	Praa.g_00294
OG0000375	Prau.g_00297	Praa.g_00295
OG0000376	Prau.g_00300	Praa.g_00298
OG0000377	Prau.g_00301	Praa.g_00299
OG0000378	Prau.g_00302	Praa.g_00300
OG0000379	Prau.g_00303	Praa.g_00301
OG0000380	Prau.g_00304	Praa.g_00302
OG0000381	Prau.g_00305	Praa.g_00303
OG0000382	Prau.g_00306	Praa.g_00304
OG0000383	Prau.g_00307	Praa.g_00305
OG0000384	Prau.g_00310	Praa.g_00308
OG0000385	Prau.g_00311	Praa.g_00309
OG0000386	Prau.g_00312	Praa.g_00310
OG0000387	Prau.g_00313	Praa.g_00311
OG0000388	Prau.g_00314	Praa.g_00312
OG0000389	Prau.g_00315	Praa.g_00313
OG0000390	Prau.g_00316	Praa.g_00314
OG0000391	Prau.g_00317	Praa.g_00315
OG0000392	Prau.g_00318	Praa.g_00316
OG0000393	Prau.g_00319	Praa.g_00317
OG0000394	Prau.g_00320	Praa.g_00318
OG0000395	Prau.g_00321	Praa.g_00319
OG0000396	Prau.g_00323	Praa.g_00321
OG0000397	Prau.g_00325	Praa.g_00323
OG0000398	Prau.g_00326	Praa.g_00324
OG0000399	Prau.g_00329	Praa.g_00327
OG0000400	Prau.g_00330	Praa.g_00328
OG0000401	Prau.g_00331	Praa.g_00329
OG0000402	Prau.g_00336	Praa.g_00334
OG0000403	Prau.g_00337	Praa.g_00335
OG0000404	Prau.g_00338	Praa.g_00336
OG0000405	Prau.g_00340	Praa.g_00338
OG0000406	Prau.g_00343	Praa.g_00340
OG0000407	Prau.g_00344	Praa.g_00341
OG0000408	Prau.g_00347	Praa.g_00344
OG0000409	Prau.g_00348	Praa.g_00345
OG0000410	Prau.g_00349	Praa.g_00346
OG0000411	Prau.g_00350	Praa.g_00347
OG0000412	Prau.g_00351	Praa.g_00348
OG0000413	Prau.g_00352	Praa.g_00349
OG0000414	Prau.g_00353	Praa.g_00350
OG0000415	Prau.g_00354	Praa.g_00351
OG0000416	Prau.g_00357	Praa.g_00354
OG0000417	Prau.g_00358	Praa.g_00355
OG0000418	Prau.g_00359	Praa.g_00356
OG0000419	Prau.g_00360	Praa.g_00357
OG0000420	Prau.g_00361	Praa.g_00358
OG0000421	Prau.g_00374	Praa.g_00370
OG0000422	Prau.g_00382	Praa.g_00378
OG0000423	Prau.g_00383	Praa.g_00379
OG0000424	Prau.g_00389	Praa.g_00383
OG0000425	Prau.g_00472	Praa.g_00431
OG0000426	Prau.g_00473	Praa.g_00432
OG0000427	Prau.g_00474	Praa.g_00433
OG0000428	Prau.g_00476	Praa.g_00435
OG0000429	Prau.g_00477	Praa.g_00436
OG0000430	Prau.g_00479	Praa.g_00437
OG0000431	Prau.g_00480	Praa.g_00438
OG0000432	Prau.g_00481	Praa.g_00439
OG0000433	Prau.g_00482	Praa.g_00440
OG0000434	Prau.g_00483	Praa.g_00441
OG0000435	Prau.g_00484	Praa.g_00442
OG0000436	Prau.g_00485	Praa.g_00443
OG0000437	Prau.g_00486	Praa.g_00444
OG0000438	Prau.g_00487	Praa.g_00445
OG0000439	Prau.g_00488	Praa.g_00446
OG0000440	Prau.g_00489	Praa.g_00447
OG0000441	Prau.g_00490	Praa.g_00448
OG0000442	Prau.g_00491	Praa.g_00449
OG0000443	Prau.g_00492	Praa.g_00450
OG0000444	Prau.g_00493	Praa.g_00451
OG0000445	Prau.g_00494	Praa.g_00452
OG0000446	Prau.g_00496	Praa.g_00454
OG0000447	Prau.g_00497	Praa.g_00455
OG0000448	Prau.g_00499	Praa.g_00457
OG0000449	Prau.g_00503	Praa.g_00461
OG0000450	Prau.g_00504	Praa.g_00462
OG0000451	Prau.g_00505	Praa.g_00463
OG0000452	Prau.g_00506	Praa.g_00464
OG0000453	Prau.g_00507	Praa.g_00465
OG0000454	Prau.g_00512	Praa.g_00471
OG0000455	Prau.g_00514	Praa.g_00473
OG0000456	Prau.g_00518	Praa.g_00477
OG0000457	Prau.g_00519	Praa.g_00478
OG0000458	Prau.g_00520	Praa.g_00479
OG0000459	Prau.g_00522	Praa.g_00481
OG0000460	Prau.g_00524	Praa.g_00483
OG0000461	Prau.g_00525	Praa.g_00484
OG0000462	Prau.g_00526	Praa.g_00485
OG0000463	Prau.g_00528	Praa.g_00487
OG0000464	Prau.g_00529	Praa.g_00488
OG0000465	Prau.g_00530	Praa.g_00489
OG0000466	Prau.g_00531	Praa.g_00490
OG0000467	Prau.g_00532	Praa.g_00491
OG0000468	Prau.g_00533	Praa.g_00492
OG0000469	Prau.g_00534	Praa.g_00493
OG0000470	Prau.g_00535	Praa.g_00494
OG0000471	Prau.g_00536	Praa.g_00495
OG0000472	Prau.g_00541	Praa.g_00500
OG0000473	Prau.g_00542	Praa.g_00501
OG0000474	Prau.g_00543	Praa.g_00502
OG0000475	Prau.g_00544	Praa.g_00503
OG0000476	Prau.g_00546	Praa.g_00505
OG0000477	Prau.g_00547	Praa.g_00506
OG0000478	Prau.g_00548	Praa.g_00507
OG0000479	Prau.g_00549	Praa.g_00508
OG0000480	Prau.g_00551	Praa.g_00510
OG0000481	Prau.g_00553	Praa.g_00512
OG0000482	Prau.g_00554	Praa.g_00513
OG0000483	Prau.g_00556	Praa.g_00515
OG0000484	Prau.g_00557	Praa.g_00516
OG0000485	Prau.g_00558	Praa.g_00517
OG0000486	Prau.g_00559	Praa.g_00518
OG0000487	Prau.g_00564	Praa.g_00523
OG0000488	Prau.g_00565	Praa.g_00525
OG0000489	Prau.g_00566	Praa.g_00526
OG0000490	Prau.g_00567	Praa.g_00527
OG0000491	Prau.g_00568	Praa.g_00528
OG0000492	Prau.g_00569	Praa.g_00529
OG0000493	Prau.g_00570	Praa.g_00530
OG0000494	Prau.g_00571	Praa.g_00531
OG0000495	Prau.g_00574	Praa.g_00534
OG0000496	Prau.g_00575	Praa.g_00535
OG0000497	Prau.g_00576	Praa.g_00536
OG0000498	Prau.g_00577	Praa.g_00537
OG0000499	Prau.g_00578	Praa.g_00538
OG0000500	Prau.g_00580	Praa.g_00540
OG0000501	Prau.g_00581	Praa.g_00541
OG0000502	Prau.g_00582	Praa.g_00543
OG0000503	Prau.g_00584	Praa.g_00545
OG0000504	Prau.g_00585	Praa.g_00546
OG0000505	Prau.g_00586	Praa.g_00547
OG0000506	Prau.g_00587	Praa.g_00548
OG0000507	Prau.g_00588	Praa.g_00549
OG0000508	Prau.g_00589	Praa.g_00550
OG0000509	Prau.g_00590	Praa.g_00551
OG0000510	Prau.g_00591	Praa.g_00552
OG0000511	Prau.g_00593	Praa.g_00554
OG0000512	Prau.g_00594	Praa.g_00555
OG0000513	Prau.g_00595	Praa.g_00556
OG0000514	Prau.g_00596	Praa.g_00557
OG0000515	Prau.g_00597	Praa.g_00558
OG0000516	Prau.g_00598	Praa.g_00559
OG0000517	Prau.g_00600	Praa.g_00561
OG0000518	Prau.g_00601	Praa.g_00562
OG0000519	Prau.g_00602	Praa.g_00563
OG0000520	Prau.g_00603	Praa.g_00564
OG0000521	Prau.g_00604	Praa.g_00565
OG0000522	Prau.g_00605	Praa.g_00566
OG0000523	Prau.g_00606	Praa.g_00567
OG0000524	Prau.g_00607	Praa.g_00568
OG0000525	Prau.g_00608	Praa.g_00569
OG0000526	Prau.g_00609	Praa.g_00570
OG0000527	Prau.g_00610	Praa.g_00571
OG0000528	Prau.g_00611	Praa.g_00572
OG0000529	Prau.g_00612	Praa.g_00573
OG0000530	Prau.g_00613	Praa.g_00574
OG0000531	Prau.g_00614	Praa.g_00575
OG0000532	Prau.g_00615	Praa.g_00576
OG0000533	Prau.g_00617	Praa.g_00578
OG0000534	Prau.g_00618	Praa.g_00579
OG0000535	Prau.g_00619	Praa.g_00580
OG0000536	Prau.g_00620	Praa.g_00581
OG0000537	Prau.g_00621	Praa.g_00582
OG0000538	Prau.g_00622	Praa.g_00583
OG0000539	Prau.g_00625	Praa.g_00586
OG0000540	Prau.g_00626	Praa.g_00587
OG0000541	Prau.g_00627	Praa.g_00588
OG0000542	Prau.g_00629	Praa.g_00591
OG0000543	Prau.g_00630	Praa.g_00592
OG0000544	Prau.g_00631	Praa.g_00593
OG0000545	Prau.g_00632	Praa.g_00594
OG0000546	Prau.g_00633	Praa.g_00595
OG0000547	Prau.g_00634	Praa.g_00596
OG0000548	Prau.g_00635	Praa.g_00597
OG0000549	Prau.g_00637	Praa.g_00599
OG0000550	Prau.g_00638	Praa.g_00600
OG0000551	Prau.g_00639	Praa.g_00601
OG0000552	Prau.g_00640	Praa.g_00602
OG0000553	Prau.g_00641	Praa.g_00603
OG0000554	Prau.g_00642	Praa.g_00604
OG0000555	Prau.g_00643	Praa.g_00605
OG0000556	Prau.g_00644	Praa.g_00606
OG0000557	Prau.g_00645	Praa.g_00607
OG0000558	Prau.g_00646	Praa.g_00608
OG0000559	Prau.g_00647	Praa.g_00609
OG0000560	Prau.g_00648	Praa.g_00610
OG0000561	Prau.g_00649	Praa.g_00611
OG0000562	Prau.g_00650	Praa.g_00612
OG0000563	Prau.g_00651	Praa.g_00613
OG0000564	Prau.g_00652	Praa.g_00614
OG0000565	Prau.g_00653	Praa.g_00615
OG0000566	Prau.g_00654	Praa.g_00616
OG0000567	Prau.g_00655	Praa.g_00617
OG0000568	Prau.g_00656	Praa.g_00618
OG0000569	Prau.g_00661	Praa.g_00621
OG0000570	Prau.g_00662	Praa.g_00622
OG0000571	Prau.g_00664	Praa.g_00624
OG0000572	Prau.g_00665	Praa.g_00625
OG0000573	Prau.g_00666	Praa.g_00626
OG0000574	Prau.g_00667	Praa.g_00627
OG0000575	Prau.g_00668	Praa.g_00628
OG0000576	Prau.g_00669	Praa.g_00629
OG0000577	Prau.g_00670	Praa.g_00630
OG0000578	Prau.g_00671	Praa.g_00631
OG0000579	Prau.g_00672	Praa.g_00632
OG0000580	Prau.g_00673	Praa.g_00633
OG0000581	Prau.g_00674	Praa.g_00634
OG0000582	Prau.g_00675	Praa.g_00635
OG0000583	Prau.g_00676	Praa.g_00636
OG0000584	Prau.g_00678	Praa.g_00638
OG0000585	Prau.g_00679	Praa.g_00639
OG0000586	Prau.g_00680	Praa.g_00640
OG0000587	Prau.g_00681	Praa.g_00641
OG0000588	Prau.g_00682	Praa.g_00642
OG0000589	Prau.g_00683	Praa.g_00643
OG0000590	Prau.g_00684	Praa.g_00644
OG0000591	Prau.g_00685	Praa.g_00645
OG0000592	Prau.g_00686	Praa.g_00646
OG0000593	Prau.g_00687	Praa.g_00647
OG0000594	Prau.g_00688	Praa.g_00648
OG0000595	Prau.g_00689	Praa.g_00649
OG0000596	Prau.g_00690	Praa.g_00650
OG0000597	Prau.g_00694	Praa.g_00654
OG0000598	Prau.g_00695	Praa.g_00655
OG0000599	Prau.g_00696	Praa.g_00656
OG0000600	Prau.g_00697	Praa.g_00657
OG0000601	Prau.g_00698	Praa.g_00658
OG0000602	Prau.g_00699	Praa.g_00659
OG0000603	Prau.g_00700	Praa.g_00660
OG0000604	Prau.g_00701	Praa.g_00661
OG0000605	Prau.g_00702	Praa.g_00662
OG0000606	Prau.g_00703	Praa.g_00663
OG0000607	Prau.g_00704	Praa.g_00664
OG0000608	Prau.g_00705	Praa.g_00665
OG0000609	Prau.g_00707	Praa.g_00667
OG0000610	Prau.g_00708	Praa.g_00668
OG0000611	Prau.g_00710	Praa.g_00670
OG0000612	Prau.g_00711	Praa.g_00671
OG0000613	Prau.g_00713	Praa.g_00673
OG0000614	Prau.g_00719	Praa.g_00679
OG0000615	Prau.g_00720	Praa.g_00680
OG0000616	Prau.g_00721	Praa.g_00681
OG0000617	Prau.g_00723	Praa.g_00683
OG0000618	Prau.g_00724	Praa.g_00684
OG0000619	Prau.g_00725	Praa.g_00685
OG0000620	Prau.g_00727	Praa.g_00687
OG0000621	Prau.g_00728	Praa.g_00688
OG0000622	Prau.g_00729	Praa.g_00689
OG0000623	Prau.g_00730	Praa.g_00690
OG0000624	Prau.g_00732	Praa.g_00692
OG0000625	Prau.g_00733	Praa.g_00693
OG0000626	Prau.g_00734	Praa.g_00694
OG0000627	Prau.g_00735	Praa.g_00695
OG0000628	Prau.g_00736	Praa.g_00696
OG0000629	Prau.g_00737	Praa.g_00697
OG0000630	Prau.g_00739	Praa.g_00699
OG0000631	Prau.g_00740	Praa.g_00700
OG0000632	Prau.g_00744	Praa.g_00704
OG0000633	Prau.g_00745	Praa.g_00705
OG0000634	Prau.g_00756	Praa.g_00712
OG0000635	Prau.g_00758	Praa.g_00714
OG0000636	Prau.g_00759	Praa.g_00715
OG0000637	Prau.g_00761	Praa.g_00717
OG0000638	Prau.g_00762	Praa.g_00718
OG0000639	Prau.g_00763	Praa.g_00719
OG0000640	Prau.g_00764	Praa.g_00720
OG0000641	Prau.g_00765	Praa.g_00721
OG0000642	Prau.g_00766	Praa.g_00722
OG0000643	Prau.g_00767	Praa.g_00723
OG0000644	Prau.g_00769	Praa.g_00725
OG0000645	Prau.g_00770	Praa.g_00726
OG0000646	Prau.g_00771	Praa.g_00727
OG0000647	Prau.g_00772	Praa.g_00728
OG0000648	Prau.g_00773	Praa.g_00729
OG0000649	Prau.g_00774	Praa.g_00730
OG0000650	Prau.g_00775	Praa.g_00731
OG0000651	Prau.g_00776	Praa.g_00732
OG0000652	Prau.g_00778	Praa.g_00734
OG0000653	Prau.g_00798	Praa.g_00749
OG0000654	Prau.g_00800	Praa.g_00751
OG0000655	Prau.g_00811	Praa.g_00760
OG0000656	Prau.g_00816	Praa.g_00764
OG0000657	Prau.g_00818	Praa.g_00766
OG0000658	Prau.g_00819	Praa.g_00767
OG0000659	Prau.g_00820	Praa.g_00768
OG0000660	Prau.g_00832	Praa.g_00780
OG0000661	Prau.g_00841	Praa.g_00789
OG0000662	Prau.g_00843	Praa.g_00791
OG0000663	Prau.g_00845	Praa.g_00794
OG0000664	Prau.g_00846	Praa.g_00795
OG0000665	Prau.g_00847	Praa.g_00796
OG0000666	Prau.g_00848	Praa.g_00797
OG0000667	Prau.g_00849	Praa.g_00798
OG0000668	Prau.g_00850	Praa.g_00799
OG0000669	Prau.g_00851	Praa.g_00800
OG0000670	Prau.g_00853	Praa.g_00802
OG0000671	Prau.g_00854	Praa.g_00803
OG0000672	Prau.g_00855	Praa.g_00804
OG0000673	Prau.g_00856	Praa.g_00805
OG0000674	Prau.g_00857	Praa.g_00806
OG0000675	Prau.g_00858	Praa.g_00807
OG0000676	Prau.g_00860	Praa.g_00809
OG0000677	Prau.g_00862	Praa.g_00812
OG0000678	Prau.g_00863	Praa.g_00813
OG0000679	Prau.g_00864	Praa.g_00814
OG0000680	Prau.g_00865	Praa.g_00815
OG0000681	Prau.g_00866	Praa.g_00816
OG0000682	Prau.g_00867	Praa.g_00817
OG0000683	Prau.g_00868	Praa.g_00818
OG0000684	Prau.g_00869	Praa.g_00819
OG0000685	Prau.g_00870	Praa.g_00820
OG0000686	Prau.g_00871	Praa.g_00821
OG0000687	Prau.g_00872	Praa.g_00822
OG0000688	Prau.g_00873	Praa.g_00823
OG0000689	Prau.g_00874	Praa.g_00824
OG0000690	Prau.g_00875	Praa.g_00825
OG0000691	Prau.g_00877	Praa.g_00827
OG0000692	Prau.g_00878	Praa.g_00828
OG0000693	Prau.g_00879	Praa.g_00829
OG0000694	Prau.g_00880	Praa.g_00830
OG0000695	Prau.g_00881	Praa.g_00831
OG0000696	Prau.g_00882	Praa.g_00832
OG0000697	Prau.g_00884	Praa.g_00834
OG0000698	Prau.g_00885	Praa.g_00835
OG0000699	Prau.g_00888	Praa.g_00839
OG0000700	Prau.g_00889	Praa.g_00840
OG0000701	Prau.g_00890	Praa.g_00841
OG0000702	Prau.g_00891	Praa.g_00842
OG0000703	Prau.g_00892	Praa.g_00843
OG0000704	Prau.g_00893	Praa.g_00844
OG0000705	Prau.g_00895	Praa.g_00846
OG0000706	Prau.g_00896	Praa.g_00847
OG0000707	Prau.g_00897	Praa.g_00848
OG0000708	Prau.g_00898	Praa.g_00849
OG0000709	Prau.g_00899	Praa.g_00850
OG0000710	Prau.g_00900	Praa.g_00851
OG0000711	Prau.g_00902	Praa.g_00852
OG0000712	Prau.g_00903	Praa.g_00853
OG0000713	Prau.g_00904	Praa.g_00854
OG0000714	Prau.g_00906	Praa.g_00856
OG0000715	Prau.g_00907	Praa.g_00857
OG0000716	Prau.g_00908	Praa.g_00858
OG0000717	Prau.g_00909	Praa.g_00859
OG0000718	Prau.g_00910	Praa.g_00860
OG0000719	Prau.g_00912	Praa.g_00862
OG0000720	Prau.g_00914	Praa.g_00864
OG0000721	Prau.g_00915	Praa.g_00865
OG0000722	Prau.g_00942	Praa.g_00892
OG0000723	Prau.g_00946	Praa.g_00896
OG0000724	Prau.g_00949	Praa.g_00899
OG0000725	Prau.g_00950	Praa.g_00900
OG0000726	Prau.g_00951	Praa.g_00901
OG0000727	Prau.g_00952	Praa.g_00902
OG0000728	Prau.g_00953	Praa.g_00903
OG0000729	Prau.g_00954	Praa.g_00904
OG0000730	Prau.g_00955	Praa.g_00905
OG0000731	Prau.g_00956	Praa.g_00907
OG0000732	Prau.g_00957	Praa.g_00908
OG0000733	Prau.g_00958	Praa.g_00909
OG0000734	Prau.g_00959	Praa.g_00910
OG0000735	Prau.g_00960	Praa.g_00911
OG0000736	Prau.g_00962	Praa.g_00913
OG0000737	Prau.g_00963	Praa.g_00914
OG0000738	Prau.g_00965	Praa.g_00916
OG0000739	Prau.g_00966	Praa.g_00917
OG0000740	Prau.g_00967	Praa.g_00918
OG0000741	Prau.g_00969	Praa.g_00920
OG0000742	Prau.g_00970	Praa.g_00921
OG0000743	Prau.g_00974	Praa.g_00924
OG0000744	Prau.g_00975	Praa.g_00925
OG0000745	Prau.g_00977	Praa.g_00926
OG0000746	Prau.g_00978	Praa.g_00927
OG0000747	Prau.g_00979	Praa.g_00928
OG0000748	Prau.g_00980	Praa.g_00929
OG0000749	Prau.g_00981	Praa.g_00930
OG0000750	Prau.g_00982	Praa.g_00931
OG0000751	Prau.g_00984	Praa.g_00933
OG0000752	Prau.g_00985	Praa.g_00934
OG0000753	Prau.g_00986	Praa.g_00935
OG0000754	Prau.g_00987	Praa.g_00936
OG0000755	Prau.g_00989	Praa.g_00938
OG0000756	Prau.g_00990	Praa.g_00939
OG0000757	Prau.g_00991	Praa.g_00940
OG0000758	Prau.g_00992	Praa.g_00941
OG0000759	Prau.g_00993	Praa.g_00942
OG0000760	Prau.g_00994	Praa.g_00943
OG0000761	Prau.g_00995	Praa.g_00944
OG0000762	Prau.g_00997	Praa.g_00946
OG0000763	Prau.g_00998	Praa.g_00947
OG0000764	Prau.g_00999	Praa.g_00948
OG0000765	Prau.g_01000	Praa.g_00949
OG0000766	Prau.g_01001	Praa.g_00950
OG0000767	Prau.g_01002	Praa.g_00951
OG0000768	Prau.g_01003	Praa.g_00952
OG0000769	Prau.g_01004	Praa.g_00953
OG0000770	Prau.g_01005	Praa.g_00954
OG0000771	Prau.g_01006	Praa.g_00955
OG0000772	Prau.g_01007	Praa.g_00956
OG0000773	Prau.g_01009	Praa.g_00958
OG0000774	Prau.g_01010	Praa.g_00959
OG0000775	Prau.g_01011	Praa.g_00960
OG0000776	Prau.g_01012	Praa.g_00961
OG0000777	Prau.g_01013	Praa.g_00962
OG0000778	Prau.g_01014	Praa.g_00963
OG0000779	Prau.g_01016	Praa.g_00965
OG0000780	Prau.g_01017	Praa.g_00966
OG0000781	Prau.g_01018	Praa.g_00967
OG0000782	Prau.g_01020	Praa.g_00969
OG0000783	Prau.g_01021	Praa.g_00970
OG0000784	Prau.g_01022	Praa.g_00971
OG0000785	Prau.g_01023	Praa.g_00972
OG0000786	Prau.g_01024	Praa.g_00973
OG0000787	Prau.g_01026	Praa.g_00975
OG0000788	Prau.g_01027	Praa.g_00976
OG0000789	Prau.g_01028	Praa.g_00977
OG0000790	Prau.g_01029	Praa.g_00978
OG0000791	Prau.g_01030	Praa.g_00979
OG0000792	Prau.g_01031	Praa.g_00980
OG0000793	Prau.g_01032	Praa.g_00981
OG0000794	Prau.g_01033	Praa.g_00982
OG0000795	Prau.g_01034	Praa.g_00983
OG0000796	Prau.g_01036	Praa.g_00985
OG0000797	Prau.g_01038	Praa.g_00987
OG0000798	Prau.g_01039	Praa.g_00988
OG0000799	Prau.g_01040	Praa.g_00989
OG0000800	Prau.g_01041	Praa.g_00990
OG0000801	Prau.g_01042	Praa.g_00991
OG0000802	Prau.g_01044	Praa.g_00993
OG0000803	Prau.g_01045	Praa.g_00994
OG0000804	Prau.g_01058	Praa.g_01008
OG0000805	Prau.g_01060	Praa.g_01010
OG0000806	Prau.g_01061	Praa.g_01011
OG0000807	Prau.g_01062	Praa.g_01012
OG0000808	Prau.g_01063	Praa.g_01013
OG0000809	Prau.g_01067	Praa.g_01017
OG0000810	Prau.g_01068	Praa.g_01018
OG0000811	Prau.g_01069	Praa.g_01019
OG0000812	Prau.g_01070	Praa.g_01020
OG0000813	Prau.g_01071	Praa.g_01021
OG0000814	Prau.g_01072	Praa.g_01022
OG0000815	Prau.g_01073	Praa.g_01023
OG0000816	Prau.g_01075	Praa.g_01025
OG0000817	Prau.g_01078	Praa.g_01028
OG0000818	Prau.g_01079	Praa.g_01029
OG0000819	Prau.g_01081	Praa.g_01031
OG0000820	Prau.g_01082	Praa.g_01032
OG0000821	Prau.g_01083	Praa.g_01033
OG0000822	Prau.g_01084	Praa.g_01034
OG0000823	Prau.g_01087	Praa.g_01037
OG0000824	Prau.g_01088	Praa.g_01038
OG0000825	Prau.g_01090	Praa.g_01040
OG0000826	Prau.g_01091	Praa.g_01041
OG0000827	Prau.g_01092	Praa.g_01042
OG0000828	Prau.g_01094	Praa.g_01044
OG0000829	Prau.g_01118	Praa.g_01070
OG0000830	Prau.g_01127	Praa.g_01080
OG0000831	Prau.g_01130	Praa.g_01083
OG0000832	Prau.g_01131	Praa.g_01084
OG0000833	Prau.g_01138	Praa.g_01091
OG0000834	Prau.g_01142	Praa.g_01095
OG0000835	Prau.g_01146	Praa.g_01099
OG0000836	Prau.g_01148	Praa.g_01101
OG0000837	Prau.g_01160	Praa.g_01115
OG0000838	Prau.g_01175	Praa.g_01128
OG0000839	Prau.g_01176	Praa.g_01129
OG0000840	Prau.g_01181	Praa.g_01134
OG0000841	Prau.g_01188	Praa.g_01141
OG0000842	Prau.g_01192	Praa.g_01145
OG0000843	Prau.g_01194	Praa.g_01147
OG0000844	Prau.g_01195	Praa.g_01148
OG0000845	Prau.g_01196	Praa.g_01149
OG0000846	Prau.g_01197	Praa.g_01150
OG0000847	Prau.g_01198	Praa.g_01151
OG0000848	Prau.g_01199	Praa.g_01152
OG0000849	Prau.g_01200	Praa.g_01153
OG0000850	Prau.g_01201	Praa.g_01154
OG0000851	Prau.g_01203	Praa.g_01156
OG0000852	Prau.g_01205	Praa.g_01158
OG0000853	Prau.g_01207	Praa.g_01160
OG0000854	Prau.g_01208	Praa.g_01161
OG0000855	Prau.g_01209	Praa.g_01162
OG0000856	Prau.g_01210	Praa.g_01163
OG0000857	Prau.g_01211	Praa.g_01164
OG0000858	Prau.g_01213	Praa.g_01166
OG0000859	Prau.g_01214	Praa.g_01167
OG0000860	Prau.g_01215	Praa.g_01168
OG0000861	Prau.g_01216	Praa.g_01169
OG0000862	Prau.g_01217	Praa.g_01170
OG0000863	Prau.g_01218	Praa.g_01171
OG0000864	Prau.g_01219	Praa.g_01172
OG0000865	Prau.g_01220	Praa.g_01173
OG0000866	Prau.g_01221	Praa.g_01174
OG0000867	Prau.g_01224	Praa.g_01177
OG0000868	Prau.g_01226	Praa.g_01179
OG0000869	Prau.g_01227	Praa.g_01180
OG0000870	Prau.g_01228	Praa.g_01181
OG0000871	Prau.g_01229	Praa.g_01182
OG0000872	Prau.g_01230	Praa.g_01183
OG0000873	Prau.g_01231	Praa.g_01184
OG0000874	Prau.g_01232	Praa.g_01185
OG0000875	Prau.g_01233	Praa.g_01186
OG0000876	Prau.g_01235	Praa.g_01188
OG0000877	Prau.g_01236	Praa.g_01189
OG0000878	Prau.g_01237	Praa.g_01190
OG0000879	Prau.g_01238	Praa.g_01191
OG0000880	Prau.g_01239	Praa.g_01192
OG0000881	Prau.g_01240	Praa.g_01193
OG0000882	Prau.g_01241	Praa.g_01194
OG0000883	Prau.g_01242	Praa.g_01195
OG0000884	Prau.g_01243	Praa.g_01196
OG0000885	Prau.g_01244	Praa.g_01197
OG0000886	Prau.g_01245	Praa.g_01198
OG0000887	Prau.g_01246	Praa.g_01199
OG0000888	Prau.g_01247	Praa.g_01200
OG0000889	Prau.g_01248	Praa.g_01201
OG0000890	Prau.g_01249	Praa.g_01202
OG0000891	Prau.g_01250	Praa.g_01203
OG0000892	Prau.g_01251	Praa.g_01204
OG0000893	Prau.g_01252	Praa.g_01205
OG0000894	Prau.g_01254	Praa.g_01207
OG0000895	Prau.g_01255	Praa.g_01208
OG0000896	Prau.g_01257	Praa.g_01210
OG0000897	Prau.g_01258	Praa.g_01211
OG0000898	Prau.g_01259	Praa.g_01212
OG0000899	Prau.g_01260	Praa.g_01213
OG0000900	Prau.g_01262	Praa.g_01215
OG0000901	Prau.g_01346	Praa.g_01290
OG0000902	Prau.g_01359	Praa.g_01307
OG0000903	Prau.g_01360	Praa.g_01308
OG0000904	Prau.g_01361	Praa.g_01309
OG0000905	Prau.g_01362	Praa.g_01310
OG0000906	Prau.g_01363	Praa.g_01311
OG0000907	Prau.g_01366	Praa.g_01313
OG0000908	Prau.g_01367	Praa.g_01314
OG0000909	Prau.g_01368	Praa.g_01315
OG0000910	Prau.g_01369	Praa.g_01316
OG0000911	Prau.g_01370	Praa.g_01317
OG0000912	Prau.g_01373	Praa.g_01320
OG0000913	Prau.g_01374	Praa.g_01321
OG0000914	Prau.g_01375	Praa.g_01322
OG0000915	Prau.g_01377	Praa.g_01324
OG0000916	Prau.g_01378	Praa.g_01325
OG0000917	Prau.g_01379	Praa.g_01326
OG0000918	Prau.g_01380	Praa.g_01327
OG0000919	Prau.g_01381	Praa.g_01328
OG0000920	Prau.g_01382	Praa.g_01329
OG0000921	Prau.g_01384	Praa.g_01331
OG0000922	Prau.g_01385	Praa.g_01332
OG0000923	Prau.g_01391	Praa.g_01348
OG0000924	Prau.g_01392	Praa.g_01349
OG0000925	Prau.g_01395	Praa.g_01352
OG0000926	Prau.g_01396	Praa.g_01353
OG0000927	Prau.g_01397	Praa.g_01354
OG0000928	Prau.g_01399	Praa.g_01356
OG0000929	Prau.g_01401	Praa.g_01358
OG0000930	Prau.g_01403	Praa.g_01360
OG0000931	Prau.g_01404	Praa.g_01361
OG0000932	Prau.g_01407	Praa.g_01364
OG0000933	Prau.g_01411	Praa.g_01368
OG0000934	Prau.g_01412	Praa.g_01369
OG0000935	Prau.g_01413	Praa.g_01370
OG0000936	Prau.g_01414	Praa.g_01371
OG0000937	Prau.g_01415	Praa.g_01372
OG0000938	Prau.g_01416	Praa.g_01373
OG0000939	Prau.g_01417	Praa.g_01374
OG0000940	Prau.g_01418	Praa.g_01375
OG0000941	Prau.g_01419	Praa.g_01376
OG0000942	Prau.g_01420	Praa.g_01377
OG0000943	Prau.g_01421	Praa.g_01378
OG0000944	Prau.g_01422	Praa.g_01379
OG0000945	Prau.g_01423	Praa.g_01380
OG0000946	Prau.g_01424	Praa.g_01381
OG0000947	Prau.g_01425	Praa.g_01382
OG0000948	Prau.g_01426	Praa.g_01383
OG0000949	Prau.g_01427	Praa.g_01384
OG0000950	Prau.g_01436	Praa.g_01395
OG0000951	Prau.g_01510	Praa.g_01458
OG0000952	Prau.g_01511	Praa.g_01459
OG0000953	Prau.g_01512	Praa.g_01460
OG0000954	Prau.g_01513	Praa.g_01461
OG0000955	Prau.g_01514	Praa.g_01462
OG0000956	Prau.g_01516	Praa.g_01464
OG0000957	Prau.g_01517	Praa.g_01465
OG0000958	Prau.g_01518	Praa.g_01466
OG0000959	Prau.g_01519	Praa.g_01467
OG0000960	Prau.g_01520	Praa.g_01468
OG0000961	Prau.g_01521	Praa.g_01469
OG0000962	Prau.g_01522	Praa.g_01470
OG0000963	Prau.g_01523	Praa.g_01471
OG0000964	Prau.g_01524	Praa.g_01472
OG0000965	Prau.g_01526	Praa.g_01474
OG0000966	Prau.g_01527	Praa.g_01475
OG0000967	Prau.g_01533	Praa.g_01478
OG0000968	Prau.g_01534	Praa.g_01479
OG0000969	Prau.g_01535	Praa.g_01480
OG0000970	Prau.g_01536	Praa.g_01481
OG0000971	Prau.g_01537	Praa.g_01482
OG0000972	Prau.g_01538	Praa.g_01483
OG0000973	Prau.g_01540	Praa.g_01485
OG0000974	Prau.g_01541	Praa.g_01486
OG0000975	Prau.g_01542	Praa.g_01487
OG0000976	Prau.g_01543	Praa.g_01488
OG0000977	Prau.g_01544	Praa.g_01489
OG0000978	Prau.g_01545	Praa.g_01490
OG0000979	Prau.g_01546	Praa.g_01491
OG0000980	Prau.g_01547	Praa.g_01492
OG0000981	Prau.g_01548	Praa.g_01493
OG0000982	Prau.g_01549	Praa.g_01494
OG0000983	Prau.g_01550	Praa.g_01495
OG0000984	Prau.g_01554	Praa.g_01499
OG0000985	Prau.g_01555	Praa.g_01500
OG0000986	Prau.g_01556	Praa.g_01501
OG0000987	Prau.g_01558	Praa.g_01503
OG0000988	Prau.g_01559	Praa.g_01504
OG0000989	Prau.g_01560	Praa.g_01505
OG0000990	Prau.g_01561	Praa.g_01506
OG0000991	Prau.g_01562	Praa.g_01507
OG0000992	Prau.g_01563	Praa.g_01508
OG0000993	Prau.g_01564	Praa.g_01509
OG0000994	Prau.g_01565	Praa.g_01510
OG0000995	Prau.g_01566	Praa.g_01511
OG0000996	Prau.g_01567	Praa.g_01512
OG0000997	Prau.g_01569	Praa.g_01514
OG0000998	Prau.g_01572	Praa.g_01517
OG0000999	Prau.g_01574	Praa.g_01519
OG0001000	Prau.g_01575	Praa.g_01520
OG0001001	Prau.g_01576	Praa.g_01521
OG0001002	Prau.g_01578	Praa.g_01523
OG0001003	Prau.g_01579	Praa.g_01524
OG0001004	Prau.g_01580	Praa.g_01525
OG0001005	Prau.g_01581	Praa.g_01526
OG0001006	Prau.g_01583	Praa.g_01528
OG0001007	Prau.g_01584	Praa.g_01529
OG0001008	Prau.g_01585	Praa.g_01530
OG0001009	Prau.g_01586	Praa.g_01531
OG0001010	Prau.g_01587	Praa.g_01532
OG0001011	Prau.g_01588	Praa.g_01533
OG0001012	Prau.g_01589	Praa.g_01534
OG0001013	Prau.g_01590	Praa.g_01535
OG0001014	Prau.g_01591	Praa.g_01536
OG0001015	Prau.g_01592	Praa.g_01537
OG0001016	Prau.g_01593	Praa.g_01538
OG0001017	Prau.g_01594	Praa.g_01539
OG0001018	Prau.g_01595	Praa.g_01541
OG0001019	Prau.g_01596	Praa.g_01542
OG0001020	Prau.g_01597	Praa.g_01543
OG0001021	Prau.g_01598	Praa.g_01544
OG0001022	Prau.g_01599	Praa.g_01545
OG0001023	Prau.g_01600	Praa.g_01546
OG0001024	Prau.g_01602	Praa.g_01548
OG0001025	Prau.g_01603	Praa.g_01549
OG0001026	Prau.g_01604	Praa.g_01550
OG0001027	Prau.g_01605	Praa.g_01551
OG0001028	Prau.g_01606	Praa.g_01552
OG0001029	Prau.g_01607	Praa.g_01553
OG0001030	Prau.g_01610	Praa.g_01556
OG0001031	Prau.g_01611	Praa.g_01557
OG0001032	Prau.g_01619	Praa.g_01565
OG0001033	Prau.g_01626	Praa.g_01572
OG0001034	Prau.g_01652	Praa.g_01600
OG0001035	Prau.g_01726	Praa.g_01629
OG0001036	Prau.g_01727	Praa.g_01630
OG0001037	Prau.g_01733	Praa.g_01636
OG0001038	Prau.g_01734	Praa.g_01637
OG0001039	Prau.g_01735	Praa.g_01638
OG0001040	Prau.g_01736	Praa.g_01639
OG0001041	Prau.g_01738	Praa.g_01641
OG0001042	Prau.g_01739	Praa.g_01642
OG0001043	Prau.g_01740	Praa.g_01643
OG0001044	Prau.g_01741	Praa.g_01644
OG0001045	Prau.g_01742	Praa.g_01645
OG0001046	Prau.g_01743	Praa.g_01646
OG0001047	Prau.g_01744	Praa.g_01647
OG0001048	Prau.g_01746	Praa.g_01649
OG0001049	Prau.g_01747	Praa.g_01650
OG0001050	Prau.g_01748	Praa.g_01651
OG0001051	Prau.g_01749	Praa.g_01652
OG0001052	Prau.g_01750	Praa.g_01653
OG0001053	Prau.g_01751	Praa.g_01654
OG0001054	Prau.g_01752	Praa.g_01655
OG0001055	Prau.g_01753	Praa.g_01656
OG0001056	Prau.g_01754	Praa.g_01657
OG0001057	Prau.g_01756	Praa.g_01659
OG0001058	Prau.g_01757	Praa.g_01660
OG0001059	Prau.g_01758	Praa.g_01661
OG0001060	Prau.g_01759	Praa.g_01662
OG0001061	Prau.g_01760	Praa.g_01663
OG0001062	Prau.g_01761	Praa.g_01665
OG0001063	Prau.g_01762	Praa.g_01666
OG0001064	Prau.g_01763	Praa.g_01667
OG0001065	Prau.g_01764	Praa.g_01668
OG0001066	Prau.g_01765	Praa.g_01669
OG0001067	Prau.g_01766	Praa.g_01670
OG0001068	Prau.g_01767	Praa.g_01671
OG0001069	Prau.g_01770	Praa.g_01674
OG0001070	Prau.g_01772	Praa.g_01676
OG0001071	Prau.g_01773	Praa.g_01677
OG0001072	Prau.g_01774	Praa.g_01678
OG0001073	Prau.g_01775	Praa.g_01679
OG0001074	Prau.g_01776	Praa.g_01680
OG0001075	Prau.g_01777	Praa.g_01682
OG0001076	Prau.g_01779	Praa.g_01684
OG0001077	Prau.g_01780	Praa.g_01685
OG0001078	Prau.g_01781	Praa.g_01686
OG0001079	Prau.g_01782	Praa.g_01687
OG0001080	Prau.g_01783	Praa.g_01688
OG0001081	Prau.g_01784	Praa.g_01689
OG0001082	Prau.g_01785	Praa.g_01690
OG0001083	Prau.g_01786	Praa.g_01691
OG0001084	Prau.g_01787	Praa.g_01692
OG0001085	Prau.g_01788	Praa.g_01693
OG0001086	Prau.g_01794	Praa.g_01699
OG0001087	Prau.g_01795	Praa.g_01700
OG0001088	Prau.g_01796	Praa.g_01701
OG0001089	Prau.g_01798	Praa.g_01703
OG0001090	Prau.g_01799	Praa.g_01704
OG0001091	Prau.g_01800	Praa.g_01705
OG0001092	Prau.g_01801	Praa.g_01706
OG0001093	Prau.g_01802	Praa.g_01707
OG0001094	Prau.g_01803	Praa.g_01708
OG0001095	Prau.g_01804	Praa.g_01709
OG0001096	Prau.g_01805	Praa.g_01710
OG0001097	Prau.g_01806	Praa.g_01711
OG0001098	Prau.g_01807	Praa.g_01712
OG0001099	Prau.g_01808	Praa.g_01713
OG0001100	Prau.g_01809	Praa.g_01714
OG0001101	Prau.g_01810	Praa.g_01715
OG0001102	Prau.g_01813	Praa.g_01718
OG0001103	Prau.g_01814	Praa.g_01719
OG0001104	Prau.g_01815	Praa.g_01720
OG0001105	Prau.g_01817	Praa.g_01722
OG0001106	Prau.g_01819	Praa.g_01724
OG0001107	Prau.g_01820	Praa.g_01725
OG0001108	Prau.g_01821	Praa.g_01726
OG0001109	Prau.g_01827	Praa.g_01733
OG0001110	Prau.g_01829	Praa.g_01735
OG0001111	Prau.g_01830	Praa.g_01736
OG0001112	Prau.g_01831	Praa.g_01737
OG0001113	Prau.g_01832	Praa.g_01738
OG0001114	Prau.g_01833	Praa.g_01739
OG0001115	Prau.g_01834	Praa.g_01740
OG0001116	Prau.g_01835	Praa.g_01741
OG0001117	Prau.g_01836	Praa.g_01742
OG0001118	Prau.g_01837	Praa.g_01743
OG0001119	Prau.g_01838	Praa.g_01744
OG0001120	Prau.g_01839	Praa.g_01745
OG0001121	Prau.g_01840	Praa.g_01746
OG0001122	Prau.g_01841	Praa.g_01747
OG0001123	Prau.g_01842	Praa.g_01748
OG0001124	Prau.g_01843	Praa.g_01749
OG0001125	Prau.g_01844	Praa.g_01750
OG0001126	Prau.g_01845	Praa.g_01751
OG0001127	Prau.g_01846	Praa.g_01752
OG0001128	Prau.g_01847	Praa.g_01753
OG0001129	Prau.g_01848	Praa.g_01754
OG0001130	Prau.g_01849	Praa.g_01755
OG0001131	Prau.g_01850	Praa.g_01756
OG0001132	Prau.g_01851	Praa.g_01757
OG0001133	Prau.g_01852	Praa.g_01758
OG0001134	Prau.g_01853	Praa.g_01759
OG0001135	Prau.g_01854	Praa.g_01760
OG0001136	Prau.g_01855	Praa.g_01761
OG0001137	Prau.g_01856	Praa.g_01762
OG0001138	Prau.g_01857	Praa.g_01763
OG0001139	Prau.g_01858	Praa.g_01764
OG0001140	Prau.g_01859	Praa.g_01765
OG0001141	Prau.g_01861	Praa.g_01767
OG0001142	Prau.g_01862	Praa.g_01768
OG0001143	Prau.g_01863	Praa.g_01769
OG0001144	Prau.g_01865	Praa.g_01771
OG0001145	Prau.g_01867	Praa.g_01773
OG0001146	Prau.g_01868	Praa.g_01774
OG0001147	Prau.g_01870	Praa.g_01776
OG0001148	Prau.g_01871	Praa.g_01777
OG0001149	Prau.g_01872	Praa.g_01778
OG0001150	Prau.g_01875	Praa.g_01781
OG0001151	Prau.g_01876	Praa.g_01782
OG0001152	Prau.g_01877	Praa.g_01783
OG0001153	Prau.g_01878	Praa.g_01784
OG0001154	Prau.g_01879	Praa.g_01785
OG0001155	Prau.g_01880	Praa.g_01786
OG0001156	Prau.g_01881	Praa.g_01787
OG0001157	Prau.g_01883	Praa.g_01789
OG0001158	Prau.g_01884	Praa.g_01790
OG0001159	Prau.g_01885	Praa.g_01791
OG0001160	Prau.g_01886	Praa.g_01792
OG0001161	Prau.g_01889	Praa.g_01796
OG0001162	Prau.g_01890	Praa.g_01797
OG0001163	Prau.g_01891	Praa.g_01798
OG0001164	Prau.g_01892	Praa.g_01799
OG0001165	Prau.g_01893	Praa.g_01800
OG0001166	Prau.g_01894	Praa.g_01801
OG0001167	Prau.g_01895	Praa.g_01802
OG0001168	Prau.g_01897	Praa.g_01804
OG0001169	Prau.g_01898	Praa.g_01805
OG0001170	Prau.g_01900	Praa.g_01807
OG0001171	Prau.g_01901	Praa.g_01808
OG0001172	Prau.g_01902	Praa.g_01809
OG0001173	Prau.g_01904	Praa.g_01811
OG0001174	Prau.g_01906	Praa.g_01813
OG0001175	Prau.g_01908	Praa.g_01815
OG0001176	Prau.g_01909	Praa.g_01816
OG0001177	Prau.g_01911	Praa.g_01818
OG0001178	Prau.g_01912	Praa.g_01819
OG0001179	Prau.g_01913	Praa.g_01820
OG0001180	Prau.g_01914	Praa.g_01821
OG0001181	Prau.g_01915	Praa.g_01822
OG0001182	Prau.g_01916	Praa.g_01823
OG0001183	Prau.g_01917	Praa.g_01824
OG0001184	Prau.g_01918	Praa.g_01825
OG0001185	Prau.g_01919	Praa.g_01826
OG0001186	Prau.g_01920	Praa.g_01827
OG0001187	Prau.g_01921	Praa.g_01828
OG0001188	Prau.g_01922	Praa.g_01829
OG0001189	Prau.g_01923	Praa.g_01830
OG0001190	Prau.g_01924	Praa.g_01831
OG0001191	Prau.g_01926	Praa.g_01833
OG0001192	Prau.g_01928	Praa.g_01835
OG0001193	Prau.g_01929	Praa.g_01836
OG0001194	Prau.g_01930	Praa.g_01837
OG0001195	Prau.g_01931	Praa.g_01838
OG0001196	Prau.g_01933	Praa.g_01840
OG0001197	Prau.g_01936	Praa.g_01843
OG0001198	Prau.g_01937	Praa.g_01844
OG0001199	Prau.g_01938	Praa.g_01845
OG0001200	Prau.g_01939	Praa.g_01846
OG0001201	Prau.g_01940	Praa.g_01847
OG0001202	Prau.g_01941	Praa.g_01848
OG0001203	Prau.g_01943	Praa.g_01850
OG0001204	Prau.g_01946	Praa.g_01853
OG0001205	Prau.g_01947	Praa.g_01854
OG0001206	Prau.g_01949	Praa.g_01856
OG0001207	Prau.g_01950	Praa.g_01857
OG0001208	Prau.g_01951	Praa.g_01858
OG0001209	Prau.g_01952	Praa.g_01859
OG0001210	Prau.g_01953	Praa.g_01860
OG0001211	Prau.g_01954	Praa.g_01861
OG0001212	Prau.g_01955	Praa.g_01862
OG0001213	Prau.g_01956	Praa.g_01863
OG0001214	Prau.g_01957	Praa.g_01864
OG0001215	Prau.g_01958	Praa.g_01865
OG0001216	Prau.g_01959	Praa.g_01866
OG0001217	Prau.g_01960	Praa.g_01867
OG0001218	Prau.g_01961	Praa.g_01868
OG0001219	Prau.g_01962	Praa.g_01869
OG0001220	Prau.g_01963	Praa.g_01870
OG0001221	Prau.g_01964	Praa.g_01871
OG0001222	Prau.g_01966	Praa.g_01873
OG0001223	Prau.g_01968	Praa.g_01875
OG0001224	Prau.g_01969	Praa.g_01876
OG0001225	Prau.g_01971	Praa.g_01878
OG0001226	Prau.g_01972	Praa.g_01879
OG0001227	Prau.g_01973	Praa.g_01880
OG0001228	Prau.g_01974	Praa.g_01881
OG0001229	Prau.g_01975	Praa.g_01882
OG0001230	Prau.g_01976	Praa.g_01883
OG0001231	Prau.g_01977	Praa.g_01884
OG0001232	Prau.g_01979	Praa.g_01886
OG0001233	Prau.g_01980	Praa.g_01887
OG0001234	Prau.g_01981	Praa.g_01888
OG0001235	Prau.g_01982	Praa.g_01889
OG0001236	Prau.g_01983	Praa.g_01890
OG0001237	Prau.g_01985	Praa.g_01892
OG0001238	Prau.g_01986	Praa.g_01893
OG0001239	Prau.g_01989	Praa.g_01896
OG0001240	Prau.g_01990	Praa.g_01897
OG0001241	Prau.g_01991	Praa.g_01898
OG0001242	Prau.g_01992	Praa.g_01899
OG0001243	Prau.g_01993	Praa.g_01900
OG0001244	Prau.g_01994	Praa.g_01901
OG0001245	Prau.g_01995	Praa.g_01902
OG0001246	Prau.g_01996	Praa.g_01903
OG0001247	Prau.g_01997	Praa.g_01904
OG0001248	Prau.g_01998	Praa.g_01905
OG0001249	Prau.g_01999	Praa.g_01906
OG0001250	Prau.g_02000	Praa.g_01907
OG0001251	Prau.g_02001	Praa.g_01908
OG0001252	Prau.g_02002	Praa.g_01909
OG0001253	Prau.g_02003	Praa.g_01910
OG0001254	Prau.g_02005	Praa.g_01912
OG0001255	Prau.g_02006	Praa.g_01913
OG0001256	Prau.g_02008	Praa.g_01915
OG0001257	Prau.g_02009	Praa.g_01916
OG0001258	Prau.g_02010	Praa.g_01917
OG0001259	Prau.g_02012	Praa.g_01919
OG0001260	Prau.g_02014	Praa.g_01920
OG0001261	Prau.g_02015	Praa.g_01921
OG0001262	Prau.g_02016	Praa.g_01922
OG0001263	Prau.g_02017	Praa.g_01923
OG0001264	Prau.g_02018	Praa.g_01924
OG0001265	Prau.g_02019	Praa.g_01925
OG0001266	Prau.g_02020	Praa.g_01926
OG0001267	Prau.g_02021	Praa.g_01927
OG0001268	Prau.g_02022	Praa.g_01928
OG0001269	Prau.g_00093	Praa.g_00092
OG0001270	Prau.g_00139	Praa.g_00138
OG0001271	Prau.g_00151	Praa.g_00150
OG0001272	Prau.g_00283	Praa.g_00281
OG0001273	Prau.g_00335	Praa.g_00333
OG0001274	Prau.g_00523	Praa.g_00482
OG0001275	Prau.g_00539	Praa.g_00498
OG0001276	Prau.g_00628	Praa.g_00590
OG0001277	Prau.g_00799	Praa.g_00750
OG0001278	Prau.g_00905	Praa.g_00855
OG0001280	Prau.g_01065	Praa.g_01015
OG0001281	Prau.g_01112	Praa.g_01064
OG0001282	Prau.g_01129	Praa.g_01082
OG0001283	Prau.g_01134	Praa.g_01087
OG0001284	Prau.g_01144	Praa.g_01097
OG0001285	Prau.g_01191	Praa.g_01144
OG0001286	Prau.g_01204	Praa.g_01157
OG0001287	Prau.g_01433	Praa.g_01396
OG0001288	Prau.g_01571	Praa.g_01516
OG0001289	Prau.g_01582	Praa.g_01527
OG0001290	Prau.g_01624	Praa.g_01570
OG0001291	Prau.g_01625	Praa.g_01571
OG0001292	Prau.g_01630	Praa.g_01576
OG0001293	Prau.g_01645	Praa.g_01593
OG0001294	Prau.g_01657	Praa.g_01605
OG0001295	Prau.g_01662	Praa.g_01618
OG0001296	Prau.g_01724	Praa.g_01627
OG0001297	Prau.g_01728	Praa.g_01631
OG0001298	Prau.g_01731	Praa.g_01634
OG0001299	Prau.g_01797	Praa.g_01702
OG0001300	Prau.g_01822	Praa.g_01727
OG0001301	Prau.g_01907	Praa.g_01814
OG0001302	Prau.g_01935	Praa.g_01842
OG0001303	Prau.g_01967	Praa.g_01874
OG0001304	Prau.g_02011	Praa.g_01918
OG0001309	Prau.g_00075	Praa.g_00074
OG0001310	Prau.g_00077	Praa.g_00076
OG0001311	Prau.g_00094	Praa.g_00093
OG0001312	Prau.g_00120	Praa.g_00119
OG0001313	Prau.g_00126	Praa.g_00125
OG0001314	Prau.g_00200	Praa.g_00199
OG0001315	Prau.g_00245	Praa.g_00243
OG0001316	Prau.g_00254	Praa.g_00252
OG0001317	Prau.g_00376	Praa.g_00372
OG0001318	Prau.g_00677	Praa.g_00637
OG0001319	Prau.g_00809	Praa.g_00758
OG0001320	Prau.g_01080	Praa.g_01030
OG0001321	Prau.g_01085	Praa.g_01035
OG0001322	Prau.g_01120	Praa.g_01072
OG0001323	Prau.g_01155	Praa.g_01109
OG0001324	Prau.g_01159	Praa.g_01113
OG0001325	Prau.g_01165	Praa.g_01120
OG0001326	Prau.g_01234	Praa.g_01187
OG0001327	Prau.g_01393	Praa.g_01350
OG0001328	Prau.g_01628	Praa.g_01574
OG0001329	Prau.g_01755	Praa.g_01658
OG0001330	Prau.g_01789	Praa.g_01694
OG0001331	Prau.g_01903	Praa.g_01810
OG0001332	Prau.g_00142	Praa.g_00141
OG0001333	Prau.g_00239	Praa.g_00238
OG0001334	Prau.g_00509	Praa.g_00467
OG0001335	Prau.g_01104	Praa.g_01055
OG0001336	Prau.g_01123	Praa.g_01075
OG0001337	Prau.g_01137	Praa.g_01090
OG0001338	Prau.g_01345	Praa.g_01289
OG0001339	Prau.g_01376	Praa.g_01323
OG0001340	Prau.g_01429	Praa.g_01386
OG0001341	Prau.g_01621	Praa.g_01567
OG0001342	Prau.g_01632	Praa.g_01578
OG0001343	Prau.g_01729	Praa.g_01632
OG0001344	Prau.g_01778	Praa.g_01683
OG0001345	Prau.g_01873	Praa.g_01779
OG0001346	Prau.g_01927	Praa.g_01834
OG0001347	Prau.g_01965	Praa.g_01872
OG0001349	Prau.g_00119	Praa.g_00118
OG0001350	Prau.g_00145	Praa.g_00144
OG0001351	Prau.g_00204	Praa.g_00203
OG0001352	Prau.g_00250	Praa.g_00248
OG0001353	Prau.g_00263	Praa.g_00261
OG0001354	Prau.g_00282	Praa.g_00280
OG0001355	Prau.g_00341	Praa.g_00339
OG0001356	Prau.g_00381	Praa.g_00377
OG0001357	Prau.g_00475	Praa.g_00434
OG0001358	Prau.g_00513	Praa.g_00472
OG0001359	Prau.g_00527	Praa.g_00486
OG0001360	Prau.g_00550	Praa.g_00509
OG0001361	Prau.g_00555	Praa.g_00514
OG0001362	Prau.g_00616	Praa.g_00577
OG0001363	Prau.g_00743	Praa.g_00703
OG0001364	Prau.g_00838	Praa.g_00786
OG0001365	Prau.g_00894	Praa.g_00845
OG0001366	Prau.g_00940	Praa.g_00890
OG0001367	Prau.g_01043	Praa.g_00992
OG0001368	Prau.g_01064	Praa.g_01014
OG0001369	Prau.g_01178	Praa.g_01131
OG0001370	Prau.g_01179	Praa.g_01132
OG0001371	Prau.g_01256	Praa.g_01209
OG0001372	Prau.g_01320	Praa.g_01257
OG0001373	Prau.g_01601	Praa.g_01547
OG0001374	Prau.g_01272	Praa.g_01698, Praa.g_01611
OG0001375	Prau.g_01769	Praa.g_01673
OG0001376	Prau.g_01811	Praa.g_01716
OG0001377	Prau.g_01934	Praa.g_01841
OG0001379	Prau.g_00069	Praa.g_00067
OG0001380	Prau.g_00070	Praa.g_00068
OG0001381	Prau.g_00088	Praa.g_00087
OG0001382	Prau.g_00136	Praa.g_00135
OG0001383	Prau.g_00235	Praa.g_00234
OG0001384	Prau.g_00258	Praa.g_00256
OG0001385	Prau.g_00274	Praa.g_00272
OG0001386	Prau.g_00364	Praa.g_00361
OG0001389	Prau.g_00495	Praa.g_00453
OG0001390	Prau.g_00502	Praa.g_00460
OG0001391	Prau.g_00545	Praa.g_00504
OG0001392	Prau.g_00552	Praa.g_00511
OG0001393	Prau.g_00560	Praa.g_00519
OG0001394	Prau.g_00706	Praa.g_00666
OG0001395	Prau.g_00714	Praa.g_00674
OG0001396	Prau.g_00716	Praa.g_00676
OG0001397	Prau.g_00722	Praa.g_00682
OG0001398	Prau.g_00760	Praa.g_00716
OG0001399	Prau.g_00840	Praa.g_00788
OG0001400	Prau.g_00939	Praa.g_00889
OG0001401	Prau.g_00941	Praa.g_00891
OG0001402	Prau.g_00961	Praa.g_00912
OG0001403	Prau.g_00964	Praa.g_00915
OG0001404	Prau.g_01047	Praa.g_00996
OG0001405	Prau.g_01074	Praa.g_01024
OG0001406	Prau.g_01093	Praa.g_01043
OG0001407	Prau.g_01102	Praa.g_01053
OG0001408	Prau.g_01110	Praa.g_01062
OG0001409	Prau.g_01117	Praa.g_01069
OG0001410	Prau.g_01193	Praa.g_01146
OG0001411	Prau.g_01348	Praa.g_01292
OG0001412	Prau.g_01372	Praa.g_01319
OG0001413	Prau.g_01400	Praa.g_01357
OG0001414	Prau.g_01410	Praa.g_01367
OG0001415	Prau.g_01570	Praa.g_01515
OG0001416	Prau.g_01573	Praa.g_01518
OG0001417	Prau.g_01622	Praa.g_01568
OG0001418	Prau.g_01635	Praa.g_01581
OG0001419	Prau.g_01659	Praa.g_01607
OG0001420	Prau.g_01335	Praa.g_01626
OG0001424	Prau.g_00063	Praa.g_00062
OG0001425	Prau.g_00328	Praa.g_00326
OG0001426	Prau.g_00366	Praa.g_00363
OG0001427	Prau.g_00562	Praa.g_00521
OG0001428	Prau.g_00797	Praa.g_00748
OG0001429	Prau.g_00812	Praa.g_00761
OG0001430	Prau.g_00844	Praa.g_00792
OG0001431	Prau.g_00943	Praa.g_00893
OG0001432	Prau.g_00947	Praa.g_00897
OG0001433	Prau.g_01107	Praa.g_01058
OG0001434	Prau.g_01180	Praa.g_01133
OG0001435	Prau.g_01270	Praa.g_01223
OG0001436	Prau.g_01640	Praa.g_01587
OG0001438	Prau.g_02007	Praa.g_01914
OG0001440	Prau.g_00375	Praa.g_00371
OG0001442	Prau.g_01057	Praa.g_01007
OG0001443	Prau.g_01108	Praa.g_01060
OG0001444	Prau.g_01111	Praa.g_01063
OG0001445	Prau.g_01634	Praa.g_01580
OG0001448	Prau.g_00660	Praa.g_00620
OG0001449	Prau.g_01147	Praa.g_01100
OG0001450	Prau.g_01168	Praa.g_01123
OG0001451	Prau.g_01190	Praa.g_01143
OG0001452	Prau.g_01225	Praa.g_01178
OG0001453	Prau.g_01336	Praa.g_01246
OG0001454	Prau.g_01338	Praa.g_01248
OG0001455	Prau.g_01339	Praa.g_01249
OG0001456	Prau.g_01653	Praa.g_01601
OG0001457	Prau.g_01530	Praa.g_01624, Praa.g_01794
OG0001460	Prau.g_00369	Praa.g_00366
OG0001461	Prau.g_00379	Praa.g_00375
OG0001462	Prau.g_00395	Praa.g_00387
OG0001463	Prau.g_00440	Praa.g_00410
OG0001464	Prau.g_00599	Praa.g_00560
OG0001466	Prau.g_00742	Praa.g_00702
OG0001469	Prau.g_00917	Praa.g_00867
OG0001470	Prau.g_01056	Praa.g_01006
OG0001471	Prau.g_01101	Praa.g_01052
OG0001472	Prau.g_01106	Praa.g_01057
OG0001473	Prau.g_01109	Praa.g_01061
OG0001474	Prau.g_01341	Praa.g_01284
OG0001475	Prau.g_01709	Praa.g_01296
OG0001476	Prau.g_01525	Praa.g_01473
OG0001478	Prau.g_01896	Praa.g_01803
OG0001482	Prau.g_00322	Praa.g_00320
OG0001483	Prau.g_01351	Praa.g_01299
OG0001483	Prau.g_01301	Praa.g_00412
OG0001484	Prau.g_00431, Prau.g_00457	Praa.g_00416
OG0001485	Prau.g_00916	Praa.g_00866
OG0001486	Prau.g_00925	Praa.g_00875
OG0001487	Prau.g_00988	Praa.g_00937
OG0001488	Prau.g_01097	Praa.g_01048
OG0001489	Prau.g_01098	Praa.g_01049
OG0001490	Prau.g_01099	Praa.g_01050
OG0001491	Prau.g_01105	Praa.g_01056
OG0001492	Prau.g_01132	Praa.g_01085
OG0001493	Prau.g_01141	Praa.g_01094
OG0001494	Prau.g_01222	Praa.g_01175
OG0001495	Prau.g_01667	Praa.g_01237
OG0001497	Prau.g_01452	Praa.g_01397
OG0001498	Prau.g_01791	Praa.g_01696
OG0001499	Prau.g_01812	Praa.g_01717
OG0001503	Prau.g_00173	Praa.g_00172
OG0001504	Prau.g_00406	Praa.g_00394
OG0001505	Prau.g_00791	Praa.g_00741
OG0001507	Prau.g_00830	Praa.g_00778
OG0001509	Prau.g_00886	Praa.g_00837
OG0001510	Prau.g_00918	Praa.g_00868
OG0001511	Prau.g_00927	Praa.g_00877
OG0001512	Prau.g_00928	Praa.g_00878
OG0001513	Prau.g_00929	Praa.g_00879
OG0001514	Prau.g_00930	Praa.g_00880
OG0001515	Prau.g_00931	Praa.g_00881
OG0001516	Prau.g_00932	Praa.g_00882
OG0001517	Prau.g_00933	Praa.g_00883
OG0001518	Prau.g_00934	Praa.g_00884
OG0001519	Prau.g_00935	Praa.g_00885
OG0001520	Prau.g_00936	Praa.g_00886
OG0001521	Prau.g_00937	Praa.g_00887
OG0001522	Prau.g_00938	Praa.g_00888
OG0001523	Prau.g_00971	Praa.g_00922
OG0001524	Prau.g_00779	Praa.g_00998
OG0001526	Prau.g_01189	Praa.g_01142
OG0001527	Prau.g_01633	Praa.g_01579
OG0001529	Prau.g_01888	Praa.g_01795
OG0001531	Prau.g_01037	Praa.g_00986
OG0001532	Prau.g_01096	Praa.g_01047
OG0001533	Prau.g_01115	Praa.g_01067
OG0001534	Prau.g_01322	Praa.g_01260
OG0001539	Prau.g_00062	Praa.g_00061
OG0001540	Prau.g_00500	Praa.g_00458
OG0001541	Prau.g_00945	Praa.g_00895
OG0001542	Prau.g_01145	Praa.g_01098
OG0001544	Prau.g_01478	Praa.g_01340
OG0001544	Prau.g_01459	Praa.g_01403
OG0001547	Prau.g_00033	Praa.g_00034
OG0001548	Prau.g_00407	Praa.g_00395
OG0001549	Prau.g_01302	Praa.g_00411
OG0001550	Prau.g_00913	Praa.g_00863
OG0001551	Prau.g_01143	Praa.g_01096
OG0001552	Prau.g_01343	Praa.g_01286
OG0001553	Prau.g_01356	Praa.g_01304
OG0001554	Prau.g_01357	Praa.g_01305
OG0001556	Prau.g_01454	Praa.g_01436
OG0001557	Prau.g_01637	Praa.g_01583
OG0001558	Prau.g_01646	Praa.g_01594
OG0001565	Prau.g_00127	Praa.g_00126
OG0001566	Prau.g_00309	Praa.g_00307
OG0001567	Prau.g_00371	Praa.g_00368
OG0001568	Prau.g_00394	Praa.g_00386
OG0001569	Prau.g_00498	Praa.g_00456
OG0001570	Prau.g_00501	Praa.g_00459
OG0001571	Prau.g_00511	Praa.g_00469
OG0001572	Prau.g_00717	Praa.g_00677
OG0001574	Prau.g_00803	Praa.g_00753
OG0001575	Prau.g_00822	Praa.g_00770
OG0001576	Prau.g_01050	Praa.g_01001
OG0001577	Prau.g_01055	Praa.g_01005
OG0001578	Prau.g_01113	Praa.g_01065
OG0001579	Prau.g_01114	Praa.g_01066
OG0001580	Prau.g_01116	Praa.g_01068
OG0001581	Prau.g_01119	Praa.g_01071
OG0001582	Prau.g_01125	Praa.g_01078
OG0001583	Prau.g_01140	Praa.g_01093
OG0001584	Prau.g_01150	Praa.g_01103
OG0001585	Prau.g_01161	Praa.g_01116
OG0001586	Prau.g_01170	Praa.g_01124
OG0001587	Prau.g_01173	Praa.g_01126
OG0001588	Prau.g_01308	Praa.g_01251
OG0001589	Prau.g_01333	Praa.g_01281
OG0001590	Prau.g_01406	Praa.g_01363
OG0001591	Prau.g_01408	Praa.g_01365
OG0001592	Prau.g_01477	Praa.g_01398
OG0001594	Prau.g_01614	Praa.g_01560
OG0001595	Prau.g_01616	Praa.g_01562
OG0001596	Prau.g_01617	Praa.g_01563
OG0001597	Prau.g_01627	Praa.g_01573
OG0001598	Prau.g_01944	Praa.g_01851
OG0001602	Prau.g_00295	Praa.g_00293
OG0001603	Prau.g_00333	Praa.g_00331
OG0001604	Prau.g_00365	Praa.g_00362
OG0001605	Prau.g_00405	Praa.g_00393
OG0001606	Prau.g_00510	Praa.g_00468
OG0001607	Prau.g_00746	Praa.g_00706
OG0001608	Prau.g_00802	Praa.g_00752
OG0001609	Prau.g_00920	Praa.g_00870
OG0001610	Prau.g_00944	Praa.g_00894
OG0001611	Prau.g_01183	Praa.g_01136
OG0001612	Prau.g_01184	Praa.g_01137
OG0001613	Prau.g_01185	Praa.g_01138
OG0001614	Prau.g_01186	Praa.g_01139
OG0001615	Prau.g_01484	Praa.g_01336
OG0001617	Prau.g_01664	Praa.g_01619
OG0001618	Prau.g_01745	Praa.g_01648
OG0001619	Prau.g_01816	Praa.g_01721
OG0001622	Prau.g_00370	Praa.g_00367
OG0001623	Prau.g_00741	Praa.g_00701
OG0001624	Prau.g_00786	Praa.g_00736
OG0001626	Prau.g_01386	Praa.g_01333
OG0001627	Prau.g_01387	Praa.g_01341
OG0001628	Prau.g_01398	Praa.g_01355
OG0001629	Prau.g_01503	Praa.g_01422
OG0001630	Prau.g_01474	Praa.g_01450
OG0001635	Prau.g_00339	Praa.g_00337
OG0001636	Prau.g_00715	Praa.g_00675
OG0001637	Prau.g_00924	Praa.g_00874
OG0001638	Prau.g_01299	Praa.g_01258
OG0001640	Prau.g_01639	Praa.g_01586
OG0001641	Prau.g_01656	Praa.g_01604
OG0001652	Prau.g_00181	Praa.g_00180
OG0001653	Prau.g_00368	Praa.g_00365
OG0001654	Prau.g_00401	Praa.g_00389
OG0001655	Prau.g_00402	Praa.g_00390
OG0001656	Prau.g_00404	Praa.g_00392
OG0001657	Prau.g_00508	Praa.g_00466
OG0001658	Prau.g_00754	Praa.g_00710
OG0001659	Prau.g_00794	Praa.g_00745
OG0001660	Prau.g_00795	Praa.g_00746
OG0001661	Prau.g_00823	Praa.g_00771
OG0001662	Prau.g_00829	Praa.g_00777
OG0001663	Prau.g_00831	Praa.g_00779
OG0001664	Prau.g_00859	Praa.g_00808
OG0001665	Prau.g_00911	Praa.g_00861
OG0001666	Prau.g_00922	Praa.g_00872
OG0001667	Prau.g_00923	Praa.g_00873
OG0001668	Prau.g_00968	Praa.g_00919
OG0001669	Prau.g_01051	Praa.g_01002
OG0001670	Prau.g_01054	Praa.g_01004
OG0001671	Prau.g_01059	Praa.g_01009
OG0001672	Prau.g_01076	Praa.g_01026
OG0001673	Prau.g_01077	Praa.g_01027
OG0001674	Prau.g_01100	Praa.g_01051
OG0001675	Prau.g_01103	Praa.g_01054
OG0001676	Prau.g_01121	Praa.g_01073
OG0001677	Prau.g_01122	Praa.g_01074
OG0001678	Prau.g_01128	Praa.g_01081
OG0001679	Prau.g_01133	Praa.g_01086
OG0001680	Prau.g_01135	Praa.g_01088
OG0001682	Prau.g_01164	Praa.g_01119
OG0001683	Prau.g_01167	Praa.g_01122
OG0001684	Prau.g_01182	Praa.g_01135
OG0001685	Prau.g_01253	Praa.g_01206
OG0001686	Prau.g_01261	Praa.g_01214
OG0001687	Prau.g_01317	Praa.g_01253
OG0001688	Prau.g_01349	Praa.g_01293
OG0001689	Prau.g_01354	Praa.g_01302
OG0001692	Prau.g_01613	Praa.g_01559
OG0001693	Prau.g_01620	Praa.g_01566
OG0001694	Prau.g_01623	Praa.g_01569
OG0001695	Prau.g_01629	Praa.g_01575
OG0001696	Prau.g_01636	Praa.g_01582
OG0001697	Prau.g_01638	Praa.g_01584
OG0001698	Prau.g_01310	Praa.g_01622
OG0001699	Prau.g_01737	Praa.g_01640
OG0001700	Prau.g_01984	Praa.g_01891
OG0001705	Prau.g_00537	Praa.g_00496
OG0001706	Prau.g_00747	Praa.g_00707
OG0001707	Prau.g_00789	Praa.g_00739
OG0001708	Prau.g_00810	Praa.g_00759
OG0001709	Prau.g_00824	Praa.g_00772
OG0001710	Prau.g_01052	Praa.g_01003
OG0001712	Prau.g_01152	Praa.g_01106
OG0001713	Prau.g_01163	Praa.g_01118
OG0001714	Prau.g_01187	Praa.g_01140
OG0001715	Prau.g_01340	Praa.g_01283
OG0001727	Prau.g_00787	Praa.g_00737
OG0001728	Prau.g_00842	Praa.g_00790
OG0001729	Prau.g_00919	Praa.g_00869
OG0001730	Prau.g_01149	Praa.g_01102
OG0001731	Prau.g_01699	Praa.g_01269
OG0001732	Prau.g_01355	Praa.g_01303
OG0001733	Prau.g_01463	Praa.g_01404
OG0001735	Prau.g_01643	Praa.g_01591
OG0001787	Prau.g_00048	Praa.g_00041
OG0001790	Prau.g_00806	Praa.g_00756
OG0001791	Prau.g_00837	Praa.g_00785
OG0001792	Prau.g_01337	Praa.g_01247
OG0001793	Prau.g_01328	Praa.g_01277
OG0001794	Prau.g_01329	Praa.g_01279
OG0001796	Prau.g_01274	Praa.g_01443
OG0001807	Prau.g_00380	Praa.g_00376
OG0001808	Prau.g_00397	Praa.g_00388
OG0001809	Prau.g_00423	Praa.g_00398
OG0001810	Prau.g_00813	Praa.g_00762
OG0001811	Prau.g_00825	Praa.g_00773
OG0001812	Prau.g_00826	Praa.g_00774
OG0001813	Prau.g_00827	Praa.g_00775
OG0001814	Prau.g_00828	Praa.g_00776
OG0001815	Prau.g_00921	Praa.g_00871
OG0001816	Prau.g_01049	Praa.g_01000
OG0001817	Prau.g_01151	Praa.g_01105
OG0001818	Prau.g_01154	Praa.g_01108
OG0001819	Prau.g_01326	Praa.g_01275
OG0001820	Prau.g_01708	Praa.g_01295
OG0001823	Prau.g_01631	Praa.g_01577
OG0001824	Prau.g_01654	Praa.g_01602
OG0001825	Prau.g_01661	Praa.g_01617
OG0001835	Prau.g_00345	Praa.g_00342
OG0001836	Prau.g_00403	Praa.g_00391
OG0001837	Prau.g_00417	Praa.g_01265
OG0001838	Prau.g_01290	Praa.g_01270
OG0001839	Prau.g_01334	Praa.g_01282
OG0001840	Prau.g_01342	Praa.g_01285
OG0001841	Prau.g_01358	Praa.g_01306
OG0001843	Prau.g_01455	Praa.g_01405
OG0001845	Prau.g_01552	Praa.g_01497
OG0001846	Prau.g_01615	Praa.g_01561
OG0001856	Prau.g_00260	Praa.g_00258
OG0001857	Prau.g_01671	Praa.g_00403
OG0001858	Prau.g_00469	Praa.g_00428
OG0001859	Prau.g_01157	Praa.g_01111
OG0001860	Prau.g_01158	Praa.g_01112
OG0001861	Prau.g_01166	Praa.g_01121
OG0001865	Prau.g_01305, Prau.g_01327	Praa.g_01276
OG0001901	Prau.g_00275	Praa.g_00273
OG0001902	Prau.g_01312	Praa.g_01233
OG0001904	Prau.g_01706	Praa.g_01612
OG0001943	Prau.g_00456	Praa.g_00415
OG0001944	Prau.g_01048	Praa.g_00999
OG0001945	Prau.g_00413	Praa.g_01232
OG0001947	Prau.g_01660	Praa.g_01616
OG0001979	Prau.g_00363	Praa.g_00360
OG0001980	Prau.g_00396	Praa.g_01234
OG0001981	Prau.g_00446	Praa.g_01242
OG0001982	Prau.g_01321	Praa.g_01259
OG0001983	Prau.g_01324	Praa.g_01264
OG0001984	Prau.g_01451	Praa.g_01389
OG0002012	Prau.g_01670	Praa.g_00402
OG0002013	Prau.g_01675	Praa.g_00406
OG0002014	Prau.g_00421	Praa.g_00408
OG0002015	Prau.g_01669	Praa.g_01239
OG0002019	Prau.g_01493	Praa.g_01442
OG0002048	Prau.g_00821	Praa.g_00769
OG0002049	Prau.g_01668	Praa.g_01238
OG0002108	Prau.g_01673	Praa.g_00404
OG0002116	Prau.g_01948	Praa.g_01855
OG0002161	Prau.g_00459	Praa.g_00418
OG0002163	Prau.g_01283	Praa.g_01252
OG0002167	Prau.g_01655	Praa.g_01603
OG0002169	Prau.g_01678	Praa.g_01621
OG0002226	Prau.g_00420	Praa.g_00407
OG0002320	Prau.g_01124	Praa.g_01076
OG0002481	Prau.g_00462	Praa.g_00421
OG0002482	Prau.g_00465	Praa.g_00424
OG0002483	Prau.g_00466	Praa.g_00425
OG0002484	Prau.g_00467	Praa.g_00426
OG0002485	Prau.g_00468	Praa.g_00427
OG0002486	Prau.g_00996	Praa.g_00945
OG0002492	Prau.g_01298	Praa.g_01243
OG0002496	Prau.g_01644	Praa.g_01592
OG0002999	Prau.g_00460	Praa.g_00419
OG0003000	Prau.g_00461	Praa.g_00420
OG0003001	Prau.g_00463	Praa.g_00422
OG0003002	Prau.g_00464	Praa.g_00423
